[INFO] [launch]: All log files can be found below /home/raghav/.ros/log/2026-09-14-12-26-44-908452-Raze-225216
[INFO] [launch]: Default logging verbosity is set to INFO
[INFO] [launch.user]: [FLEET] Spawning 5 robots into world "warehouse_small" (headless=True)
[INFO] [launch.user]: [M8B Fleet Bringup] Starting 5 CBBA nodes (bundle cap: 8, profile: NORMAL, compute_mode: ADAPTIVE)
[INFO] [launch.user]: [M8B Fleet Bringup] Starting 5 M8B RH nodes (compute_mode: ADAPTIVE, adaptive: True, h=10, w=4, replan_rate=2.0Hz)
[INFO] [gazebo-1]: process started with pid [225255]
[INFO] [parameter_bridge-2]: process started with pid [225256]
[INFO] [warehouse_visualizer-3]: process started with pid [225257]
[INFO] [robot_state_publisher-4]: process started with pid [225259]
[INFO] [create-5]: process started with pid [225260]
[INFO] [parameter_bridge-6]: process started with pid [225261]
[INFO] [static_transform_publisher-7]: process started with pid [225262]
[INFO] [robot_state_publisher-8]: process started with pid [225263]
[INFO] [create-9]: process started with pid [225264]
[INFO] [parameter_bridge-10]: process started with pid [225265]
[INFO] [static_transform_publisher-11]: process started with pid [225266]
[INFO] [robot_state_publisher-12]: process started with pid [225267]
[INFO] [create-13]: process started with pid [225268]
[INFO] [parameter_bridge-14]: process started with pid [225269]
[INFO] [static_transform_publisher-15]: process started with pid [225271]
[INFO] [robot_state_publisher-16]: process started with pid [225272]
[INFO] [create-17]: process started with pid [225279]
[INFO] [parameter_bridge-18]: process started with pid [225282]
[INFO] [static_transform_publisher-19]: process started with pid [225284]
[INFO] [robot_state_publisher-20]: process started with pid [225285]
[INFO] [create-21]: process started with pid [225298]
[INFO] [parameter_bridge-22]: process started with pid [225301]
[INFO] [static_transform_publisher-23]: process started with pid [225302]
[INFO] [task_manager-24]: process started with pid [225306]
[INFO] [cbba_node-25]: process started with pid [225342]
[INFO] [cbba_node-26]: process started with pid [225351]
[INFO] [cbba_node-27]: process started with pid [225352]
[INFO] [cbba_node-28]: process started with pid [225355]
[INFO] [cbba_node-29]: process started with pid [225356]
[INFO] [rh_node-30]: process started with pid [225361]
[INFO] [rh_node-31]: process started with pid [225364]
[INFO] [rh_node-32]: process started with pid [225384]
[INFO] [rh_node-33]: process started with pid [225385]
[INFO] [rh_node-34]: process started with pid [225386]
[static_transform_publisher-7] [INFO] [1789369006.188619788] [amr_0_map_to_odom]: Spinning until stopped - publishing transform
[static_transform_publisher-7] translation: ('2.000000', '2.000000', '0.000000')
[static_transform_publisher-7] rotation: ('0.000000', '0.000000', '0.000000', '1.000000')
[static_transform_publisher-7] from 'map' to 'amr_0/odom'
[robot_state_publisher-8] [INFO] [1789369006.187624514] [amr_1.robot_state_publisher]: Robot initialized
[create-5] [INFO] [1789369006.256978444] [amr_0_spawner]: Requesting list of world names.
[robot_state_publisher-4] [INFO] [1789369006.263685558] [amr_0.robot_state_publisher]: Robot initialized
[static_transform_publisher-15] [INFO] [1789369006.267361786] [amr_2_map_to_odom]: Spinning until stopped - publishing transform
[static_transform_publisher-15] translation: ('2.000000', '8.000000', '0.000000')
[static_transform_publisher-15] rotation: ('0.000000', '0.000000', '0.000000', '1.000000')
[static_transform_publisher-15] from 'map' to 'amr_2/odom'
[create-13] [INFO] [1789369006.356023670] [amr_2_spawner]: Requesting list of world names.
[static_transform_publisher-23] [INFO] [1789369006.366054521] [amr_4_map_to_odom]: Spinning until stopped - publishing transform
[static_transform_publisher-23] translation: ('2.000000', '14.000000', '0.000000')
[static_transform_publisher-23] rotation: ('0.000000', '0.000000', '0.000000', '1.000000')
[static_transform_publisher-23] from 'map' to 'amr_4/odom'
[parameter_bridge-2] [INFO] [1789369006.405197834] [clock_bridge]: Creating GZ->ROS Bridge: [/clock (gz.msgs.Clock) -> /clock (rosgraph_msgs/msg/Clock)] (Lazy 0)
[static_transform_publisher-11] [INFO] [1789369006.530070375] [amr_1_map_to_odom]: Spinning until stopped - publishing transform
[static_transform_publisher-11] translation: ('2.000000', '5.000000', '0.000000')
[static_transform_publisher-11] rotation: ('0.000000', '0.000000', '0.000000', '1.000000')
[static_transform_publisher-11] from 'map' to 'amr_1/odom'
[create-17] [INFO] [1789369006.538094424] [amr_3_spawner]: Requesting list of world names.
[robot_state_publisher-20] [INFO] [1789369006.545360163] [amr_4.robot_state_publisher]: Robot initialized
[create-9] [INFO] [1789369006.556263518] [amr_1_spawner]: Requesting list of world names.
[parameter_bridge-10] [INFO] [1789369006.580052027] [amr_1_bridge]: Creating ROS->GZ Bridge: [/amr_1/cmd_vel (geometry_msgs/msg/Twist) -> /amr_1/cmd_vel (gz.msgs.Twist)] (Lazy 0)
[parameter_bridge-10] [INFO] [1789369006.591002384] [amr_1_bridge]: Creating GZ->ROS Bridge: [/amr_1/odom (gz.msgs.Odometry) -> /amr_1/odom (nav_msgs/msg/Odometry)] (Lazy 0)
[parameter_bridge-6] [INFO] [1789369006.624937472] [amr_0_bridge]: Creating ROS->GZ Bridge: [/amr_0/cmd_vel (geometry_msgs/msg/Twist) -> /amr_0/cmd_vel (gz.msgs.Twist)] (Lazy 0)
[parameter_bridge-6] [INFO] [1789369006.637269926] [amr_0_bridge]: Creating GZ->ROS Bridge: [/amr_0/odom (gz.msgs.Odometry) -> /amr_0/odom (nav_msgs/msg/Odometry)] (Lazy 0)
[parameter_bridge-10] [INFO] [1789369006.640750057] [amr_1_bridge]: Creating GZ->ROS Bridge: [/amr_1/scan (gz.msgs.LaserScan) -> /amr_1/scan (sensor_msgs/msg/LaserScan)] (Lazy 0)
[parameter_bridge-10] [INFO] [1789369006.662798333] [amr_1_bridge]: Creating GZ->ROS Bridge: [/amr_1/tf (gz.msgs.Pose_V) -> /amr_1/tf (tf2_msgs/msg/TFMessage)] (Lazy 0)
[parameter_bridge-6] [INFO] [1789369006.673308628] [amr_0_bridge]: Creating GZ->ROS Bridge: [/amr_0/scan (gz.msgs.LaserScan) -> /amr_0/scan (sensor_msgs/msg/LaserScan)] (Lazy 0)
[parameter_bridge-10] [INFO] [1789369006.680234408] [amr_1_bridge]: Creating GZ->ROS Bridge: [/amr_1/joint_states (gz.msgs.Model) -> /amr_1/joint_states (sensor_msgs/msg/JointState)] (Lazy 0)
[create-21] [INFO] [1789369006.683298168] [amr_4_spawner]: Requesting list of world names.
[parameter_bridge-6] [INFO] [1789369006.694167267] [amr_0_bridge]: Creating GZ->ROS Bridge: [/amr_0/tf (gz.msgs.Pose_V) -> /amr_0/tf (tf2_msgs/msg/TFMessage)] (Lazy 0)
[robot_state_publisher-16] [INFO] [1789369006.702549853] [amr_3.robot_state_publisher]: Robot initialized
[parameter_bridge-6] [INFO] [1789369006.707139729] [amr_0_bridge]: Creating GZ->ROS Bridge: [/amr_0/joint_states (gz.msgs.Model) -> /amr_0/joint_states (sensor_msgs/msg/JointState)] (Lazy 0)
[robot_state_publisher-12] [INFO] [1789369006.803132129] [amr_2.robot_state_publisher]: Robot initialized
[parameter_bridge-14] [INFO] [1789369006.849963478] [amr_2_bridge]: Creating ROS->GZ Bridge: [/amr_2/cmd_vel (geometry_msgs/msg/Twist) -> /amr_2/cmd_vel (gz.msgs.Twist)] (Lazy 0)
[parameter_bridge-14] [INFO] [1789369006.869451861] [amr_2_bridge]: Creating GZ->ROS Bridge: [/amr_2/odom (gz.msgs.Odometry) -> /amr_2/odom (nav_msgs/msg/Odometry)] (Lazy 0)
[parameter_bridge-22] [INFO] [1789369006.892692435] [amr_4_bridge]: Creating ROS->GZ Bridge: [/amr_4/cmd_vel (geometry_msgs/msg/Twist) -> /amr_4/cmd_vel (gz.msgs.Twist)] (Lazy 0)
[parameter_bridge-14] [INFO] [1789369006.898480380] [amr_2_bridge]: Creating GZ->ROS Bridge: [/amr_2/scan (gz.msgs.LaserScan) -> /amr_2/scan (sensor_msgs/msg/LaserScan)] (Lazy 0)
[parameter_bridge-18] [INFO] [1789369006.904805921] [amr_3_bridge]: Creating ROS->GZ Bridge: [/amr_3/cmd_vel (geometry_msgs/msg/Twist) -> /amr_3/cmd_vel (gz.msgs.Twist)] (Lazy 0)
[parameter_bridge-22] [INFO] [1789369006.910551210] [amr_4_bridge]: Creating GZ->ROS Bridge: [/amr_4/odom (gz.msgs.Odometry) -> /amr_4/odom (nav_msgs/msg/Odometry)] (Lazy 0)
[static_transform_publisher-19] [INFO] [1789369006.917878174] [amr_3_map_to_odom]: Spinning until stopped - publishing transform
[static_transform_publisher-19] translation: ('2.000000', '11.000000', '0.000000')
[static_transform_publisher-19] rotation: ('0.000000', '0.000000', '0.000000', '1.000000')
[static_transform_publisher-19] from 'map' to 'amr_3/odom'
[parameter_bridge-22] [INFO] [1789369006.929620590] [amr_4_bridge]: Creating GZ->ROS Bridge: [/amr_4/scan (gz.msgs.LaserScan) -> /amr_4/scan (sensor_msgs/msg/LaserScan)] (Lazy 0)
[parameter_bridge-18] [INFO] [1789369006.940695762] [amr_3_bridge]: Creating GZ->ROS Bridge: [/amr_3/odom (gz.msgs.Odometry) -> /amr_3/odom (nav_msgs/msg/Odometry)] (Lazy 0)
[parameter_bridge-14] [INFO] [1789369006.942210026] [amr_2_bridge]: Creating GZ->ROS Bridge: [/amr_2/tf (gz.msgs.Pose_V) -> /amr_2/tf (tf2_msgs/msg/TFMessage)] (Lazy 0)
[parameter_bridge-22] [INFO] [1789369006.942910620] [amr_4_bridge]: Creating GZ->ROS Bridge: [/amr_4/tf (gz.msgs.Pose_V) -> /amr_4/tf (tf2_msgs/msg/TFMessage)] (Lazy 0)
[parameter_bridge-18] [INFO] [1789369006.951160195] [amr_3_bridge]: Creating GZ->ROS Bridge: [/amr_3/scan (gz.msgs.LaserScan) -> /amr_3/scan (sensor_msgs/msg/LaserScan)] (Lazy 0)
[parameter_bridge-14] [INFO] [1789369006.958833996] [amr_2_bridge]: Creating GZ->ROS Bridge: [/amr_2/joint_states (gz.msgs.Model) -> /amr_2/joint_states (sensor_msgs/msg/JointState)] (Lazy 0)
[parameter_bridge-22] [INFO] [1789369006.970054270] [amr_4_bridge]: Creating GZ->ROS Bridge: [/amr_4/joint_states (gz.msgs.Model) -> /amr_4/joint_states (sensor_msgs/msg/JointState)] (Lazy 0)
[parameter_bridge-18] [INFO] [1789369006.970767721] [amr_3_bridge]: Creating GZ->ROS Bridge: [/amr_3/tf (gz.msgs.Pose_V) -> /amr_3/tf (tf2_msgs/msg/TFMessage)] (Lazy 0)
[parameter_bridge-18] [INFO] [1789369006.981361925] [amr_3_bridge]: Creating GZ->ROS Bridge: [/amr_3/joint_states (gz.msgs.Model) -> /amr_3/joint_states (sensor_msgs/msg/JointState)] (Lazy 0)
[rh_node-32] [INFO] [1789369007.406917552] [amr_2.rh_node]: Rolling-Horizon Planner initialized for amr_2 (h=10, w=4, heuristic=PRIORITY_FIRST)
[warehouse_visualizer-3] [INFO] [1789369007.441821775] [warehouse_visualizer]: WarehouseVisualizerNode started. Publishing to /warehouse_markers.
[cbba_node-28] [INFO] [1789369007.483433893] [amr_3.cbba_node]: CBBA Node initialized for amr_3 (bundle cap: 8)
[task_manager-24] [INFO] [1789369007.572835360] [amr_task_manager]: Loaded 30 tasks from workload: /home/raghav/Downloads/NRDAS_Antigravity_Project_Starter/antigravity_amr_project/config/workloads/workload_30_tasks.yaml
[create-17] [INFO] [1789369007.617682596] [amr_3_spawner]: Waiting messages on topic [amr_3/robot_description].
[task_manager-24] [INFO] [1789369007.660876133] [amr_task_manager]: Task Manager Node initialized.
[rh_node-33] [INFO] [1789369007.670208086] [amr_3.rh_node]: Rolling-Horizon Planner initialized for amr_3 (h=10, w=4, heuristic=PRIORITY_FIRST)
[create-13] [INFO] [1789369007.724182456] [amr_2_spawner]: Waiting messages on topic [amr_2/robot_description].
[cbba_node-26] [INFO] [1789369007.779184771] [amr_1.cbba_node]: CBBA Node initialized for amr_1 (bundle cap: 8)
[create-9] [INFO] [1789369007.821706265] [amr_1_spawner]: Waiting messages on topic [amr_1/robot_description].
[cbba_node-29] [INFO] [1789369007.882877613] [amr_4.cbba_node]: CBBA Node initialized for amr_4 (bundle cap: 8)
[rh_node-31] [INFO] [1789369007.895625393] [amr_1.rh_node]: Rolling-Horizon Planner initialized for amr_1 (h=10, w=4, heuristic=PRIORITY_FIRST)
[rh_node-34] [INFO] [1789369007.904775247] [amr_4.rh_node]: Rolling-Horizon Planner initialized for amr_4 (h=10, w=4, heuristic=PRIORITY_FIRST)
[create-21] [INFO] [1789369007.923917166] [amr_4_spawner]: Waiting messages on topic [amr_4/robot_description].
[cbba_node-27] [INFO] [1789369007.932375819] [amr_2.cbba_node]: CBBA Node initialized for amr_2 (bundle cap: 8)
[rh_node-30] [INFO] [1789369007.959983400] [amr_0.rh_node]: Rolling-Horizon Planner initialized for amr_0 (h=10, w=4, heuristic=PRIORITY_FIRST)
[cbba_node-25] [INFO] [1789369007.961242859] [amr_0.cbba_node]: CBBA Node initialized for amr_0 (bundle cap: 8)
[create-17] [INFO] [1789369008.017013125] [amr_3_spawner]: Entity creation successful.
[create-13] [INFO] [1789369008.017061169] [amr_2_spawner]: Entity creation successful.
[create-9] [INFO] [1789369008.017132302] [amr_1_spawner]: Entity creation successful.
[create-21] [INFO] [1789369008.017225144] [amr_4_spawner]: Entity creation successful.
[create-5] [INFO] [1789369008.023138170] [amr_0_spawner]: Waiting messages on topic [amr_0/robot_description].
[create-5] [INFO] [1789369008.036097301] [amr_0_spawner]: Entity creation successful.
[INFO] [create-21]: process has finished cleanly [pid 225298]
[INFO] [create-17]: process has finished cleanly [pid 225279]
[INFO] [create-9]: process has finished cleanly [pid 225264]
[INFO] [create-13]: process has finished cleanly [pid 225268]
[INFO] [create-5]: process has finished cleanly [pid 225260]
[parameter_bridge-18] [INFO] [1789369008.340656229] [amr_3_bridge]: Passing message from ROS geometry_msgs/msg/Twist to Gazebo gz.msgs.Twist (showing msg only once per type)
[parameter_bridge-14] [INFO] [1789369008.387067730] [amr_2_bridge]: Passing message from ROS geometry_msgs/msg/Twist to Gazebo gz.msgs.Twist (showing msg only once per type)
[parameter_bridge-6] [INFO] [1789369008.732189047] [amr_0_bridge]: Passing message from ROS geometry_msgs/msg/Twist to Gazebo gz.msgs.Twist (showing msg only once per type)
[gazebo-1] [1;33mWarning [Utils.cc:132][0m [/sdf/model[@name="amr"]/link[@name="amr_3/base_footprint"]/sensor[@name="amr_3_lidar"]/gz_frame_id:<urdf-string>:L0]: XML Element[gz_frame_id], child of element[sensor], not defined in SDF. Copying[gz_frame_id] as children of [sensor].
[gazebo-1] [1;33mWarning [Utils.cc:132][0m [/sdf/model[@name="amr"]/link[@name="amr_2/base_footprint"]/sensor[@name="amr_2_lidar"]/gz_frame_id:<urdf-string>:L0]: XML Element[gz_frame_id], child of element[sensor], not defined in SDF. Copying[gz_frame_id] as children of [sensor].
[gazebo-1] [1;33mWarning [Utils.cc:132][0m [/sdf/model[@name="amr"]/link[@name="amr_1/base_footprint"]/sensor[@name="amr_1_lidar"]/gz_frame_id:<urdf-string>:L0]: XML Element[gz_frame_id], child of element[sensor], not defined in SDF. Copying[gz_frame_id] as children of [sensor].
[gazebo-1] [1;33mWarning [Utils.cc:132][0m [/sdf/model[@name="amr"]/link[@name="amr_4/base_footprint"]/sensor[@name="amr_4_lidar"]/gz_frame_id:<urdf-string>:L0]: XML Element[gz_frame_id], child of element[sensor], not defined in SDF. Copying[gz_frame_id] as children of [sensor].
[gazebo-1] [1;33mWarning [Utils.cc:132][0m [/sdf/model[@name="amr"]/link[@name="amr_0/base_footprint"]/sensor[@name="amr_0_lidar"]/gz_frame_id:<urdf-string>:L0]: XML Element[gz_frame_id], child of element[sensor], not defined in SDF. Copying[gz_frame_id] as children of [sensor].
[parameter_bridge-10] [INFO] [1789369010.059888399] [amr_1_bridge]: Passing message from ROS geometry_msgs/msg/Twist to Gazebo gz.msgs.Twist (showing msg only once per type)
[parameter_bridge-22] [INFO] [1789369010.277882881] [amr_4_bridge]: Passing message from ROS geometry_msgs/msg/Twist to Gazebo gz.msgs.Twist (showing msg only once per type)
[rh_node-32] [INFO] [1789369020.886912792] [amr_2.rh_node]: [amr_2] Pruned expired reservations for peers: ['amr_4']
[rh_node-30] [INFO] [1789369020.934281868] [amr_0.rh_node]: [amr_0] Pruned expired reservations for peers: ['amr_4']
[rh_node-33] [INFO] [1789369021.142774994] [amr_3.rh_node]: [amr_3] Pruned expired reservations for peers: ['amr_4']
[rh_node-31] [INFO] [1789369021.362311617] [amr_1.rh_node]: [amr_1] Pruned expired reservations for peers: ['amr_4']
[rh_node-32] [INFO] [1789369021.387568039] [amr_2.rh_node]: [amr_2] Pruned expired reservations for peers: ['amr_4']
[rh_node-30] [INFO] [1789369021.433988193] [amr_0.rh_node]: [amr_0] Pruned expired reservations for peers: ['amr_4']
[rh_node-33] [INFO] [1789369021.643974463] [amr_3.rh_node]: [amr_3] Pruned expired reservations for peers: ['amr_4']
[rh_node-31] [INFO] [1789369021.861750801] [amr_1.rh_node]: [amr_1] Pruned expired reservations for peers: ['amr_4']
[rh_node-32] [INFO] [1789369021.886925892] [amr_2.rh_node]: [amr_2] Pruned expired reservations for peers: ['amr_4']
[rh_node-30] [INFO] [1789369021.933372732] [amr_0.rh_node]: [amr_0] Pruned expired reservations for peers: ['amr_4']
[rh_node-33] [INFO] [1789369022.142335282] [amr_3.rh_node]: [amr_3] Pruned expired reservations for peers: ['amr_4']
[cbba_node-29] [INFO] [1789369022.257730599] [amr_4.cbba_node]: Committed task task_w30_0004 assignment to amr_4
[task_manager-24] [INFO] [1789369022.258034864] [amr_task_manager]: Task 'task_w30_0004' transitioned to ASSIGNED
[cbba_node-29] [INFO] [1789369022.258896511] [amr_4.cbba_node]: Committed task task_w30_0007 assignment to amr_4
[cbba_node-29] [INFO] [1789369022.259698797] [amr_4.cbba_node]: Committed task task_w30_0012 assignment to amr_4
[task_manager-24] [INFO] [1789369022.259855825] [amr_task_manager]: Task 'task_w30_0007' transitioned to ASSIGNED
[cbba_node-29] [INFO] [1789369022.260383072] [amr_4.cbba_node]: Committed task task_w30_0018 assignment to amr_4
[cbba_node-29] [INFO] [1789369022.261073326] [amr_4.cbba_node]: Committed task task_w30_0024 assignment to amr_4
[task_manager-24] [INFO] [1789369022.261557710] [amr_task_manager]: Task 'task_w30_0012' transitioned to ASSIGNED
[cbba_node-29] [INFO] [1789369022.261734743] [amr_4.cbba_node]: Committed task task_w30_0030 assignment to amr_4
[task_manager-24] [INFO] [1789369022.263409931] [amr_task_manager]: Task 'task_w30_0018' transitioned to ASSIGNED
[task_manager-24] [INFO] [1789369022.265201091] [amr_task_manager]: Task 'task_w30_0024' transitioned to ASSIGNED
[cbba_node-28] [INFO] [1789369022.265784629] [amr_3.cbba_node]: Committed task task_w30_0003 assignment to amr_3
[cbba_node-28] [INFO] [1789369022.266667664] [amr_3.cbba_node]: Committed task task_w30_0006 assignment to amr_3
[task_manager-24] [INFO] [1789369022.267073403] [amr_task_manager]: Task 'task_w30_0030' transitioned to ASSIGNED
[cbba_node-28] [INFO] [1789369022.267617953] [amr_3.cbba_node]: Committed task task_w30_0011 assignment to amr_3
[cbba_node-28] [INFO] [1789369022.268742861] [amr_3.cbba_node]: Committed task task_w30_0017 assignment to amr_3
[task_manager-24] [INFO] [1789369022.268744089] [amr_task_manager]: Task 'task_w30_0003' transitioned to ASSIGNED
[cbba_node-28] [INFO] [1789369022.269606173] [amr_3.cbba_node]: Committed task task_w30_0023 assignment to amr_3
[task_manager-24] [INFO] [1789369022.269838266] [amr_task_manager]: Task 'task_w30_0006' transitioned to ASSIGNED
[cbba_node-28] [INFO] [1789369022.270550012] [amr_3.cbba_node]: Committed task task_w30_0029 assignment to amr_3
[task_manager-24] [INFO] [1789369022.271675975] [amr_task_manager]: Task 'task_w30_0011' transitioned to ASSIGNED
[task_manager-24] [INFO] [1789369022.273437578] [amr_task_manager]: Task 'task_w30_0017' transitioned to ASSIGNED
[task_manager-24] [INFO] [1789369022.274696910] [amr_task_manager]: Task 'task_w30_0023' transitioned to ASSIGNED
[task_manager-24] [INFO] [1789369022.275807937] [amr_task_manager]: Task 'task_w30_0029' transitioned to ASSIGNED
[cbba_node-27] [INFO] [1789369022.305195854] [amr_2.cbba_node]: Committed task task_w30_0002 assignment to amr_2
[task_manager-24] [INFO] [1789369022.305551576] [amr_task_manager]: Task 'task_w30_0002' transitioned to ASSIGNED
[cbba_node-27] [INFO] [1789369022.306014962] [amr_2.cbba_node]: Committed task task_w30_0005 assignment to amr_2
[cbba_node-27] [INFO] [1789369022.306752099] [amr_2.cbba_node]: Committed task task_w30_0010 assignment to amr_2
[task_manager-24] [INFO] [1789369022.306882169] [amr_task_manager]: Task 'task_w30_0005' transitioned to ASSIGNED
[cbba_node-27] [INFO] [1789369022.307480838] [amr_2.cbba_node]: Committed task task_w30_0015 assignment to amr_2
[task_manager-24] [INFO] [1789369022.307895258] [amr_task_manager]: Task 'task_w30_0010' transitioned to ASSIGNED
[cbba_node-27] [INFO] [1789369022.308210175] [amr_2.cbba_node]: Committed task task_w30_0021 assignment to amr_2
[task_manager-24] [INFO] [1789369022.308773992] [amr_task_manager]: Task 'task_w30_0015' transitioned to ASSIGNED
[cbba_node-27] [INFO] [1789369022.309009409] [amr_2.cbba_node]: Committed task task_w30_0028 assignment to amr_2
[task_manager-24] [INFO] [1789369022.309738493] [amr_task_manager]: Task 'task_w30_0021' transitioned to ASSIGNED
[task_manager-24] [INFO] [1789369022.310516724] [amr_task_manager]: Task 'task_w30_0028' transitioned to ASSIGNED
[cbba_node-25] [INFO] [1789369022.337385351] [amr_0.cbba_node]: Committed task task_w30_0026 assignment to amr_0
[task_manager-24] [INFO] [1789369022.337609435] [amr_task_manager]: Task 'task_w30_0026' transitioned to ASSIGNED
[cbba_node-25] [INFO] [1789369022.338270950] [amr_0.cbba_node]: Committed task task_w30_0016 assignment to amr_0
[task_manager-24] [INFO] [1789369022.339038142] [amr_task_manager]: Task 'task_w30_0016' transitioned to ASSIGNED
[cbba_node-25] [INFO] [1789369022.339166000] [amr_0.cbba_node]: Committed task task_w30_0008 assignment to amr_0
[cbba_node-25] [INFO] [1789369022.339912664] [amr_0.cbba_node]: Committed task task_w30_0022 assignment to amr_0
[task_manager-24] [INFO] [1789369022.340599698] [amr_task_manager]: Task 'task_w30_0008' transitioned to ASSIGNED
[cbba_node-25] [INFO] [1789369022.340614157] [amr_0.cbba_node]: Committed task task_w30_0019 assignment to amr_0
[cbba_node-25] [INFO] [1789369022.341291038] [amr_0.cbba_node]: Committed task task_w30_0025 assignment to amr_0
[task_manager-24] [INFO] [1789369022.342549441] [amr_task_manager]: Task 'task_w30_0022' transitioned to ASSIGNED
[task_manager-24] [INFO] [1789369022.344393453] [amr_task_manager]: Task 'task_w30_0019' transitioned to ASSIGNED
[cbba_node-26] [INFO] [1789369022.345578933] [amr_1.cbba_node]: Committed task task_w30_0001 assignment to amr_1
[task_manager-24] [INFO] [1789369022.346148798] [amr_task_manager]: Task 'task_w30_0025' transitioned to ASSIGNED
[cbba_node-26] [INFO] [1789369022.346377692] [amr_1.cbba_node]: Committed task task_w30_0014 assignment to amr_1
[cbba_node-26] [INFO] [1789369022.347113924] [amr_1.cbba_node]: Committed task task_w30_0013 assignment to amr_1
[task_manager-24] [INFO] [1789369022.347802526] [amr_task_manager]: Task 'task_w30_0001' transitioned to ASSIGNED
[cbba_node-26] [INFO] [1789369022.347924663] [amr_1.cbba_node]: Committed task task_w30_0009 assignment to amr_1
[cbba_node-26] [INFO] [1789369022.348769876] [amr_1.cbba_node]: Committed task task_w30_0020 assignment to amr_1
[task_manager-24] [INFO] [1789369022.349405307] [amr_task_manager]: Task 'task_w30_0014' transitioned to ASSIGNED
[cbba_node-26] [INFO] [1789369022.349521688] [amr_1.cbba_node]: Committed task task_w30_0027 assignment to amr_1
[task_manager-24] [INFO] [1789369022.350941807] [amr_task_manager]: Task 'task_w30_0013' transitioned to ASSIGNED
[task_manager-24] [INFO] [1789369022.352493137] [amr_task_manager]: Task 'task_w30_0009' transitioned to ASSIGNED
[task_manager-24] [INFO] [1789369022.354088472] [amr_task_manager]: Task 'task_w30_0020' transitioned to ASSIGNED
[task_manager-24] [INFO] [1789369022.355676783] [amr_task_manager]: Task 'task_w30_0027' transitioned to ASSIGNED
[rh_node-31] [INFO] [1789369022.361784262] [amr_1.rh_node]: [amr_1] Pruned expired reservations for peers: ['amr_4']
[rh_node-32] [INFO] [1789369022.388440488] [amr_2.rh_node]: [amr_2] Pruned expired reservations for peers: ['amr_4']
[rh_node-30] [INFO] [1789369022.433005439] [amr_0.rh_node]: [amr_0] Pruned expired reservations for peers: ['amr_4']
[rh_node-33] [INFO] [1789369022.642909659] [amr_3.rh_node]: [amr_3] Pruned expired reservations for peers: ['amr_4']
[rh_node-31] [INFO] [1789369022.863183000] [amr_1.rh_node]: [amr_1] Pruned expired reservations for peers: ['amr_4']
[rh_node-32] [INFO] [1789369022.887059206] [amr_2.rh_node]: [amr_2] Pruned expired reservations for peers: ['amr_4']
[rh_node-30] [INFO] [1789369022.933806898] [amr_0.rh_node]: [amr_0] Pruned expired reservations for peers: ['amr_4']
[rh_node-33] [INFO] [1789369023.142052004] [amr_3.rh_node]: [amr_3] Pruned expired reservations for peers: ['amr_4']
[rh_node-31] [INFO] [1789369023.360985261] [amr_1.rh_node]: [amr_1] Pruned expired reservations for peers: ['amr_4']
[rh_node-32] [INFO] [1789369023.387175735] [amr_2.rh_node]: [amr_2] Pruned expired reservations for peers: ['amr_4']
[rh_node-30] [INFO] [1789369023.432748118] [amr_0.rh_node]: [amr_0] Pruned expired reservations for peers: ['amr_4']
[rh_node-33] [INFO] [1789369023.642428344] [amr_3.rh_node]: [amr_3] Pruned expired reservations for peers: ['amr_4']
[rh_node-31] [INFO] [1789369023.861707802] [amr_1.rh_node]: [amr_1] Pruned expired reservations for peers: ['amr_4']
[rh_node-32] [INFO] [1789369023.888162374] [amr_2.rh_node]: [amr_2] Pruned expired reservations for peers: ['amr_4']
[rh_node-30] [INFO] [1789369023.931885510] [amr_0.rh_node]: [amr_0] Reached pickup for task 'task_w30_0026'. Moving to dropoff.
[task_manager-24] [INFO] [1789369023.933767069] [amr_task_manager]: Task 'task_w30_0026' transitioned to IN_PROGRESS
[rh_node-30] [INFO] [1789369023.934008094] [amr_0.rh_node]: [amr_0] Pruned expired reservations for peers: ['amr_4']
[rh_node-33] [INFO] [1789369024.141915836] [amr_3.rh_node]: [amr_3] Pruned expired reservations for peers: ['amr_4']
[rh_node-31] [INFO] [1789369024.361154049] [amr_1.rh_node]: [amr_1] Pruned expired reservations for peers: ['amr_4']
[rh_node-32] [INFO] [1789369024.387811822] [amr_2.rh_node]: [amr_2] Pruned expired reservations for peers: ['amr_4']
[rh_node-30] [INFO] [1789369024.433470510] [amr_0.rh_node]: [amr_0] Pruned expired reservations for peers: ['amr_4']
[rh_node-33] [INFO] [1789369024.641601103] [amr_3.rh_node]: [amr_3] Pruned expired reservations for peers: ['amr_4']
[rh_node-31] [INFO] [1789369024.861211631] [amr_1.rh_node]: [amr_1] Pruned expired reservations for peers: ['amr_4']
[rh_node-32] [INFO] [1789369024.887061527] [amr_2.rh_node]: [amr_2] Pruned expired reservations for peers: ['amr_4']
[rh_node-30] [INFO] [1789369024.933112505] [amr_0.rh_node]: [amr_0] Pruned expired reservations for peers: ['amr_4']
[rh_node-33] [INFO] [1789369025.141527045] [amr_3.rh_node]: [amr_3] Pruned expired reservations for peers: ['amr_4']
[rh_node-31] [INFO] [1789369025.362333393] [amr_1.rh_node]: [amr_1] Pruned expired reservations for peers: ['amr_4']
[rh_node-32] [INFO] [1789369025.388120179] [amr_2.rh_node]: [amr_2] Pruned expired reservations for peers: ['amr_4']
[rh_node-30] [INFO] [1789369025.433156761] [amr_0.rh_node]: [amr_0] Pruned expired reservations for peers: ['amr_4']
[rh_node-33] [INFO] [1789369025.642311995] [amr_3.rh_node]: [amr_3] Pruned expired reservations for peers: ['amr_4']
[rh_node-31] [INFO] [1789369025.861712212] [amr_1.rh_node]: [amr_1] Pruned expired reservations for peers: ['amr_4']
[rh_node-32] [INFO] [1789369025.887597744] [amr_2.rh_node]: [amr_2] Pruned expired reservations for peers: ['amr_4']
[rh_node-30] [INFO] [1789369025.933010914] [amr_0.rh_node]: [amr_0] Pruned expired reservations for peers: ['amr_4']
[rh_node-33] [INFO] [1789369026.141704217] [amr_3.rh_node]: [amr_3] Pruned expired reservations for peers: ['amr_4']
[rh_node-31] [INFO] [1789369026.363236048] [amr_1.rh_node]: [amr_1] Pruned expired reservations for peers: ['amr_4']
[rh_node-32] [INFO] [1789369026.389031801] [amr_2.rh_node]: [amr_2] Pruned expired reservations for peers: ['amr_4']
[rh_node-30] [INFO] [1789369026.434083295] [amr_0.rh_node]: [amr_0] Pruned expired reservations for peers: ['amr_4']
[rh_node-33] [INFO] [1789369026.643197617] [amr_3.rh_node]: [amr_3] Pruned expired reservations for peers: ['amr_4']
[rh_node-31] [INFO] [1789369026.861672241] [amr_1.rh_node]: [amr_1] Pruned expired reservations for peers: ['amr_4']
[rh_node-32] [INFO] [1789369026.887834377] [amr_2.rh_node]: [amr_2] Pruned expired reservations for peers: ['amr_4']
[rh_node-30] [INFO] [1789369026.933063035] [amr_0.rh_node]: [amr_0] Pruned expired reservations for peers: ['amr_4']
[rh_node-33] [INFO] [1789369027.142238769] [amr_3.rh_node]: [amr_3] Pruned expired reservations for peers: ['amr_4']
[rh_node-31] [INFO] [1789369027.361351783] [amr_1.rh_node]: [amr_1] Pruned expired reservations for peers: ['amr_4']
[rh_node-32] [INFO] [1789369027.387419602] [amr_2.rh_node]: [amr_2] Pruned expired reservations for peers: ['amr_4']
[rh_node-30] [INFO] [1789369027.434362275] [amr_0.rh_node]: [amr_0] Pruned expired reservations for peers: ['amr_4']
[rh_node-33] [INFO] [1789369027.641607853] [amr_3.rh_node]: [amr_3] Pruned expired reservations for peers: ['amr_4']
[rh_node-31] [INFO] [1789369027.861257409] [amr_1.rh_node]: [amr_1] Pruned expired reservations for peers: ['amr_4']
[rh_node-32] [INFO] [1789369027.888040446] [amr_2.rh_node]: [amr_2] Pruned expired reservations for peers: ['amr_4']
[rh_node-30] [INFO] [1789369027.933666529] [amr_0.rh_node]: [amr_0] Pruned expired reservations for peers: ['amr_4']
[rh_node-33] [INFO] [1789369028.141581808] [amr_3.rh_node]: [amr_3] Pruned expired reservations for peers: ['amr_4']
[rh_node-31] [INFO] [1789369028.361717964] [amr_1.rh_node]: [amr_1] Pruned expired reservations for peers: ['amr_4']
[rh_node-32] [INFO] [1789369028.387722939] [amr_2.rh_node]: [amr_2] Pruned expired reservations for peers: ['amr_4']
[rh_node-30] [INFO] [1789369028.432847889] [amr_0.rh_node]: [amr_0] Pruned expired reservations for peers: ['amr_4']
[rh_node-33] [INFO] [1789369028.641530326] [amr_3.rh_node]: [amr_3] Pruned expired reservations for peers: ['amr_4']
[rh_node-31] [INFO] [1789369028.861058682] [amr_1.rh_node]: [amr_1] Pruned expired reservations for peers: ['amr_4']
[rh_node-32] [INFO] [1789369028.888903677] [amr_2.rh_node]: [amr_2] Pruned expired reservations for peers: ['amr_4']
[rh_node-30] [INFO] [1789369028.933278208] [amr_0.rh_node]: [amr_0] Pruned expired reservations for peers: ['amr_4']
[rh_node-33] [INFO] [1789369029.141659743] [amr_3.rh_node]: [amr_3] Pruned expired reservations for peers: ['amr_4']
[rh_node-31] [INFO] [1789369029.361513811] [amr_1.rh_node]: [amr_1] Pruned expired reservations for peers: ['amr_4']
[rh_node-32] [INFO] [1789369029.386912724] [amr_2.rh_node]: [amr_2] Pruned expired reservations for peers: ['amr_4']
[rh_node-30] [INFO] [1789369029.432934678] [amr_0.rh_node]: [amr_0] Pruned expired reservations for peers: ['amr_4']
[rh_node-33] [INFO] [1789369029.642556270] [amr_3.rh_node]: [amr_3] Pruned expired reservations for peers: ['amr_4']
[rh_node-31] [INFO] [1789369029.861189372] [amr_1.rh_node]: [amr_1] Pruned expired reservations for peers: ['amr_4']
[rh_node-32] [INFO] [1789369029.888337315] [amr_2.rh_node]: [amr_2] Pruned expired reservations for peers: ['amr_4']
[rh_node-30] [INFO] [1789369029.933395262] [amr_0.rh_node]: [amr_0] Pruned expired reservations for peers: ['amr_4']
[rh_node-33] [INFO] [1789369030.142147923] [amr_3.rh_node]: [amr_3] Pruned expired reservations for peers: ['amr_4']
[rh_node-31] [INFO] [1789369030.361604196] [amr_1.rh_node]: [amr_1] Pruned expired reservations for peers: ['amr_4']
[rh_node-32] [INFO] [1789369030.388114711] [amr_2.rh_node]: [amr_2] Pruned expired reservations for peers: ['amr_4']
[rh_node-30] [INFO] [1789369030.433215461] [amr_0.rh_node]: [amr_0] Pruned expired reservations for peers: ['amr_4']
[rh_node-33] [INFO] [1789369030.641625793] [amr_3.rh_node]: [amr_3] Pruned expired reservations for peers: ['amr_4']
[rh_node-31] [INFO] [1789369030.861002720] [amr_1.rh_node]: [amr_1] Pruned expired reservations for peers: ['amr_4']
[rh_node-32] [INFO] [1789369030.887026499] [amr_2.rh_node]: [amr_2] Pruned expired reservations for peers: ['amr_4']
[rh_node-30] [INFO] [1789369030.933387610] [amr_0.rh_node]: [amr_0] Pruned expired reservations for peers: ['amr_4']
[rh_node-33] [INFO] [1789369031.141819599] [amr_3.rh_node]: [amr_3] Pruned expired reservations for peers: ['amr_4']
[rh_node-31] [INFO] [1789369031.360946611] [amr_1.rh_node]: [amr_1] Pruned expired reservations for peers: ['amr_4']
[rh_node-32] [INFO] [1789369031.388771206] [amr_2.rh_node]: [amr_2] Pruned expired reservations for peers: ['amr_4']
[rh_node-30] [INFO] [1789369031.432951808] [amr_0.rh_node]: [amr_0] Pruned expired reservations for peers: ['amr_4']
[rh_node-33] [INFO] [1789369031.642194674] [amr_3.rh_node]: [amr_3] Pruned expired reservations for peers: ['amr_4']
[rh_node-31] [INFO] [1789369031.861918374] [amr_1.rh_node]: [amr_1] Pruned expired reservations for peers: ['amr_4']
[rh_node-32] [INFO] [1789369031.886886399] [amr_2.rh_node]: [amr_2] Pruned expired reservations for peers: ['amr_4']
[rh_node-30] [INFO] [1789369031.934486825] [amr_0.rh_node]: [amr_0] Pruned expired reservations for peers: ['amr_4']
[rh_node-33] [INFO] [1789369032.142815436] [amr_3.rh_node]: [amr_3] Pruned expired reservations for peers: ['amr_4']
[rh_node-31] [INFO] [1789369032.360850639] [amr_1.rh_node]: [amr_1] Pruned expired reservations for peers: ['amr_4']
[rh_node-32] [INFO] [1789369032.387743505] [amr_2.rh_node]: [amr_2] Pruned expired reservations for peers: ['amr_4']
[rh_node-30] [INFO] [1789369032.433022816] [amr_0.rh_node]: [amr_0] Pruned expired reservations for peers: ['amr_4']
[rh_node-33] [INFO] [1789369032.642129591] [amr_3.rh_node]: [amr_3] Pruned expired reservations for peers: ['amr_4']
[rh_node-31] [INFO] [1789369032.861506871] [amr_1.rh_node]: [amr_1] Pruned expired reservations for peers: ['amr_4']
[rh_node-32] [INFO] [1789369032.886145949] [amr_2.rh_node]: [amr_2] Reached pickup for task 'task_w30_0010'. Moving to dropoff.
[task_manager-24] [INFO] [1789369032.887749977] [amr_task_manager]: Task 'task_w30_0010' transitioned to IN_PROGRESS
[rh_node-32] [INFO] [1789369032.888625134] [amr_2.rh_node]: [amr_2] Pruned expired reservations for peers: ['amr_4']
[rh_node-30] [INFO] [1789369032.934871959] [amr_0.rh_node]: [amr_0] Pruned expired reservations for peers: ['amr_4']
[rh_node-33] [INFO] [1789369033.141496166] [amr_3.rh_node]: [amr_3] Pruned expired reservations for peers: ['amr_4']
[rh_node-31] [INFO] [1789369033.362854176] [amr_1.rh_node]: [amr_1] Pruned expired reservations for peers: ['amr_4']
[rh_node-32] [INFO] [1789369033.387069515] [amr_2.rh_node]: [amr_2] Pruned expired reservations for peers: ['amr_4']
[rh_node-30] [INFO] [1789369033.433045265] [amr_0.rh_node]: [amr_0] Pruned expired reservations for peers: ['amr_4']
[rh_node-33] [INFO] [1789369033.642792887] [amr_3.rh_node]: [amr_3] Pruned expired reservations for peers: ['amr_4']
[rh_node-31] [INFO] [1789369033.861046235] [amr_1.rh_node]: [amr_1] Pruned expired reservations for peers: ['amr_4']
[rh_node-32] [INFO] [1789369033.887249029] [amr_2.rh_node]: [amr_2] Pruned expired reservations for peers: ['amr_4']
[rh_node-30] [INFO] [1789369033.932952323] [amr_0.rh_node]: [amr_0] Pruned expired reservations for peers: ['amr_4']
[rh_node-33] [INFO] [1789369034.141871529] [amr_3.rh_node]: [amr_3] Pruned expired reservations for peers: ['amr_4']
[rh_node-31] [INFO] [1789369034.360989114] [amr_1.rh_node]: [amr_1] Pruned expired reservations for peers: ['amr_4']
[rh_node-32] [INFO] [1789369034.388693062] [amr_2.rh_node]: [amr_2] Pruned expired reservations for peers: ['amr_4']
[rh_node-30] [INFO] [1789369034.433608620] [amr_0.rh_node]: [amr_0] Pruned expired reservations for peers: ['amr_4']
[rh_node-33] [INFO] [1789369034.642026814] [amr_3.rh_node]: [amr_3] Pruned expired reservations for peers: ['amr_4']
[rh_node-31] [INFO] [1789369034.861023289] [amr_1.rh_node]: [amr_1] Pruned expired reservations for peers: ['amr_4']
[rh_node-32] [INFO] [1789369034.887400486] [amr_2.rh_node]: [amr_2] Pruned expired reservations for peers: ['amr_4']
[rh_node-30] [INFO] [1789369034.932781758] [amr_0.rh_node]: [amr_0] Pruned expired reservations for peers: ['amr_4']
[rh_node-33] [INFO] [1789369035.143106250] [amr_3.rh_node]: [amr_3] Pruned expired reservations for peers: ['amr_4']
[rh_node-31] [INFO] [1789369035.361461204] [amr_1.rh_node]: [amr_1] Pruned expired reservations for peers: ['amr_4']
[rh_node-32] [INFO] [1789369035.387113147] [amr_2.rh_node]: [amr_2] Pruned expired reservations for peers: ['amr_4']
[rh_node-30] [INFO] [1789369035.432851458] [amr_0.rh_node]: [amr_0] Pruned expired reservations for peers: ['amr_4']
[rh_node-33] [INFO] [1789369035.641921537] [amr_3.rh_node]: [amr_3] Pruned expired reservations for peers: ['amr_4']
[rh_node-31] [INFO] [1789369035.861022580] [amr_1.rh_node]: [amr_1] Pruned expired reservations for peers: ['amr_4']
[rh_node-32] [INFO] [1789369035.887098390] [amr_2.rh_node]: [amr_2] Pruned expired reservations for peers: ['amr_4']
[rh_node-30] [INFO] [1789369035.933479329] [amr_0.rh_node]: [amr_0] Pruned expired reservations for peers: ['amr_4']
[rh_node-33] [INFO] [1789369036.142131054] [amr_3.rh_node]: [amr_3] Pruned expired reservations for peers: ['amr_4']
[rh_node-31] [INFO] [1789369036.360960124] [amr_1.rh_node]: [amr_1] Pruned expired reservations for peers: ['amr_4']
[rh_node-32] [INFO] [1789369036.387046913] [amr_2.rh_node]: [amr_2] Pruned expired reservations for peers: ['amr_4']
[rh_node-30] [INFO] [1789369036.433222470] [amr_0.rh_node]: [amr_0] Pruned expired reservations for peers: ['amr_4']
[rh_node-33] [INFO] [1789369036.643073830] [amr_3.rh_node]: [amr_3] Pruned expired reservations for peers: ['amr_4']
[rh_node-31] [INFO] [1789369036.862135673] [amr_1.rh_node]: [amr_1] Pruned expired reservations for peers: ['amr_4']
[rh_node-32] [INFO] [1789369036.887145457] [amr_2.rh_node]: [amr_2] Pruned expired reservations for peers: ['amr_4']
[rh_node-30] [INFO] [1789369036.934043507] [amr_0.rh_node]: [amr_0] Pruned expired reservations for peers: ['amr_4']
[rh_node-33] [INFO] [1789369037.141371903] [amr_3.rh_node]: [amr_3] Pruned expired reservations for peers: ['amr_4']
[rh_node-31] [INFO] [1789369037.361188941] [amr_1.rh_node]: [amr_1] Pruned expired reservations for peers: ['amr_4']
[rh_node-32] [INFO] [1789369037.388426508] [amr_2.rh_node]: [amr_2] Pruned expired reservations for peers: ['amr_4']
[rh_node-30] [INFO] [1789369037.434398917] [amr_0.rh_node]: [amr_0] Pruned expired reservations for peers: ['amr_4']
[rh_node-33] [INFO] [1789369037.642076862] [amr_3.rh_node]: [amr_3] Pruned expired reservations for peers: ['amr_4']
[rh_node-31] [INFO] [1789369037.860915398] [amr_1.rh_node]: [amr_1] Pruned expired reservations for peers: ['amr_4']
[rh_node-32] [INFO] [1789369037.887107717] [amr_2.rh_node]: [amr_2] Pruned expired reservations for peers: ['amr_4']
[rh_node-30] [INFO] [1789369037.933602015] [amr_0.rh_node]: [amr_0] Pruned expired reservations for peers: ['amr_4']
[rh_node-33] [INFO] [1789369038.142194216] [amr_3.rh_node]: [amr_3] Pruned expired reservations for peers: ['amr_4']
[rh_node-31] [INFO] [1789369038.361504339] [amr_1.rh_node]: [amr_1] Pruned expired reservations for peers: ['amr_4']
[rh_node-32] [INFO] [1789369038.387068734] [amr_2.rh_node]: [amr_2] Pruned expired reservations for peers: ['amr_4']
[rh_node-30] [INFO] [1789369038.432938499] [amr_0.rh_node]: [amr_0] Pruned expired reservations for peers: ['amr_4']
[rh_node-33] [INFO] [1789369038.642310320] [amr_3.rh_node]: [amr_3] Pruned expired reservations for peers: ['amr_4']
[rh_node-31] [INFO] [1789369038.861505422] [amr_1.rh_node]: [amr_1] Pruned expired reservations for peers: ['amr_4']
[rh_node-32] [INFO] [1789369038.889558138] [amr_2.rh_node]: [amr_2] Pruned expired reservations for peers: ['amr_4']
[rh_node-30] [INFO] [1789369038.933017272] [amr_0.rh_node]: [amr_0] Pruned expired reservations for peers: ['amr_4']
[rh_node-33] [INFO] [1789369039.142991101] [amr_3.rh_node]: [amr_3] Pruned expired reservations for peers: ['amr_4']
[rh_node-31] [INFO] [1789369039.360874429] [amr_1.rh_node]: [amr_1] Pruned expired reservations for peers: ['amr_4']
[rh_node-32] [INFO] [1789369039.387318442] [amr_2.rh_node]: [amr_2] Pruned expired reservations for peers: ['amr_4']
[rh_node-30] [INFO] [1789369039.432835889] [amr_0.rh_node]: [amr_0] Pruned expired reservations for peers: ['amr_4']
[rh_node-33] [INFO] [1789369039.642239663] [amr_3.rh_node]: [amr_3] Pruned expired reservations for peers: ['amr_4']
[rh_node-31] [INFO] [1789369039.860981553] [amr_1.rh_node]: [amr_1] Pruned expired reservations for peers: ['amr_4']
[rh_node-32] [INFO] [1789369039.887938791] [amr_2.rh_node]: [amr_2] Pruned expired reservations for peers: ['amr_4']
[rh_node-30] [INFO] [1789369039.933328038] [amr_0.rh_node]: [amr_0] Pruned expired reservations for peers: ['amr_4']
[rh_node-33] [INFO] [1789369040.141833104] [amr_3.rh_node]: [amr_3] Pruned expired reservations for peers: ['amr_4']
[rh_node-31] [INFO] [1789369040.362530818] [amr_1.rh_node]: [amr_1] Pruned expired reservations for peers: ['amr_4']
[rh_node-32] [INFO] [1789369040.388517281] [amr_2.rh_node]: [amr_2] Pruned expired reservations for peers: ['amr_4']
[rh_node-30] [INFO] [1789369040.432892941] [amr_0.rh_node]: [amr_0] Pruned expired reservations for peers: ['amr_4']
[rh_node-33] [INFO] [1789369040.641554852] [amr_3.rh_node]: [amr_3] Pruned expired reservations for peers: ['amr_4']
[rh_node-31] [INFO] [1789369040.861597264] [amr_1.rh_node]: [amr_1] Pruned expired reservations for peers: ['amr_4']
[rh_node-32] [INFO] [1789369040.888017701] [amr_2.rh_node]: [amr_2] Pruned expired reservations for peers: ['amr_4']
[rh_node-30] [INFO] [1789369040.933067612] [amr_0.rh_node]: [amr_0] Pruned expired reservations for peers: ['amr_4']
[rh_node-33] [INFO] [1789369041.142848828] [amr_3.rh_node]: [amr_3] Pruned expired reservations for peers: ['amr_4']
[rh_node-31] [INFO] [1789369041.361010599] [amr_1.rh_node]: [amr_1] Pruned expired reservations for peers: ['amr_4']
[rh_node-32] [INFO] [1789369041.387932519] [amr_2.rh_node]: [amr_2] Pruned expired reservations for peers: ['amr_4']
[rh_node-30] [INFO] [1789369041.433558608] [amr_0.rh_node]: [amr_0] Pruned expired reservations for peers: ['amr_4']
[rh_node-33] [INFO] [1789369041.641957637] [amr_3.rh_node]: [amr_3] Pruned expired reservations for peers: ['amr_4']
[rh_node-31] [INFO] [1789369041.862262620] [amr_1.rh_node]: [amr_1] Pruned expired reservations for peers: ['amr_4']
[rh_node-32] [INFO] [1789369041.888655765] [amr_2.rh_node]: [amr_2] Pruned expired reservations for peers: ['amr_4']
[rh_node-30] [INFO] [1789369041.932902324] [amr_0.rh_node]: [amr_0] Pruned expired reservations for peers: ['amr_4']
[rh_node-33] [INFO] [1789369042.141865675] [amr_3.rh_node]: [amr_3] Pruned expired reservations for peers: ['amr_4']
[rh_node-31] [INFO] [1789369042.361057665] [amr_1.rh_node]: [amr_1] Pruned expired reservations for peers: ['amr_4']
[rh_node-32] [INFO] [1789369042.387125777] [amr_2.rh_node]: [amr_2] Pruned expired reservations for peers: ['amr_4']
[rh_node-30] [INFO] [1789369042.433113137] [amr_0.rh_node]: [amr_0] Pruned expired reservations for peers: ['amr_4']
[rh_node-33] [INFO] [1789369042.641305811] [amr_3.rh_node]: [amr_3] Pruned expired reservations for peers: ['amr_4']
[rh_node-31] [INFO] [1789369042.861594828] [amr_1.rh_node]: [amr_1] Pruned expired reservations for peers: ['amr_4']
[rh_node-32] [INFO] [1789369042.887030082] [amr_2.rh_node]: [amr_2] Pruned expired reservations for peers: ['amr_4']
[rh_node-30] [INFO] [1789369042.933230915] [amr_0.rh_node]: [amr_0] Pruned expired reservations for peers: ['amr_4']
[rh_node-33] [INFO] [1789369043.140775677] [amr_3.rh_node]: [amr_3] Reached pickup for task 'task_w30_0003'. Moving to dropoff.
[task_manager-24] [INFO] [1789369043.142955876] [amr_task_manager]: Task 'task_w30_0003' transitioned to IN_PROGRESS
[rh_node-33] [INFO] [1789369043.143059609] [amr_3.rh_node]: [amr_3] Pruned expired reservations for peers: ['amr_4']
[rh_node-31] [INFO] [1789369043.360939326] [amr_1.rh_node]: [amr_1] Pruned expired reservations for peers: ['amr_4']
[rh_node-32] [INFO] [1789369043.388245884] [amr_2.rh_node]: [amr_2] Pruned expired reservations for peers: ['amr_4']
[rh_node-30] [INFO] [1789369043.432911442] [amr_0.rh_node]: [amr_0] Pruned expired reservations for peers: ['amr_4']
[rh_node-33] [INFO] [1789369043.642025709] [amr_3.rh_node]: [amr_3] Pruned expired reservations for peers: ['amr_4']
[rh_node-31] [INFO] [1789369043.862620159] [amr_1.rh_node]: [amr_1] Pruned expired reservations for peers: ['amr_4']
[rh_node-32] [INFO] [1789369043.887094266] [amr_2.rh_node]: [amr_2] Pruned expired reservations for peers: ['amr_4']
[rh_node-30] [INFO] [1789369043.932660893] [amr_0.rh_node]: [amr_0] Pruned expired reservations for peers: ['amr_4']
[rh_node-33] [INFO] [1789369044.142139779] [amr_3.rh_node]: [amr_3] Pruned expired reservations for peers: ['amr_4']
[rh_node-31] [INFO] [1789369044.360797924] [amr_1.rh_node]: [amr_1] Pruned expired reservations for peers: ['amr_4']
[rh_node-32] [INFO] [1789369044.387313790] [amr_2.rh_node]: [amr_2] Pruned expired reservations for peers: ['amr_4']
[rh_node-30] [INFO] [1789369044.434212070] [amr_0.rh_node]: [amr_0] Pruned expired reservations for peers: ['amr_4']
[rh_node-33] [INFO] [1789369044.642535140] [amr_3.rh_node]: [amr_3] Pruned expired reservations for peers: ['amr_4']
[rh_node-31] [INFO] [1789369044.861490762] [amr_1.rh_node]: [amr_1] Pruned expired reservations for peers: ['amr_4']
[rh_node-32] [INFO] [1789369044.887392960] [amr_2.rh_node]: [amr_2] Pruned expired reservations for peers: ['amr_4']
[rh_node-30] [INFO] [1789369044.933380484] [amr_0.rh_node]: [amr_0] Pruned expired reservations for peers: ['amr_4']
[rh_node-33] [INFO] [1789369045.141663108] [amr_3.rh_node]: [amr_3] Pruned expired reservations for peers: ['amr_4']
[rh_node-31] [INFO] [1789369045.361925429] [amr_1.rh_node]: [amr_1] Pruned expired reservations for peers: ['amr_4']
[rh_node-32] [INFO] [1789369045.387603017] [amr_2.rh_node]: [amr_2] Pruned expired reservations for peers: ['amr_4']
[rh_node-30] [INFO] [1789369045.434045640] [amr_0.rh_node]: [amr_0] Pruned expired reservations for peers: ['amr_4']
[rh_node-33] [INFO] [1789369045.642121737] [amr_3.rh_node]: [amr_3] Pruned expired reservations for peers: ['amr_4']
[rh_node-31] [INFO] [1789369045.860750325] [amr_1.rh_node]: [amr_1] Pruned expired reservations for peers: ['amr_4']
[rh_node-32] [INFO] [1789369045.887057005] [amr_2.rh_node]: [amr_2] Pruned expired reservations for peers: ['amr_4']
[rh_node-30] [INFO] [1789369045.932773761] [amr_0.rh_node]: [amr_0] Pruned expired reservations for peers: ['amr_4']
[rh_node-33] [INFO] [1789369046.142243209] [amr_3.rh_node]: [amr_3] Pruned expired reservations for peers: ['amr_4']
[rh_node-31] [INFO] [1789369046.361131411] [amr_1.rh_node]: [amr_1] Pruned expired reservations for peers: ['amr_4']
[rh_node-32] [INFO] [1789369046.388493379] [amr_2.rh_node]: [amr_2] Pruned expired reservations for peers: ['amr_4']
[rh_node-30] [INFO] [1789369046.433196994] [amr_0.rh_node]: [amr_0] Pruned expired reservations for peers: ['amr_4']
[rh_node-33] [INFO] [1789369046.641677667] [amr_3.rh_node]: [amr_3] Pruned expired reservations for peers: ['amr_4']
[rh_node-31] [INFO] [1789369046.861385584] [amr_1.rh_node]: [amr_1] Pruned expired reservations for peers: ['amr_4']
[rh_node-32] [INFO] [1789369046.888547279] [amr_2.rh_node]: [amr_2] Pruned expired reservations for peers: ['amr_4']
[rh_node-30] [INFO] [1789369046.933445929] [amr_0.rh_node]: [amr_0] Pruned expired reservations for peers: ['amr_4']
[rh_node-33] [INFO] [1789369047.143304823] [amr_3.rh_node]: [amr_3] Pruned expired reservations for peers: ['amr_4']
[rh_node-31] [INFO] [1789369047.361993549] [amr_1.rh_node]: [amr_1] Pruned expired reservations for peers: ['amr_4']
[rh_node-32] [INFO] [1789369047.387043489] [amr_2.rh_node]: [amr_2] Pruned expired reservations for peers: ['amr_4']
[rh_node-30] [INFO] [1789369047.434011005] [amr_0.rh_node]: [amr_0] Pruned expired reservations for peers: ['amr_4']
[rh_node-33] [INFO] [1789369047.642276897] [amr_3.rh_node]: [amr_3] Pruned expired reservations for peers: ['amr_4']
[rh_node-31] [INFO] [1789369047.861295357] [amr_1.rh_node]: [amr_1] Pruned expired reservations for peers: ['amr_4']
[rh_node-32] [INFO] [1789369047.888871682] [amr_2.rh_node]: [amr_2] Pruned expired reservations for peers: ['amr_4']
[rh_node-30] [INFO] [1789369047.933443297] [amr_0.rh_node]: [amr_0] Pruned expired reservations for peers: ['amr_4']
[rh_node-33] [INFO] [1789369048.141756821] [amr_3.rh_node]: [amr_3] Pruned expired reservations for peers: ['amr_4']
[rh_node-31] [INFO] [1789369048.360822379] [amr_1.rh_node]: [amr_1] Pruned expired reservations for peers: ['amr_4']
[rh_node-32] [INFO] [1789369048.386991591] [amr_2.rh_node]: [amr_2] Pruned expired reservations for peers: ['amr_4']
[rh_node-30] [INFO] [1789369048.432801784] [amr_0.rh_node]: [amr_0] Pruned expired reservations for peers: ['amr_4']
[rh_node-33] [INFO] [1789369048.642435806] [amr_3.rh_node]: [amr_3] Pruned expired reservations for peers: ['amr_4']
[rh_node-31] [INFO] [1789369048.860795801] [amr_1.rh_node]: [amr_1] Pruned expired reservations for peers: ['amr_4']
[rh_node-32] [INFO] [1789369048.887136805] [amr_2.rh_node]: [amr_2] Pruned expired reservations for peers: ['amr_4']
[rh_node-30] [INFO] [1789369048.933428416] [amr_0.rh_node]: [amr_0] Pruned expired reservations for peers: ['amr_4']
[rh_node-33] [INFO] [1789369049.142401396] [amr_3.rh_node]: [amr_3] Pruned expired reservations for peers: ['amr_4']
[rh_node-31] [INFO] [1789369049.360921137] [amr_1.rh_node]: [amr_1] Pruned expired reservations for peers: ['amr_4']
[rh_node-32] [INFO] [1789369049.387025739] [amr_2.rh_node]: [amr_2] Pruned expired reservations for peers: ['amr_4']
[rh_node-30] [INFO] [1789369049.433001318] [amr_0.rh_node]: [amr_0] Pruned expired reservations for peers: ['amr_4']
[rh_node-33] [INFO] [1789369049.641983606] [amr_3.rh_node]: [amr_3] Pruned expired reservations for peers: ['amr_4']
[rh_node-31] [INFO] [1789369049.861481459] [amr_1.rh_node]: [amr_1] Pruned expired reservations for peers: ['amr_4']
[rh_node-32] [INFO] [1789369049.887628475] [amr_2.rh_node]: [amr_2] Pruned expired reservations for peers: ['amr_4']
[rh_node-30] [INFO] [1789369049.932888634] [amr_0.rh_node]: [amr_0] Pruned expired reservations for peers: ['amr_4']
[rh_node-33] [INFO] [1789369050.141693200] [amr_3.rh_node]: [amr_3] Pruned expired reservations for peers: ['amr_4']
[rh_node-31] [INFO] [1789369050.361401200] [amr_1.rh_node]: [amr_1] Pruned expired reservations for peers: ['amr_4']
[rh_node-32] [INFO] [1789369050.387044252] [amr_2.rh_node]: [amr_2] Pruned expired reservations for peers: ['amr_4']
[rh_node-30] [INFO] [1789369050.432838091] [amr_0.rh_node]: [amr_0] Pruned expired reservations for peers: ['amr_4']
[rh_node-33] [INFO] [1789369050.642241329] [amr_3.rh_node]: [amr_3] Pruned expired reservations for peers: ['amr_4']
[rh_node-31] [INFO] [1789369050.861508432] [amr_1.rh_node]: [amr_1] Pruned expired reservations for peers: ['amr_4']
[rh_node-32] [INFO] [1789369050.887344423] [amr_2.rh_node]: [amr_2] Pruned expired reservations for peers: ['amr_4']
[rh_node-30] [INFO] [1789369050.933513595] [amr_0.rh_node]: [amr_0] Pruned expired reservations for peers: ['amr_4']
[rh_node-33] [INFO] [1789369051.142970924] [amr_3.rh_node]: [amr_3] Pruned expired reservations for peers: ['amr_4']
[rh_node-31] [INFO] [1789369051.361180503] [amr_1.rh_node]: [amr_1] Pruned expired reservations for peers: ['amr_4']
[rh_node-32] [INFO] [1789369051.387244917] [amr_2.rh_node]: [amr_2] Pruned expired reservations for peers: ['amr_4']
[rh_node-30] [INFO] [1789369051.433096268] [amr_0.rh_node]: [amr_0] Pruned expired reservations for peers: ['amr_4']
[rh_node-33] [INFO] [1789369051.642967561] [amr_3.rh_node]: [amr_3] Pruned expired reservations for peers: ['amr_4']
[rh_node-31] [INFO] [1789369051.861017741] [amr_1.rh_node]: [amr_1] Pruned expired reservations for peers: ['amr_4']
[rh_node-32] [INFO] [1789369051.887051457] [amr_2.rh_node]: [amr_2] Pruned expired reservations for peers: ['amr_4']
[rh_node-30] [INFO] [1789369051.934387882] [amr_0.rh_node]: [amr_0] Pruned expired reservations for peers: ['amr_4']
[rh_node-33] [INFO] [1789369052.141775303] [amr_3.rh_node]: [amr_3] Pruned expired reservations for peers: ['amr_4']
[rh_node-31] [INFO] [1789369052.361627408] [amr_1.rh_node]: [amr_1] Pruned expired reservations for peers: ['amr_4']
[rh_node-32] [INFO] [1789369052.387996812] [amr_2.rh_node]: [amr_2] Pruned expired reservations for peers: ['amr_4']
[rh_node-30] [INFO] [1789369052.433906547] [amr_0.rh_node]: [amr_0] Pruned expired reservations for peers: ['amr_4']
[rh_node-33] [INFO] [1789369052.642310371] [amr_3.rh_node]: [amr_3] Pruned expired reservations for peers: ['amr_4']
[rh_node-31] [INFO] [1789369052.860872755] [amr_1.rh_node]: [amr_1] Pruned expired reservations for peers: ['amr_4']
[rh_node-32] [INFO] [1789369052.887695296] [amr_2.rh_node]: [amr_2] Pruned expired reservations for peers: ['amr_4']
[rh_node-30] [INFO] [1789369052.932697187] [amr_0.rh_node]: [amr_0] Pruned expired reservations for peers: ['amr_4']
[rh_node-33] [INFO] [1789369053.142067278] [amr_3.rh_node]: [amr_3] Pruned expired reservations for peers: ['amr_4']
[rh_node-31] [INFO] [1789369053.362036603] [amr_1.rh_node]: [amr_1] Pruned expired reservations for peers: ['amr_4']
[rh_node-32] [INFO] [1789369053.387079831] [amr_2.rh_node]: [amr_2] Pruned expired reservations for peers: ['amr_4']
[rh_node-30] [INFO] [1789369053.433620665] [amr_0.rh_node]: [amr_0] Pruned expired reservations for peers: ['amr_4']
[rh_node-33] [INFO] [1789369053.641614869] [amr_3.rh_node]: [amr_3] Pruned expired reservations for peers: ['amr_4']
[rh_node-31] [INFO] [1789369053.861478754] [amr_1.rh_node]: [amr_1] Pruned expired reservations for peers: ['amr_4']
[rh_node-32] [INFO] [1789369053.887979495] [amr_2.rh_node]: [amr_2] Pruned expired reservations for peers: ['amr_4']
[rh_node-30] [INFO] [1789369053.933975996] [amr_0.rh_node]: [amr_0] Pruned expired reservations for peers: ['amr_4']
[rh_node-33] [INFO] [1789369054.143141856] [amr_3.rh_node]: [amr_3] Pruned expired reservations for peers: ['amr_4']
[rh_node-31] [INFO] [1789369054.362314201] [amr_1.rh_node]: [amr_1] Pruned expired reservations for peers: ['amr_4']
[rh_node-32] [INFO] [1789369054.388348312] [amr_2.rh_node]: [amr_2] Pruned expired reservations for peers: ['amr_4']
[rh_node-30] [INFO] [1789369054.432513422] [amr_0.rh_node]: [amr_0] Pruned expired reservations for peers: ['amr_4']
[rh_node-33] [INFO] [1789369054.642071985] [amr_3.rh_node]: [amr_3] Pruned expired reservations for peers: ['amr_4']
[rh_node-31] [INFO] [1789369054.861403381] [amr_1.rh_node]: [amr_1] Pruned expired reservations for peers: ['amr_4']
[rh_node-32] [INFO] [1789369054.888060924] [amr_2.rh_node]: [amr_2] Pruned expired reservations for peers: ['amr_4']
[rh_node-30] [INFO] [1789369054.932795754] [amr_0.rh_node]: [amr_0] Pruned expired reservations for peers: ['amr_4']
[rh_node-33] [INFO] [1789369055.142122823] [amr_3.rh_node]: [amr_3] Pruned expired reservations for peers: ['amr_4']
[rh_node-31] [INFO] [1789369055.360937030] [amr_1.rh_node]: [amr_1] Pruned expired reservations for peers: ['amr_4']
[rh_node-32] [INFO] [1789369055.387692518] [amr_2.rh_node]: [amr_2] Pruned expired reservations for peers: ['amr_4']
[rh_node-30] [INFO] [1789369055.432710697] [amr_0.rh_node]: [amr_0] Pruned expired reservations for peers: ['amr_4']
[rh_node-33] [INFO] [1789369055.641813799] [amr_3.rh_node]: [amr_3] Pruned expired reservations for peers: ['amr_4']
[rh_node-31] [INFO] [1789369055.860853687] [amr_1.rh_node]: [amr_1] Pruned expired reservations for peers: ['amr_4']
[rh_node-32] [INFO] [1789369055.887012033] [amr_2.rh_node]: [amr_2] Pruned expired reservations for peers: ['amr_4']
[rh_node-30] [INFO] [1789369055.933075245] [amr_0.rh_node]: [amr_0] Pruned expired reservations for peers: ['amr_4']
[rh_node-33] [INFO] [1789369056.142200463] [amr_3.rh_node]: [amr_3] Pruned expired reservations for peers: ['amr_4']
[rh_node-31] [INFO] [1789369056.362508369] [amr_1.rh_node]: [amr_1] Pruned expired reservations for peers: ['amr_4']
[rh_node-32] [INFO] [1789369056.388564742] [amr_2.rh_node]: [amr_2] Pruned expired reservations for peers: ['amr_4']
[rh_node-30] [INFO] [1789369056.433099896] [amr_0.rh_node]: [amr_0] Pruned expired reservations for peers: ['amr_4']
[rh_node-33] [INFO] [1789369056.642303701] [amr_3.rh_node]: [amr_3] Pruned expired reservations for peers: ['amr_4']
[rh_node-31] [INFO] [1789369056.861444273] [amr_1.rh_node]: [amr_1] Pruned expired reservations for peers: ['amr_4']
[rh_node-32] [INFO] [1789369056.887083355] [amr_2.rh_node]: [amr_2] Pruned expired reservations for peers: ['amr_4']
[rh_node-30] [INFO] [1789369056.934198959] [amr_0.rh_node]: [amr_0] Pruned expired reservations for peers: ['amr_4']
[rh_node-33] [INFO] [1789369057.141874657] [amr_3.rh_node]: [amr_3] Pruned expired reservations for peers: ['amr_4']
[rh_node-31] [INFO] [1789369057.361776145] [amr_1.rh_node]: [amr_1] Pruned expired reservations for peers: ['amr_4']
[rh_node-32] [INFO] [1789369057.386967058] [amr_2.rh_node]: [amr_2] Pruned expired reservations for peers: ['amr_4']
[rh_node-30] [INFO] [1789369057.432674955] [amr_0.rh_node]: [amr_0] Pruned expired reservations for peers: ['amr_4']
[rh_node-33] [INFO] [1789369057.641677439] [amr_3.rh_node]: [amr_3] Pruned expired reservations for peers: ['amr_4']
[rh_node-31] [INFO] [1789369057.862584947] [amr_1.rh_node]: [amr_1] Pruned expired reservations for peers: ['amr_4']
[rh_node-32] [INFO] [1789369057.887794549] [amr_2.rh_node]: [amr_2] Pruned expired reservations for peers: ['amr_4']
[rh_node-30] [INFO] [1789369057.934389026] [amr_0.rh_node]: [amr_0] Pruned expired reservations for peers: ['amr_4']
[rh_node-33] [INFO] [1789369058.142544890] [amr_3.rh_node]: [amr_3] Pruned expired reservations for peers: ['amr_4']
[rh_node-31] [INFO] [1789369058.361399425] [amr_1.rh_node]: [amr_1] Pruned expired reservations for peers: ['amr_4']
[rh_node-32] [INFO] [1789369058.388241414] [amr_2.rh_node]: [amr_2] Pruned expired reservations for peers: ['amr_4']
[rh_node-30] [INFO] [1789369058.432856273] [amr_0.rh_node]: [amr_0] Pruned expired reservations for peers: ['amr_4']
[rh_node-33] [INFO] [1789369058.641673159] [amr_3.rh_node]: [amr_3] Pruned expired reservations for peers: ['amr_4']
[rh_node-31] [INFO] [1789369058.861423812] [amr_1.rh_node]: [amr_1] Pruned expired reservations for peers: ['amr_4']
[rh_node-32] [INFO] [1789369058.887019762] [amr_2.rh_node]: [amr_2] Pruned expired reservations for peers: ['amr_4']
[rh_node-30] [INFO] [1789369058.932855636] [amr_0.rh_node]: [amr_0] Pruned expired reservations for peers: ['amr_4']
[rh_node-33] [INFO] [1789369059.142217970] [amr_3.rh_node]: [amr_3] Pruned expired reservations for peers: ['amr_4']
[rh_node-31] [INFO] [1789369059.361406555] [amr_1.rh_node]: [amr_1] Pruned expired reservations for peers: ['amr_4']
[rh_node-32] [INFO] [1789369059.387099770] [amr_2.rh_node]: [amr_2] Pruned expired reservations for peers: ['amr_4']
[rh_node-30] [INFO] [1789369059.433204041] [amr_0.rh_node]: [amr_0] Pruned expired reservations for peers: ['amr_4']
[rh_node-33] [INFO] [1789369059.641805976] [amr_3.rh_node]: [amr_3] Pruned expired reservations for peers: ['amr_4']
[rh_node-31] [INFO] [1789369059.860879752] [amr_1.rh_node]: [amr_1] Pruned expired reservations for peers: ['amr_4']
[rh_node-32] [INFO] [1789369059.888388761] [amr_2.rh_node]: [amr_2] Pruned expired reservations for peers: ['amr_4']
[rh_node-30] [INFO] [1789369059.933290386] [amr_0.rh_node]: [amr_0] Pruned expired reservations for peers: ['amr_4']
[rh_node-33] [INFO] [1789369060.142336495] [amr_3.rh_node]: [amr_3] Pruned expired reservations for peers: ['amr_4']
[rh_node-31] [INFO] [1789369060.360853156] [amr_1.rh_node]: [amr_1] Pruned expired reservations for peers: ['amr_4']
[rh_node-32] [INFO] [1789369060.387351259] [amr_2.rh_node]: [amr_2] Pruned expired reservations for peers: ['amr_4']
[rh_node-30] [INFO] [1789369060.433629545] [amr_0.rh_node]: [amr_0] Pruned expired reservations for peers: ['amr_4']
[rh_node-33] [INFO] [1789369060.641551978] [amr_3.rh_node]: [amr_3] Pruned expired reservations for peers: ['amr_4']
[rh_node-31] [INFO] [1789369060.860825200] [amr_1.rh_node]: [amr_1] Pruned expired reservations for peers: ['amr_4']
[rh_node-32] [INFO] [1789369060.887093317] [amr_2.rh_node]: [amr_2] Pruned expired reservations for peers: ['amr_4']
[rh_node-30] [INFO] [1789369060.933915886] [amr_0.rh_node]: [amr_0] Pruned expired reservations for peers: ['amr_4']
[rh_node-33] [INFO] [1789369061.142421293] [amr_3.rh_node]: [amr_3] Pruned expired reservations for peers: ['amr_4']
[rh_node-31] [INFO] [1789369061.362622997] [amr_1.rh_node]: [amr_1] Pruned expired reservations for peers: ['amr_4']
[rh_node-32] [INFO] [1789369061.387590430] [amr_2.rh_node]: [amr_2] Pruned expired reservations for peers: ['amr_4']
[rh_node-30] [INFO] [1789369061.433609261] [amr_0.rh_node]: [amr_0] Pruned expired reservations for peers: ['amr_4']
[rh_node-33] [INFO] [1789369061.641950544] [amr_3.rh_node]: [amr_3] Pruned expired reservations for peers: ['amr_4']
[rh_node-31] [INFO] [1789369061.860769316] [amr_1.rh_node]: [amr_1] Pruned expired reservations for peers: ['amr_4']
[rh_node-32] [INFO] [1789369061.887019026] [amr_2.rh_node]: [amr_2] Pruned expired reservations for peers: ['amr_4']
[rh_node-30] [INFO] [1789369061.932734872] [amr_0.rh_node]: [amr_0] Pruned expired reservations for peers: ['amr_4']
[rh_node-33] [INFO] [1789369062.141679761] [amr_3.rh_node]: [amr_3] Pruned expired reservations for peers: ['amr_4']
[rh_node-31] [INFO] [1789369062.360820976] [amr_1.rh_node]: [amr_1] Pruned expired reservations for peers: ['amr_4']
[rh_node-32] [INFO] [1789369062.387775160] [amr_2.rh_node]: [amr_2] Pruned expired reservations for peers: ['amr_4']
[rh_node-30] [INFO] [1789369062.432568491] [amr_0.rh_node]: [amr_0] Pruned expired reservations for peers: ['amr_4']
[rh_node-33] [INFO] [1789369062.642367468] [amr_3.rh_node]: [amr_3] Pruned expired reservations for peers: ['amr_4']
[rh_node-31] [INFO] [1789369062.861622798] [amr_1.rh_node]: [amr_1] Pruned expired reservations for peers: ['amr_4']
[rh_node-32] [INFO] [1789369062.886985836] [amr_2.rh_node]: [amr_2] Pruned expired reservations for peers: ['amr_4']
[rh_node-30] [INFO] [1789369062.933439596] [amr_0.rh_node]: [amr_0] Pruned expired reservations for peers: ['amr_4']
[rh_node-33] [INFO] [1789369063.142763669] [amr_3.rh_node]: [amr_3] Pruned expired reservations for peers: ['amr_4']
[rh_node-31] [INFO] [1789369063.361380017] [amr_1.rh_node]: [amr_1] Pruned expired reservations for peers: ['amr_4']
[rh_node-32] [INFO] [1789369063.387453969] [amr_2.rh_node]: [amr_2] Pruned expired reservations for peers: ['amr_4']
[rh_node-30] [INFO] [1789369063.432639000] [amr_0.rh_node]: [amr_0] Pruned expired reservations for peers: ['amr_4']
[rh_node-33] [INFO] [1789369063.642958493] [amr_3.rh_node]: [amr_3] Pruned expired reservations for peers: ['amr_4']
[rh_node-31] [INFO] [1789369063.861519069] [amr_1.rh_node]: [amr_1] Pruned expired reservations for peers: ['amr_4']
[rh_node-32] [INFO] [1789369063.888393814] [amr_2.rh_node]: [amr_2] Pruned expired reservations for peers: ['amr_4']
[rh_node-30] [INFO] [1789369063.931889950] [amr_0.rh_node]: [amr_0] Completed task 'task_w30_0026'. Advancing to next task.
[task_manager-24] [INFO] [1789369063.933594983] [amr_task_manager]: Task 'task_w30_0026' transitioned to COMPLETED
[rh_node-30] [INFO] [1789369063.934280589] [amr_0.rh_node]: [amr_0] Pruned expired reservations for peers: ['amr_4']
[rh_node-33] [INFO] [1789369064.142952458] [amr_3.rh_node]: [amr_3] Pruned expired reservations for peers: ['amr_4']
[rh_node-31] [INFO] [1789369064.361181942] [amr_1.rh_node]: [amr_1] Pruned expired reservations for peers: ['amr_4']
[rh_node-32] [INFO] [1789369064.387109311] [amr_2.rh_node]: [amr_2] Pruned expired reservations for peers: ['amr_4']
[rh_node-30] [INFO] [1789369064.432931307] [amr_0.rh_node]: [amr_0] Pruned expired reservations for peers: ['amr_4']
[rh_node-33] [INFO] [1789369064.641658129] [amr_3.rh_node]: [amr_3] Pruned expired reservations for peers: ['amr_4']
[rh_node-31] [INFO] [1789369064.862711843] [amr_1.rh_node]: [amr_1] Pruned expired reservations for peers: ['amr_4']
[rh_node-32] [INFO] [1789369064.887041268] [amr_2.rh_node]: [amr_2] Pruned expired reservations for peers: ['amr_4']
[rh_node-30] [INFO] [1789369064.933393002] [amr_0.rh_node]: [amr_0] Pruned expired reservations for peers: ['amr_4']
[rh_node-33] [INFO] [1789369065.143340337] [amr_3.rh_node]: [amr_3] Pruned expired reservations for peers: ['amr_4']
[rh_node-31] [INFO] [1789369065.361940317] [amr_1.rh_node]: [amr_1] Pruned expired reservations for peers: ['amr_4']
[rh_node-32] [INFO] [1789369065.387599580] [amr_2.rh_node]: [amr_2] Pruned expired reservations for peers: ['amr_4']
[rh_node-30] [INFO] [1789369065.433539939] [amr_0.rh_node]: [amr_0] Pruned expired reservations for peers: ['amr_4']
[rh_node-33] [INFO] [1789369065.642859345] [amr_3.rh_node]: [amr_3] Pruned expired reservations for peers: ['amr_4']
[rh_node-31] [INFO] [1789369065.860777698] [amr_1.rh_node]: [amr_1] Pruned expired reservations for peers: ['amr_4']
[rh_node-32] [INFO] [1789369065.887115266] [amr_2.rh_node]: [amr_2] Pruned expired reservations for peers: ['amr_4']
[rh_node-30] [INFO] [1789369065.934249342] [amr_0.rh_node]: [amr_0] Pruned expired reservations for peers: ['amr_4']
[rh_node-33] [INFO] [1789369066.141594979] [amr_3.rh_node]: [amr_3] Pruned expired reservations for peers: ['amr_4']
[rh_node-31] [INFO] [1789369066.361375551] [amr_1.rh_node]: [amr_1] Pruned expired reservations for peers: ['amr_4']
[rh_node-32] [INFO] [1789369066.388188038] [amr_2.rh_node]: [amr_2] Pruned expired reservations for peers: ['amr_4']
[rh_node-30] [INFO] [1789369066.432918354] [amr_0.rh_node]: [amr_0] Pruned expired reservations for peers: ['amr_4']
[rh_node-33] [INFO] [1789369066.642333446] [amr_3.rh_node]: [amr_3] Pruned expired reservations for peers: ['amr_4']
[rh_node-31] [INFO] [1789369066.860778023] [amr_1.rh_node]: [amr_1] Pruned expired reservations for peers: ['amr_4']
[rh_node-32] [INFO] [1789369066.888168470] [amr_2.rh_node]: [amr_2] Pruned expired reservations for peers: ['amr_4']
[rh_node-30] [INFO] [1789369066.932924236] [amr_0.rh_node]: [amr_0] Pruned expired reservations for peers: ['amr_4']
[rh_node-33] [INFO] [1789369067.142153199] [amr_3.rh_node]: [amr_3] Pruned expired reservations for peers: ['amr_4']
[rh_node-31] [INFO] [1789369067.361341666] [amr_1.rh_node]: [amr_1] Pruned expired reservations for peers: ['amr_4']
[rh_node-32] [INFO] [1789369067.387539510] [amr_2.rh_node]: [amr_2] Pruned expired reservations for peers: ['amr_4']
[rh_node-30] [INFO] [1789369067.433127537] [amr_0.rh_node]: [amr_0] Pruned expired reservations for peers: ['amr_4']
[rh_node-33] [INFO] [1789369067.642844159] [amr_3.rh_node]: [amr_3] Pruned expired reservations for peers: ['amr_4']
[rh_node-31] [INFO] [1789369067.861594599] [amr_1.rh_node]: [amr_1] Pruned expired reservations for peers: ['amr_4']
[rh_node-32] [INFO] [1789369067.887069240] [amr_2.rh_node]: [amr_2] Pruned expired reservations for peers: ['amr_4']
[rh_node-30] [INFO] [1789369067.932896222] [amr_0.rh_node]: [amr_0] Pruned expired reservations for peers: ['amr_4']
[rh_node-33] [INFO] [1789369068.143660193] [amr_3.rh_node]: [amr_3] Pruned expired reservations for peers: ['amr_4']
[rh_node-31] [INFO] [1789369068.362395607] [amr_1.rh_node]: [amr_1] Pruned expired reservations for peers: ['amr_4']
[rh_node-32] [INFO] [1789369068.386940088] [amr_2.rh_node]: [amr_2] Pruned expired reservations for peers: ['amr_4']
[rh_node-30] [INFO] [1789369068.434940875] [amr_0.rh_node]: [amr_0] Pruned expired reservations for peers: ['amr_4']
[rh_node-33] [INFO] [1789369068.644235491] [amr_3.rh_node]: [amr_3] Pruned expired reservations for peers: ['amr_4']
[rh_node-31] [INFO] [1789369068.861403246] [amr_1.rh_node]: [amr_1] Pruned expired reservations for peers: ['amr_4']
[rh_node-32] [INFO] [1789369068.887113857] [amr_2.rh_node]: [amr_2] Pruned expired reservations for peers: ['amr_4']
[rh_node-30] [INFO] [1789369068.933055032] [amr_0.rh_node]: [amr_0] Pruned expired reservations for peers: ['amr_4']
[rh_node-33] [INFO] [1789369069.141643418] [amr_3.rh_node]: [amr_3] Pruned expired reservations for peers: ['amr_4']
[rh_node-31] [INFO] [1789369069.360915154] [amr_1.rh_node]: [amr_1] Pruned expired reservations for peers: ['amr_4']
[rh_node-32] [INFO] [1789369069.386913287] [amr_2.rh_node]: [amr_2] Pruned expired reservations for peers: ['amr_4']
[rh_node-30] [INFO] [1789369069.434805678] [amr_0.rh_node]: [amr_0] Pruned expired reservations for peers: ['amr_4']
[rh_node-33] [INFO] [1789369069.642328547] [amr_3.rh_node]: [amr_3] Pruned expired reservations for peers: ['amr_4']
[rh_node-31] [INFO] [1789369069.860905925] [amr_1.rh_node]: [amr_1] Pruned expired reservations for peers: ['amr_4']
[rh_node-32] [INFO] [1789369069.886884988] [amr_2.rh_node]: [amr_2] Pruned expired reservations for peers: ['amr_4']
[rh_node-30] [INFO] [1789369069.933170135] [amr_0.rh_node]: [amr_0] Pruned expired reservations for peers: ['amr_4']
[rh_node-33] [INFO] [1789369070.142837209] [amr_3.rh_node]: [amr_3] Pruned expired reservations for peers: ['amr_4']
[rh_node-31] [INFO] [1789369070.361359606] [amr_1.rh_node]: [amr_1] Pruned expired reservations for peers: ['amr_4']
[rh_node-32] [INFO] [1789369070.386914711] [amr_2.rh_node]: [amr_2] Pruned expired reservations for peers: ['amr_4']
[rh_node-30] [INFO] [1789369070.433778147] [amr_0.rh_node]: [amr_0] Pruned expired reservations for peers: ['amr_4']
[rh_node-33] [INFO] [1789369070.643884881] [amr_3.rh_node]: [amr_3] Pruned expired reservations for peers: ['amr_4']
[rh_node-31] [INFO] [1789369070.861567935] [amr_1.rh_node]: [amr_1] Pruned expired reservations for peers: ['amr_4']
[rh_node-32] [INFO] [1789369070.888484499] [amr_2.rh_node]: [amr_2] Pruned expired reservations for peers: ['amr_4']
[rh_node-30] [INFO] [1789369070.932883043] [amr_0.rh_node]: [amr_0] Pruned expired reservations for peers: ['amr_4']
[rh_node-33] [INFO] [1789369071.142236069] [amr_3.rh_node]: [amr_3] Pruned expired reservations for peers: ['amr_4']
[rh_node-31] [INFO] [1789369071.360871203] [amr_1.rh_node]: [amr_1] Pruned expired reservations for peers: ['amr_4']
[rh_node-32] [INFO] [1789369071.387242379] [amr_2.rh_node]: [amr_2] Pruned expired reservations for peers: ['amr_4']
[rh_node-30] [INFO] [1789369071.434707197] [amr_0.rh_node]: [amr_0] Pruned expired reservations for peers: ['amr_4']
[rh_node-33] [INFO] [1789369071.641664761] [amr_3.rh_node]: [amr_3] Pruned expired reservations for peers: ['amr_4']
[rh_node-31] [INFO] [1789369071.861867968] [amr_1.rh_node]: [amr_1] Pruned expired reservations for peers: ['amr_4']
[rh_node-32] [INFO] [1789369071.886843412] [amr_2.rh_node]: [amr_2] Pruned expired reservations for peers: ['amr_4']
[rh_node-30] [INFO] [1789369071.932996756] [amr_0.rh_node]: [amr_0] Pruned expired reservations for peers: ['amr_4']
[rh_node-33] [INFO] [1789369072.143802446] [amr_3.rh_node]: [amr_3] Pruned expired reservations for peers: ['amr_4']
[rh_node-31] [INFO] [1789369072.361802372] [amr_1.rh_node]: [amr_1] Pruned expired reservations for peers: ['amr_4']
[rh_node-32] [INFO] [1789369072.388107051] [amr_2.rh_node]: [amr_2] Pruned expired reservations for peers: ['amr_4']
[rh_node-30] [INFO] [1789369072.434520945] [amr_0.rh_node]: [amr_0] Pruned expired reservations for peers: ['amr_4']
[rh_node-33] [INFO] [1789369072.642286532] [amr_3.rh_node]: [amr_3] Pruned expired reservations for peers: ['amr_4']
[rh_node-31] [INFO] [1789369072.861415606] [amr_1.rh_node]: [amr_1] Pruned expired reservations for peers: ['amr_4']
[rh_node-32] [INFO] [1789369072.886900229] [amr_2.rh_node]: [amr_2] Pruned expired reservations for peers: ['amr_4']
[rh_node-30] [INFO] [1789369072.932983376] [amr_0.rh_node]: [amr_0] Pruned expired reservations for peers: ['amr_4']
[rh_node-33] [INFO] [1789369073.142796137] [amr_3.rh_node]: [amr_3] Pruned expired reservations for peers: ['amr_4']
[rh_node-31] [INFO] [1789369073.362357831] [amr_1.rh_node]: [amr_1] Pruned expired reservations for peers: ['amr_4']
[rh_node-32] [INFO] [1789369073.386930431] [amr_2.rh_node]: [amr_2] Pruned expired reservations for peers: ['amr_4']
[rh_node-30] [INFO] [1789369073.434793102] [amr_0.rh_node]: [amr_0] Pruned expired reservations for peers: ['amr_4']
[rh_node-33] [INFO] [1789369073.641691058] [amr_3.rh_node]: [amr_3] Pruned expired reservations for peers: ['amr_4']
[rh_node-31] [INFO] [1789369073.860762432] [amr_1.rh_node]: [amr_1] Pruned expired reservations for peers: ['amr_4']
[rh_node-32] [INFO] [1789369073.887437731] [amr_2.rh_node]: [amr_2] Pruned expired reservations for peers: ['amr_4']
[rh_node-30] [INFO] [1789369073.933465646] [amr_0.rh_node]: [amr_0] Pruned expired reservations for peers: ['amr_4']
[rh_node-33] [INFO] [1789369074.142136168] [amr_3.rh_node]: [amr_3] Pruned expired reservations for peers: ['amr_4']
[rh_node-31] [INFO] [1789369074.361374800] [amr_1.rh_node]: [amr_1] Pruned expired reservations for peers: ['amr_4']
[rh_node-32] [INFO] [1789369074.387334911] [amr_2.rh_node]: [amr_2] Pruned expired reservations for peers: ['amr_4']
[rh_node-30] [INFO] [1789369074.433816882] [amr_0.rh_node]: [amr_0] Pruned expired reservations for peers: ['amr_4']
[rh_node-33] [INFO] [1789369074.643706054] [amr_3.rh_node]: [amr_3] Pruned expired reservations for peers: ['amr_4']
[rh_node-31] [INFO] [1789369074.860883898] [amr_1.rh_node]: [amr_1] Pruned expired reservations for peers: ['amr_4']
[rh_node-32] [INFO] [1789369074.887317482] [amr_2.rh_node]: [amr_2] Pruned expired reservations for peers: ['amr_4']
[rh_node-30] [INFO] [1789369074.932958133] [amr_0.rh_node]: [amr_0] Pruned expired reservations for peers: ['amr_2', 'amr_4']
[rh_node-33] [INFO] [1789369075.141539788] [amr_3.rh_node]: [amr_3] Pruned expired reservations for peers: ['amr_4', 'amr_2']
[rh_node-31] [INFO] [1789369075.362373709] [amr_1.rh_node]: [amr_1] Pruned expired reservations for peers: ['amr_4', 'amr_2']
[rh_node-34] [INFO] [1789369075.379300321] [amr_4.rh_node]: [amr_4] Pruned expired reservations for peers: ['amr_2']
[rh_node-32] [INFO] [1789369075.387169458] [amr_2.rh_node]: [amr_2] Pruned expired reservations for peers: ['amr_4']
[rh_node-30] [INFO] [1789369075.433362915] [amr_0.rh_node]: [amr_0] Pruned expired reservations for peers: ['amr_2', 'amr_4']
[rh_node-33] [INFO] [1789369075.643594802] [amr_3.rh_node]: [amr_3] Pruned expired reservations for peers: ['amr_4', 'amr_2']
[rh_node-31] [INFO] [1789369075.860890693] [amr_1.rh_node]: [amr_1] Pruned expired reservations for peers: ['amr_4', 'amr_2']
[rh_node-34] [INFO] [1789369075.878903254] [amr_4.rh_node]: [amr_4] Pruned expired reservations for peers: ['amr_2']
[rh_node-32] [INFO] [1789369075.887663101] [amr_2.rh_node]: [amr_2] Pruned expired reservations for peers: ['amr_4']
[rh_node-30] [INFO] [1789369075.932864709] [amr_0.rh_node]: [amr_0] Pruned expired reservations for peers: ['amr_2', 'amr_4']
[rh_node-33] [INFO] [1789369076.142763481] [amr_3.rh_node]: [amr_3] Pruned expired reservations for peers: ['amr_4', 'amr_2']
[rh_node-31] [INFO] [1789369076.362083917] [amr_1.rh_node]: [amr_1] Pruned expired reservations for peers: ['amr_4', 'amr_2']
[rh_node-34] [INFO] [1789369076.379979816] [amr_4.rh_node]: [amr_4] Pruned expired reservations for peers: ['amr_2']
[rh_node-32] [INFO] [1789369076.386880260] [amr_2.rh_node]: [amr_2] Pruned expired reservations for peers: ['amr_4']
[rh_node-30] [INFO] [1789369076.433700429] [amr_0.rh_node]: [amr_0] Pruned expired reservations for peers: ['amr_2', 'amr_4']
[rh_node-33] [INFO] [1789369076.642877763] [amr_3.rh_node]: [amr_3] Pruned expired reservations for peers: ['amr_4', 'amr_2']
[rh_node-31] [INFO] [1789369076.861522253] [amr_1.rh_node]: [amr_1] Pruned expired reservations for peers: ['amr_4', 'amr_2']
[rh_node-34] [INFO] [1789369076.879277936] [amr_4.rh_node]: [amr_4] Pruned expired reservations for peers: ['amr_2']
[rh_node-32] [INFO] [1789369076.886995515] [amr_2.rh_node]: [amr_2] Pruned expired reservations for peers: ['amr_4']
[rh_node-30] [INFO] [1789369076.933105834] [amr_0.rh_node]: [amr_0] Pruned expired reservations for peers: ['amr_2', 'amr_4']
[rh_node-33] [INFO] [1789369077.141854733] [amr_3.rh_node]: [amr_3] Pruned expired reservations for peers: ['amr_4', 'amr_2']
[rh_node-31] [INFO] [1789369077.361479148] [amr_1.rh_node]: [amr_1] Pruned expired reservations for peers: ['amr_4', 'amr_2']
[rh_node-34] [INFO] [1789369077.380411123] [amr_4.rh_node]: [amr_4] Pruned expired reservations for peers: ['amr_2']
[rh_node-32] [INFO] [1789369077.387578843] [amr_2.rh_node]: [amr_2] Pruned expired reservations for peers: ['amr_4']
[rh_node-30] [INFO] [1789369077.433070932] [amr_0.rh_node]: [amr_0] Pruned expired reservations for peers: ['amr_2', 'amr_4']
[rh_node-33] [INFO] [1789369077.641599634] [amr_3.rh_node]: [amr_3] Pruned expired reservations for peers: ['amr_4', 'amr_2']
[rh_node-31] [INFO] [1789369077.860844849] [amr_1.rh_node]: [amr_1] Pruned expired reservations for peers: ['amr_4', 'amr_2']
[rh_node-34] [INFO] [1789369077.879123248] [amr_4.rh_node]: [amr_4] Pruned expired reservations for peers: ['amr_2']
[rh_node-32] [INFO] [1789369077.887512635] [amr_2.rh_node]: [amr_2] Pruned expired reservations for peers: ['amr_4']
[rh_node-30] [INFO] [1789369077.933483864] [amr_0.rh_node]: [amr_0] Pruned expired reservations for peers: ['amr_2', 'amr_4']
[rh_node-33] [INFO] [1789369078.142945281] [amr_3.rh_node]: [amr_3] Pruned expired reservations for peers: ['amr_4', 'amr_2']
[rh_node-31] [INFO] [1789369078.360757004] [amr_1.rh_node]: [amr_1] Pruned expired reservations for peers: ['amr_4', 'amr_2']
[rh_node-34] [INFO] [1789369078.379031598] [amr_4.rh_node]: [amr_4] Pruned expired reservations for peers: ['amr_2']
[rh_node-32] [INFO] [1789369078.387296682] [amr_2.rh_node]: [amr_2] Pruned expired reservations for peers: ['amr_4']
[rh_node-30] [INFO] [1789369078.433348530] [amr_0.rh_node]: [amr_0] Pruned expired reservations for peers: ['amr_2', 'amr_4']
[rh_node-33] [INFO] [1789369078.642363313] [amr_3.rh_node]: [amr_3] Pruned expired reservations for peers: ['amr_4', 'amr_2']
[rh_node-31] [INFO] [1789369078.861014148] [amr_1.rh_node]: [amr_1] Reached pickup for task 'task_w30_0001'. Moving to dropoff.
[task_manager-24] [INFO] [1789369078.862261664] [amr_task_manager]: Task 'task_w30_0001' transitioned to IN_PROGRESS
[rh_node-31] [INFO] [1789369078.863698171] [amr_1.rh_node]: [amr_1] Pruned expired reservations for peers: ['amr_4', 'amr_2']
[rh_node-34] [INFO] [1789369078.878930911] [amr_4.rh_node]: [amr_4] Pruned expired reservations for peers: ['amr_2']
[rh_node-32] [INFO] [1789369078.886759436] [amr_2.rh_node]: [amr_2] Pruned expired reservations for peers: ['amr_4']
[rh_node-30] [INFO] [1789369078.932830479] [amr_0.rh_node]: [amr_0] Pruned expired reservations for peers: ['amr_2', 'amr_4']
[rh_node-33] [INFO] [1789369079.141349041] [amr_3.rh_node]: [amr_3] Pruned expired reservations for peers: ['amr_4', 'amr_2']
[rh_node-31] [INFO] [1789369079.361371471] [amr_1.rh_node]: [amr_1] Pruned expired reservations for peers: ['amr_4', 'amr_2']
[rh_node-34] [INFO] [1789369079.379367099] [amr_4.rh_node]: [amr_4] Pruned expired reservations for peers: ['amr_2']
[rh_node-32] [INFO] [1789369079.386779701] [amr_2.rh_node]: [amr_2] Pruned expired reservations for peers: ['amr_4']
[rh_node-30] [INFO] [1789369079.433641619] [amr_0.rh_node]: [amr_0] Pruned expired reservations for peers: ['amr_2', 'amr_4']
[rh_node-33] [INFO] [1789369079.642076022] [amr_3.rh_node]: [amr_3] Pruned expired reservations for peers: ['amr_4', 'amr_2']
[rh_node-31] [INFO] [1789369079.861175788] [amr_1.rh_node]: [amr_1] Pruned expired reservations for peers: ['amr_4', 'amr_2']
[rh_node-34] [INFO] [1789369079.878827901] [amr_4.rh_node]: [amr_4] Pruned expired reservations for peers: ['amr_2']
[rh_node-32] [INFO] [1789369079.887005581] [amr_2.rh_node]: [amr_2] Pruned expired reservations for peers: ['amr_4']
[rh_node-30] [INFO] [1789369079.934384088] [amr_0.rh_node]: [amr_0] Pruned expired reservations for peers: ['amr_2', 'amr_4']
[rh_node-33] [INFO] [1789369080.141578213] [amr_3.rh_node]: [amr_3] Pruned expired reservations for peers: ['amr_4', 'amr_2']
[rh_node-31] [INFO] [1789369080.362822890] [amr_1.rh_node]: [amr_1] Pruned expired reservations for peers: ['amr_4', 'amr_2']
[rh_node-34] [INFO] [1789369080.379553535] [amr_4.rh_node]: [amr_4] Pruned expired reservations for peers: ['amr_2']
[rh_node-32] [INFO] [1789369080.386759773] [amr_2.rh_node]: [amr_2] Pruned expired reservations for peers: ['amr_4']
[rh_node-30] [INFO] [1789369080.433452158] [amr_0.rh_node]: [amr_0] Pruned expired reservations for peers: ['amr_2', 'amr_4']
[rh_node-33] [INFO] [1789369080.641554375] [amr_3.rh_node]: [amr_3] Pruned expired reservations for peers: ['amr_4', 'amr_2']
[rh_node-31] [INFO] [1789369080.861105269] [amr_1.rh_node]: [amr_1] Pruned expired reservations for peers: ['amr_4', 'amr_2']
[rh_node-34] [INFO] [1789369080.879275729] [amr_4.rh_node]: [amr_4] Pruned expired reservations for peers: ['amr_2']
[rh_node-32] [INFO] [1789369080.887310626] [amr_2.rh_node]: [amr_2] Pruned expired reservations for peers: ['amr_4']
[rh_node-30] [INFO] [1789369080.934200521] [amr_0.rh_node]: [amr_0] Pruned expired reservations for peers: ['amr_2', 'amr_4']
[rh_node-33] [INFO] [1789369081.142003382] [amr_3.rh_node]: [amr_3] Pruned expired reservations for peers: ['amr_4', 'amr_2']
[rh_node-31] [INFO] [1789369081.361929164] [amr_1.rh_node]: [amr_1] Pruned expired reservations for peers: ['amr_4', 'amr_2']
[rh_node-34] [INFO] [1789369081.378926590] [amr_4.rh_node]: [amr_4] Pruned expired reservations for peers: ['amr_2']
[rh_node-32] [INFO] [1789369081.388174319] [amr_2.rh_node]: [amr_2] Pruned expired reservations for peers: ['amr_4']
[rh_node-30] [INFO] [1789369081.433017446] [amr_0.rh_node]: [amr_0] Pruned expired reservations for peers: ['amr_2', 'amr_4']
[rh_node-33] [INFO] [1789369081.641525820] [amr_3.rh_node]: [amr_3] Pruned expired reservations for peers: ['amr_4', 'amr_2']
[rh_node-31] [INFO] [1789369081.861148798] [amr_1.rh_node]: [amr_1] Pruned expired reservations for peers: ['amr_4', 'amr_2']
[rh_node-34] [INFO] [1789369081.878811890] [amr_4.rh_node]: [amr_4] Pruned expired reservations for peers: ['amr_2']
[rh_node-32] [INFO] [1789369081.888162089] [amr_2.rh_node]: [amr_2] Pruned expired reservations for peers: ['amr_4']
[rh_node-30] [INFO] [1789369081.933491120] [amr_0.rh_node]: [amr_0] Pruned expired reservations for peers: ['amr_2', 'amr_4']
[rh_node-33] [INFO] [1789369082.141900971] [amr_3.rh_node]: [amr_3] Pruned expired reservations for peers: ['amr_4', 'amr_2']
[rh_node-31] [INFO] [1789369082.362341273] [amr_1.rh_node]: [amr_1] Pruned expired reservations for peers: ['amr_4', 'amr_2']
[rh_node-34] [INFO] [1789369082.378924050] [amr_4.rh_node]: [amr_4] Pruned expired reservations for peers: ['amr_2']
[rh_node-32] [INFO] [1789369082.386891185] [amr_2.rh_node]: [amr_2] Pruned expired reservations for peers: ['amr_4']
[rh_node-30] [INFO] [1789369082.433615819] [amr_0.rh_node]: [amr_0] Pruned expired reservations for peers: ['amr_2', 'amr_4']
[rh_node-33] [INFO] [1789369082.642210797] [amr_3.rh_node]: [amr_3] Pruned expired reservations for peers: ['amr_4', 'amr_2']
[rh_node-31] [INFO] [1789369082.861153369] [amr_1.rh_node]: [amr_1] Pruned expired reservations for peers: ['amr_4', 'amr_2']
[rh_node-34] [INFO] [1789369082.880014185] [amr_4.rh_node]: [amr_4] Pruned expired reservations for peers: ['amr_2']
[rh_node-32] [INFO] [1789369082.890631908] [amr_2.rh_node]: [amr_2] Pruned expired reservations for peers: ['amr_4']
[rh_node-30] [INFO] [1789369082.933182500] [amr_0.rh_node]: [amr_0] Pruned expired reservations for peers: ['amr_2', 'amr_4']
[rh_node-33] [INFO] [1789369083.141902071] [amr_3.rh_node]: [amr_3] Pruned expired reservations for peers: ['amr_4', 'amr_2']
[rh_node-31] [INFO] [1789369083.361897698] [amr_1.rh_node]: [amr_1] Pruned expired reservations for peers: ['amr_4', 'amr_2']
[rh_node-34] [INFO] [1789369083.378690628] [amr_4.rh_node]: [amr_4] Pruned expired reservations for peers: ['amr_2']
[rh_node-32] [INFO] [1789369083.386855289] [amr_2.rh_node]: [amr_2] Pruned expired reservations for peers: ['amr_4']
[rh_node-30] [INFO] [1789369083.433276559] [amr_0.rh_node]: [amr_0] Pruned expired reservations for peers: ['amr_2', 'amr_4']
[rh_node-33] [INFO] [1789369083.642121273] [amr_3.rh_node]: [amr_3] Pruned expired reservations for peers: ['amr_4', 'amr_2']
[rh_node-31] [INFO] [1789369083.861618404] [amr_1.rh_node]: [amr_1] Pruned expired reservations for peers: ['amr_4', 'amr_2']
[rh_node-34] [INFO] [1789369083.879327680] [amr_4.rh_node]: [amr_4] Pruned expired reservations for peers: ['amr_2']
[rh_node-32] [INFO] [1789369083.887824382] [amr_2.rh_node]: [amr_2] Pruned expired reservations for peers: ['amr_4']
[rh_node-30] [INFO] [1789369083.933192940] [amr_0.rh_node]: [amr_0] Pruned expired reservations for peers: ['amr_2', 'amr_4']
[rh_node-33] [INFO] [1789369084.141828813] [amr_3.rh_node]: [amr_3] Pruned expired reservations for peers: ['amr_4', 'amr_2']
[rh_node-31] [INFO] [1789369084.361874571] [amr_1.rh_node]: [amr_1] Pruned expired reservations for peers: ['amr_4', 'amr_2']
[rh_node-34] [INFO] [1789369084.379597995] [amr_4.rh_node]: [amr_4] Pruned expired reservations for peers: ['amr_2']
[rh_node-32] [INFO] [1789369084.386800715] [amr_2.rh_node]: [amr_2] Pruned expired reservations for peers: ['amr_4']
[rh_node-30] [INFO] [1789369084.433002010] [amr_0.rh_node]: [amr_0] Pruned expired reservations for peers: ['amr_2', 'amr_4']
[rh_node-33] [INFO] [1789369084.641892135] [amr_3.rh_node]: [amr_3] Pruned expired reservations for peers: ['amr_4', 'amr_2']
[rh_node-31] [INFO] [1789369084.861228540] [amr_1.rh_node]: [amr_1] Pruned expired reservations for peers: ['amr_4', 'amr_2', 'amr_3']
[rh_node-34] [INFO] [1789369084.879658080] [amr_4.rh_node]: [amr_4] Pruned expired reservations for peers: ['amr_2', 'amr_3']
[rh_node-32] [INFO] [1789369084.886913195] [amr_2.rh_node]: [amr_2] Pruned expired reservations for peers: ['amr_4', 'amr_3']
[rh_node-30] [INFO] [1789369084.933306708] [amr_0.rh_node]: [amr_0] Pruned expired reservations for peers: ['amr_2', 'amr_4', 'amr_3']
[rh_node-33] [INFO] [1789369085.141917213] [amr_3.rh_node]: [amr_3] Pruned expired reservations for peers: ['amr_4', 'amr_2']
[rh_node-31] [INFO] [1789369085.361156913] [amr_1.rh_node]: [amr_1] Pruned expired reservations for peers: ['amr_4', 'amr_2', 'amr_3']
[rh_node-34] [INFO] [1789369085.379208269] [amr_4.rh_node]: [amr_4] Pruned expired reservations for peers: ['amr_2', 'amr_3']
[rh_node-32] [INFO] [1789369085.387060113] [amr_2.rh_node]: [amr_2] Pruned expired reservations for peers: ['amr_4', 'amr_3']
[rh_node-30] [INFO] [1789369085.433587410] [amr_0.rh_node]: [amr_0] Pruned expired reservations for peers: ['amr_2', 'amr_4', 'amr_3']
[rh_node-33] [INFO] [1789369085.641442855] [amr_3.rh_node]: [amr_3] Pruned expired reservations for peers: ['amr_4', 'amr_2']
[rh_node-31] [INFO] [1789369085.861873435] [amr_1.rh_node]: [amr_1] Pruned expired reservations for peers: ['amr_4', 'amr_2', 'amr_3']
[rh_node-34] [INFO] [1789369085.879294060] [amr_4.rh_node]: [amr_4] Pruned expired reservations for peers: ['amr_2', 'amr_3']
[rh_node-32] [INFO] [1789369085.888283065] [amr_2.rh_node]: [amr_2] Pruned expired reservations for peers: ['amr_4', 'amr_3']
[rh_node-30] [INFO] [1789369085.932552984] [amr_0.rh_node]: [amr_0] Pruned expired reservations for peers: ['amr_2', 'amr_4', 'amr_3']
[rh_node-33] [INFO] [1789369086.142334952] [amr_3.rh_node]: [amr_3] Pruned expired reservations for peers: ['amr_4', 'amr_2']
[rh_node-31] [INFO] [1789369086.362057630] [amr_1.rh_node]: [amr_1] Pruned expired reservations for peers: ['amr_4', 'amr_2', 'amr_3']
[rh_node-34] [INFO] [1789369086.379340207] [amr_4.rh_node]: [amr_4] Pruned expired reservations for peers: ['amr_2', 'amr_3']
[rh_node-32] [INFO] [1789369086.387911613] [amr_2.rh_node]: [amr_2] Pruned expired reservations for peers: ['amr_4', 'amr_3']
[rh_node-30] [INFO] [1789369086.433346073] [amr_0.rh_node]: [amr_0] Pruned expired reservations for peers: ['amr_2', 'amr_4', 'amr_3']
[rh_node-33] [INFO] [1789369086.641992637] [amr_3.rh_node]: [amr_3] Pruned expired reservations for peers: ['amr_4', 'amr_2']
[rh_node-31] [INFO] [1789369086.861295031] [amr_1.rh_node]: [amr_1] Pruned expired reservations for peers: ['amr_4', 'amr_2', 'amr_3']
[rh_node-34] [INFO] [1789369086.879847976] [amr_4.rh_node]: [amr_4] Pruned expired reservations for peers: ['amr_2', 'amr_3']
[rh_node-32] [INFO] [1789369086.887285250] [amr_2.rh_node]: [amr_2] Pruned expired reservations for peers: ['amr_4', 'amr_3']
[rh_node-30] [INFO] [1789369086.933980907] [amr_0.rh_node]: [amr_0] Pruned expired reservations for peers: ['amr_2', 'amr_4', 'amr_3']
[rh_node-33] [INFO] [1789369087.141732365] [amr_3.rh_node]: [amr_3] Pruned expired reservations for peers: ['amr_4', 'amr_2']
[rh_node-31] [INFO] [1789369087.361176733] [amr_1.rh_node]: [amr_1] Pruned expired reservations for peers: ['amr_4', 'amr_2', 'amr_3']
[rh_node-34] [INFO] [1789369087.380164172] [amr_4.rh_node]: [amr_4] Pruned expired reservations for peers: ['amr_2', 'amr_3']
[rh_node-32] [INFO] [1789369087.387286397] [amr_2.rh_node]: [amr_2] Pruned expired reservations for peers: ['amr_4', 'amr_3']
[rh_node-30] [INFO] [1789369087.433282417] [amr_0.rh_node]: [amr_0] Pruned expired reservations for peers: ['amr_2', 'amr_4', 'amr_3']
[rh_node-33] [INFO] [1789369087.642612023] [amr_3.rh_node]: [amr_3] Pruned expired reservations for peers: ['amr_4', 'amr_2']
[rh_node-31] [INFO] [1789369087.861218408] [amr_1.rh_node]: [amr_1] Pruned expired reservations for peers: ['amr_4', 'amr_2', 'amr_3']
[rh_node-34] [INFO] [1789369087.879411787] [amr_4.rh_node]: [amr_4] Pruned expired reservations for peers: ['amr_2', 'amr_3']
[rh_node-32] [INFO] [1789369087.888150063] [amr_2.rh_node]: [amr_2] Pruned expired reservations for peers: ['amr_4', 'amr_3']
[rh_node-30] [INFO] [1789369087.932978788] [amr_0.rh_node]: [amr_0] Pruned expired reservations for peers: ['amr_2', 'amr_4', 'amr_3']
[rh_node-33] [INFO] [1789369088.141915337] [amr_3.rh_node]: [amr_3] Pruned expired reservations for peers: ['amr_4', 'amr_2']
[rh_node-31] [INFO] [1789369088.362045642] [amr_1.rh_node]: [amr_1] Pruned expired reservations for peers: ['amr_4', 'amr_2', 'amr_3']
[rh_node-34] [INFO] [1789369088.379891241] [amr_4.rh_node]: [amr_4] Pruned expired reservations for peers: ['amr_2', 'amr_3']
[rh_node-32] [INFO] [1789369088.387276321] [amr_2.rh_node]: [amr_2] Pruned expired reservations for peers: ['amr_4', 'amr_3']
[rh_node-30] [INFO] [1789369088.433246517] [amr_0.rh_node]: [amr_0] Pruned expired reservations for peers: ['amr_2', 'amr_4', 'amr_3']
[rh_node-33] [INFO] [1789369088.642676578] [amr_3.rh_node]: [amr_3] Pruned expired reservations for peers: ['amr_4', 'amr_2']
[rh_node-31] [INFO] [1789369088.862349265] [amr_1.rh_node]: [amr_1] Pruned expired reservations for peers: ['amr_4', 'amr_2', 'amr_3']
[rh_node-34] [INFO] [1789369088.879462294] [amr_4.rh_node]: [amr_4] Pruned expired reservations for peers: ['amr_2', 'amr_3']
[rh_node-32] [INFO] [1789369088.887358309] [amr_2.rh_node]: [amr_2] Pruned expired reservations for peers: ['amr_4', 'amr_3']
[rh_node-30] [INFO] [1789369088.934177892] [amr_0.rh_node]: [amr_0] Pruned expired reservations for peers: ['amr_2', 'amr_4', 'amr_3']
[rh_node-33] [INFO] [1789369089.141960858] [amr_3.rh_node]: [amr_3] Pruned expired reservations for peers: ['amr_4', 'amr_2']
[rh_node-31] [INFO] [1789369089.361302641] [amr_1.rh_node]: [amr_1] Pruned expired reservations for peers: ['amr_4', 'amr_2', 'amr_3']
[rh_node-34] [INFO] [1789369089.379261810] [amr_4.rh_node]: [amr_4] Pruned expired reservations for peers: ['amr_2', 'amr_3']
[rh_node-32] [INFO] [1789369089.386782021] [amr_2.rh_node]: [amr_2] Pruned expired reservations for peers: ['amr_4', 'amr_3']
[rh_node-30] [INFO] [1789369089.432673818] [amr_0.rh_node]: [amr_0] Pruned expired reservations for peers: ['amr_2', 'amr_4', 'amr_3']
[rh_node-33] [INFO] [1789369089.643771960] [amr_3.rh_node]: [amr_3] Pruned expired reservations for peers: ['amr_4', 'amr_2']
[rh_node-31] [INFO] [1789369089.861176173] [amr_1.rh_node]: [amr_1] Pruned expired reservations for peers: ['amr_4', 'amr_2', 'amr_3']
[rh_node-34] [INFO] [1789369089.878820536] [amr_4.rh_node]: [amr_4] Pruned expired reservations for peers: ['amr_2', 'amr_3']
[rh_node-32] [INFO] [1789369089.888359573] [amr_2.rh_node]: [amr_2] Pruned expired reservations for peers: ['amr_4', 'amr_3']
[rh_node-30] [INFO] [1789369089.933313698] [amr_0.rh_node]: [amr_0] Pruned expired reservations for peers: ['amr_2', 'amr_4', 'amr_3']
[rh_node-33] [INFO] [1789369090.142878519] [amr_3.rh_node]: [amr_3] Pruned expired reservations for peers: ['amr_4', 'amr_2']
[rh_node-31] [INFO] [1789369090.361879811] [amr_1.rh_node]: [amr_1] Pruned expired reservations for peers: ['amr_4', 'amr_2', 'amr_3']
[rh_node-34] [INFO] [1789369090.379277725] [amr_4.rh_node]: [amr_4] Pruned expired reservations for peers: ['amr_2', 'amr_3']
[rh_node-32] [INFO] [1789369090.386776239] [amr_2.rh_node]: [amr_2] Pruned expired reservations for peers: ['amr_4', 'amr_3']
[rh_node-30] [INFO] [1789369090.433932974] [amr_0.rh_node]: [amr_0] Pruned expired reservations for peers: ['amr_2', 'amr_4', 'amr_3']
[rh_node-33] [INFO] [1789369090.641957834] [amr_3.rh_node]: [amr_3] Pruned expired reservations for peers: ['amr_4', 'amr_2']
[rh_node-31] [INFO] [1789369090.862666448] [amr_1.rh_node]: [amr_1] Pruned expired reservations for peers: ['amr_4', 'amr_2', 'amr_3']
[rh_node-34] [INFO] [1789369090.880095645] [amr_4.rh_node]: [amr_4] Pruned expired reservations for peers: ['amr_2', 'amr_3']
[rh_node-32] [INFO] [1789369090.887067166] [amr_2.rh_node]: [amr_2] Pruned expired reservations for peers: ['amr_4', 'amr_3']
[rh_node-30] [INFO] [1789369090.933285832] [amr_0.rh_node]: [amr_0] Pruned expired reservations for peers: ['amr_2', 'amr_4', 'amr_3']
[rh_node-33] [INFO] [1789369091.141466369] [amr_3.rh_node]: [amr_3] Pruned expired reservations for peers: ['amr_4', 'amr_2']
[rh_node-31] [INFO] [1789369091.362711425] [amr_1.rh_node]: [amr_1] Pruned expired reservations for peers: ['amr_4', 'amr_2', 'amr_3']
[rh_node-34] [INFO] [1789369091.379028887] [amr_4.rh_node]: [amr_4] Pruned expired reservations for peers: ['amr_2', 'amr_3']
[rh_node-32] [INFO] [1789369091.387461373] [amr_2.rh_node]: [amr_2] Pruned expired reservations for peers: ['amr_4', 'amr_3']
[rh_node-30] [INFO] [1789369091.432754758] [amr_0.rh_node]: [amr_0] Pruned expired reservations for peers: ['amr_2', 'amr_4', 'amr_3']
[rh_node-33] [INFO] [1789369091.642681716] [amr_3.rh_node]: [amr_3] Pruned expired reservations for peers: ['amr_4', 'amr_2']
[rh_node-31] [INFO] [1789369091.861882415] [amr_1.rh_node]: [amr_1] Pruned expired reservations for peers: ['amr_4', 'amr_2', 'amr_3']
[rh_node-34] [INFO] [1789369091.879246955] [amr_4.rh_node]: [amr_4] Pruned expired reservations for peers: ['amr_2', 'amr_3']
[rh_node-32] [INFO] [1789369091.888285843] [amr_2.rh_node]: [amr_2] Pruned expired reservations for peers: ['amr_4', 'amr_3']
[rh_node-30] [INFO] [1789369091.934121231] [amr_0.rh_node]: [amr_0] Pruned expired reservations for peers: ['amr_2', 'amr_4', 'amr_3']
[rh_node-33] [INFO] [1789369092.141541875] [amr_3.rh_node]: [amr_3] Pruned expired reservations for peers: ['amr_4', 'amr_2']
[rh_node-31] [INFO] [1789369092.361994498] [amr_1.rh_node]: [amr_1] Pruned expired reservations for peers: ['amr_4', 'amr_2', 'amr_3']
[rh_node-34] [INFO] [1789369092.379781752] [amr_4.rh_node]: [amr_4] Pruned expired reservations for peers: ['amr_2', 'amr_3']
[rh_node-32] [INFO] [1789369092.388383781] [amr_2.rh_node]: [amr_2] Pruned expired reservations for peers: ['amr_4', 'amr_3']
[rh_node-30] [INFO] [1789369092.432754274] [amr_0.rh_node]: [amr_0] Pruned expired reservations for peers: ['amr_2', 'amr_4', 'amr_3']
[rh_node-33] [INFO] [1789369092.641990367] [amr_3.rh_node]: [amr_3] Pruned expired reservations for peers: ['amr_4', 'amr_2']
[rh_node-31] [INFO] [1789369092.862895651] [amr_1.rh_node]: [amr_1] Pruned expired reservations for peers: ['amr_4', 'amr_2', 'amr_3']
[rh_node-34] [INFO] [1789369092.879231419] [amr_4.rh_node]: [amr_4] Pruned expired reservations for peers: ['amr_2', 'amr_3']
[rh_node-32] [INFO] [1789369092.886790192] [amr_2.rh_node]: [amr_2] Pruned expired reservations for peers: ['amr_4', 'amr_3']
[rh_node-30] [INFO] [1789369092.932716538] [amr_0.rh_node]: [amr_0] Pruned expired reservations for peers: ['amr_2', 'amr_4', 'amr_3']
[rh_node-33] [INFO] [1789369093.142847130] [amr_3.rh_node]: [amr_3] Pruned expired reservations for peers: ['amr_4', 'amr_2']
[rh_node-31] [INFO] [1789369093.361190164] [amr_1.rh_node]: [amr_1] Pruned expired reservations for peers: ['amr_4', 'amr_2', 'amr_3']
[rh_node-34] [INFO] [1789369093.380009765] [amr_4.rh_node]: [amr_4] Pruned expired reservations for peers: ['amr_2', 'amr_3']
[rh_node-32] [INFO] [1789369093.387122767] [amr_2.rh_node]: [amr_2] Pruned expired reservations for peers: ['amr_4', 'amr_3']
[rh_node-30] [INFO] [1789369093.433735524] [amr_0.rh_node]: [amr_0] Pruned expired reservations for peers: ['amr_2', 'amr_4', 'amr_3']
[rh_node-33] [INFO] [1789369093.641412226] [amr_3.rh_node]: [amr_3] Pruned expired reservations for peers: ['amr_4', 'amr_2']
[rh_node-31] [INFO] [1789369093.862780680] [amr_1.rh_node]: [amr_1] Pruned expired reservations for peers: ['amr_4', 'amr_2', 'amr_3']
[rh_node-34] [INFO] [1789369093.879189012] [amr_4.rh_node]: [amr_4] Pruned expired reservations for peers: ['amr_2', 'amr_3']
[rh_node-32] [INFO] [1789369093.886858100] [amr_2.rh_node]: [amr_2] Pruned expired reservations for peers: ['amr_4', 'amr_3']
[rh_node-30] [INFO] [1789369093.932793111] [amr_0.rh_node]: [amr_0] Pruned expired reservations for peers: ['amr_2', 'amr_4', 'amr_3']
[rh_node-33] [INFO] [1789369094.141444862] [amr_3.rh_node]: [amr_3] Pruned expired reservations for peers: ['amr_4', 'amr_2']
[rh_node-31] [INFO] [1789369094.361180924] [amr_1.rh_node]: [amr_1] Pruned expired reservations for peers: ['amr_4', 'amr_2', 'amr_3']
[rh_node-34] [INFO] [1789369094.379745363] [amr_4.rh_node]: [amr_4] Pruned expired reservations for peers: ['amr_2', 'amr_3']
[rh_node-32] [INFO] [1789369094.386952531] [amr_2.rh_node]: [amr_2] Pruned expired reservations for peers: ['amr_4', 'amr_3']
[rh_node-30] [INFO] [1789369094.433890535] [amr_0.rh_node]: [amr_0] Pruned expired reservations for peers: ['amr_2', 'amr_4', 'amr_3']
[rh_node-33] [INFO] [1789369094.641499920] [amr_3.rh_node]: [amr_3] Pruned expired reservations for peers: ['amr_4', 'amr_2']
[rh_node-31] [INFO] [1789369094.861877426] [amr_1.rh_node]: [amr_1] Pruned expired reservations for peers: ['amr_4', 'amr_2', 'amr_3']
[rh_node-34] [INFO] [1789369094.879209476] [amr_4.rh_node]: [amr_4] Pruned expired reservations for peers: ['amr_2', 'amr_3']
[rh_node-32] [INFO] [1789369094.887008575] [amr_2.rh_node]: [amr_2] Pruned expired reservations for peers: ['amr_4', 'amr_3']
[rh_node-30] [INFO] [1789369094.933108507] [amr_0.rh_node]: [amr_0] Pruned expired reservations for peers: ['amr_2', 'amr_4', 'amr_3']
[rh_node-33] [INFO] [1789369095.141920228] [amr_3.rh_node]: [amr_3] Pruned expired reservations for peers: ['amr_4', 'amr_2']
[rh_node-31] [INFO] [1789369095.361155028] [amr_1.rh_node]: [amr_1] Pruned expired reservations for peers: ['amr_4', 'amr_2', 'amr_3']
[rh_node-34] [INFO] [1789369095.379984547] [amr_4.rh_node]: [amr_4] Pruned expired reservations for peers: ['amr_2', 'amr_3']
[rh_node-32] [INFO] [1789369095.387384664] [amr_2.rh_node]: [amr_2] Pruned expired reservations for peers: ['amr_4', 'amr_3']
[rh_node-30] [INFO] [1789369095.433169710] [amr_0.rh_node]: [amr_0] Pruned expired reservations for peers: ['amr_2', 'amr_4', 'amr_3']
[rh_node-33] [INFO] [1789369095.642069962] [amr_3.rh_node]: [amr_3] Pruned expired reservations for peers: ['amr_4', 'amr_2']
[rh_node-31] [INFO] [1789369095.861535891] [amr_1.rh_node]: [amr_1] Pruned expired reservations for peers: ['amr_4', 'amr_2', 'amr_3']
[rh_node-34] [INFO] [1789369095.878935557] [amr_4.rh_node]: [amr_4] Pruned expired reservations for peers: ['amr_2', 'amr_3']
[rh_node-32] [INFO] [1789369095.887271561] [amr_2.rh_node]: [amr_2] Pruned expired reservations for peers: ['amr_4', 'amr_3']
[rh_node-30] [INFO] [1789369095.932758206] [amr_0.rh_node]: [amr_0] Pruned expired reservations for peers: ['amr_2', 'amr_4', 'amr_3']
[rh_node-33] [INFO] [1789369096.141986420] [amr_3.rh_node]: [amr_3] Pruned expired reservations for peers: ['amr_4', 'amr_2']
[rh_node-31] [INFO] [1789369096.361810362] [amr_1.rh_node]: [amr_1] Pruned expired reservations for peers: ['amr_4', 'amr_2', 'amr_3']
[rh_node-34] [INFO] [1789369096.379986593] [amr_4.rh_node]: [amr_4] Pruned expired reservations for peers: ['amr_2', 'amr_3']
[rh_node-32] [INFO] [1789369096.386834735] [amr_2.rh_node]: [amr_2] Pruned expired reservations for peers: ['amr_4', 'amr_3']
[rh_node-30] [INFO] [1789369096.432622056] [amr_0.rh_node]: [amr_0] Pruned expired reservations for peers: ['amr_2', 'amr_4', 'amr_3']
[rh_node-33] [INFO] [1789369096.642443970] [amr_3.rh_node]: [amr_3] Pruned expired reservations for peers: ['amr_4', 'amr_2']
[rh_node-31] [INFO] [1789369096.861988875] [amr_1.rh_node]: [amr_1] Pruned expired reservations for peers: ['amr_4', 'amr_2', 'amr_3']
[rh_node-34] [INFO] [1789369096.879953949] [amr_4.rh_node]: [amr_4] Pruned expired reservations for peers: ['amr_2', 'amr_3']
[rh_node-32] [INFO] [1789369096.887850393] [amr_2.rh_node]: [amr_2] Pruned expired reservations for peers: ['amr_4', 'amr_3']
[rh_node-30] [INFO] [1789369096.933185181] [amr_0.rh_node]: [amr_0] Pruned expired reservations for peers: ['amr_2', 'amr_4', 'amr_3']
[rh_node-33] [INFO] [1789369097.141436580] [amr_3.rh_node]: [amr_3] Pruned expired reservations for peers: ['amr_4', 'amr_2']
[rh_node-31] [INFO] [1789369097.361880498] [amr_1.rh_node]: [amr_1] Pruned expired reservations for peers: ['amr_4', 'amr_2', 'amr_3']
[rh_node-34] [INFO] [1789369097.379262762] [amr_4.rh_node]: [amr_4] Pruned expired reservations for peers: ['amr_2', 'amr_3']
[rh_node-32] [INFO] [1789369097.387327666] [amr_2.rh_node]: [amr_2] Pruned expired reservations for peers: ['amr_4', 'amr_3']
[rh_node-30] [INFO] [1789369097.433862931] [amr_0.rh_node]: [amr_0] Pruned expired reservations for peers: ['amr_2', 'amr_4', 'amr_3']
[rh_node-33] [INFO] [1789369097.642020923] [amr_3.rh_node]: [amr_3] Pruned expired reservations for peers: ['amr_4', 'amr_2']
[rh_node-31] [INFO] [1789369097.861501404] [amr_1.rh_node]: [amr_1] Pruned expired reservations for peers: ['amr_4', 'amr_2', 'amr_3']
[rh_node-34] [INFO] [1789369097.879600843] [amr_4.rh_node]: [amr_4] Pruned expired reservations for peers: ['amr_2', 'amr_3']
[rh_node-32] [INFO] [1789369097.887352925] [amr_2.rh_node]: [amr_2] Pruned expired reservations for peers: ['amr_4', 'amr_3']
[rh_node-30] [INFO] [1789369097.932747810] [amr_0.rh_node]: [amr_0] Pruned expired reservations for peers: ['amr_2', 'amr_4', 'amr_3']
[rh_node-33] [INFO] [1789369098.141966573] [amr_3.rh_node]: [amr_3] Pruned expired reservations for peers: ['amr_4', 'amr_2']
[rh_node-31] [INFO] [1789369098.361910969] [amr_1.rh_node]: [amr_1] Pruned expired reservations for peers: ['amr_4', 'amr_2', 'amr_3']
[rh_node-34] [INFO] [1789369098.379876765] [amr_4.rh_node]: [amr_4] Pruned expired reservations for peers: ['amr_2', 'amr_3']
[rh_node-32] [INFO] [1789369098.387381945] [amr_2.rh_node]: [amr_2] Pruned expired reservations for peers: ['amr_4', 'amr_3']
[rh_node-30] [INFO] [1789369098.432856982] [amr_0.rh_node]: [amr_0] Pruned expired reservations for peers: ['amr_2', 'amr_4', 'amr_3']
[rh_node-33] [INFO] [1789369098.641885124] [amr_3.rh_node]: [amr_3] Pruned expired reservations for peers: ['amr_4', 'amr_2']
[rh_node-31] [INFO] [1789369098.861869592] [amr_1.rh_node]: [amr_1] Pruned expired reservations for peers: ['amr_4', 'amr_2', 'amr_3']
[rh_node-34] [INFO] [1789369098.879330661] [amr_4.rh_node]: [amr_4] Pruned expired reservations for peers: ['amr_2', 'amr_3']
[rh_node-32] [INFO] [1789369098.888288121] [amr_2.rh_node]: [amr_2] Pruned expired reservations for peers: ['amr_4', 'amr_3']
[rh_node-30] [INFO] [1789369098.932758585] [amr_0.rh_node]: [amr_0] Pruned expired reservations for peers: ['amr_2', 'amr_4', 'amr_3']
[rh_node-33] [INFO] [1789369099.141983747] [amr_3.rh_node]: [amr_3] Pruned expired reservations for peers: ['amr_4', 'amr_2']
[rh_node-31] [INFO] [1789369099.361011646] [amr_1.rh_node]: [amr_1] Pruned expired reservations for peers: ['amr_4', 'amr_2', 'amr_3']
[rh_node-34] [INFO] [1789369099.379425028] [amr_4.rh_node]: [amr_4] Pruned expired reservations for peers: ['amr_2', 'amr_3']
[rh_node-32] [INFO] [1789369099.386826008] [amr_2.rh_node]: [amr_2] Pruned expired reservations for peers: ['amr_4', 'amr_3']
[rh_node-30] [INFO] [1789369099.432704622] [amr_0.rh_node]: [amr_0] Pruned expired reservations for peers: ['amr_2', 'amr_4', 'amr_3']
[rh_node-33] [INFO] [1789369099.642051612] [amr_3.rh_node]: [amr_3] Pruned expired reservations for peers: ['amr_4', 'amr_2']
[rh_node-31] [INFO] [1789369099.861693076] [amr_1.rh_node]: [amr_1] Pruned expired reservations for peers: ['amr_4', 'amr_2', 'amr_3']
[rh_node-34] [INFO] [1789369099.880059278] [amr_4.rh_node]: [amr_4] Pruned expired reservations for peers: ['amr_2', 'amr_3']
[rh_node-32] [INFO] [1789369099.887409938] [amr_2.rh_node]: [amr_2] Pruned expired reservations for peers: ['amr_4', 'amr_3']
[rh_node-30] [INFO] [1789369099.932506650] [amr_0.rh_node]: [amr_0] Pruned expired reservations for peers: ['amr_2', 'amr_4', 'amr_3']
[rh_node-33] [INFO] [1789369100.142385574] [amr_3.rh_node]: [amr_3] Pruned expired reservations for peers: ['amr_4', 'amr_2']
[rh_node-31] [INFO] [1789369100.362112532] [amr_1.rh_node]: [amr_1] Pruned expired reservations for peers: ['amr_4', 'amr_2', 'amr_3']
[rh_node-34] [INFO] [1789369100.379424583] [amr_4.rh_node]: [amr_4] Pruned expired reservations for peers: ['amr_2', 'amr_3']
[rh_node-32] [INFO] [1789369100.386845404] [amr_2.rh_node]: [amr_2] Pruned expired reservations for peers: ['amr_4', 'amr_3']
[rh_node-30] [INFO] [1789369100.433143483] [amr_0.rh_node]: [amr_0] Pruned expired reservations for peers: ['amr_2', 'amr_4', 'amr_3']
[rh_node-33] [INFO] [1789369100.641876982] [amr_3.rh_node]: [amr_3] Pruned expired reservations for peers: ['amr_4', 'amr_2']
[rh_node-31] [INFO] [1789369100.861886351] [amr_1.rh_node]: [amr_1] Pruned expired reservations for peers: ['amr_4', 'amr_2', 'amr_3']
[rh_node-34] [INFO] [1789369100.879811868] [amr_4.rh_node]: [amr_4] Pruned expired reservations for peers: ['amr_2', 'amr_3']
[rh_node-32] [INFO] [1789369100.886844730] [amr_2.rh_node]: [amr_2] Pruned expired reservations for peers: ['amr_4', 'amr_3']
[rh_node-30] [INFO] [1789369100.933220415] [amr_0.rh_node]: [amr_0] Pruned expired reservations for peers: ['amr_2', 'amr_4', 'amr_3']
[rh_node-33] [INFO] [1789369101.142001659] [amr_3.rh_node]: [amr_3] Pruned expired reservations for peers: ['amr_4', 'amr_2']
[rh_node-31] [INFO] [1789369101.362109304] [amr_1.rh_node]: [amr_1] Pruned expired reservations for peers: ['amr_4', 'amr_2', 'amr_3']
[rh_node-34] [INFO] [1789369101.378903832] [amr_4.rh_node]: [amr_4] Pruned expired reservations for peers: ['amr_2', 'amr_3']
[rh_node-32] [INFO] [1789369101.387119942] [amr_2.rh_node]: [amr_2] Pruned expired reservations for peers: ['amr_4', 'amr_3']
[rh_node-30] [INFO] [1789369101.432729721] [amr_0.rh_node]: [amr_0] Pruned expired reservations for peers: ['amr_2', 'amr_4', 'amr_3']
[rh_node-33] [INFO] [1789369101.641865138] [amr_3.rh_node]: [amr_3] Pruned expired reservations for peers: ['amr_4', 'amr_2']
[rh_node-31] [INFO] [1789369101.862412214] [amr_1.rh_node]: [amr_1] Pruned expired reservations for peers: ['amr_4', 'amr_2', 'amr_3']
[rh_node-34] [INFO] [1789369101.879462414] [amr_4.rh_node]: [amr_4] Pruned expired reservations for peers: ['amr_2', 'amr_3']
[rh_node-32] [INFO] [1789369101.887408210] [amr_2.rh_node]: [amr_2] Pruned expired reservations for peers: ['amr_4', 'amr_3']
[rh_node-30] [INFO] [1789369101.933153775] [amr_0.rh_node]: [amr_0] Pruned expired reservations for peers: ['amr_2', 'amr_4', 'amr_3']
[rh_node-33] [INFO] [1789369102.141719321] [amr_3.rh_node]: [amr_3] Pruned expired reservations for peers: ['amr_4', 'amr_2']
[rh_node-31] [INFO] [1789369102.361571168] [amr_1.rh_node]: [amr_1] Pruned expired reservations for peers: ['amr_4', 'amr_2', 'amr_3']
[rh_node-34] [INFO] [1789369102.379134203] [amr_4.rh_node]: [amr_4] Pruned expired reservations for peers: ['amr_2', 'amr_3']
[rh_node-32] [INFO] [1789369102.386830752] [amr_2.rh_node]: [amr_2] Pruned expired reservations for peers: ['amr_4', 'amr_3']
[rh_node-30] [INFO] [1789369102.432744193] [amr_0.rh_node]: [amr_0] Pruned expired reservations for peers: ['amr_2', 'amr_4', 'amr_3']
[rh_node-33] [INFO] [1789369102.641969683] [amr_3.rh_node]: [amr_3] Pruned expired reservations for peers: ['amr_4', 'amr_2']
[rh_node-31] [INFO] [1789369102.861033527] [amr_1.rh_node]: [amr_1] Pruned expired reservations for peers: ['amr_4', 'amr_2', 'amr_3']
[rh_node-34] [INFO] [1789369102.878823855] [amr_4.rh_node]: [amr_4] Pruned expired reservations for peers: ['amr_2', 'amr_3']
[rh_node-32] [INFO] [1789369102.887555145] [amr_2.rh_node]: [amr_2] Pruned expired reservations for peers: ['amr_4', 'amr_3']
[rh_node-30] [INFO] [1789369102.933182809] [amr_0.rh_node]: [amr_0] Pruned expired reservations for peers: ['amr_2', 'amr_4', 'amr_3']
[rh_node-33] [INFO] [1789369103.141550085] [amr_3.rh_node]: [amr_3] Pruned expired reservations for peers: ['amr_4', 'amr_2']
[rh_node-31] [INFO] [1789369103.362749378] [amr_1.rh_node]: [amr_1] Pruned expired reservations for peers: ['amr_4', 'amr_2', 'amr_3']
[rh_node-34] [INFO] [1789369103.379347426] [amr_4.rh_node]: [amr_4] Pruned expired reservations for peers: ['amr_2', 'amr_3']
[rh_node-32] [INFO] [1789369103.387341547] [amr_2.rh_node]: [amr_2] Pruned expired reservations for peers: ['amr_4', 'amr_3']
[rh_node-30] [INFO] [1789369103.432545570] [amr_0.rh_node]: [amr_0] Pruned expired reservations for peers: ['amr_2', 'amr_4', 'amr_3']
[rh_node-33] [INFO] [1789369103.641880489] [amr_3.rh_node]: [amr_3] Pruned expired reservations for peers: ['amr_4', 'amr_2']
[rh_node-31] [INFO] [1789369103.862008391] [amr_1.rh_node]: [amr_1] Pruned expired reservations for peers: ['amr_4', 'amr_2', 'amr_3']
[rh_node-34] [INFO] [1789369103.879041234] [amr_4.rh_node]: [amr_4] Pruned expired reservations for peers: ['amr_2', 'amr_3']
[rh_node-32] [INFO] [1789369103.886934352] [amr_2.rh_node]: [amr_2] Pruned expired reservations for peers: ['amr_4', 'amr_3']
[rh_node-30] [INFO] [1789369103.932952590] [amr_0.rh_node]: [amr_0] Pruned expired reservations for peers: ['amr_2', 'amr_4', 'amr_3']
[rh_node-33] [INFO] [1789369104.142696241] [amr_3.rh_node]: [amr_3] Pruned expired reservations for peers: ['amr_4', 'amr_2']
[rh_node-31] [INFO] [1789369104.361688677] [amr_1.rh_node]: [amr_1] Pruned expired reservations for peers: ['amr_4', 'amr_2', 'amr_3']
[rh_node-34] [INFO] [1789369104.378878173] [amr_4.rh_node]: [amr_4] Pruned expired reservations for peers: ['amr_2', 'amr_3']
[rh_node-32] [INFO] [1789369104.387911120] [amr_2.rh_node]: [amr_2] Pruned expired reservations for peers: ['amr_4', 'amr_3']
[rh_node-30] [INFO] [1789369104.433196254] [amr_0.rh_node]: [amr_0] Pruned expired reservations for peers: ['amr_2', 'amr_4', 'amr_3']
[rh_node-33] [INFO] [1789369104.641438825] [amr_3.rh_node]: [amr_3] Pruned expired reservations for peers: ['amr_4', 'amr_2']
[rh_node-31] [INFO] [1789369104.861762275] [amr_1.rh_node]: [amr_1] Pruned expired reservations for peers: ['amr_4', 'amr_2', 'amr_3']
[rh_node-34] [INFO] [1789369104.880955122] [amr_4.rh_node]: [amr_4] Pruned expired reservations for peers: ['amr_2', 'amr_3']
[rh_node-32] [INFO] [1789369104.889484003] [amr_2.rh_node]: [amr_2] Pruned expired reservations for peers: ['amr_4', 'amr_3']
[rh_node-30] [INFO] [1789369104.932663915] [amr_0.rh_node]: [amr_0] Pruned expired reservations for peers: ['amr_2', 'amr_4', 'amr_3']
[rh_node-33] [INFO] [1789369105.141430569] [amr_3.rh_node]: [amr_3] Pruned expired reservations for peers: ['amr_4', 'amr_2']
[rh_node-31] [INFO] [1789369105.362123374] [amr_1.rh_node]: [amr_1] Pruned expired reservations for peers: ['amr_4', 'amr_2', 'amr_3']
[rh_node-34] [INFO] [1789369105.379893832] [amr_4.rh_node]: [amr_4] Pruned expired reservations for peers: ['amr_2', 'amr_3']
[rh_node-32] [INFO] [1789369105.386823297] [amr_2.rh_node]: [amr_2] Pruned expired reservations for peers: ['amr_4', 'amr_3']
[rh_node-30] [INFO] [1789369105.433752388] [amr_0.rh_node]: [amr_0] Pruned expired reservations for peers: ['amr_2', 'amr_4', 'amr_3']
[rh_node-33] [INFO] [1789369105.642216247] [amr_3.rh_node]: [amr_3] Pruned expired reservations for peers: ['amr_4', 'amr_2']
[rh_node-31] [INFO] [1789369105.861819854] [amr_1.rh_node]: [amr_1] Pruned expired reservations for peers: ['amr_4', 'amr_2', 'amr_3']
[rh_node-34] [INFO] [1789369105.878752980] [amr_4.rh_node]: [amr_4] Pruned expired reservations for peers: ['amr_2', 'amr_3']
[rh_node-32] [INFO] [1789369105.887323980] [amr_2.rh_node]: [amr_2] Pruned expired reservations for peers: ['amr_4', 'amr_3']
[rh_node-30] [INFO] [1789369105.933087566] [amr_0.rh_node]: [amr_0] Pruned expired reservations for peers: ['amr_2', 'amr_4', 'amr_3']
[rh_node-33] [INFO] [1789369106.141933309] [amr_3.rh_node]: [amr_3] Pruned expired reservations for peers: ['amr_4', 'amr_2', 'amr_0']
[rh_node-31] [INFO] [1789369106.361312631] [amr_1.rh_node]: [amr_1] Pruned expired reservations for peers: ['amr_4', 'amr_2', 'amr_3', 'amr_0']
[rh_node-34] [INFO] [1789369106.379415702] [amr_4.rh_node]: [amr_4] Pruned expired reservations for peers: ['amr_2', 'amr_3', 'amr_0']
[rh_node-32] [INFO] [1789369106.386820340] [amr_2.rh_node]: [amr_2] Pruned expired reservations for peers: ['amr_4', 'amr_3', 'amr_0']
[rh_node-30] [INFO] [1789369106.434258828] [amr_0.rh_node]: [amr_0] Pruned expired reservations for peers: ['amr_2', 'amr_4', 'amr_3']
[rh_node-33] [INFO] [1789369106.641460580] [amr_3.rh_node]: [amr_3] Pruned expired reservations for peers: ['amr_4', 'amr_2', 'amr_0']
[rh_node-31] [INFO] [1789369106.862494615] [amr_1.rh_node]: [amr_1] Pruned expired reservations for peers: ['amr_4', 'amr_2', 'amr_3', 'amr_0']
[rh_node-34] [INFO] [1789369106.879165233] [amr_4.rh_node]: [amr_4] Pruned expired reservations for peers: ['amr_2', 'amr_3', 'amr_0']
[rh_node-32] [INFO] [1789369106.886878350] [amr_2.rh_node]: [amr_2] Pruned expired reservations for peers: ['amr_4', 'amr_3', 'amr_0']
[rh_node-30] [INFO] [1789369106.934670276] [amr_0.rh_node]: [amr_0] Pruned expired reservations for peers: ['amr_2', 'amr_4', 'amr_3']
[rh_node-33] [INFO] [1789369107.142177673] [amr_3.rh_node]: [amr_3] Pruned expired reservations for peers: ['amr_4', 'amr_2', 'amr_0']
[rh_node-31] [INFO] [1789369107.361265601] [amr_1.rh_node]: [amr_1] Pruned expired reservations for peers: ['amr_4', 'amr_2', 'amr_3', 'amr_0']
[rh_node-34] [INFO] [1789369107.379591983] [amr_4.rh_node]: [amr_4] Pruned expired reservations for peers: ['amr_2', 'amr_3', 'amr_0']
[rh_node-32] [INFO] [1789369107.388239890] [amr_2.rh_node]: [amr_2] Pruned expired reservations for peers: ['amr_4', 'amr_3', 'amr_0']
[rh_node-30] [INFO] [1789369107.433246491] [amr_0.rh_node]: [amr_0] Pruned expired reservations for peers: ['amr_2', 'amr_4', 'amr_3']
[rh_node-33] [INFO] [1789369107.641433662] [amr_3.rh_node]: [amr_3] Pruned expired reservations for peers: ['amr_4', 'amr_2', 'amr_0']
[rh_node-31] [INFO] [1789369107.860948782] [amr_1.rh_node]: [amr_1] Pruned expired reservations for peers: ['amr_4', 'amr_2', 'amr_3', 'amr_0']
[rh_node-34] [INFO] [1789369107.879598214] [amr_4.rh_node]: [amr_4] Pruned expired reservations for peers: ['amr_2', 'amr_3', 'amr_0']
[rh_node-32] [INFO] [1789369107.887385503] [amr_2.rh_node]: [amr_2] Pruned expired reservations for peers: ['amr_4', 'amr_3', 'amr_0']
[rh_node-30] [INFO] [1789369107.932693218] [amr_0.rh_node]: [amr_0] Pruned expired reservations for peers: ['amr_2', 'amr_4', 'amr_3']
[rh_node-33] [INFO] [1789369108.141946885] [amr_3.rh_node]: [amr_3] Pruned expired reservations for peers: ['amr_4', 'amr_2', 'amr_0']
[rh_node-31] [INFO] [1789369108.360929441] [amr_1.rh_node]: [amr_1] Pruned expired reservations for peers: ['amr_4', 'amr_2', 'amr_3', 'amr_0']
[rh_node-34] [INFO] [1789369108.379998692] [amr_4.rh_node]: [amr_4] Pruned expired reservations for peers: ['amr_2', 'amr_3', 'amr_0']
[rh_node-32] [INFO] [1789369108.387415726] [amr_2.rh_node]: [amr_2] Pruned expired reservations for peers: ['amr_4', 'amr_3', 'amr_0']
[rh_node-30] [INFO] [1789369108.433082638] [amr_0.rh_node]: [amr_0] Pruned expired reservations for peers: ['amr_2', 'amr_4', 'amr_3']
[rh_node-33] [INFO] [1789369108.642418731] [amr_3.rh_node]: [amr_3] Pruned expired reservations for peers: ['amr_4', 'amr_2', 'amr_0']
[rh_node-31] [INFO] [1789369108.862290484] [amr_1.rh_node]: [amr_1] Pruned expired reservations for peers: ['amr_4', 'amr_2', 'amr_3', 'amr_0']
[rh_node-34] [INFO] [1789369108.879287007] [amr_4.rh_node]: [amr_4] Pruned expired reservations for peers: ['amr_2', 'amr_3', 'amr_0']
[rh_node-32] [INFO] [1789369108.887286551] [amr_2.rh_node]: [amr_2] Pruned expired reservations for peers: ['amr_4', 'amr_3', 'amr_0']
[rh_node-30] [INFO] [1789369108.932985948] [amr_0.rh_node]: [amr_0] Pruned expired reservations for peers: ['amr_2', 'amr_4', 'amr_3']
[rh_node-33] [INFO] [1789369109.141416603] [amr_3.rh_node]: [amr_3] Pruned expired reservations for peers: ['amr_4', 'amr_2', 'amr_0']
[rh_node-31] [INFO] [1789369109.360975153] [amr_1.rh_node]: [amr_1] Pruned expired reservations for peers: ['amr_4', 'amr_2', 'amr_3', 'amr_0']
[rh_node-34] [INFO] [1789369109.379204581] [amr_4.rh_node]: [amr_4] Pruned expired reservations for peers: ['amr_2', 'amr_3', 'amr_0']
[rh_node-32] [INFO] [1789369109.386823179] [amr_2.rh_node]: [amr_2] Pruned expired reservations for peers: ['amr_4', 'amr_3', 'amr_0']
[rh_node-30] [INFO] [1789369109.433145324] [amr_0.rh_node]: [amr_0] Pruned expired reservations for peers: ['amr_2', 'amr_4', 'amr_3']
[rh_node-33] [INFO] [1789369109.641914354] [amr_3.rh_node]: [amr_3] Pruned expired reservations for peers: ['amr_4', 'amr_2', 'amr_0']
[rh_node-31] [INFO] [1789369109.861707779] [amr_1.rh_node]: [amr_1] Pruned expired reservations for peers: ['amr_4', 'amr_2', 'amr_3', 'amr_0']
[rh_node-34] [INFO] [1789369109.880139609] [amr_4.rh_node]: [amr_4] Pruned expired reservations for peers: ['amr_2', 'amr_3', 'amr_0']
[rh_node-32] [INFO] [1789369109.886811443] [amr_2.rh_node]: [amr_2] Pruned expired reservations for peers: ['amr_4', 'amr_3', 'amr_0']
[rh_node-30] [INFO] [1789369109.932608636] [amr_0.rh_node]: [amr_0] Pruned expired reservations for peers: ['amr_2', 'amr_4', 'amr_3']
[rh_node-33] [INFO] [1789369110.141922416] [amr_3.rh_node]: [amr_3] Pruned expired reservations for peers: ['amr_4', 'amr_2', 'amr_0']
[rh_node-31] [INFO] [1789369110.361343392] [amr_1.rh_node]: [amr_1] Pruned expired reservations for peers: ['amr_4', 'amr_2', 'amr_3', 'amr_0']
[rh_node-34] [INFO] [1789369110.379973385] [amr_4.rh_node]: [amr_4] Pruned expired reservations for peers: ['amr_2', 'amr_3', 'amr_0']
[rh_node-32] [INFO] [1789369110.386876817] [amr_2.rh_node]: [amr_2] Pruned expired reservations for peers: ['amr_4', 'amr_3', 'amr_0']
[rh_node-30] [INFO] [1789369110.432594469] [amr_0.rh_node]: [amr_0] Pruned expired reservations for peers: ['amr_2', 'amr_4', 'amr_3']
[rh_node-33] [INFO] [1789369110.641586294] [amr_3.rh_node]: [amr_3] Pruned expired reservations for peers: ['amr_4', 'amr_2', 'amr_0']
[rh_node-31] [INFO] [1789369110.862327694] [amr_1.rh_node]: [amr_1] Pruned expired reservations for peers: ['amr_4', 'amr_2', 'amr_3', 'amr_0']
[rh_node-34] [INFO] [1789369110.879465148] [amr_4.rh_node]: [amr_4] Pruned expired reservations for peers: ['amr_2', 'amr_3', 'amr_0']
[rh_node-32] [INFO] [1789369110.887405012] [amr_2.rh_node]: [amr_2] Pruned expired reservations for peers: ['amr_4', 'amr_3', 'amr_0']
[rh_node-30] [INFO] [1789369110.933065968] [amr_0.rh_node]: [amr_0] Pruned expired reservations for peers: ['amr_2', 'amr_4', 'amr_3']
[rh_node-33] [INFO] [1789369111.141465176] [amr_3.rh_node]: [amr_3] Pruned expired reservations for peers: ['amr_4', 'amr_2', 'amr_0']
[rh_node-31] [INFO] [1789369111.361145162] [amr_1.rh_node]: [amr_1] Pruned expired reservations for peers: ['amr_4', 'amr_2', 'amr_3', 'amr_0']
[rh_node-34] [INFO] [1789369111.379940080] [amr_4.rh_node]: [amr_4] Pruned expired reservations for peers: ['amr_2', 'amr_3', 'amr_0']
[rh_node-32] [INFO] [1789369111.387053008] [amr_2.rh_node]: [amr_2] Pruned expired reservations for peers: ['amr_4', 'amr_3', 'amr_0']
[rh_node-30] [INFO] [1789369111.433374833] [amr_0.rh_node]: [amr_0] Pruned expired reservations for peers: ['amr_2', 'amr_4', 'amr_3']
[rh_node-33] [INFO] [1789369111.641496177] [amr_3.rh_node]: [amr_3] Pruned expired reservations for peers: ['amr_4', 'amr_2', 'amr_0']
[rh_node-31] [INFO] [1789369111.860980222] [amr_1.rh_node]: [amr_1] Pruned expired reservations for peers: ['amr_4', 'amr_2', 'amr_3', 'amr_0']
[rh_node-34] [INFO] [1789369111.878853726] [amr_4.rh_node]: [amr_4] Pruned expired reservations for peers: ['amr_2', 'amr_3', 'amr_0']
[rh_node-32] [INFO] [1789369111.887362046] [amr_2.rh_node]: [amr_2] Pruned expired reservations for peers: ['amr_4', 'amr_3', 'amr_0']
[rh_node-30] [INFO] [1789369111.933788245] [amr_0.rh_node]: [amr_0] Pruned expired reservations for peers: ['amr_2', 'amr_4', 'amr_3']
[rh_node-33] [INFO] [1789369112.141788900] [amr_3.rh_node]: [amr_3] Pruned expired reservations for peers: ['amr_4', 'amr_2', 'amr_0']
[rh_node-31] [INFO] [1789369112.360920034] [amr_1.rh_node]: [amr_1] Pruned expired reservations for peers: ['amr_4', 'amr_2', 'amr_3', 'amr_0']
[rh_node-34] [INFO] [1789369112.378977918] [amr_4.rh_node]: [amr_4] Pruned expired reservations for peers: ['amr_2', 'amr_3', 'amr_0']
[rh_node-32] [INFO] [1789369112.386810968] [amr_2.rh_node]: [amr_2] Pruned expired reservations for peers: ['amr_4', 'amr_3', 'amr_0']
[rh_node-30] [INFO] [1789369112.432506686] [amr_0.rh_node]: [amr_0] Pruned expired reservations for peers: ['amr_2', 'amr_4', 'amr_3']
[rh_node-33] [INFO] [1789369112.641916433] [amr_3.rh_node]: [amr_3] Pruned expired reservations for peers: ['amr_4', 'amr_2', 'amr_0']
[rh_node-31] [INFO] [1789369112.861211275] [amr_1.rh_node]: [amr_1] Pruned expired reservations for peers: ['amr_4', 'amr_2', 'amr_3', 'amr_0']
[rh_node-34] [INFO] [1789369112.878978871] [amr_4.rh_node]: [amr_4] Pruned expired reservations for peers: ['amr_2', 'amr_3', 'amr_0']
[rh_node-32] [INFO] [1789369112.887238097] [amr_2.rh_node]: [amr_2] Pruned expired reservations for peers: ['amr_4', 'amr_3', 'amr_0']
[rh_node-30] [INFO] [1789369112.933036274] [amr_0.rh_node]: [amr_0] Pruned expired reservations for peers: ['amr_2', 'amr_4', 'amr_3']
[rh_node-33] [INFO] [1789369113.141447726] [amr_3.rh_node]: [amr_3] Pruned expired reservations for peers: ['amr_4', 'amr_2', 'amr_0']
[rh_node-31] [INFO] [1789369113.361548133] [amr_1.rh_node]: [amr_1] Pruned expired reservations for peers: ['amr_4', 'amr_2', 'amr_3', 'amr_0']
[rh_node-34] [INFO] [1789369113.379351313] [amr_4.rh_node]: [amr_4] Pruned expired reservations for peers: ['amr_2', 'amr_3', 'amr_0']
[rh_node-32] [INFO] [1789369113.388192638] [amr_2.rh_node]: [amr_2] Pruned expired reservations for peers: ['amr_4', 'amr_3', 'amr_0']
[rh_node-30] [INFO] [1789369113.433044694] [amr_0.rh_node]: [amr_0] Pruned expired reservations for peers: ['amr_2', 'amr_4', 'amr_3']
[rh_node-33] [INFO] [1789369113.641944837] [amr_3.rh_node]: [amr_3] Pruned expired reservations for peers: ['amr_4', 'amr_2', 'amr_0']
[rh_node-31] [INFO] [1789369113.862449395] [amr_1.rh_node]: [amr_1] Pruned expired reservations for peers: ['amr_4', 'amr_2', 'amr_3', 'amr_0']
[rh_node-34] [INFO] [1789369113.878992079] [amr_4.rh_node]: [amr_4] Pruned expired reservations for peers: ['amr_2', 'amr_3', 'amr_0']
[rh_node-32] [INFO] [1789369113.887629403] [amr_2.rh_node]: [amr_2] Pruned expired reservations for peers: ['amr_4', 'amr_3', 'amr_0']
[rh_node-30] [INFO] [1789369113.933904756] [amr_0.rh_node]: [amr_0] Pruned expired reservations for peers: ['amr_2', 'amr_4', 'amr_3']
[rh_node-33] [INFO] [1789369114.142817635] [amr_3.rh_node]: [amr_3] Pruned expired reservations for peers: ['amr_4', 'amr_2', 'amr_0']
[rh_node-31] [INFO] [1789369114.361592985] [amr_1.rh_node]: [amr_1] Pruned expired reservations for peers: ['amr_4', 'amr_2', 'amr_3', 'amr_0']
[rh_node-34] [INFO] [1789369114.378876289] [amr_4.rh_node]: [amr_4] Pruned expired reservations for peers: ['amr_2', 'amr_3', 'amr_0']
[rh_node-32] [INFO] [1789369114.387523110] [amr_2.rh_node]: [amr_2] Pruned expired reservations for peers: ['amr_4', 'amr_3', 'amr_0']
[rh_node-30] [INFO] [1789369114.433032547] [amr_0.rh_node]: [amr_0] Pruned expired reservations for peers: ['amr_2', 'amr_4', 'amr_3']
[rh_node-33] [INFO] [1789369114.642592045] [amr_3.rh_node]: [amr_3] Pruned expired reservations for peers: ['amr_4', 'amr_2', 'amr_0']
[rh_node-31] [INFO] [1789369114.861713533] [amr_1.rh_node]: [amr_1] Pruned expired reservations for peers: ['amr_4', 'amr_2', 'amr_3', 'amr_0']
[rh_node-34] [INFO] [1789369114.879631780] [amr_4.rh_node]: [amr_4] Pruned expired reservations for peers: ['amr_2', 'amr_3', 'amr_0']
[rh_node-32] [INFO] [1789369114.886941556] [amr_2.rh_node]: [amr_2] Pruned expired reservations for peers: ['amr_4', 'amr_3', 'amr_0']
[rh_node-30] [INFO] [1789369114.933957421] [amr_0.rh_node]: [amr_0] Pruned expired reservations for peers: ['amr_2', 'amr_4', 'amr_3']
[rh_node-33] [INFO] [1789369115.142834568] [amr_3.rh_node]: [amr_3] Pruned expired reservations for peers: ['amr_4', 'amr_2', 'amr_0']
[rh_node-31] [INFO] [1789369115.360932493] [amr_1.rh_node]: [amr_1] Pruned expired reservations for peers: ['amr_4', 'amr_2', 'amr_3', 'amr_0']
[rh_node-34] [INFO] [1789369115.379987947] [amr_4.rh_node]: [amr_4] Pruned expired reservations for peers: ['amr_2', 'amr_3', 'amr_0']
[rh_node-32] [INFO] [1789369115.386880621] [amr_2.rh_node]: [amr_2] Pruned expired reservations for peers: ['amr_4', 'amr_3', 'amr_0']
[rh_node-30] [INFO] [1789369115.433076723] [amr_0.rh_node]: [amr_0] Pruned expired reservations for peers: ['amr_2', 'amr_4', 'amr_3']
[rh_node-33] [INFO] [1789369115.641440153] [amr_3.rh_node]: [amr_3] Pruned expired reservations for peers: ['amr_4', 'amr_2', 'amr_0']
[rh_node-31] [INFO] [1789369115.861116518] [amr_1.rh_node]: [amr_1] Pruned expired reservations for peers: ['amr_4', 'amr_2', 'amr_3', 'amr_0']
[rh_node-34] [INFO] [1789369115.879642945] [amr_4.rh_node]: [amr_4] Pruned expired reservations for peers: ['amr_2', 'amr_3', 'amr_0']
[rh_node-32] [INFO] [1789369115.886860929] [amr_2.rh_node]: [amr_2] Pruned expired reservations for peers: ['amr_4', 'amr_3', 'amr_0']
[rh_node-30] [INFO] [1789369115.932600636] [amr_0.rh_node]: [amr_0] Pruned expired reservations for peers: ['amr_2', 'amr_4', 'amr_3']
[rh_node-33] [INFO] [1789369116.142675443] [amr_3.rh_node]: [amr_3] Pruned expired reservations for peers: ['amr_4', 'amr_2', 'amr_0']
[rh_node-31] [INFO] [1789369116.360971136] [amr_1.rh_node]: [amr_1] Pruned expired reservations for peers: ['amr_4', 'amr_2', 'amr_3', 'amr_0']
[rh_node-34] [INFO] [1789369116.378889548] [amr_4.rh_node]: [amr_4] Pruned expired reservations for peers: ['amr_2', 'amr_3', 'amr_0']
[rh_node-32] [INFO] [1789369116.387283815] [amr_2.rh_node]: [amr_2] Pruned expired reservations for peers: ['amr_4', 'amr_3', 'amr_0']
[rh_node-30] [INFO] [1789369116.433138112] [amr_0.rh_node]: [amr_0] Pruned expired reservations for peers: ['amr_2', 'amr_4', 'amr_3']
[rh_node-33] [INFO] [1789369116.642678767] [amr_3.rh_node]: [amr_3] Pruned expired reservations for peers: ['amr_4', 'amr_2', 'amr_0']
[rh_node-31] [INFO] [1789369116.861040463] [amr_1.rh_node]: [amr_1] Pruned expired reservations for peers: ['amr_4', 'amr_2', 'amr_3', 'amr_0']
[rh_node-34] [INFO] [1789369116.878852806] [amr_4.rh_node]: [amr_4] Pruned expired reservations for peers: ['amr_2', 'amr_3', 'amr_0']
[rh_node-32] [INFO] [1789369116.886927643] [amr_2.rh_node]: [amr_2] Pruned expired reservations for peers: ['amr_4', 'amr_3', 'amr_0']
[rh_node-30] [INFO] [1789369116.933043208] [amr_0.rh_node]: [amr_0] Pruned expired reservations for peers: ['amr_2', 'amr_4', 'amr_3']
[rh_node-33] [INFO] [1789369117.141488650] [amr_3.rh_node]: [amr_3] Pruned expired reservations for peers: ['amr_4', 'amr_2', 'amr_0']
[rh_node-31] [INFO] [1789369117.361434790] [amr_1.rh_node]: [amr_1] Pruned expired reservations for peers: ['amr_4', 'amr_2', 'amr_3', 'amr_0']
[rh_node-34] [INFO] [1789369117.379207760] [amr_4.rh_node]: [amr_4] Pruned expired reservations for peers: ['amr_2', 'amr_3', 'amr_0']
[rh_node-32] [INFO] [1789369117.387595726] [amr_2.rh_node]: [amr_2] Pruned expired reservations for peers: ['amr_4', 'amr_3', 'amr_0']
[rh_node-30] [INFO] [1789369117.432405638] [amr_0.rh_node]: [amr_0] Pruned expired reservations for peers: ['amr_2', 'amr_4', 'amr_3']
[rh_node-33] [INFO] [1789369117.644752759] [amr_3.rh_node]: [amr_3] Pruned expired reservations for peers: ['amr_4', 'amr_2', 'amr_0']
[rh_node-31] [INFO] [1789369117.861580002] [amr_1.rh_node]: [amr_1] Pruned expired reservations for peers: ['amr_4', 'amr_2', 'amr_3', 'amr_0']
[rh_node-34] [INFO] [1789369117.880160975] [amr_4.rh_node]: [amr_4] Pruned expired reservations for peers: ['amr_2', 'amr_3', 'amr_0']
[rh_node-32] [INFO] [1789369117.888518601] [amr_2.rh_node]: [amr_2] Pruned expired reservations for peers: ['amr_4', 'amr_3', 'amr_0']
[rh_node-30] [INFO] [1789369117.933090407] [amr_0.rh_node]: [amr_0] Pruned expired reservations for peers: ['amr_2', 'amr_4', 'amr_3']
[rh_node-33] [INFO] [1789369118.141418427] [amr_3.rh_node]: [amr_3] Pruned expired reservations for peers: ['amr_4', 'amr_2', 'amr_0']
[rh_node-31] [INFO] [1789369118.362442885] [amr_1.rh_node]: [amr_1] Pruned expired reservations for peers: ['amr_4', 'amr_2', 'amr_3', 'amr_0']
[rh_node-34] [INFO] [1789369118.378704224] [amr_4.rh_node]: [amr_4] Pruned expired reservations for peers: ['amr_2', 'amr_3', 'amr_0']
[rh_node-32] [INFO] [1789369118.386804202] [amr_2.rh_node]: [amr_2] Pruned expired reservations for peers: ['amr_4', 'amr_3', 'amr_0']
[rh_node-30] [INFO] [1789369118.432755828] [amr_0.rh_node]: [amr_0] Pruned expired reservations for peers: ['amr_2', 'amr_4', 'amr_3']
[rh_node-33] [INFO] [1789369118.641421371] [amr_3.rh_node]: [amr_3] Pruned expired reservations for peers: ['amr_4', 'amr_2', 'amr_0']
[rh_node-31] [INFO] [1789369118.861114347] [amr_1.rh_node]: [amr_1] Pruned expired reservations for peers: ['amr_4', 'amr_2', 'amr_3', 'amr_0']
[rh_node-34] [INFO] [1789369118.880015267] [amr_4.rh_node]: [amr_4] Pruned expired reservations for peers: ['amr_2', 'amr_3', 'amr_0']
[rh_node-32] [INFO] [1789369118.888633024] [amr_2.rh_node]: [amr_2] Pruned expired reservations for peers: ['amr_4', 'amr_3', 'amr_0']
[rh_node-30] [INFO] [1789369118.933051192] [amr_0.rh_node]: [amr_0] Pruned expired reservations for peers: ['amr_2', 'amr_4', 'amr_3']
[rh_node-33] [INFO] [1789369119.142110592] [amr_3.rh_node]: [amr_3] Pruned expired reservations for peers: ['amr_4', 'amr_2', 'amr_0']
[rh_node-31] [INFO] [1789369119.361948847] [amr_1.rh_node]: [amr_1] Pruned expired reservations for peers: ['amr_4', 'amr_2', 'amr_3', 'amr_0']
[rh_node-34] [INFO] [1789369119.379331909] [amr_4.rh_node]: [amr_4] Pruned expired reservations for peers: ['amr_2', 'amr_3', 'amr_0']
[rh_node-32] [INFO] [1789369119.387064424] [amr_2.rh_node]: [amr_2] Pruned expired reservations for peers: ['amr_4', 'amr_3', 'amr_0']
[rh_node-30] [INFO] [1789369119.432945991] [amr_0.rh_node]: [amr_0] Pruned expired reservations for peers: ['amr_2', 'amr_4', 'amr_3']
[rh_node-33] [INFO] [1789369119.641398049] [amr_3.rh_node]: [amr_3] Pruned expired reservations for peers: ['amr_4', 'amr_2', 'amr_0']
[rh_node-31] [INFO] [1789369119.861031474] [amr_1.rh_node]: [amr_1] Pruned expired reservations for peers: ['amr_4', 'amr_2', 'amr_3', 'amr_0']
[rh_node-34] [INFO] [1789369119.879302800] [amr_4.rh_node]: [amr_4] Pruned expired reservations for peers: ['amr_2', 'amr_3', 'amr_0']
[rh_node-32] [INFO] [1789369119.888124543] [amr_2.rh_node]: [amr_2] Pruned expired reservations for peers: ['amr_4', 'amr_3', 'amr_0']
[rh_node-30] [INFO] [1789369119.932631078] [amr_0.rh_node]: [amr_0] Pruned expired reservations for peers: ['amr_2', 'amr_4', 'amr_3']
[rh_node-33] [INFO] [1789369120.141986993] [amr_3.rh_node]: [amr_3] Pruned expired reservations for peers: ['amr_4', 'amr_2', 'amr_0']
[rh_node-31] [INFO] [1789369120.361678208] [amr_1.rh_node]: [amr_1] Pruned expired reservations for peers: ['amr_4', 'amr_2', 'amr_3', 'amr_0']
[rh_node-34] [INFO] [1789369120.379107987] [amr_4.rh_node]: [amr_4] Pruned expired reservations for peers: ['amr_2', 'amr_3', 'amr_0']
[rh_node-32] [INFO] [1789369120.387278201] [amr_2.rh_node]: [amr_2] Pruned expired reservations for peers: ['amr_4', 'amr_3', 'amr_0']
[rh_node-30] [INFO] [1789369120.433811938] [amr_0.rh_node]: [amr_0] Pruned expired reservations for peers: ['amr_2', 'amr_4', 'amr_3']
[rh_node-33] [INFO] [1789369120.641943865] [amr_3.rh_node]: [amr_3] Pruned expired reservations for peers: ['amr_4', 'amr_2', 'amr_0']
[rh_node-31] [INFO] [1789369120.863322958] [amr_1.rh_node]: [amr_1] Pruned expired reservations for peers: ['amr_4', 'amr_2', 'amr_3', 'amr_0']
[rh_node-34] [INFO] [1789369120.879203102] [amr_4.rh_node]: [amr_4] Pruned expired reservations for peers: ['amr_2', 'amr_3', 'amr_0']
[rh_node-32] [INFO] [1789369120.886952056] [amr_2.rh_node]: [amr_2] Pruned expired reservations for peers: ['amr_4', 'amr_3', 'amr_0']
[rh_node-30] [INFO] [1789369120.932895307] [amr_0.rh_node]: [amr_0] Pruned expired reservations for peers: ['amr_2', 'amr_4', 'amr_3']
[rh_node-33] [INFO] [1789369121.142212517] [amr_3.rh_node]: [amr_3] Pruned expired reservations for peers: ['amr_4', 'amr_2', 'amr_0']
[rh_node-31] [INFO] [1789369121.360900469] [amr_1.rh_node]: [amr_1] Pruned expired reservations for peers: ['amr_4', 'amr_2', 'amr_3', 'amr_0']
[rh_node-34] [INFO] [1789369121.380009986] [amr_4.rh_node]: [amr_4] Pruned expired reservations for peers: ['amr_2', 'amr_3', 'amr_0']
[rh_node-32] [INFO] [1789369121.387917995] [amr_2.rh_node]: [amr_2] Pruned expired reservations for peers: ['amr_4', 'amr_3', 'amr_0']
[rh_node-30] [INFO] [1789369121.433028195] [amr_0.rh_node]: [amr_0] Pruned expired reservations for peers: ['amr_2', 'amr_4', 'amr_3']
[rh_node-33] [INFO] [1789369121.641875808] [amr_3.rh_node]: [amr_3] Pruned expired reservations for peers: ['amr_4', 'amr_2', 'amr_0']
[rh_node-31] [INFO] [1789369121.861041658] [amr_1.rh_node]: [amr_1] Pruned expired reservations for peers: ['amr_4', 'amr_2', 'amr_3', 'amr_0']
[rh_node-34] [INFO] [1789369121.879816827] [amr_4.rh_node]: [amr_4] Pruned expired reservations for peers: ['amr_2', 'amr_3', 'amr_0']
[rh_node-32] [INFO] [1789369121.887606416] [amr_2.rh_node]: [amr_2] Pruned expired reservations for peers: ['amr_4', 'amr_3', 'amr_0']
[rh_node-30] [INFO] [1789369121.933971173] [amr_0.rh_node]: [amr_0] Pruned expired reservations for peers: ['amr_2', 'amr_4', 'amr_3']
[rh_node-33] [INFO] [1789369122.141962524] [amr_3.rh_node]: [amr_3] Pruned expired reservations for peers: ['amr_4', 'amr_2', 'amr_0']
[rh_node-31] [INFO] [1789369122.360977291] [amr_1.rh_node]: [amr_1] Pruned expired reservations for peers: ['amr_4', 'amr_2', 'amr_3', 'amr_0']
[rh_node-34] [INFO] [1789369122.379201941] [amr_4.rh_node]: [amr_4] Pruned expired reservations for peers: ['amr_2', 'amr_3', 'amr_0']
[rh_node-32] [INFO] [1789369122.387300728] [amr_2.rh_node]: [amr_2] Pruned expired reservations for peers: ['amr_4', 'amr_3', 'amr_0']
[rh_node-30] [INFO] [1789369122.432589501] [amr_0.rh_node]: [amr_0] Pruned expired reservations for peers: ['amr_2', 'amr_4', 'amr_3']
[rh_node-33] [INFO] [1789369122.641443849] [amr_3.rh_node]: [amr_3] Pruned expired reservations for peers: ['amr_4', 'amr_2', 'amr_0']
[rh_node-31] [INFO] [1789369122.860897550] [amr_1.rh_node]: [amr_1] Pruned expired reservations for peers: ['amr_4', 'amr_2', 'amr_3', 'amr_0']
[rh_node-34] [INFO] [1789369122.878862180] [amr_4.rh_node]: [amr_4] Pruned expired reservations for peers: ['amr_2', 'amr_3', 'amr_0']
[rh_node-32] [INFO] [1789369122.886978284] [amr_2.rh_node]: [amr_2] Pruned expired reservations for peers: ['amr_4', 'amr_3', 'amr_0']
[rh_node-30] [INFO] [1789369122.932509978] [amr_0.rh_node]: [amr_0] Pruned expired reservations for peers: ['amr_2', 'amr_4', 'amr_3']
[rh_node-33] [INFO] [1789369123.141849931] [amr_3.rh_node]: [amr_3] Pruned expired reservations for peers: ['amr_4', 'amr_2', 'amr_0']
[rh_node-31] [INFO] [1789369123.360996533] [amr_1.rh_node]: [amr_1] Pruned expired reservations for peers: ['amr_4', 'amr_2', 'amr_3', 'amr_0']
[rh_node-34] [INFO] [1789369123.379569811] [amr_4.rh_node]: [amr_4] Pruned expired reservations for peers: ['amr_2', 'amr_3', 'amr_0']
[rh_node-32] [INFO] [1789369123.387412676] [amr_2.rh_node]: [amr_2] Pruned expired reservations for peers: ['amr_4', 'amr_3', 'amr_0']
[rh_node-30] [INFO] [1789369123.433033224] [amr_0.rh_node]: [amr_0] Pruned expired reservations for peers: ['amr_2', 'amr_4', 'amr_3']
[rh_node-33] [INFO] [1789369123.641434996] [amr_3.rh_node]: [amr_3] Pruned expired reservations for peers: ['amr_4', 'amr_2', 'amr_0']
[rh_node-31] [INFO] [1789369123.862918762] [amr_1.rh_node]: [amr_1] Pruned expired reservations for peers: ['amr_4', 'amr_2', 'amr_3', 'amr_0']
[rh_node-34] [INFO] [1789369123.880132751] [amr_4.rh_node]: [amr_4] Pruned expired reservations for peers: ['amr_2', 'amr_3', 'amr_0']
[rh_node-32] [INFO] [1789369123.889200986] [amr_2.rh_node]: [amr_2] Pruned expired reservations for peers: ['amr_4', 'amr_3', 'amr_0']
[rh_node-30] [INFO] [1789369123.932925660] [amr_0.rh_node]: [amr_0] Pruned expired reservations for peers: ['amr_2', 'amr_4', 'amr_3']
[rh_node-33] [INFO] [1789369124.141948245] [amr_3.rh_node]: [amr_3] Pruned expired reservations for peers: ['amr_4', 'amr_2', 'amr_0']
[rh_node-31] [INFO] [1789369124.361806430] [amr_1.rh_node]: [amr_1] Pruned expired reservations for peers: ['amr_4', 'amr_2', 'amr_3', 'amr_0']
[rh_node-34] [INFO] [1789369124.379188069] [amr_4.rh_node]: [amr_4] Pruned expired reservations for peers: ['amr_2', 'amr_3', 'amr_0']
[rh_node-32] [INFO] [1789369124.387483296] [amr_2.rh_node]: [amr_2] Pruned expired reservations for peers: ['amr_4', 'amr_3', 'amr_0']
[rh_node-30] [INFO] [1789369124.432914586] [amr_0.rh_node]: [amr_0] Pruned expired reservations for peers: ['amr_2', 'amr_4', 'amr_3']
[rh_node-33] [INFO] [1789369124.641556329] [amr_3.rh_node]: [amr_3] Pruned expired reservations for peers: ['amr_4', 'amr_2', 'amr_0']
[rh_node-31] [INFO] [1789369124.861613436] [amr_1.rh_node]: [amr_1] Pruned expired reservations for peers: ['amr_4', 'amr_2', 'amr_3', 'amr_0']
[rh_node-34] [INFO] [1789369124.878950382] [amr_4.rh_node]: [amr_4] Pruned expired reservations for peers: ['amr_2', 'amr_3', 'amr_0']
[rh_node-32] [INFO] [1789369124.887179153] [amr_2.rh_node]: [amr_2] Pruned expired reservations for peers: ['amr_4', 'amr_3', 'amr_0']
[rh_node-30] [INFO] [1789369124.932996115] [amr_0.rh_node]: [amr_0] Pruned expired reservations for peers: ['amr_2', 'amr_4', 'amr_3']
[rh_node-33] [INFO] [1789369125.142743180] [amr_3.rh_node]: [amr_3] Pruned expired reservations for peers: ['amr_4', 'amr_2', 'amr_0']
[rh_node-31] [INFO] [1789369125.360943643] [amr_1.rh_node]: [amr_1] Pruned expired reservations for peers: ['amr_4', 'amr_2', 'amr_3', 'amr_0']
[rh_node-34] [INFO] [1789369125.379346163] [amr_4.rh_node]: [amr_4] Pruned expired reservations for peers: ['amr_2', 'amr_3', 'amr_0']
[rh_node-32] [INFO] [1789369125.387312276] [amr_2.rh_node]: [amr_2] Pruned expired reservations for peers: ['amr_4', 'amr_3', 'amr_0']
[rh_node-30] [INFO] [1789369125.432901313] [amr_0.rh_node]: [amr_0] Pruned expired reservations for peers: ['amr_2', 'amr_4', 'amr_3']
[rh_node-33] [INFO] [1789369125.641458469] [amr_3.rh_node]: [amr_3] Pruned expired reservations for peers: ['amr_4', 'amr_2', 'amr_0']
[rh_node-31] [INFO] [1789369125.861646594] [amr_1.rh_node]: [amr_1] Pruned expired reservations for peers: ['amr_4', 'amr_2', 'amr_3', 'amr_0']
[rh_node-34] [INFO] [1789369125.878782179] [amr_4.rh_node]: [amr_4] Pruned expired reservations for peers: ['amr_2', 'amr_3', 'amr_0']
[rh_node-32] [INFO] [1789369125.886780029] [amr_2.rh_node]: [amr_2] Pruned expired reservations for peers: ['amr_4', 'amr_3', 'amr_0']
[rh_node-30] [INFO] [1789369125.933837560] [amr_0.rh_node]: [amr_0] Pruned expired reservations for peers: ['amr_2', 'amr_4', 'amr_3']
[rh_node-33] [INFO] [1789369126.141466339] [amr_3.rh_node]: [amr_3] Pruned expired reservations for peers: ['amr_4', 'amr_2', 'amr_0']
[rh_node-31] [INFO] [1789369126.360989260] [amr_1.rh_node]: [amr_1] Pruned expired reservations for peers: ['amr_4', 'amr_2', 'amr_3', 'amr_0']
[rh_node-34] [INFO] [1789369126.379412354] [amr_4.rh_node]: [amr_4] Pruned expired reservations for peers: ['amr_2', 'amr_3', 'amr_0']
[rh_node-32] [INFO] [1789369126.387260326] [amr_2.rh_node]: [amr_2] Pruned expired reservations for peers: ['amr_4', 'amr_3', 'amr_0']
[rh_node-30] [INFO] [1789369126.433298456] [amr_0.rh_node]: [amr_0] Pruned expired reservations for peers: ['amr_2', 'amr_4', 'amr_3']
[rh_node-33] [INFO] [1789369126.641565722] [amr_3.rh_node]: [amr_3] Pruned expired reservations for peers: ['amr_4', 'amr_2', 'amr_0']
[rh_node-31] [INFO] [1789369126.860899301] [amr_1.rh_node]: [amr_1] Pruned expired reservations for peers: ['amr_4', 'amr_2', 'amr_3', 'amr_0']
[rh_node-34] [INFO] [1789369126.878774800] [amr_4.rh_node]: [amr_4] Pruned expired reservations for peers: ['amr_2', 'amr_3', 'amr_0']
[rh_node-32] [INFO] [1789369126.886812105] [amr_2.rh_node]: [amr_2] Pruned expired reservations for peers: ['amr_4', 'amr_3', 'amr_0']
[rh_node-30] [INFO] [1789369126.932638149] [amr_0.rh_node]: [amr_0] Pruned expired reservations for peers: ['amr_2', 'amr_4', 'amr_3']
[rh_node-33] [INFO] [1789369127.141600572] [amr_3.rh_node]: [amr_3] Pruned expired reservations for peers: ['amr_4', 'amr_2', 'amr_0']
[rh_node-31] [INFO] [1789369127.360834199] [amr_1.rh_node]: [amr_1] Pruned expired reservations for peers: ['amr_4', 'amr_2', 'amr_3', 'amr_0']
[rh_node-34] [INFO] [1789369127.378934979] [amr_4.rh_node]: [amr_4] Pruned expired reservations for peers: ['amr_2', 'amr_3', 'amr_0']
[rh_node-32] [INFO] [1789369127.388218780] [amr_2.rh_node]: [amr_2] Pruned expired reservations for peers: ['amr_4', 'amr_3', 'amr_0']
[rh_node-30] [INFO] [1789369127.433372015] [amr_0.rh_node]: [amr_0] Pruned expired reservations for peers: ['amr_2', 'amr_4', 'amr_3']
[rh_node-33] [INFO] [1789369127.641402249] [amr_3.rh_node]: [amr_3] Pruned expired reservations for peers: ['amr_4', 'amr_2', 'amr_0']
[rh_node-31] [INFO] [1789369127.861173799] [amr_1.rh_node]: [amr_1] Pruned expired reservations for peers: ['amr_4', 'amr_2', 'amr_3', 'amr_0']
[rh_node-34] [INFO] [1789369127.879489061] [amr_4.rh_node]: [amr_4] Pruned expired reservations for peers: ['amr_2', 'amr_3', 'amr_0']
[rh_node-32] [INFO] [1789369127.887281402] [amr_2.rh_node]: [amr_2] Pruned expired reservations for peers: ['amr_4', 'amr_3', 'amr_0']
[rh_node-30] [INFO] [1789369127.932764154] [amr_0.rh_node]: [amr_0] Pruned expired reservations for peers: ['amr_2', 'amr_4', 'amr_3']
[rh_node-33] [INFO] [1789369128.142657821] [amr_3.rh_node]: [amr_3] Pruned expired reservations for peers: ['amr_4', 'amr_2', 'amr_0']
[rh_node-31] [INFO] [1789369128.361446344] [amr_1.rh_node]: [amr_1] Pruned expired reservations for peers: ['amr_4', 'amr_2', 'amr_3', 'amr_0']
[rh_node-34] [INFO] [1789369128.379766088] [amr_4.rh_node]: [amr_4] Pruned expired reservations for peers: ['amr_2', 'amr_3', 'amr_0']
[rh_node-32] [INFO] [1789369128.387890063] [amr_2.rh_node]: [amr_2] Pruned expired reservations for peers: ['amr_4', 'amr_3', 'amr_0']
[rh_node-30] [INFO] [1789369128.433121445] [amr_0.rh_node]: [amr_0] Pruned expired reservations for peers: ['amr_2', 'amr_4', 'amr_3']
[rh_node-33] [INFO] [1789369128.641352823] [amr_3.rh_node]: [amr_3] Pruned expired reservations for peers: ['amr_4', 'amr_2', 'amr_0']
[rh_node-31] [INFO] [1789369128.860838376] [amr_1.rh_node]: [amr_1] Pruned expired reservations for peers: ['amr_4', 'amr_2', 'amr_3', 'amr_0']
[rh_node-34] [INFO] [1789369128.879103715] [amr_4.rh_node]: [amr_4] Pruned expired reservations for peers: ['amr_2', 'amr_3', 'amr_0']
[rh_node-32] [INFO] [1789369128.887041052] [amr_2.rh_node]: [amr_2] Pruned expired reservations for peers: ['amr_4', 'amr_3', 'amr_0']
[rh_node-30] [INFO] [1789369128.933236059] [amr_0.rh_node]: [amr_0] Pruned expired reservations for peers: ['amr_2', 'amr_4', 'amr_3']
[rh_node-33] [INFO] [1789369129.141442515] [amr_3.rh_node]: [amr_3] Pruned expired reservations for peers: ['amr_4', 'amr_2', 'amr_0']
[rh_node-31] [INFO] [1789369129.360867268] [amr_1.rh_node]: [amr_1] Pruned expired reservations for peers: ['amr_4', 'amr_2', 'amr_3', 'amr_0']
[rh_node-34] [INFO] [1789369129.380077670] [amr_4.rh_node]: [amr_4] Pruned expired reservations for peers: ['amr_2', 'amr_3', 'amr_0']
[rh_node-32] [INFO] [1789369129.386870840] [amr_2.rh_node]: [amr_2] Pruned expired reservations for peers: ['amr_4', 'amr_3', 'amr_0']
[rh_node-30] [INFO] [1789369129.432636825] [amr_0.rh_node]: [amr_0] Pruned expired reservations for peers: ['amr_2', 'amr_4', 'amr_3']
[rh_node-33] [INFO] [1789369129.641445180] [amr_3.rh_node]: [amr_3] Pruned expired reservations for peers: ['amr_4', 'amr_2', 'amr_0']
