[INFO] [launch]: All log files can be found below /home/raghav/.ros/log/2026-09-14-14-06-30-686942-Raze-236046
[INFO] [launch]: Default logging verbosity is set to INFO
[INFO] [launch.user]: [FLEET] Spawning 10 robots into world "warehouse_m9_v2" (headless=True)
[INFO] [launch.user]: [M8B Fleet Bringup] Starting 10 CBBA nodes (bundle cap: 8, profile: NORMAL, compute_mode: ADAPTIVE)
[INFO] [launch.user]: [M8B Fleet Bringup] Starting 10 M8B RH nodes (compute_mode: ADAPTIVE, adaptive: True, h=10, w=4, replan_rate=2.0Hz)
[INFO] [gazebo-1]: process started with pid [236086]
[INFO] [parameter_bridge-2]: process started with pid [236087]
[INFO] [warehouse_visualizer-3]: process started with pid [236088]
[INFO] [robot_state_publisher-4]: process started with pid [236089]
[INFO] [create-5]: process started with pid [236091]
[INFO] [parameter_bridge-6]: process started with pid [236092]
[INFO] [static_transform_publisher-7]: process started with pid [236093]
[INFO] [robot_state_publisher-8]: process started with pid [236094]
[INFO] [create-9]: process started with pid [236095]
[INFO] [parameter_bridge-10]: process started with pid [236096]
[INFO] [static_transform_publisher-11]: process started with pid [236097]
[INFO] [robot_state_publisher-12]: process started with pid [236098]
[INFO] [create-13]: process started with pid [236099]
[INFO] [parameter_bridge-14]: process started with pid [236100]
[INFO] [static_transform_publisher-15]: process started with pid [236101]
[INFO] [robot_state_publisher-16]: process started with pid [236104]
[INFO] [create-17]: process started with pid [236105]
[INFO] [parameter_bridge-18]: process started with pid [236106]
[INFO] [static_transform_publisher-19]: process started with pid [236117]
[INFO] [robot_state_publisher-20]: process started with pid [236134]
[INFO] [create-21]: process started with pid [236146]
[INFO] [parameter_bridge-22]: process started with pid [236164]
[INFO] [static_transform_publisher-23]: process started with pid [236169]
[INFO] [robot_state_publisher-24]: process started with pid [236172]
[INFO] [create-25]: process started with pid [236213]
[INFO] [parameter_bridge-26]: process started with pid [236219]
[INFO] [static_transform_publisher-27]: process started with pid [236265]
[INFO] [robot_state_publisher-28]: process started with pid [236271]
[INFO] [create-29]: process started with pid [236272]
[INFO] [parameter_bridge-30]: process started with pid [236275]
[INFO] [static_transform_publisher-31]: process started with pid [236289]
[INFO] [robot_state_publisher-32]: process started with pid [236294]
[INFO] [create-33]: process started with pid [236319]
[INFO] [parameter_bridge-34]: process started with pid [236325]
[INFO] [static_transform_publisher-35]: process started with pid [236337]
[INFO] [robot_state_publisher-36]: process started with pid [236342]
[INFO] [create-37]: process started with pid [236343]
[INFO] [parameter_bridge-38]: process started with pid [236364]
[INFO] [static_transform_publisher-39]: process started with pid [236371]
[INFO] [robot_state_publisher-40]: process started with pid [236374]
[INFO] [create-41]: process started with pid [236402]
[INFO] [parameter_bridge-42]: process started with pid [236404]
[INFO] [static_transform_publisher-43]: process started with pid [236405]
[INFO] [task_manager-44]: process started with pid [236410]
[INFO] [cbba_node-45]: process started with pid [236415]
[INFO] [cbba_node-46]: process started with pid [236417]
[INFO] [cbba_node-47]: process started with pid [236430]
[INFO] [cbba_node-48]: process started with pid [236437]
[INFO] [cbba_node-49]: process started with pid [236472]
[INFO] [cbba_node-50]: process started with pid [236475]
[INFO] [cbba_node-51]: process started with pid [236481]
[INFO] [cbba_node-52]: process started with pid [236487]
[INFO] [cbba_node-53]: process started with pid [236488]
[INFO] [cbba_node-54]: process started with pid [236491]
[INFO] [rh_node-55]: process started with pid [236503]
[INFO] [rh_node-56]: process started with pid [236511]
[INFO] [rh_node-57]: process started with pid [236542]
[INFO] [rh_node-58]: process started with pid [236544]
[INFO] [rh_node-59]: process started with pid [236546]
[INFO] [rh_node-60]: process started with pid [236549]
[INFO] [rh_node-61]: process started with pid [236555]
[INFO] [rh_node-62]: process started with pid [236557]
[INFO] [rh_node-63]: process started with pid [236572]
[INFO] [rh_node-64]: process started with pid [236578]
[robot_state_publisher-4] [INFO] [1789374991.958046466] [amr_0.robot_state_publisher]: Robot initialized
[static_transform_publisher-7] [INFO] [1789374991.952000687] [amr_0_map_to_odom]: Spinning until stopped - publishing transform
[static_transform_publisher-7] translation: ('1.500000', '4.500000', '0.000000')
[static_transform_publisher-7] rotation: ('0.000000', '0.000000', '0.000000', '1.000000')
[static_transform_publisher-7] from 'map' to 'amr_0/odom'
[robot_state_publisher-8] [INFO] [1789374991.998534390] [amr_1.robot_state_publisher]: Robot initialized
[static_transform_publisher-11] [INFO] [1789374991.966930164] [amr_1_map_to_odom]: Spinning until stopped - publishing transform
[static_transform_publisher-11] translation: ('1.500000', '10.000000', '0.000000')
[static_transform_publisher-11] rotation: ('0.000000', '0.000000', '0.000000', '1.000000')
[static_transform_publisher-11] from 'map' to 'amr_1/odom'
[create-13] [INFO] [1789374992.008454191] [amr_2_spawner]: Requesting list of world names.
[parameter_bridge-10] [INFO] [1789374992.187209575] [amr_1_bridge]: Creating ROS->GZ Bridge: [/amr_1/cmd_vel (geometry_msgs/msg/Twist) -> /amr_1/cmd_vel (gz.msgs.Twist)] (Lazy 0)
[parameter_bridge-10] [INFO] [1789374992.200995555] [amr_1_bridge]: Creating GZ->ROS Bridge: [/amr_1/odom (gz.msgs.Odometry) -> /amr_1/odom (nav_msgs/msg/Odometry)] (Lazy 0)
[parameter_bridge-10] [INFO] [1789374992.207742576] [amr_1_bridge]: Creating GZ->ROS Bridge: [/amr_1/scan (gz.msgs.LaserScan) -> /amr_1/scan (sensor_msgs/msg/LaserScan)] (Lazy 0)
[parameter_bridge-10] [INFO] [1789374992.213439070] [amr_1_bridge]: Creating GZ->ROS Bridge: [/amr_1/tf (gz.msgs.Pose_V) -> /amr_1/tf (tf2_msgs/msg/TFMessage)] (Lazy 0)
[parameter_bridge-10] [INFO] [1789374992.226912967] [amr_1_bridge]: Creating GZ->ROS Bridge: [/amr_1/joint_states (gz.msgs.Model) -> /amr_1/joint_states (sensor_msgs/msg/JointState)] (Lazy 0)
[robot_state_publisher-12] [INFO] [1789374992.330728210] [amr_2.robot_state_publisher]: Robot initialized
[static_transform_publisher-15] [INFO] [1789374992.389536948] [amr_2_map_to_odom]: Spinning until stopped - publishing transform
[static_transform_publisher-15] translation: ('1.500000', '16.000000', '0.000000')
[static_transform_publisher-15] rotation: ('0.000000', '0.000000', '0.000000', '1.000000')
[static_transform_publisher-15] from 'map' to 'amr_2/odom'
[create-21] [INFO] [1789374992.392555633] [amr_4_spawner]: Requesting list of world names.
[parameter_bridge-6] [INFO] [1789374992.396981537] [amr_0_bridge]: Creating ROS->GZ Bridge: [/amr_0/cmd_vel (geometry_msgs/msg/Twist) -> /amr_0/cmd_vel (gz.msgs.Twist)] (Lazy 0)
[robot_state_publisher-32] [INFO] [1789374992.415577906] [amr_7.robot_state_publisher]: Robot initialized
[parameter_bridge-2] [INFO] [1789374992.443015326] [clock_bridge]: Creating GZ->ROS Bridge: [/clock (gz.msgs.Clock) -> /clock (rosgraph_msgs/msg/Clock)] (Lazy 0)
[robot_state_publisher-40] [INFO] [1789374992.449672350] [amr_9.robot_state_publisher]: Robot initialized
[create-5] [INFO] [1789374992.452028201] [amr_0_spawner]: Requesting list of world names.
[create-9] [INFO] [1789374992.456462104] [amr_1_spawner]: Requesting list of world names.
[parameter_bridge-6] [INFO] [1789374992.495940023] [amr_0_bridge]: Creating GZ->ROS Bridge: [/amr_0/odom (gz.msgs.Odometry) -> /amr_0/odom (nav_msgs/msg/Odometry)] (Lazy 0)
[parameter_bridge-6] [INFO] [1789374992.501739308] [amr_0_bridge]: Creating GZ->ROS Bridge: [/amr_0/scan (gz.msgs.LaserScan) -> /amr_0/scan (sensor_msgs/msg/LaserScan)] (Lazy 0)
[parameter_bridge-6] [INFO] [1789374992.522578032] [amr_0_bridge]: Creating GZ->ROS Bridge: [/amr_0/tf (gz.msgs.Pose_V) -> /amr_0/tf (tf2_msgs/msg/TFMessage)] (Lazy 0)
[parameter_bridge-6] [INFO] [1789374992.524514938] [amr_0_bridge]: Creating GZ->ROS Bridge: [/amr_0/joint_states (gz.msgs.Model) -> /amr_0/joint_states (sensor_msgs/msg/JointState)] (Lazy 0)
[parameter_bridge-18] [INFO] [1789374992.561551394] [amr_3_bridge]: Creating ROS->GZ Bridge: [/amr_3/cmd_vel (geometry_msgs/msg/Twist) -> /amr_3/cmd_vel (gz.msgs.Twist)] (Lazy 0)
[parameter_bridge-18] [INFO] [1789374992.571738873] [amr_3_bridge]: Creating GZ->ROS Bridge: [/amr_3/odom (gz.msgs.Odometry) -> /amr_3/odom (nav_msgs/msg/Odometry)] (Lazy 0)
[static_transform_publisher-23] [INFO] [1789374992.600485690] [amr_4_map_to_odom]: Spinning until stopped - publishing transform
[static_transform_publisher-23] translation: ('1.500000', '27.500000', '0.000000')
[static_transform_publisher-23] rotation: ('0.000000', '0.000000', '0.000000', '1.000000')
[static_transform_publisher-23] from 'map' to 'amr_4/odom'
[parameter_bridge-18] [INFO] [1789374992.605109352] [amr_3_bridge]: Creating GZ->ROS Bridge: [/amr_3/scan (gz.msgs.LaserScan) -> /amr_3/scan (sensor_msgs/msg/LaserScan)] (Lazy 0)
[static_transform_publisher-27] [INFO] [1789374992.658709102] [amr_5_map_to_odom]: Spinning until stopped - publishing transform
[static_transform_publisher-27] translation: ('30.500000', '4.500000', '0.000000')
[static_transform_publisher-27] rotation: ('0.000000', '0.000000', '1.000000', '0.000001')
[static_transform_publisher-27] from 'map' to 'amr_5/odom'
[parameter_bridge-18] [INFO] [1789374992.716082645] [amr_3_bridge]: Creating GZ->ROS Bridge: [/amr_3/tf (gz.msgs.Pose_V) -> /amr_3/tf (tf2_msgs/msg/TFMessage)] (Lazy 0)
[parameter_bridge-18] [INFO] [1789374992.735747855] [amr_3_bridge]: Creating GZ->ROS Bridge: [/amr_3/joint_states (gz.msgs.Model) -> /amr_3/joint_states (sensor_msgs/msg/JointState)] (Lazy 0)
[static_transform_publisher-19] [INFO] [1789374992.764010780] [amr_3_map_to_odom]: Spinning until stopped - publishing transform
[static_transform_publisher-19] translation: ('1.500000', '22.000000', '0.000000')
[static_transform_publisher-19] rotation: ('0.000000', '0.000000', '0.000000', '1.000000')
[static_transform_publisher-19] from 'map' to 'amr_3/odom'
[static_transform_publisher-39] [INFO] [1789374992.802841209] [amr_8_map_to_odom]: Spinning until stopped - publishing transform
[static_transform_publisher-39] translation: ('30.500000', '22.000000', '0.000000')
[static_transform_publisher-39] rotation: ('0.000000', '0.000000', '1.000000', '0.000001')
[static_transform_publisher-39] from 'map' to 'amr_8/odom'
[create-17] [INFO] [1789374992.888796822] [amr_3_spawner]: Requesting list of world names.
[parameter_bridge-30] [INFO] [1789374992.904736304] [amr_6_bridge]: Creating ROS->GZ Bridge: [/amr_6/cmd_vel (geometry_msgs/msg/Twist) -> /amr_6/cmd_vel (gz.msgs.Twist)] (Lazy 0)
[robot_state_publisher-28] [INFO] [1789374992.960674961] [amr_6.robot_state_publisher]: Robot initialized
[create-9] [INFO] [1789374992.963114521] [amr_1_spawner]: Waiting messages on topic [amr_1/robot_description].
[parameter_bridge-34] [INFO] [1789374992.978610681] [amr_7_bridge]: Creating ROS->GZ Bridge: [/amr_7/cmd_vel (geometry_msgs/msg/Twist) -> /amr_7/cmd_vel (gz.msgs.Twist)] (Lazy 0)
[create-37] [INFO] [1789374992.984202509] [amr_8_spawner]: Requesting list of world names.
[parameter_bridge-22] [INFO] [1789374992.988546145] [amr_4_bridge]: Creating ROS->GZ Bridge: [/amr_4/cmd_vel (geometry_msgs/msg/Twist) -> /amr_4/cmd_vel (gz.msgs.Twist)] (Lazy 0)
[parameter_bridge-34] [INFO] [1789374993.018229508] [amr_7_bridge]: Creating GZ->ROS Bridge: [/amr_7/odom (gz.msgs.Odometry) -> /amr_7/odom (nav_msgs/msg/Odometry)] (Lazy 0)
[parameter_bridge-38] [INFO] [1789374993.023954957] [amr_8_bridge]: Creating ROS->GZ Bridge: [/amr_8/cmd_vel (geometry_msgs/msg/Twist) -> /amr_8/cmd_vel (gz.msgs.Twist)] (Lazy 0)
[parameter_bridge-34] [INFO] [1789374993.024163535] [amr_7_bridge]: Creating GZ->ROS Bridge: [/amr_7/scan (gz.msgs.LaserScan) -> /amr_7/scan (sensor_msgs/msg/LaserScan)] (Lazy 0)
[parameter_bridge-34] [INFO] [1789374993.026826516] [amr_7_bridge]: Creating GZ->ROS Bridge: [/amr_7/tf (gz.msgs.Pose_V) -> /amr_7/tf (tf2_msgs/msg/TFMessage)] (Lazy 0)
[create-41] [INFO] [1789374993.027118505] [amr_9_spawner]: Requesting list of world names.
[parameter_bridge-34] [INFO] [1789374993.029789939] [amr_7_bridge]: Creating GZ->ROS Bridge: [/amr_7/joint_states (gz.msgs.Model) -> /amr_7/joint_states (sensor_msgs/msg/JointState)] (Lazy 0)
[static_transform_publisher-31] [INFO] [1789374993.048534519] [amr_6_map_to_odom]: Spinning until stopped - publishing transform
[static_transform_publisher-31] translation: ('30.500000', '10.000000', '0.000000')
[static_transform_publisher-31] rotation: ('0.000000', '0.000000', '1.000000', '0.000001')
[static_transform_publisher-31] from 'map' to 'amr_6/odom'
[static_transform_publisher-43] [INFO] [1789374993.054541949] [amr_9_map_to_odom]: Spinning until stopped - publishing transform
[static_transform_publisher-43] translation: ('30.500000', '27.500000', '0.000000')
[static_transform_publisher-43] rotation: ('0.000000', '0.000000', '1.000000', '0.000001')
[static_transform_publisher-43] from 'map' to 'amr_9/odom'
[robot_state_publisher-36] [INFO] [1789374993.088869074] [amr_8.robot_state_publisher]: Robot initialized
[create-25] [INFO] [1789374993.096525015] [amr_5_spawner]: Requesting list of world names.
[parameter_bridge-14] [INFO] [1789374993.112268453] [amr_2_bridge]: Creating ROS->GZ Bridge: [/amr_2/cmd_vel (geometry_msgs/msg/Twist) -> /amr_2/cmd_vel (gz.msgs.Twist)] (Lazy 0)
[create-21] [INFO] [1789374993.112940089] [amr_4_spawner]: Waiting messages on topic [amr_4/robot_description].
[static_transform_publisher-35] [INFO] [1789374993.120172358] [amr_7_map_to_odom]: Spinning until stopped - publishing transform
[static_transform_publisher-35] translation: ('30.500000', '16.000000', '0.000000')
[static_transform_publisher-35] rotation: ('0.000000', '0.000000', '1.000000', '0.000001')
[static_transform_publisher-35] from 'map' to 'amr_7/odom'
[parameter_bridge-22] [INFO] [1789374993.124663886] [amr_4_bridge]: Creating GZ->ROS Bridge: [/amr_4/odom (gz.msgs.Odometry) -> /amr_4/odom (nav_msgs/msg/Odometry)] (Lazy 0)
[parameter_bridge-14] [INFO] [1789374993.126638945] [amr_2_bridge]: Creating GZ->ROS Bridge: [/amr_2/odom (gz.msgs.Odometry) -> /amr_2/odom (nav_msgs/msg/Odometry)] (Lazy 0)
[parameter_bridge-14] [INFO] [1789374993.136462471] [amr_2_bridge]: Creating GZ->ROS Bridge: [/amr_2/scan (gz.msgs.LaserScan) -> /amr_2/scan (sensor_msgs/msg/LaserScan)] (Lazy 0)
[parameter_bridge-38] [INFO] [1789374993.138310517] [amr_8_bridge]: Creating GZ->ROS Bridge: [/amr_8/odom (gz.msgs.Odometry) -> /amr_8/odom (nav_msgs/msg/Odometry)] (Lazy 0)
[parameter_bridge-14] [INFO] [1789374993.152054564] [amr_2_bridge]: Creating GZ->ROS Bridge: [/amr_2/tf (gz.msgs.Pose_V) -> /amr_2/tf (tf2_msgs/msg/TFMessage)] (Lazy 0)
[parameter_bridge-30] [INFO] [1789374993.157875080] [amr_6_bridge]: Creating GZ->ROS Bridge: [/amr_6/odom (gz.msgs.Odometry) -> /amr_6/odom (nav_msgs/msg/Odometry)] (Lazy 0)
[create-13] [INFO] [1789374993.158788415] [amr_2_spawner]: Waiting messages on topic [amr_2/robot_description].
[parameter_bridge-22] [INFO] [1789374993.160646661] [amr_4_bridge]: Creating GZ->ROS Bridge: [/amr_4/scan (gz.msgs.LaserScan) -> /amr_4/scan (sensor_msgs/msg/LaserScan)] (Lazy 0)
[parameter_bridge-30] [INFO] [1789374993.172879338] [amr_6_bridge]: Creating GZ->ROS Bridge: [/amr_6/scan (gz.msgs.LaserScan) -> /amr_6/scan (sensor_msgs/msg/LaserScan)] (Lazy 0)
[parameter_bridge-22] [INFO] [1789374993.174109268] [amr_4_bridge]: Creating GZ->ROS Bridge: [/amr_4/tf (gz.msgs.Pose_V) -> /amr_4/tf (tf2_msgs/msg/TFMessage)] (Lazy 0)
[parameter_bridge-14] [INFO] [1789374993.175878847] [amr_2_bridge]: Creating GZ->ROS Bridge: [/amr_2/joint_states (gz.msgs.Model) -> /amr_2/joint_states (sensor_msgs/msg/JointState)] (Lazy 0)
[parameter_bridge-30] [INFO] [1789374993.182372783] [amr_6_bridge]: Creating GZ->ROS Bridge: [/amr_6/tf (gz.msgs.Pose_V) -> /amr_6/tf (tf2_msgs/msg/TFMessage)] (Lazy 0)
[create-9] [INFO] [1789374993.187363802] [amr_1_spawner]: Entity creation successful.
[parameter_bridge-30] [INFO] [1789374993.190205344] [amr_6_bridge]: Creating GZ->ROS Bridge: [/amr_6/joint_states (gz.msgs.Model) -> /amr_6/joint_states (sensor_msgs/msg/JointState)] (Lazy 0)
[parameter_bridge-26] [INFO] [1789374993.207216176] [amr_5_bridge]: Creating ROS->GZ Bridge: [/amr_5/cmd_vel (geometry_msgs/msg/Twist) -> /amr_5/cmd_vel (gz.msgs.Twist)] (Lazy 0)
[parameter_bridge-22] [INFO] [1789374993.211491559] [amr_4_bridge]: Creating GZ->ROS Bridge: [/amr_4/joint_states (gz.msgs.Model) -> /amr_4/joint_states (sensor_msgs/msg/JointState)] (Lazy 0)
[create-29] [INFO] [1789374993.211589702] [amr_6_spawner]: Requesting list of world names.
[create-5] [INFO] [1789374993.214005823] [amr_0_spawner]: Waiting messages on topic [amr_0/robot_description].
[create-33] [INFO] [1789374993.220432843] [amr_7_spawner]: Requesting list of world names.
[parameter_bridge-26] [INFO] [1789374993.220951914] [amr_5_bridge]: Creating GZ->ROS Bridge: [/amr_5/odom (gz.msgs.Odometry) -> /amr_5/odom (nav_msgs/msg/Odometry)] (Lazy 0)
[parameter_bridge-38] [INFO] [1789374993.237724106] [amr_8_bridge]: Creating GZ->ROS Bridge: [/amr_8/scan (gz.msgs.LaserScan) -> /amr_8/scan (sensor_msgs/msg/LaserScan)] (Lazy 0)
[parameter_bridge-38] [INFO] [1789374993.254797553] [amr_8_bridge]: Creating GZ->ROS Bridge: [/amr_8/tf (gz.msgs.Pose_V) -> /amr_8/tf (tf2_msgs/msg/TFMessage)] (Lazy 0)
[parameter_bridge-38] [INFO] [1789374993.259346140] [amr_8_bridge]: Creating GZ->ROS Bridge: [/amr_8/joint_states (gz.msgs.Model) -> /amr_8/joint_states (sensor_msgs/msg/JointState)] (Lazy 0)
[robot_state_publisher-16] [INFO] [1789374993.268375001] [amr_3.robot_state_publisher]: Robot initialized
[robot_state_publisher-24] [INFO] [1789374993.276055222] [amr_5.robot_state_publisher]: Robot initialized
[create-41] [INFO] [1789374993.307453486] [amr_9_spawner]: Waiting messages on topic [amr_9/robot_description].
[parameter_bridge-26] [INFO] [1789374993.318109450] [amr_5_bridge]: Creating GZ->ROS Bridge: [/amr_5/scan (gz.msgs.LaserScan) -> /amr_5/scan (sensor_msgs/msg/LaserScan)] (Lazy 0)
[robot_state_publisher-20] [INFO] [1789374993.365261684] [amr_4.robot_state_publisher]: Robot initialized
[parameter_bridge-42] [INFO] [1789374993.427303299] [amr_9_bridge]: Creating ROS->GZ Bridge: [/amr_9/cmd_vel (geometry_msgs/msg/Twist) -> /amr_9/cmd_vel (gz.msgs.Twist)] (Lazy 0)
[parameter_bridge-42] [INFO] [1789374993.430716317] [amr_9_bridge]: Creating GZ->ROS Bridge: [/amr_9/odom (gz.msgs.Odometry) -> /amr_9/odom (nav_msgs/msg/Odometry)] (Lazy 0)
[parameter_bridge-26] [INFO] [1789374993.442046026] [amr_5_bridge]: Creating GZ->ROS Bridge: [/amr_5/tf (gz.msgs.Pose_V) -> /amr_5/tf (tf2_msgs/msg/TFMessage)] (Lazy 0)
[parameter_bridge-42] [INFO] [1789374993.458042843] [amr_9_bridge]: Creating GZ->ROS Bridge: [/amr_9/scan (gz.msgs.LaserScan) -> /amr_9/scan (sensor_msgs/msg/LaserScan)] (Lazy 0)
[parameter_bridge-42] [INFO] [1789374993.461457367] [amr_9_bridge]: Creating GZ->ROS Bridge: [/amr_9/tf (gz.msgs.Pose_V) -> /amr_9/tf (tf2_msgs/msg/TFMessage)] (Lazy 0)
[create-25] [INFO] [1789374993.463688717] [amr_5_spawner]: Waiting messages on topic [amr_5/robot_description].
[parameter_bridge-26] [INFO] [1789374993.464580611] [amr_5_bridge]: Creating GZ->ROS Bridge: [/amr_5/joint_states (gz.msgs.Model) -> /amr_5/joint_states (sensor_msgs/msg/JointState)] (Lazy 0)
[parameter_bridge-42] [INFO] [1789374993.492811502] [amr_9_bridge]: Creating GZ->ROS Bridge: [/amr_9/joint_states (gz.msgs.Model) -> /amr_9/joint_states (sensor_msgs/msg/JointState)] (Lazy 0)
[INFO] [create-9]: process has finished cleanly [pid 236095]
[create-37] [INFO] [1789374993.523779338] [amr_8_spawner]: Waiting messages on topic [amr_8/robot_description].
[rh_node-63] [INFO] [1789374993.557734806] [amr_8.rh_node]: [amr_8] Loaded custom grid from /home/raghav/SIH26123AMR/config/maps/warehouse_m9_v2.yaml (64x64)
[create-17] [INFO] [1789374993.652306474] [amr_3_spawner]: Waiting messages on topic [amr_3/robot_description].
[rh_node-56] [INFO] [1789374993.743165831] [amr_1.rh_node]: [amr_1] Loaded custom grid from /home/raghav/SIH26123AMR/config/maps/warehouse_m9_v2.yaml (64x64)
[rh_node-57] [INFO] [1789374993.765825729] [amr_2.rh_node]: [amr_2] Loaded custom grid from /home/raghav/SIH26123AMR/config/maps/warehouse_m9_v2.yaml (64x64)
[create-33] [INFO] [1789374993.774907028] [amr_7_spawner]: Waiting messages on topic [amr_7/robot_description].
[cbba_node-53] [INFO] [1789374993.791204256] [amr_8.cbba_node]: CBBA Node initialized for amr_8 (bundle cap: 8)
[create-5] [INFO] [1789374993.792622802] [amr_0_spawner]: Entity creation successful.
[create-13] [INFO] [1789374993.792778819] [amr_2_spawner]: Entity creation successful.
[create-37] [INFO] [1789374993.801482954] [amr_8_spawner]: Entity creation successful.
[create-41] [INFO] [1789374993.810315014] [amr_9_spawner]: Entity creation successful.
[create-29] [INFO] [1789374993.815544092] [amr_6_spawner]: Waiting messages on topic [amr_6/robot_description].
[cbba_node-45] [INFO] [1789374993.828220308] [amr_0.cbba_node]: CBBA Node initialized for amr_0 (bundle cap: 8)
[cbba_node-49] [INFO] [1789374993.904649626] [amr_4.cbba_node]: CBBA Node initialized for amr_4 (bundle cap: 8)
[rh_node-59] [INFO] [1789374993.930488344] [amr_4.rh_node]: [amr_4] Loaded custom grid from /home/raghav/SIH26123AMR/config/maps/warehouse_m9_v2.yaml (64x64)
[create-17] [INFO] [1789374993.938004420] [amr_3_spawner]: Entity creation successful.
[cbba_node-47] [INFO] [1789374993.956121265] [amr_2.cbba_node]: CBBA Node initialized for amr_2 (bundle cap: 8)
[task_manager-44] [INFO] [1789374993.958166558] [amr_task_manager]: Loaded 30 tasks from workload: /home/raghav/SIH26123AMR/config/workloads/workload_30_tasks_m9_v2.yaml
[rh_node-55] [INFO] [1789374993.976161852] [amr_0.rh_node]: [amr_0] Loaded custom grid from /home/raghav/SIH26123AMR/config/maps/warehouse_m9_v2.yaml (64x64)
[rh_node-57] [INFO] [1789374993.999250692] [amr_2.rh_node]: Rolling-Horizon Planner initialized for amr_2 (h=10, w=4, heuristic=PRIORITY_FIRST)
[task_manager-44] [INFO] [1789374994.009468634] [amr_task_manager]: Task Manager Node initialized.
[rh_node-56] [INFO] [1789374994.035381476] [amr_1.rh_node]: Rolling-Horizon Planner initialized for amr_1 (h=10, w=4, heuristic=PRIORITY_FIRST)
[cbba_node-52] [INFO] [1789374994.044048146] [amr_7.cbba_node]: CBBA Node initialized for amr_7 (bundle cap: 8)
[create-33] [INFO] [1789374994.071149543] [amr_7_spawner]: Entity creation successful.
[INFO] [create-41]: process has finished cleanly [pid 236402]
[create-21] [INFO] [1789374994.113103047] [amr_4_spawner]: Waiting messages on topic [amr_4/robot_description].
[INFO] [create-37]: process has finished cleanly [pid 236343]
[cbba_node-50] [INFO] [1789374994.125549545] [amr_5.cbba_node]: CBBA Node initialized for amr_5 (bundle cap: 8)
[INFO] [create-17]: process has finished cleanly [pid 236105]
[rh_node-58] [INFO] [1789374994.175423760] [amr_3.rh_node]: [amr_3] Loaded custom grid from /home/raghav/SIH26123AMR/config/maps/warehouse_m9_v2.yaml (64x64)
[cbba_node-48] [INFO] [1789374994.182347906] [amr_3.cbba_node]: CBBA Node initialized for amr_3 (bundle cap: 8)
[create-21] [INFO] [1789374994.182498064] [amr_4_spawner]: Entity creation successful.
[rh_node-63] [INFO] [1789374994.186796883] [amr_8.rh_node]: Rolling-Horizon Planner initialized for amr_8 (h=10, w=4, heuristic=PRIORITY_FIRST)
[rh_node-55] [INFO] [1789374994.190247894] [amr_0.rh_node]: Rolling-Horizon Planner initialized for amr_0 (h=10, w=4, heuristic=PRIORITY_FIRST)
[INFO] [create-5]: process has finished cleanly [pid 236091]
[rh_node-61] [INFO] [1789374994.279894506] [amr_6.rh_node]: [amr_6] Loaded custom grid from /home/raghav/SIH26123AMR/config/maps/warehouse_m9_v2.yaml (64x64)
[rh_node-64] [INFO] [1789374994.281812096] [amr_9.rh_node]: [amr_9] Loaded custom grid from /home/raghav/SIH26123AMR/config/maps/warehouse_m9_v2.yaml (64x64)
[rh_node-59] [INFO] [1789374994.283560211] [amr_4.rh_node]: Rolling-Horizon Planner initialized for amr_4 (h=10, w=4, heuristic=PRIORITY_FIRST)
[warehouse_visualizer-3] [INFO] [1789374994.284412017] [warehouse_visualizer]: WarehouseVisualizerNode started. Publishing to /warehouse_markers.
[INFO] [create-13]: process has finished cleanly [pid 236099]
[INFO] [create-33]: process has finished cleanly [pid 236319]
[rh_node-58] [INFO] [1789374994.360317233] [amr_3.rh_node]: Rolling-Horizon Planner initialized for amr_3 (h=10, w=4, heuristic=PRIORITY_FIRST)
[rh_node-62] [INFO] [1789374994.362916838] [amr_7.rh_node]: [amr_7] Loaded custom grid from /home/raghav/SIH26123AMR/config/maps/warehouse_m9_v2.yaml (64x64)
[INFO] [create-21]: process has finished cleanly [pid 236146]
[gazebo-1] [1;33mWarning [Utils.cc:132][0m [/sdf/model[@name="amr"]/link[@name="amr_1/base_footprint"]/sensor[@name="amr_1_lidar"]/gz_frame_id:<urdf-string>:L0]: XML Element[gz_frame_id], child of element[sensor], not defined in SDF. Copying[gz_frame_id] as children of [sensor].
[create-29] [INFO] [1789374994.385311573] [amr_6_spawner]: Entity creation successful.
[gazebo-1] [1;33mWarning [Utils.cc:132][0m [/sdf/model[@name="amr"]/link[@name="amr_8/base_footprint"]/sensor[@name="amr_8_lidar"]/gz_frame_id:<urdf-string>:L0]: XML Element[gz_frame_id], child of element[sensor], not defined in SDF. Copying[gz_frame_id] as children of [sensor].
[gazebo-1] [1;33mWarning [Utils.cc:132][0m [/sdf/model[@name="amr"]/link[@name="amr_2/base_footprint"]/sensor[@name="amr_2_lidar"]/gz_frame_id:<urdf-string>:L0]: XML Element[gz_frame_id], child of element[sensor], not defined in SDF. Copying[gz_frame_id] as children of [sensor].
[create-25] [INFO] [1789374994.463839615] [amr_5_spawner]: Waiting messages on topic [amr_5/robot_description].
[rh_node-61] [INFO] [1789374994.480730540] [amr_6.rh_node]: Rolling-Horizon Planner initialized for amr_6 (h=10, w=4, heuristic=PRIORITY_FIRST)
[rh_node-60] [INFO] [1789374994.502519731] [amr_5.rh_node]: [amr_5] Loaded custom grid from /home/raghav/SIH26123AMR/config/maps/warehouse_m9_v2.yaml (64x64)
[rh_node-64] [INFO] [1789374994.508603448] [amr_9.rh_node]: Rolling-Horizon Planner initialized for amr_9 (h=10, w=4, heuristic=PRIORITY_FIRST)
[gazebo-1] [1;33mWarning [Utils.cc:132][0m [/sdf/model[@name="amr"]/link[@name="amr_0/base_footprint"]/sensor[@name="amr_0_lidar"]/gz_frame_id:<urdf-string>:L0]: XML Element[gz_frame_id], child of element[sensor], not defined in SDF. Copying[gz_frame_id] as children of [sensor].
[cbba_node-51] [INFO] [1789374994.526303947] [amr_6.cbba_node]: CBBA Node initialized for amr_6 (bundle cap: 8)
[cbba_node-54] [INFO] [1789374994.547937317] [amr_9.cbba_node]: CBBA Node initialized for amr_9 (bundle cap: 8)
[gazebo-1] [1;33mWarning [Utils.cc:132][0m [/sdf/model[@name="amr"]/link[@name="amr_9/base_footprint"]/sensor[@name="amr_9_lidar"]/gz_frame_id:<urdf-string>:L0]: XML Element[gz_frame_id], child of element[sensor], not defined in SDF. Copying[gz_frame_id] as children of [sensor].
[gazebo-1] [1;33mWarning [Utils.cc:132][0m [/sdf/model[@name="amr"]/link[@name="amr_3/base_footprint"]/sensor[@name="amr_3_lidar"]/gz_frame_id:<urdf-string>:L0]: XML Element[gz_frame_id], child of element[sensor], not defined in SDF. Copying[gz_frame_id] as children of [sensor].
[gazebo-1] [1;33mWarning [Utils.cc:132][0m [/sdf/model[@name="amr"]/link[@name="amr_7/base_footprint"]/sensor[@name="amr_7_lidar"]/gz_frame_id:<urdf-string>:L0]: XML Element[gz_frame_id], child of element[sensor], not defined in SDF. Copying[gz_frame_id] as children of [sensor].
[INFO] [create-29]: process has finished cleanly [pid 236272]
[gazebo-1] [1;33mWarning [Utils.cc:132][0m [/sdf/model[@name="amr"]/link[@name="amr_4/base_footprint"]/sensor[@name="amr_4_lidar"]/gz_frame_id:<urdf-string>:L0]: XML Element[gz_frame_id], child of element[sensor], not defined in SDF. Copying[gz_frame_id] as children of [sensor].
[gazebo-1] [1;33mWarning [Utils.cc:132][0m [/sdf/model[@name="amr"]/link[@name="amr_6/base_footprint"]/sensor[@name="amr_6_lidar"]/gz_frame_id:<urdf-string>:L0]: XML Element[gz_frame_id], child of element[sensor], not defined in SDF. Copying[gz_frame_id] as children of [sensor].
[create-25] [INFO] [1789374994.799385309] [amr_5_spawner]: Entity creation successful.
[cbba_node-46] [INFO] [1789374994.841997334] [amr_1.cbba_node]: CBBA Node initialized for amr_1 (bundle cap: 8)
[rh_node-60] [INFO] [1789374994.862977700] [amr_5.rh_node]: Rolling-Horizon Planner initialized for amr_5 (h=10, w=4, heuristic=PRIORITY_FIRST)
[rh_node-62] [INFO] [1789374994.867229657] [amr_7.rh_node]: Rolling-Horizon Planner initialized for amr_7 (h=10, w=4, heuristic=PRIORITY_FIRST)
[parameter_bridge-22] [INFO] [1789374994.883926229] [amr_4_bridge]: Passing message from ROS geometry_msgs/msg/Twist to Gazebo gz.msgs.Twist (showing msg only once per type)
[gazebo-1] [1;33mWarning [Utils.cc:132][0m [/sdf/model[@name="amr"]/link[@name="amr_5/base_footprint"]/sensor[@name="amr_5_lidar"]/gz_frame_id:<urdf-string>:L0]: XML Element[gz_frame_id], child of element[sensor], not defined in SDF. Copying[gz_frame_id] as children of [sensor].
[INFO] [create-25]: process has finished cleanly [pid 236213]
[parameter_bridge-10] [INFO] [1789374995.538307735] [amr_1_bridge]: Passing message from ROS geometry_msgs/msg/Twist to Gazebo gz.msgs.Twist (showing msg only once per type)
[parameter_bridge-34] [INFO] [1789374995.566384102] [amr_7_bridge]: Passing message from ROS geometry_msgs/msg/Twist to Gazebo gz.msgs.Twist (showing msg only once per type)
[parameter_bridge-6] [INFO] [1789374995.698144307] [amr_0_bridge]: Passing message from ROS geometry_msgs/msg/Twist to Gazebo gz.msgs.Twist (showing msg only once per type)
[parameter_bridge-26] [INFO] [1789374995.866302814] [amr_5_bridge]: Passing message from ROS geometry_msgs/msg/Twist to Gazebo gz.msgs.Twist (showing msg only once per type)
[parameter_bridge-18] [INFO] [1789374995.959575490] [amr_3_bridge]: Passing message from ROS geometry_msgs/msg/Twist to Gazebo gz.msgs.Twist (showing msg only once per type)
[parameter_bridge-38] [INFO] [1789374995.986750849] [amr_8_bridge]: Passing message from ROS geometry_msgs/msg/Twist to Gazebo gz.msgs.Twist (showing msg only once per type)
[parameter_bridge-14] [INFO] [1789374996.098639094] [amr_2_bridge]: Passing message from ROS geometry_msgs/msg/Twist to Gazebo gz.msgs.Twist (showing msg only once per type)
[parameter_bridge-30] [INFO] [1789374996.178739016] [amr_6_bridge]: Passing message from ROS geometry_msgs/msg/Twist to Gazebo gz.msgs.Twist (showing msg only once per type)
[parameter_bridge-42] [INFO] [1789374996.207390870] [amr_9_bridge]: Passing message from ROS geometry_msgs/msg/Twist to Gazebo gz.msgs.Twist (showing msg only once per type)
[rh_node-58] [INFO] [1789374997.859882946] [amr_3.rh_node]: [amr_3] Reached pickup for task 'task_m9_v2_w30_0004'. Moving to dropoff.
[task_manager-44] [INFO] [1789374997.861093708] [amr_task_manager]: Task 'task_m9_v2_w30_0004' transitioned to IN_PROGRESS
[rh_node-61] [INFO] [1789374997.979311770] [amr_6.rh_node]: [amr_6] Reached pickup for task 'task_m9_v2_w30_0016'. Moving to dropoff.
[task_manager-44] [INFO] [1789374997.980519754] [amr_task_manager]: Task 'task_m9_v2_w30_0016' transitioned to IN_PROGRESS
[rh_node-58] [INFO] [1789374998.359842428] [amr_3.rh_node]: [amr_3] Reached pickup for task 'task_m9_v2_w30_0004'. Moving to dropoff.
[cbba_node-47] [INFO] [1789374999.536664264] [amr_2.cbba_node]: Committed task task_m9_v2_w30_0003 assignment to amr_2
[cbba_node-47] [INFO] [1789374999.537448142] [amr_2.cbba_node]: Committed task task_m9_v2_w30_0012 assignment to amr_2
[cbba_node-47] [INFO] [1789374999.538117931] [amr_2.cbba_node]: Committed task task_m9_v2_w30_0023 assignment to amr_2
[task_manager-44] [INFO] [1789374999.538229337] [amr_task_manager]: Task 'task_m9_v2_w30_0003' transitioned to ASSIGNED
[cbba_node-53] [INFO] [1789374999.539311919] [amr_8.cbba_node]: Committed task task_m9_v2_w30_0008 assignment to amr_8
[cbba_node-53] [INFO] [1789374999.540107914] [amr_8.cbba_node]: Committed task task_m9_v2_w30_0019 assignment to amr_8
[task_manager-44] [INFO] [1789374999.539395099] [amr_task_manager]: Task 'task_m9_v2_w30_0012' transitioned to ASSIGNED
[cbba_node-48] [INFO] [1789374999.539556170] [amr_3.cbba_node]: Committed task task_m9_v2_w30_0004 assignment to amr_3
[cbba_node-48] [INFO] [1789374999.540210887] [amr_3.cbba_node]: Committed task task_m9_v2_w30_0013 assignment to amr_3
[cbba_node-48] [INFO] [1789374999.540969995] [amr_3.cbba_node]: Committed task task_m9_v2_w30_0024 assignment to amr_3
[cbba_node-53] [INFO] [1789374999.540994975] [amr_8.cbba_node]: Committed task task_m9_v2_w30_0029 assignment to amr_8
[task_manager-44] [INFO] [1789374999.541110202] [amr_task_manager]: Task 'task_m9_v2_w30_0023' transitioned to ASSIGNED
[task_manager-44] [ERROR] [1789374999.542323666] [amr_task_manager]: Rejected transition for task 'task_m9_v2_w30_0004': Invalid task transition from IN_PROGRESS to ASSIGNED for task 'task_m9_v2_w30_0004'
[task_manager-44] [INFO] [1789374999.543045549] [amr_task_manager]: Task 'task_m9_v2_w30_0008' transitioned to ASSIGNED
[task_manager-44] [INFO] [1789374999.543611950] [amr_task_manager]: Task 'task_m9_v2_w30_0019' transitioned to ASSIGNED
[task_manager-44] [INFO] [1789374999.544111301] [amr_task_manager]: Task 'task_m9_v2_w30_0013' transitioned to ASSIGNED
[task_manager-44] [INFO] [1789374999.544595881] [amr_task_manager]: Task 'task_m9_v2_w30_0029' transitioned to ASSIGNED
[task_manager-44] [INFO] [1789374999.545076195] [amr_task_manager]: Task 'task_m9_v2_w30_0024' transitioned to ASSIGNED
[cbba_node-52] [INFO] [1789374999.606432780] [amr_7.cbba_node]: Committed task task_m9_v2_w30_0007 assignment to amr_7
[task_manager-44] [INFO] [1789374999.606522358] [amr_task_manager]: Task 'task_m9_v2_w30_0007' transitioned to ASSIGNED
[cbba_node-52] [INFO] [1789374999.607173011] [amr_7.cbba_node]: Committed task task_m9_v2_w30_0018 assignment to amr_7
[task_manager-44] [INFO] [1789374999.607196447] [amr_task_manager]: Task 'task_m9_v2_w30_0018' transitioned to ASSIGNED
[cbba_node-52] [INFO] [1789374999.607645733] [amr_7.cbba_node]: Committed task task_m9_v2_w30_0028 assignment to amr_7
[task_manager-44] [INFO] [1789374999.607798743] [amr_task_manager]: Task 'task_m9_v2_w30_0028' transitioned to ASSIGNED
[task_manager-44] [INFO] [1789374999.609838196] [amr_task_manager]: Task 'task_m9_v2_w30_0001' transitioned to ASSIGNED
[cbba_node-45] [INFO] [1789374999.610057071] [amr_0.cbba_node]: Committed task task_m9_v2_w30_0001 assignment to amr_0
[task_manager-44] [INFO] [1789374999.610670537] [amr_task_manager]: Task 'task_m9_v2_w30_0010' transitioned to ASSIGNED
[cbba_node-45] [INFO] [1789374999.610856357] [amr_0.cbba_node]: Committed task task_m9_v2_w30_0010 assignment to amr_0
[cbba_node-45] [INFO] [1789374999.611591817] [amr_0.cbba_node]: Committed task task_m9_v2_w30_0021 assignment to amr_0
[task_manager-44] [INFO] [1789374999.611619186] [amr_task_manager]: Task 'task_m9_v2_w30_0021' transitioned to ASSIGNED
[cbba_node-49] [INFO] [1789374999.614476422] [amr_4.cbba_node]: Committed task task_m9_v2_w30_0017 assignment to amr_4
[task_manager-44] [INFO] [1789374999.614881441] [amr_task_manager]: Task 'task_m9_v2_w30_0017' transitioned to ASSIGNED
[cbba_node-49] [INFO] [1789374999.615023927] [amr_4.cbba_node]: Committed task task_m9_v2_w30_0014 assignment to amr_4
[cbba_node-49] [INFO] [1789374999.615498437] [amr_4.cbba_node]: Committed task task_m9_v2_w30_0025 assignment to amr_4
[task_manager-44] [INFO] [1789374999.615838919] [amr_task_manager]: Task 'task_m9_v2_w30_0014' transitioned to ASSIGNED
[task_manager-44] [INFO] [1789374999.616613013] [amr_task_manager]: Task 'task_m9_v2_w30_0025' transitioned to ASSIGNED
[cbba_node-46] [INFO] [1789374999.620744948] [amr_1.cbba_node]: Committed task task_m9_v2_w30_0002 assignment to amr_1
[task_manager-44] [INFO] [1789374999.620805581] [amr_task_manager]: Task 'task_m9_v2_w30_0002' transitioned to ASSIGNED
[task_manager-44] [INFO] [1789374999.621504634] [amr_task_manager]: Task 'task_m9_v2_w30_0011' transitioned to ASSIGNED
[cbba_node-46] [INFO] [1789374999.621723139] [amr_1.cbba_node]: Committed task task_m9_v2_w30_0011 assignment to amr_1
[task_manager-44] [INFO] [1789374999.622299742] [amr_task_manager]: Task 'task_m9_v2_w30_0022' transitioned to ASSIGNED
[cbba_node-46] [INFO] [1789374999.623124738] [amr_1.cbba_node]: Committed task task_m9_v2_w30_0022 assignment to amr_1
[cbba_node-50] [INFO] [1789374999.689573283] [amr_5.cbba_node]: Committed task task_m9_v2_w30_0005 assignment to amr_5
[task_manager-44] [INFO] [1789374999.689728499] [amr_task_manager]: Task 'task_m9_v2_w30_0005' transitioned to ASSIGNED
[cbba_node-50] [INFO] [1789374999.690359093] [amr_5.cbba_node]: Committed task task_m9_v2_w30_0015 assignment to amr_5
[task_manager-44] [INFO] [1789374999.690529008] [amr_task_manager]: Task 'task_m9_v2_w30_0015' transitioned to ASSIGNED
[cbba_node-50] [INFO] [1789374999.691109390] [amr_5.cbba_node]: Committed task task_m9_v2_w30_0026 assignment to amr_5
[task_manager-44] [INFO] [1789374999.691174184] [amr_task_manager]: Task 'task_m9_v2_w30_0026' transitioned to ASSIGNED
[task_manager-44] [INFO] [1789374999.703719428] [amr_task_manager]: Task 'task_m9_v2_w30_0006' transitioned to ASSIGNED
[cbba_node-51] [INFO] [1789374999.703926075] [amr_6.cbba_node]: Committed task task_m9_v2_w30_0006 assignment to amr_6
[cbba_node-51] [INFO] [1789374999.704566648] [amr_6.cbba_node]: Committed task task_m9_v2_w30_0016 assignment to amr_6
[task_manager-44] [ERROR] [1789374999.704719162] [amr_task_manager]: Rejected transition for task 'task_m9_v2_w30_0016': Invalid task transition from IN_PROGRESS to ASSIGNED for task 'task_m9_v2_w30_0016'
[cbba_node-51] [INFO] [1789374999.705027613] [amr_6.cbba_node]: Committed task task_m9_v2_w30_0027 assignment to amr_6
[task_manager-44] [INFO] [1789374999.705288768] [amr_task_manager]: Task 'task_m9_v2_w30_0027' transitioned to ASSIGNED
[cbba_node-54] [INFO] [1789374999.727682336] [amr_9.cbba_node]: Committed task task_m9_v2_w30_0009 assignment to amr_9
[cbba_node-54] [INFO] [1789374999.728878864] [amr_9.cbba_node]: Committed task task_m9_v2_w30_0020 assignment to amr_9
[task_manager-44] [INFO] [1789374999.729013400] [amr_task_manager]: Task 'task_m9_v2_w30_0009' transitioned to ASSIGNED
[task_manager-44] [INFO] [1789374999.729608823] [amr_task_manager]: Task 'task_m9_v2_w30_0020' transitioned to ASSIGNED
[cbba_node-54] [INFO] [1789374999.729818007] [amr_9.cbba_node]: Committed task task_m9_v2_w30_0030 assignment to amr_9
[task_manager-44] [INFO] [1789374999.730096025] [amr_task_manager]: Task 'task_m9_v2_w30_0030' transitioned to ASSIGNED
[rh_node-55] [INFO] [1789375023.189763559] [amr_0.rh_node]: [amr_0] Reached pickup for task 'task_m9_v2_w30_0021'. Moving to dropoff.
[task_manager-44] [INFO] [1789375023.191404914] [amr_task_manager]: Task 'task_m9_v2_w30_0021' transitioned to IN_PROGRESS
[rh_node-59] [INFO] [1789375026.782718037] [amr_4.rh_node]: [amr_4] Reached pickup for task 'task_m9_v2_w30_0025'. Moving to dropoff.
[task_manager-44] [INFO] [1789375026.784321406] [amr_task_manager]: Task 'task_m9_v2_w30_0025' transitioned to IN_PROGRESS
[rh_node-62] [INFO] [1789375045.868401725] [amr_7.rh_node]: [amr_7] Pruned expired reservations for peers: ['amr_5']
[rh_node-61] [INFO] [1789375045.980568961] [amr_6.rh_node]: [amr_6] Pruned expired reservations for peers: ['amr_5']
[rh_node-57] [INFO] [1789375046.000107513] [amr_2.rh_node]: [amr_2] Pruned expired reservations for peers: ['amr_5']
[rh_node-64] [INFO] [1789375046.008868470] [amr_9.rh_node]: [amr_9] Pruned expired reservations for peers: ['amr_5']
[rh_node-56] [INFO] [1789375046.036418983] [amr_1.rh_node]: [amr_1] Pruned expired reservations for peers: ['amr_5']
[rh_node-55] [INFO] [1789375046.190693325] [amr_0.rh_node]: [amr_0] Pruned expired reservations for peers: ['amr_5']
[rh_node-63] [INFO] [1789375046.191259957] [amr_8.rh_node]: [amr_8] Pruned expired reservations for peers: ['amr_5']
[rh_node-59] [INFO] [1789375046.284868832] [amr_4.rh_node]: [amr_4] Pruned expired reservations for peers: ['amr_5']
[rh_node-58] [INFO] [1789375046.361454277] [amr_3.rh_node]: [amr_3] Pruned expired reservations for peers: ['amr_5']
[rh_node-62] [INFO] [1789375046.368791216] [amr_7.rh_node]: [amr_7] Pruned expired reservations for peers: ['amr_5']
[rh_node-61] [INFO] [1789375046.480182014] [amr_6.rh_node]: [amr_6] Pruned expired reservations for peers: ['amr_5']
[rh_node-57] [INFO] [1789375046.500389175] [amr_2.rh_node]: [amr_2] Pruned expired reservations for peers: ['amr_5']
[rh_node-64] [INFO] [1789375046.509128807] [amr_9.rh_node]: [amr_9] Pruned expired reservations for peers: ['amr_5']
[rh_node-56] [INFO] [1789375046.537087125] [amr_1.rh_node]: [amr_1] Pruned expired reservations for peers: ['amr_5']
[rh_node-63] [INFO] [1789375046.687075291] [amr_8.rh_node]: [amr_8] Pruned expired reservations for peers: ['amr_5']
[rh_node-55] [INFO] [1789375046.691010415] [amr_0.rh_node]: [amr_0] Pruned expired reservations for peers: ['amr_5']
[rh_node-59] [INFO] [1789375046.785939781] [amr_4.rh_node]: [amr_4] Pruned expired reservations for peers: ['amr_5']
[rh_node-58] [INFO] [1789375046.861241348] [amr_3.rh_node]: [amr_3] Pruned expired reservations for peers: ['amr_5']
[rh_node-62] [INFO] [1789375046.868975387] [amr_7.rh_node]: [amr_7] Pruned expired reservations for peers: ['amr_5']
[rh_node-61] [INFO] [1789375046.980024805] [amr_6.rh_node]: [amr_6] Pruned expired reservations for peers: ['amr_5']
[rh_node-57] [INFO] [1789375047.000154534] [amr_2.rh_node]: [amr_2] Pruned expired reservations for peers: ['amr_5']
[rh_node-64] [INFO] [1789375047.011201214] [amr_9.rh_node]: [amr_9] Pruned expired reservations for peers: ['amr_5']
[rh_node-56] [INFO] [1789375047.037413281] [amr_1.rh_node]: [amr_1] Pruned expired reservations for peers: ['amr_5']
[rh_node-63] [INFO] [1789375047.187672557] [amr_8.rh_node]: [amr_8] Pruned expired reservations for peers: ['amr_5']
[rh_node-55] [INFO] [1789375047.191469166] [amr_0.rh_node]: [amr_0] Pruned expired reservations for peers: ['amr_5']
[rh_node-59] [INFO] [1789375047.284820898] [amr_4.rh_node]: [amr_4] Pruned expired reservations for peers: ['amr_5']
[rh_node-58] [INFO] [1789375047.361038815] [amr_3.rh_node]: [amr_3] Pruned expired reservations for peers: ['amr_5']
[rh_node-62] [INFO] [1789375047.370411784] [amr_7.rh_node]: [amr_7] Pruned expired reservations for peers: ['amr_5']
[rh_node-61] [INFO] [1789375047.480403825] [amr_6.rh_node]: [amr_6] Pruned expired reservations for peers: ['amr_5']
[rh_node-57] [INFO] [1789375047.500122131] [amr_2.rh_node]: [amr_2] Pruned expired reservations for peers: ['amr_5']
[rh_node-64] [INFO] [1789375047.509306161] [amr_9.rh_node]: [amr_9] Pruned expired reservations for peers: ['amr_5']
[rh_node-56] [INFO] [1789375047.536672124] [amr_1.rh_node]: [amr_1] Pruned expired reservations for peers: ['amr_5']
[rh_node-63] [INFO] [1789375047.687412374] [amr_8.rh_node]: [amr_8] Pruned expired reservations for peers: ['amr_5']
[rh_node-55] [INFO] [1789375047.691288523] [amr_0.rh_node]: [amr_0] Pruned expired reservations for peers: ['amr_5']
[rh_node-59] [INFO] [1789375047.784900635] [amr_4.rh_node]: [amr_4] Pruned expired reservations for peers: ['amr_5']
[rh_node-58] [INFO] [1789375047.861086914] [amr_3.rh_node]: [amr_3] Pruned expired reservations for peers: ['amr_5']
[rh_node-62] [INFO] [1789375047.867879703] [amr_7.rh_node]: [amr_7] Pruned expired reservations for peers: ['amr_5']
[rh_node-61] [INFO] [1789375047.980481289] [amr_6.rh_node]: [amr_6] Pruned expired reservations for peers: ['amr_5']
[rh_node-57] [INFO] [1789375047.999486886] [amr_2.rh_node]: [amr_2] Pruned expired reservations for peers: ['amr_5']
[rh_node-64] [INFO] [1789375048.008855056] [amr_9.rh_node]: [amr_9] Pruned expired reservations for peers: ['amr_5']
[rh_node-56] [INFO] [1789375048.036604798] [amr_1.rh_node]: [amr_1] Pruned expired reservations for peers: ['amr_5']
[rh_node-63] [INFO] [1789375048.187925483] [amr_8.rh_node]: [amr_8] Pruned expired reservations for peers: ['amr_5']
[rh_node-55] [INFO] [1789375048.190430193] [amr_0.rh_node]: [amr_0] Pruned expired reservations for peers: ['amr_5']
[rh_node-59] [INFO] [1789375048.284460663] [amr_4.rh_node]: [amr_4] Pruned expired reservations for peers: ['amr_5']
[rh_node-58] [INFO] [1789375048.361142484] [amr_3.rh_node]: [amr_3] Pruned expired reservations for peers: ['amr_5']
[rh_node-62] [INFO] [1789375048.368492542] [amr_7.rh_node]: [amr_7] Pruned expired reservations for peers: ['amr_5']
[rh_node-61] [INFO] [1789375048.479825814] [amr_6.rh_node]: [amr_6] Pruned expired reservations for peers: ['amr_5']
[rh_node-57] [INFO] [1789375048.500372625] [amr_2.rh_node]: [amr_2] Pruned expired reservations for peers: ['amr_5']
[rh_node-64] [INFO] [1789375048.509196596] [amr_9.rh_node]: [amr_9] Pruned expired reservations for peers: ['amr_5']
[rh_node-56] [INFO] [1789375048.536628177] [amr_1.rh_node]: [amr_1] Pruned expired reservations for peers: ['amr_5']
[rh_node-63] [INFO] [1789375048.687352848] [amr_8.rh_node]: [amr_8] Pruned expired reservations for peers: ['amr_5']
[rh_node-55] [INFO] [1789375048.690914400] [amr_0.rh_node]: [amr_0] Pruned expired reservations for peers: ['amr_5']
[rh_node-59] [INFO] [1789375048.784790889] [amr_4.rh_node]: [amr_4] Pruned expired reservations for peers: ['amr_5']
[rh_node-58] [INFO] [1789375048.861472218] [amr_3.rh_node]: [amr_3] Pruned expired reservations for peers: ['amr_5']
[rh_node-62] [INFO] [1789375048.867975851] [amr_7.rh_node]: [amr_7] Pruned expired reservations for peers: ['amr_5']
[rh_node-61] [INFO] [1789375048.980149947] [amr_6.rh_node]: [amr_6] Pruned expired reservations for peers: ['amr_5']
[rh_node-57] [INFO] [1789375049.000969445] [amr_2.rh_node]: [amr_2] Pruned expired reservations for peers: ['amr_5']
[rh_node-64] [INFO] [1789375049.009778403] [amr_9.rh_node]: [amr_9] Pruned expired reservations for peers: ['amr_5']
[rh_node-56] [INFO] [1789375049.036395969] [amr_1.rh_node]: [amr_1] Pruned expired reservations for peers: ['amr_5']
[rh_node-63] [INFO] [1789375049.187464481] [amr_8.rh_node]: [amr_8] Pruned expired reservations for peers: ['amr_5']
[rh_node-55] [INFO] [1789375049.191157198] [amr_0.rh_node]: [amr_0] Pruned expired reservations for peers: ['amr_5']
[rh_node-59] [INFO] [1789375049.284167462] [amr_4.rh_node]: [amr_4] Pruned expired reservations for peers: ['amr_5']
[rh_node-58] [INFO] [1789375049.360989004] [amr_3.rh_node]: [amr_3] Pruned expired reservations for peers: ['amr_5']
[rh_node-62] [INFO] [1789375049.368857947] [amr_7.rh_node]: [amr_7] Pruned expired reservations for peers: ['amr_5']
[rh_node-61] [INFO] [1789375049.480110741] [amr_6.rh_node]: [amr_6] Pruned expired reservations for peers: ['amr_5']
[rh_node-57] [INFO] [1789375049.502029292] [amr_2.rh_node]: [amr_2] Pruned expired reservations for peers: ['amr_5']
[rh_node-64] [INFO] [1789375049.509076578] [amr_9.rh_node]: [amr_9] Pruned expired reservations for peers: ['amr_5']
[rh_node-56] [INFO] [1789375049.536747660] [amr_1.rh_node]: [amr_1] Pruned expired reservations for peers: ['amr_5']
[rh_node-63] [INFO] [1789375049.687411346] [amr_8.rh_node]: [amr_8] Pruned expired reservations for peers: ['amr_5']
[rh_node-55] [INFO] [1789375049.691203155] [amr_0.rh_node]: [amr_0] Pruned expired reservations for peers: ['amr_5']
[rh_node-59] [INFO] [1789375049.784245577] [amr_4.rh_node]: [amr_4] Pruned expired reservations for peers: ['amr_5']
[rh_node-58] [INFO] [1789375049.861114493] [amr_3.rh_node]: [amr_3] Pruned expired reservations for peers: ['amr_5']
[rh_node-62] [INFO] [1789375049.868566732] [amr_7.rh_node]: [amr_7] Pruned expired reservations for peers: ['amr_5']
[rh_node-61] [INFO] [1789375049.979907658] [amr_6.rh_node]: [amr_6] Pruned expired reservations for peers: ['amr_5']
[rh_node-57] [INFO] [1789375049.999933386] [amr_2.rh_node]: [amr_2] Pruned expired reservations for peers: ['amr_5']
[rh_node-64] [INFO] [1789375050.009489477] [amr_9.rh_node]: [amr_9] Pruned expired reservations for peers: ['amr_5']
[rh_node-56] [INFO] [1789375050.036752361] [amr_1.rh_node]: [amr_1] Pruned expired reservations for peers: ['amr_5']
[rh_node-63] [INFO] [1789375050.187729546] [amr_8.rh_node]: [amr_8] Pruned expired reservations for peers: ['amr_5']
[rh_node-55] [INFO] [1789375050.190565829] [amr_0.rh_node]: [amr_0] Pruned expired reservations for peers: ['amr_5']
[rh_node-59] [INFO] [1789375050.284639621] [amr_4.rh_node]: [amr_4] Pruned expired reservations for peers: ['amr_5']
[rh_node-58] [INFO] [1789375050.360558900] [amr_3.rh_node]: [amr_3] Pruned expired reservations for peers: ['amr_5']
[rh_node-62] [INFO] [1789375050.369899742] [amr_7.rh_node]: [amr_7] Pruned expired reservations for peers: ['amr_5']
[rh_node-61] [INFO] [1789375050.480544487] [amr_6.rh_node]: [amr_6] Pruned expired reservations for peers: ['amr_5']
[rh_node-57] [INFO] [1789375050.500033095] [amr_2.rh_node]: [amr_2] Pruned expired reservations for peers: ['amr_5']
[rh_node-64] [INFO] [1789375050.509211241] [amr_9.rh_node]: [amr_9] Pruned expired reservations for peers: ['amr_5']
[rh_node-56] [INFO] [1789375050.536608687] [amr_1.rh_node]: [amr_1] Pruned expired reservations for peers: ['amr_5']
[rh_node-63] [INFO] [1789375050.687080228] [amr_8.rh_node]: [amr_8] Pruned expired reservations for peers: ['amr_5']
[rh_node-55] [INFO] [1789375050.691171954] [amr_0.rh_node]: [amr_0] Pruned expired reservations for peers: ['amr_5']
[rh_node-59] [INFO] [1789375050.784479164] [amr_4.rh_node]: [amr_4] Pruned expired reservations for peers: ['amr_5']
[rh_node-58] [INFO] [1789375050.861107887] [amr_3.rh_node]: [amr_3] Pruned expired reservations for peers: ['amr_5']
[rh_node-62] [INFO] [1789375050.869005815] [amr_7.rh_node]: [amr_7] Pruned expired reservations for peers: ['amr_5']
[rh_node-61] [INFO] [1789375050.980321291] [amr_6.rh_node]: [amr_6] Pruned expired reservations for peers: ['amr_5']
[rh_node-57] [INFO] [1789375051.000074834] [amr_2.rh_node]: [amr_2] Pruned expired reservations for peers: ['amr_5']
[rh_node-64] [INFO] [1789375051.009064177] [amr_9.rh_node]: [amr_9] Pruned expired reservations for peers: ['amr_5']
[rh_node-56] [INFO] [1789375051.036657674] [amr_1.rh_node]: [amr_1] Pruned expired reservations for peers: ['amr_5']
[rh_node-63] [INFO] [1789375051.187956597] [amr_8.rh_node]: [amr_8] Pruned expired reservations for peers: ['amr_5']
[rh_node-55] [INFO] [1789375051.190484292] [amr_0.rh_node]: [amr_0] Pruned expired reservations for peers: ['amr_5']
[rh_node-59] [INFO] [1789375051.284677549] [amr_4.rh_node]: [amr_4] Pruned expired reservations for peers: ['amr_5']
[rh_node-58] [INFO] [1789375051.361448704] [amr_3.rh_node]: [amr_3] Pruned expired reservations for peers: ['amr_5']
[rh_node-62] [INFO] [1789375051.369099272] [amr_7.rh_node]: [amr_7] Pruned expired reservations for peers: ['amr_5']
[rh_node-61] [INFO] [1789375051.480736430] [amr_6.rh_node]: [amr_6] Pruned expired reservations for peers: ['amr_5']
[rh_node-57] [INFO] [1789375051.500099959] [amr_2.rh_node]: [amr_2] Pruned expired reservations for peers: ['amr_5']
[rh_node-64] [INFO] [1789375051.509741452] [amr_9.rh_node]: [amr_9] Pruned expired reservations for peers: ['amr_5']
[rh_node-56] [INFO] [1789375051.537248273] [amr_1.rh_node]: [amr_1] Pruned expired reservations for peers: ['amr_5']
[rh_node-63] [INFO] [1789375051.687737359] [amr_8.rh_node]: [amr_8] Pruned expired reservations for peers: ['amr_5']
[rh_node-55] [INFO] [1789375051.691034856] [amr_0.rh_node]: [amr_0] Pruned expired reservations for peers: ['amr_5']
[rh_node-59] [INFO] [1789375051.785077296] [amr_4.rh_node]: [amr_4] Pruned expired reservations for peers: ['amr_5']
[rh_node-58] [INFO] [1789375051.861053761] [amr_3.rh_node]: [amr_3] Pruned expired reservations for peers: ['amr_5']
[rh_node-62] [INFO] [1789375051.868488273] [amr_7.rh_node]: [amr_7] Pruned expired reservations for peers: ['amr_5']
[rh_node-61] [INFO] [1789375051.979091733] [amr_6.rh_node]: [amr_6] Reached pickup for task 'task_m9_v2_w30_0027'. Moving to dropoff.
[task_manager-44] [INFO] [1789375051.980368095] [amr_task_manager]: Task 'task_m9_v2_w30_0027' transitioned to IN_PROGRESS
[rh_node-61] [INFO] [1789375051.982953291] [amr_6.rh_node]: [amr_6] Pruned expired reservations for peers: ['amr_5']
[rh_node-57] [INFO] [1789375052.000090180] [amr_2.rh_node]: [amr_2] Pruned expired reservations for peers: ['amr_5']
[rh_node-64] [INFO] [1789375052.008816449] [amr_9.rh_node]: [amr_9] Pruned expired reservations for peers: ['amr_5']
[rh_node-56] [INFO] [1789375052.036874877] [amr_1.rh_node]: [amr_1] Pruned expired reservations for peers: ['amr_5']
[rh_node-63] [INFO] [1789375052.188237119] [amr_8.rh_node]: [amr_8] Pruned expired reservations for peers: ['amr_5']
[rh_node-55] [INFO] [1789375052.191164725] [amr_0.rh_node]: [amr_0] Pruned expired reservations for peers: ['amr_5']
[rh_node-59] [INFO] [1789375052.284295449] [amr_4.rh_node]: [amr_4] Pruned expired reservations for peers: ['amr_5']
[rh_node-58] [INFO] [1789375052.361396991] [amr_3.rh_node]: [amr_3] Pruned expired reservations for peers: ['amr_5']
[rh_node-62] [INFO] [1789375052.368199185] [amr_7.rh_node]: [amr_7] Pruned expired reservations for peers: ['amr_5']
[rh_node-61] [INFO] [1789375052.480492905] [amr_6.rh_node]: [amr_6] Pruned expired reservations for peers: ['amr_5']
[rh_node-57] [INFO] [1789375052.499631828] [amr_2.rh_node]: [amr_2] Pruned expired reservations for peers: ['amr_5']
[rh_node-64] [INFO] [1789375052.509274660] [amr_9.rh_node]: [amr_9] Pruned expired reservations for peers: ['amr_5']
[rh_node-56] [INFO] [1789375052.536652623] [amr_1.rh_node]: [amr_1] Pruned expired reservations for peers: ['amr_5']
[rh_node-63] [INFO] [1789375052.688640748] [amr_8.rh_node]: [amr_8] Pruned expired reservations for peers: ['amr_5']
[rh_node-55] [INFO] [1789375052.691005280] [amr_0.rh_node]: [amr_0] Pruned expired reservations for peers: ['amr_5']
[rh_node-59] [INFO] [1789375052.784541123] [amr_4.rh_node]: [amr_4] Pruned expired reservations for peers: ['amr_5']
[rh_node-58] [INFO] [1789375052.861038468] [amr_3.rh_node]: [amr_3] Pruned expired reservations for peers: ['amr_5']
[rh_node-62] [INFO] [1789375052.869085635] [amr_7.rh_node]: [amr_7] Pruned expired reservations for peers: ['amr_5']
[rh_node-61] [INFO] [1789375052.980415207] [amr_6.rh_node]: [amr_6] Pruned expired reservations for peers: ['amr_5']
[rh_node-57] [INFO] [1789375053.000304046] [amr_2.rh_node]: [amr_2] Pruned expired reservations for peers: ['amr_5']
[rh_node-64] [INFO] [1789375053.009121403] [amr_9.rh_node]: [amr_9] Pruned expired reservations for peers: ['amr_5']
[rh_node-56] [INFO] [1789375053.037028955] [amr_1.rh_node]: [amr_1] Pruned expired reservations for peers: ['amr_5']
[rh_node-63] [INFO] [1789375053.188032241] [amr_8.rh_node]: [amr_8] Pruned expired reservations for peers: ['amr_5']
[rh_node-55] [INFO] [1789375053.190912563] [amr_0.rh_node]: [amr_0] Pruned expired reservations for peers: ['amr_5']
[rh_node-59] [INFO] [1789375053.284445429] [amr_4.rh_node]: [amr_4] Pruned expired reservations for peers: ['amr_5']
[rh_node-58] [INFO] [1789375053.360628416] [amr_3.rh_node]: [amr_3] Pruned expired reservations for peers: ['amr_5']
[rh_node-62] [INFO] [1789375053.368726694] [amr_7.rh_node]: [amr_7] Pruned expired reservations for peers: ['amr_5']
[rh_node-61] [INFO] [1789375053.480747690] [amr_6.rh_node]: [amr_6] Pruned expired reservations for peers: ['amr_5']
[rh_node-57] [INFO] [1789375053.500231612] [amr_2.rh_node]: [amr_2] Pruned expired reservations for peers: ['amr_5']
[rh_node-64] [INFO] [1789375053.508565057] [amr_9.rh_node]: [amr_9] Pruned expired reservations for peers: ['amr_5']
[rh_node-56] [INFO] [1789375053.536416119] [amr_1.rh_node]: [amr_1] Pruned expired reservations for peers: ['amr_5']
[rh_node-63] [INFO] [1789375053.687823101] [amr_8.rh_node]: [amr_8] Pruned expired reservations for peers: ['amr_5']
[rh_node-55] [INFO] [1789375053.691247902] [amr_0.rh_node]: [amr_0] Pruned expired reservations for peers: ['amr_5']
[rh_node-59] [INFO] [1789375053.784467407] [amr_4.rh_node]: [amr_4] Pruned expired reservations for peers: ['amr_5']
[rh_node-58] [INFO] [1789375053.863149363] [amr_3.rh_node]: [amr_3] Pruned expired reservations for peers: ['amr_5']
[rh_node-62] [INFO] [1789375053.869047934] [amr_7.rh_node]: [amr_7] Pruned expired reservations for peers: ['amr_5']
[rh_node-61] [INFO] [1789375053.982099210] [amr_6.rh_node]: [amr_6] Pruned expired reservations for peers: ['amr_5']
[rh_node-57] [INFO] [1789375054.000165028] [amr_2.rh_node]: [amr_2] Pruned expired reservations for peers: ['amr_5']
[rh_node-64] [INFO] [1789375054.009314631] [amr_9.rh_node]: [amr_9] Pruned expired reservations for peers: ['amr_5']
[rh_node-56] [INFO] [1789375054.036869377] [amr_1.rh_node]: [amr_1] Pruned expired reservations for peers: ['amr_5']
[rh_node-63] [INFO] [1789375054.187921557] [amr_8.rh_node]: [amr_8] Pruned expired reservations for peers: ['amr_5']
[rh_node-55] [INFO] [1789375054.191264040] [amr_0.rh_node]: [amr_0] Pruned expired reservations for peers: ['amr_5']
[rh_node-59] [INFO] [1789375054.284491876] [amr_4.rh_node]: [amr_4] Pruned expired reservations for peers: ['amr_5']
[rh_node-58] [INFO] [1789375054.361211693] [amr_3.rh_node]: [amr_3] Pruned expired reservations for peers: ['amr_5']
[rh_node-62] [INFO] [1789375054.368723848] [amr_7.rh_node]: [amr_7] Pruned expired reservations for peers: ['amr_5']
[rh_node-61] [INFO] [1789375054.480805127] [amr_6.rh_node]: [amr_6] Pruned expired reservations for peers: ['amr_5']
[rh_node-57] [INFO] [1789375054.500073989] [amr_2.rh_node]: [amr_2] Pruned expired reservations for peers: ['amr_5']
[rh_node-64] [INFO] [1789375054.508678248] [amr_9.rh_node]: [amr_9] Pruned expired reservations for peers: ['amr_5']
[rh_node-56] [INFO] [1789375054.536961031] [amr_1.rh_node]: [amr_1] Pruned expired reservations for peers: ['amr_5']
[rh_node-63] [INFO] [1789375054.687781236] [amr_8.rh_node]: [amr_8] Pruned expired reservations for peers: ['amr_5']
[rh_node-55] [INFO] [1789375054.691416762] [amr_0.rh_node]: [amr_0] Pruned expired reservations for peers: ['amr_5']
[rh_node-59] [INFO] [1789375054.784418417] [amr_4.rh_node]: [amr_4] Pruned expired reservations for peers: ['amr_5']
[rh_node-58] [INFO] [1789375054.860991243] [amr_3.rh_node]: [amr_3] Pruned expired reservations for peers: ['amr_5']
[rh_node-62] [INFO] [1789375054.868640666] [amr_7.rh_node]: [amr_7] Pruned expired reservations for peers: ['amr_5']
[rh_node-61] [INFO] [1789375054.980751525] [amr_6.rh_node]: [amr_6] Pruned expired reservations for peers: ['amr_5']
[rh_node-57] [INFO] [1789375055.000088602] [amr_2.rh_node]: [amr_2] Pruned expired reservations for peers: ['amr_5']
[rh_node-64] [INFO] [1789375055.009105698] [amr_9.rh_node]: [amr_9] Pruned expired reservations for peers: ['amr_5']
[rh_node-56] [INFO] [1789375055.036714711] [amr_1.rh_node]: [amr_1] Pruned expired reservations for peers: ['amr_5']
[rh_node-63] [INFO] [1789375055.188374583] [amr_8.rh_node]: [amr_8] Pruned expired reservations for peers: ['amr_5']
[rh_node-55] [INFO] [1789375055.190358553] [amr_0.rh_node]: [amr_0] Pruned expired reservations for peers: ['amr_5']
[rh_node-59] [INFO] [1789375055.285168257] [amr_4.rh_node]: [amr_4] Pruned expired reservations for peers: ['amr_5']
[rh_node-58] [INFO] [1789375055.360714778] [amr_3.rh_node]: [amr_3] Pruned expired reservations for peers: ['amr_5']
[rh_node-62] [INFO] [1789375055.369006222] [amr_7.rh_node]: [amr_7] Pruned expired reservations for peers: ['amr_5']
[rh_node-61] [INFO] [1789375055.480135900] [amr_6.rh_node]: [amr_6] Pruned expired reservations for peers: ['amr_5']
[rh_node-57] [INFO] [1789375055.500054732] [amr_2.rh_node]: [amr_2] Pruned expired reservations for peers: ['amr_5']
[rh_node-64] [INFO] [1789375055.508972566] [amr_9.rh_node]: [amr_9] Pruned expired reservations for peers: ['amr_5']
[rh_node-56] [INFO] [1789375055.536837760] [amr_1.rh_node]: [amr_1] Pruned expired reservations for peers: ['amr_5']
[rh_node-63] [INFO] [1789375055.687718986] [amr_8.rh_node]: [amr_8] Pruned expired reservations for peers: ['amr_5']
[rh_node-55] [INFO] [1789375055.691908548] [amr_0.rh_node]: [amr_0] Pruned expired reservations for peers: ['amr_5']
[rh_node-59] [INFO] [1789375055.784615851] [amr_4.rh_node]: [amr_4] Pruned expired reservations for peers: ['amr_5']
[rh_node-58] [INFO] [1789375055.861130344] [amr_3.rh_node]: [amr_3] Pruned expired reservations for peers: ['amr_5']
[rh_node-62] [INFO] [1789375055.868041817] [amr_7.rh_node]: [amr_7] Pruned expired reservations for peers: ['amr_5']
[rh_node-61] [INFO] [1789375055.980767466] [amr_6.rh_node]: [amr_6] Pruned expired reservations for peers: ['amr_5']
[rh_node-57] [INFO] [1789375056.000078602] [amr_2.rh_node]: [amr_2] Pruned expired reservations for peers: ['amr_5']
[rh_node-64] [INFO] [1789375056.008741314] [amr_9.rh_node]: [amr_9] Pruned expired reservations for peers: ['amr_5']
[rh_node-56] [INFO] [1789375056.035985967] [amr_1.rh_node]: [amr_1] Pruned expired reservations for peers: ['amr_5']
[rh_node-63] [INFO] [1789375056.188010053] [amr_8.rh_node]: [amr_8] Pruned expired reservations for peers: ['amr_5']
[rh_node-55] [INFO] [1789375056.191000694] [amr_0.rh_node]: [amr_0] Pruned expired reservations for peers: ['amr_5']
[rh_node-59] [INFO] [1789375056.285278089] [amr_4.rh_node]: [amr_4] Pruned expired reservations for peers: ['amr_5']
[rh_node-58] [INFO] [1789375056.360576406] [amr_3.rh_node]: [amr_3] Pruned expired reservations for peers: ['amr_5']
[rh_node-62] [INFO] [1789375056.368892457] [amr_7.rh_node]: [amr_7] Pruned expired reservations for peers: ['amr_5']
[rh_node-61] [INFO] [1789375056.480735042] [amr_6.rh_node]: [amr_6] Pruned expired reservations for peers: ['amr_5']
[rh_node-57] [INFO] [1789375056.500166708] [amr_2.rh_node]: [amr_2] Pruned expired reservations for peers: ['amr_5']
[rh_node-64] [INFO] [1789375056.508717121] [amr_9.rh_node]: [amr_9] Pruned expired reservations for peers: ['amr_5']
[rh_node-56] [INFO] [1789375056.537085386] [amr_1.rh_node]: [amr_1] Pruned expired reservations for peers: ['amr_5']
[rh_node-63] [INFO] [1789375056.687909717] [amr_8.rh_node]: [amr_8] Pruned expired reservations for peers: ['amr_5']
[rh_node-55] [INFO] [1789375056.691325495] [amr_0.rh_node]: [amr_0] Pruned expired reservations for peers: ['amr_5']
[rh_node-59] [INFO] [1789375056.786192294] [amr_4.rh_node]: [amr_4] Pruned expired reservations for peers: ['amr_5']
[rh_node-58] [INFO] [1789375056.861299827] [amr_3.rh_node]: [amr_3] Pruned expired reservations for peers: ['amr_5']
[rh_node-62] [INFO] [1789375056.870183633] [amr_7.rh_node]: [amr_7] Pruned expired reservations for peers: ['amr_5']
[rh_node-61] [INFO] [1789375056.982027254] [amr_6.rh_node]: [amr_6] Pruned expired reservations for peers: ['amr_5']
[rh_node-57] [INFO] [1789375056.999744642] [amr_2.rh_node]: [amr_2] Pruned expired reservations for peers: ['amr_5']
[rh_node-64] [INFO] [1789375057.008960310] [amr_9.rh_node]: [amr_9] Pruned expired reservations for peers: ['amr_5']
[rh_node-56] [INFO] [1789375057.036715464] [amr_1.rh_node]: [amr_1] Pruned expired reservations for peers: ['amr_5']
[rh_node-63] [INFO] [1789375057.188340866] [amr_8.rh_node]: [amr_8] Pruned expired reservations for peers: ['amr_5']
[rh_node-55] [INFO] [1789375057.190842384] [amr_0.rh_node]: [amr_0] Pruned expired reservations for peers: ['amr_5']
[rh_node-59] [INFO] [1789375057.284478421] [amr_4.rh_node]: [amr_4] Pruned expired reservations for peers: ['amr_5']
[rh_node-58] [INFO] [1789375057.361155311] [amr_3.rh_node]: [amr_3] Pruned expired reservations for peers: ['amr_5']
[rh_node-62] [INFO] [1789375057.369161850] [amr_7.rh_node]: [amr_7] Pruned expired reservations for peers: ['amr_5']
[rh_node-61] [INFO] [1789375057.481623731] [amr_6.rh_node]: [amr_6] Pruned expired reservations for peers: ['amr_5']
[rh_node-57] [INFO] [1789375057.499825632] [amr_2.rh_node]: [amr_2] Pruned expired reservations for peers: ['amr_5']
[rh_node-64] [INFO] [1789375057.509231080] [amr_9.rh_node]: [amr_9] Pruned expired reservations for peers: ['amr_5']
[rh_node-56] [INFO] [1789375057.540278901] [amr_1.rh_node]: [amr_1] Pruned expired reservations for peers: ['amr_5']
[rh_node-63] [INFO] [1789375057.689601080] [amr_8.rh_node]: [amr_8] Pruned expired reservations for peers: ['amr_5']
[rh_node-55] [INFO] [1789375057.690910879] [amr_0.rh_node]: [amr_0] Pruned expired reservations for peers: ['amr_5']
[rh_node-59] [INFO] [1789375057.785113687] [amr_4.rh_node]: [amr_4] Pruned expired reservations for peers: ['amr_5']
[rh_node-58] [INFO] [1789375057.861098697] [amr_3.rh_node]: [amr_3] Pruned expired reservations for peers: ['amr_5']
[rh_node-62] [INFO] [1789375057.869742142] [amr_7.rh_node]: [amr_7] Pruned expired reservations for peers: ['amr_5']
[rh_node-61] [INFO] [1789375057.981006215] [amr_6.rh_node]: [amr_6] Pruned expired reservations for peers: ['amr_5']
[rh_node-57] [INFO] [1789375058.000160570] [amr_2.rh_node]: [amr_2] Pruned expired reservations for peers: ['amr_5']
[rh_node-64] [INFO] [1789375058.009211434] [amr_9.rh_node]: [amr_9] Pruned expired reservations for peers: ['amr_5']
[rh_node-56] [INFO] [1789375058.036637296] [amr_1.rh_node]: [amr_1] Pruned expired reservations for peers: ['amr_5']
[rh_node-63] [INFO] [1789375058.187718916] [amr_8.rh_node]: [amr_8] Pruned expired reservations for peers: ['amr_5']
[rh_node-55] [INFO] [1789375058.190662619] [amr_0.rh_node]: [amr_0] Pruned expired reservations for peers: ['amr_5']
[rh_node-59] [INFO] [1789375058.284706728] [amr_4.rh_node]: [amr_4] Pruned expired reservations for peers: ['amr_5']
[rh_node-58] [INFO] [1789375058.361176566] [amr_3.rh_node]: [amr_3] Pruned expired reservations for peers: ['amr_5']
[rh_node-62] [INFO] [1789375058.368842819] [amr_7.rh_node]: [amr_7] Pruned expired reservations for peers: ['amr_5']
[rh_node-61] [INFO] [1789375058.480858720] [amr_6.rh_node]: [amr_6] Pruned expired reservations for peers: ['amr_5']
[rh_node-57] [INFO] [1789375058.499798460] [amr_2.rh_node]: [amr_2] Pruned expired reservations for peers: ['amr_5']
[rh_node-64] [INFO] [1789375058.508894867] [amr_9.rh_node]: [amr_9] Pruned expired reservations for peers: ['amr_5']
[rh_node-56] [INFO] [1789375058.536569829] [amr_1.rh_node]: [amr_1] Pruned expired reservations for peers: ['amr_5']
[rh_node-63] [INFO] [1789375058.688020701] [amr_8.rh_node]: [amr_8] Pruned expired reservations for peers: ['amr_5']
[rh_node-55] [INFO] [1789375058.691382776] [amr_0.rh_node]: [amr_0] Pruned expired reservations for peers: ['amr_5']
[rh_node-59] [INFO] [1789375058.783993405] [amr_4.rh_node]: [amr_4] Pruned expired reservations for peers: ['amr_5']
[rh_node-58] [INFO] [1789375058.860638688] [amr_3.rh_node]: [amr_3] Pruned expired reservations for peers: ['amr_5']
[rh_node-62] [INFO] [1789375058.868791433] [amr_7.rh_node]: [amr_7] Pruned expired reservations for peers: ['amr_5']
[rh_node-61] [INFO] [1789375058.981016879] [amr_6.rh_node]: [amr_6] Pruned expired reservations for peers: ['amr_5']
[rh_node-57] [INFO] [1789375058.999664607] [amr_2.rh_node]: [amr_2] Pruned expired reservations for peers: ['amr_5']
[rh_node-64] [INFO] [1789375059.009216639] [amr_9.rh_node]: [amr_9] Pruned expired reservations for peers: ['amr_5']
[rh_node-56] [INFO] [1789375059.036628716] [amr_1.rh_node]: [amr_1] Pruned expired reservations for peers: ['amr_5']
[rh_node-63] [INFO] [1789375059.187843733] [amr_8.rh_node]: [amr_8] Pruned expired reservations for peers: ['amr_5']
[rh_node-55] [INFO] [1789375059.189957475] [amr_0.rh_node]: [amr_0] Pruned expired reservations for peers: ['amr_5']
[rh_node-59] [INFO] [1789375059.284440677] [amr_4.rh_node]: [amr_4] Pruned expired reservations for peers: ['amr_5']
[rh_node-58] [INFO] [1789375059.361158843] [amr_3.rh_node]: [amr_3] Pruned expired reservations for peers: ['amr_5']
[rh_node-62] [INFO] [1789375059.368254763] [amr_7.rh_node]: [amr_7] Pruned expired reservations for peers: ['amr_5']
[rh_node-61] [INFO] [1789375059.481065028] [amr_6.rh_node]: [amr_6] Pruned expired reservations for peers: ['amr_5']
[rh_node-57] [INFO] [1789375059.500042246] [amr_2.rh_node]: [amr_2] Pruned expired reservations for peers: ['amr_5']
[rh_node-64] [INFO] [1789375059.508813149] [amr_9.rh_node]: [amr_9] Pruned expired reservations for peers: ['amr_5']
[rh_node-56] [INFO] [1789375059.536657669] [amr_1.rh_node]: [amr_1] Pruned expired reservations for peers: ['amr_5']
[rh_node-63] [INFO] [1789375059.689912715] [amr_8.rh_node]: [amr_8] Pruned expired reservations for peers: ['amr_5']
[rh_node-55] [INFO] [1789375059.691387250] [amr_0.rh_node]: [amr_0] Pruned expired reservations for peers: ['amr_5']
[rh_node-59] [INFO] [1789375059.785185320] [amr_4.rh_node]: [amr_4] Pruned expired reservations for peers: ['amr_5']
[rh_node-58] [INFO] [1789375059.861119748] [amr_3.rh_node]: [amr_3] Pruned expired reservations for peers: ['amr_5']
[rh_node-62] [INFO] [1789375059.867960156] [amr_7.rh_node]: [amr_7] Pruned expired reservations for peers: ['amr_5']
[rh_node-61] [INFO] [1789375059.981281957] [amr_6.rh_node]: [amr_6] Pruned expired reservations for peers: ['amr_5']
[rh_node-57] [INFO] [1789375060.001538733] [amr_2.rh_node]: [amr_2] Pruned expired reservations for peers: ['amr_5']
[rh_node-64] [INFO] [1789375060.008938551] [amr_9.rh_node]: [amr_9] Pruned expired reservations for peers: ['amr_5']
[rh_node-56] [INFO] [1789375060.040033635] [amr_1.rh_node]: [amr_1] Pruned expired reservations for peers: ['amr_5']
[rh_node-63] [INFO] [1789375060.187884662] [amr_8.rh_node]: [amr_8] Pruned expired reservations for peers: ['amr_5']
[rh_node-55] [INFO] [1789375060.190081371] [amr_0.rh_node]: [amr_0] Pruned expired reservations for peers: ['amr_5']
[rh_node-59] [INFO] [1789375060.284168676] [amr_4.rh_node]: [amr_4] Pruned expired reservations for peers: ['amr_5']
[rh_node-58] [INFO] [1789375060.360566511] [amr_3.rh_node]: [amr_3] Pruned expired reservations for peers: ['amr_5']
[rh_node-62] [INFO] [1789375060.368709739] [amr_7.rh_node]: [amr_7] Pruned expired reservations for peers: ['amr_5']
[rh_node-61] [INFO] [1789375060.480794584] [amr_6.rh_node]: [amr_6] Pruned expired reservations for peers: ['amr_5']
[rh_node-57] [INFO] [1789375060.500066785] [amr_2.rh_node]: [amr_2] Pruned expired reservations for peers: ['amr_5']
[rh_node-64] [INFO] [1789375060.509048569] [amr_9.rh_node]: [amr_9] Pruned expired reservations for peers: ['amr_5']
[rh_node-56] [INFO] [1789375060.536937231] [amr_1.rh_node]: [amr_1] Pruned expired reservations for peers: ['amr_5']
[rh_node-63] [INFO] [1789375060.687108337] [amr_8.rh_node]: [amr_8] Pruned expired reservations for peers: ['amr_5']
[rh_node-55] [INFO] [1789375060.691528094] [amr_0.rh_node]: [amr_0] Pruned expired reservations for peers: ['amr_5']
[rh_node-59] [INFO] [1789375060.784467452] [amr_4.rh_node]: [amr_4] Pruned expired reservations for peers: ['amr_5']
[rh_node-58] [INFO] [1789375060.861670253] [amr_3.rh_node]: [amr_3] Pruned expired reservations for peers: ['amr_5']
[rh_node-62] [INFO] [1789375060.868821047] [amr_7.rh_node]: [amr_7] Pruned expired reservations for peers: ['amr_5']
[rh_node-61] [INFO] [1789375060.981467948] [amr_6.rh_node]: [amr_6] Pruned expired reservations for peers: ['amr_5']
[rh_node-57] [INFO] [1789375060.999994198] [amr_2.rh_node]: [amr_2] Pruned expired reservations for peers: ['amr_5']
[rh_node-64] [INFO] [1789375061.008685043] [amr_9.rh_node]: [amr_9] Pruned expired reservations for peers: ['amr_5']
[rh_node-56] [INFO] [1789375061.036519809] [amr_1.rh_node]: [amr_1] Pruned expired reservations for peers: ['amr_5']
[rh_node-63] [INFO] [1789375061.187914733] [amr_8.rh_node]: [amr_8] Pruned expired reservations for peers: ['amr_5']
[rh_node-55] [INFO] [1789375061.192192025] [amr_0.rh_node]: [amr_0] Pruned expired reservations for peers: ['amr_5']
[rh_node-59] [INFO] [1789375061.284552233] [amr_4.rh_node]: [amr_4] Pruned expired reservations for peers: ['amr_5']
[rh_node-58] [INFO] [1789375061.361639772] [amr_3.rh_node]: [amr_3] Pruned expired reservations for peers: ['amr_5']
[rh_node-62] [INFO] [1789375061.369329363] [amr_7.rh_node]: [amr_7] Pruned expired reservations for peers: ['amr_5']
[rh_node-61] [INFO] [1789375061.481669809] [amr_6.rh_node]: [amr_6] Pruned expired reservations for peers: ['amr_5']
[rh_node-57] [INFO] [1789375061.500327959] [amr_2.rh_node]: [amr_2] Pruned expired reservations for peers: ['amr_5']
[rh_node-64] [INFO] [1789375061.515646281] [amr_9.rh_node]: [amr_9] Pruned expired reservations for peers: ['amr_5']
[rh_node-56] [INFO] [1789375061.536787794] [amr_1.rh_node]: [amr_1] Pruned expired reservations for peers: ['amr_5']
[rh_node-63] [INFO] [1789375061.688983970] [amr_8.rh_node]: [amr_8] Pruned expired reservations for peers: ['amr_5']
[rh_node-55] [INFO] [1789375061.690762866] [amr_0.rh_node]: [amr_0] Pruned expired reservations for peers: ['amr_5']
[rh_node-59] [INFO] [1789375061.784498011] [amr_4.rh_node]: [amr_4] Pruned expired reservations for peers: ['amr_5']
[rh_node-58] [INFO] [1789375061.861270772] [amr_3.rh_node]: [amr_3] Pruned expired reservations for peers: ['amr_5']
[rh_node-62] [INFO] [1789375061.869313545] [amr_7.rh_node]: [amr_7] Pruned expired reservations for peers: ['amr_5']
[rh_node-61] [INFO] [1789375061.980439788] [amr_6.rh_node]: [amr_6] Pruned expired reservations for peers: ['amr_5']
[rh_node-57] [INFO] [1789375062.000092378] [amr_2.rh_node]: [amr_2] Pruned expired reservations for peers: ['amr_5']
[rh_node-64] [INFO] [1789375062.009230282] [amr_9.rh_node]: [amr_9] Pruned expired reservations for peers: ['amr_5']
[rh_node-56] [INFO] [1789375062.036398343] [amr_1.rh_node]: [amr_1] Pruned expired reservations for peers: ['amr_5']
[rh_node-63] [INFO] [1789375062.187857061] [amr_8.rh_node]: [amr_8] Pruned expired reservations for peers: ['amr_5']
[rh_node-55] [INFO] [1789375062.190054670] [amr_0.rh_node]: [amr_0] Pruned expired reservations for peers: ['amr_5']
[rh_node-59] [INFO] [1789375062.284770539] [amr_4.rh_node]: [amr_4] Pruned expired reservations for peers: ['amr_5']
[rh_node-58] [INFO] [1789375062.361623290] [amr_3.rh_node]: [amr_3] Pruned expired reservations for peers: ['amr_5']
[rh_node-62] [INFO] [1789375062.370857591] [amr_7.rh_node]: [amr_7] Pruned expired reservations for peers: ['amr_5']
[rh_node-61] [INFO] [1789375062.480809081] [amr_6.rh_node]: [amr_6] Pruned expired reservations for peers: ['amr_5']
[rh_node-57] [INFO] [1789375062.500114439] [amr_2.rh_node]: [amr_2] Pruned expired reservations for peers: ['amr_5']
[rh_node-64] [INFO] [1789375062.508998845] [amr_9.rh_node]: [amr_9] Pruned expired reservations for peers: ['amr_5']
[rh_node-56] [INFO] [1789375062.536714815] [amr_1.rh_node]: [amr_1] Pruned expired reservations for peers: ['amr_5']
[rh_node-63] [INFO] [1789375062.688234436] [amr_8.rh_node]: [amr_8] Pruned expired reservations for peers: ['amr_5']
[rh_node-55] [INFO] [1789375062.690909752] [amr_0.rh_node]: [amr_0] Pruned expired reservations for peers: ['amr_5']
[rh_node-59] [INFO] [1789375062.785135636] [amr_4.rh_node]: [amr_4] Pruned expired reservations for peers: ['amr_5']
[rh_node-58] [INFO] [1789375062.861147544] [amr_3.rh_node]: [amr_3] Pruned expired reservations for peers: ['amr_5']
[rh_node-62] [INFO] [1789375062.867831476] [amr_7.rh_node]: [amr_7] Pruned expired reservations for peers: ['amr_5']
[rh_node-61] [INFO] [1789375062.981312612] [amr_6.rh_node]: [amr_6] Pruned expired reservations for peers: ['amr_5']
[rh_node-57] [INFO] [1789375063.000513492] [amr_2.rh_node]: [amr_2] Pruned expired reservations for peers: ['amr_5']
[rh_node-64] [INFO] [1789375063.008986230] [amr_9.rh_node]: [amr_9] Pruned expired reservations for peers: ['amr_5']
[rh_node-56] [INFO] [1789375063.036621014] [amr_1.rh_node]: [amr_1] Pruned expired reservations for peers: ['amr_5']
[rh_node-63] [INFO] [1789375063.187723895] [amr_8.rh_node]: [amr_8] Pruned expired reservations for peers: ['amr_5']
[rh_node-55] [INFO] [1789375063.190600327] [amr_0.rh_node]: [amr_0] Pruned expired reservations for peers: ['amr_5']
[rh_node-59] [INFO] [1789375063.284494235] [amr_4.rh_node]: [amr_4] Pruned expired reservations for peers: ['amr_5']
[rh_node-58] [INFO] [1789375063.361020445] [amr_3.rh_node]: [amr_3] Pruned expired reservations for peers: ['amr_5']
[rh_node-62] [INFO] [1789375063.368758795] [amr_7.rh_node]: [amr_7] Pruned expired reservations for peers: ['amr_5']
[rh_node-61] [INFO] [1789375063.480955557] [amr_6.rh_node]: [amr_6] Pruned expired reservations for peers: ['amr_5']
[rh_node-57] [INFO] [1789375063.504201116] [amr_2.rh_node]: [amr_2] Pruned expired reservations for peers: ['amr_5']
[rh_node-64] [INFO] [1789375063.509114004] [amr_9.rh_node]: [amr_9] Pruned expired reservations for peers: ['amr_5']
[rh_node-56] [INFO] [1789375063.536261780] [amr_1.rh_node]: [amr_1] Pruned expired reservations for peers: ['amr_5']
[rh_node-63] [INFO] [1789375063.688918617] [amr_8.rh_node]: [amr_8] Pruned expired reservations for peers: ['amr_5']
[rh_node-55] [INFO] [1789375063.691243251] [amr_0.rh_node]: [amr_0] Pruned expired reservations for peers: ['amr_5']
[rh_node-59] [INFO] [1789375063.784399163] [amr_4.rh_node]: [amr_4] Pruned expired reservations for peers: ['amr_5']
[rh_node-58] [INFO] [1789375063.861194723] [amr_3.rh_node]: [amr_3] Pruned expired reservations for peers: ['amr_5']
[rh_node-62] [INFO] [1789375063.868768265] [amr_7.rh_node]: [amr_7] Pruned expired reservations for peers: ['amr_5']
[rh_node-61] [INFO] [1789375063.980847192] [amr_6.rh_node]: [amr_6] Pruned expired reservations for peers: ['amr_5']
[rh_node-57] [INFO] [1789375064.000066285] [amr_2.rh_node]: [amr_2] Pruned expired reservations for peers: ['amr_5']
[rh_node-64] [INFO] [1789375064.008924110] [amr_9.rh_node]: [amr_9] Pruned expired reservations for peers: ['amr_5']
[rh_node-56] [INFO] [1789375064.036644307] [amr_1.rh_node]: [amr_1] Pruned expired reservations for peers: ['amr_5']
[rh_node-63] [INFO] [1789375064.188960484] [amr_8.rh_node]: [amr_8] Pruned expired reservations for peers: ['amr_5']
[rh_node-55] [INFO] [1789375064.189933713] [amr_0.rh_node]: [amr_0] Pruned expired reservations for peers: ['amr_5']
[rh_node-59] [INFO] [1789375064.284584420] [amr_4.rh_node]: [amr_4] Pruned expired reservations for peers: ['amr_5']
[rh_node-58] [INFO] [1789375064.360962091] [amr_3.rh_node]: [amr_3] Pruned expired reservations for peers: ['amr_5']
[rh_node-62] [INFO] [1789375064.368378274] [amr_7.rh_node]: [amr_7] Pruned expired reservations for peers: ['amr_5']
[rh_node-61] [INFO] [1789375064.482402751] [amr_6.rh_node]: [amr_6] Pruned expired reservations for peers: ['amr_5']
[rh_node-57] [INFO] [1789375064.499973697] [amr_2.rh_node]: [amr_2] Pruned expired reservations for peers: ['amr_5']
[rh_node-64] [INFO] [1789375064.508807736] [amr_9.rh_node]: [amr_9] Pruned expired reservations for peers: ['amr_5']
[rh_node-56] [INFO] [1789375064.536799095] [amr_1.rh_node]: [amr_1] Pruned expired reservations for peers: ['amr_5']
[rh_node-63] [INFO] [1789375064.687718176] [amr_8.rh_node]: [amr_8] Pruned expired reservations for peers: ['amr_5']
[rh_node-55] [INFO] [1789375064.691312035] [amr_0.rh_node]: [amr_0] Pruned expired reservations for peers: ['amr_5']
[rh_node-59] [INFO] [1789375064.785007057] [amr_4.rh_node]: [amr_4] Pruned expired reservations for peers: ['amr_5']
[rh_node-58] [INFO] [1789375064.861145807] [amr_3.rh_node]: [amr_3] Pruned expired reservations for peers: ['amr_5']
[rh_node-62] [INFO] [1789375064.869036644] [amr_7.rh_node]: [amr_7] Pruned expired reservations for peers: ['amr_5']
[rh_node-61] [INFO] [1789375064.980827514] [amr_6.rh_node]: [amr_6] Pruned expired reservations for peers: ['amr_5']
[rh_node-57] [INFO] [1789375064.999916192] [amr_2.rh_node]: [amr_2] Pruned expired reservations for peers: ['amr_5']
[rh_node-64] [INFO] [1789375065.008808289] [amr_9.rh_node]: [amr_9] Pruned expired reservations for peers: ['amr_5']
[rh_node-56] [INFO] [1789375065.036725012] [amr_1.rh_node]: [amr_1] Pruned expired reservations for peers: ['amr_5']
[rh_node-63] [INFO] [1789375065.187967040] [amr_8.rh_node]: [amr_8] Pruned expired reservations for peers: ['amr_5']
[rh_node-55] [INFO] [1789375065.190315485] [amr_0.rh_node]: [amr_0] Pruned expired reservations for peers: ['amr_5']
[rh_node-59] [INFO] [1789375065.285870913] [amr_4.rh_node]: [amr_4] Pruned expired reservations for peers: ['amr_5']
[rh_node-58] [INFO] [1789375065.361464976] [amr_3.rh_node]: [amr_3] Pruned expired reservations for peers: ['amr_5']
[rh_node-62] [INFO] [1789375065.369325261] [amr_7.rh_node]: [amr_7] Pruned expired reservations for peers: ['amr_5']
[rh_node-61] [INFO] [1789375065.480963867] [amr_6.rh_node]: [amr_6] Pruned expired reservations for peers: ['amr_5']
[rh_node-57] [INFO] [1789375065.499756509] [amr_2.rh_node]: [amr_2] Pruned expired reservations for peers: ['amr_5']
[rh_node-64] [INFO] [1789375065.509044234] [amr_9.rh_node]: [amr_9] Pruned expired reservations for peers: ['amr_5']
[rh_node-56] [INFO] [1789375065.537112305] [amr_1.rh_node]: [amr_1] Pruned expired reservations for peers: ['amr_5']
[rh_node-63] [INFO] [1789375065.688512074] [amr_8.rh_node]: [amr_8] Pruned expired reservations for peers: ['amr_5']
[rh_node-55] [INFO] [1789375065.691603821] [amr_0.rh_node]: [amr_0] Pruned expired reservations for peers: ['amr_5']
[rh_node-59] [INFO] [1789375065.785044809] [amr_4.rh_node]: [amr_4] Pruned expired reservations for peers: ['amr_5']
[rh_node-58] [INFO] [1789375065.861550556] [amr_3.rh_node]: [amr_3] Pruned expired reservations for peers: ['amr_5']
[rh_node-62] [INFO] [1789375065.869519058] [amr_7.rh_node]: [amr_7] Pruned expired reservations for peers: ['amr_5']
[rh_node-61] [INFO] [1789375065.981457248] [amr_6.rh_node]: [amr_6] Pruned expired reservations for peers: ['amr_5']
[rh_node-57] [INFO] [1789375066.000019662] [amr_2.rh_node]: [amr_2] Pruned expired reservations for peers: ['amr_5']
[rh_node-64] [INFO] [1789375066.009009325] [amr_9.rh_node]: [amr_9] Pruned expired reservations for peers: ['amr_5']
[rh_node-56] [INFO] [1789375066.036653845] [amr_1.rh_node]: [amr_1] Pruned expired reservations for peers: ['amr_5']
[rh_node-63] [INFO] [1789375066.187849645] [amr_8.rh_node]: [amr_8] Pruned expired reservations for peers: ['amr_5']
[rh_node-55] [INFO] [1789375066.190946311] [amr_0.rh_node]: [amr_0] Pruned expired reservations for peers: ['amr_5']
[rh_node-59] [INFO] [1789375066.284323376] [amr_4.rh_node]: [amr_4] Pruned expired reservations for peers: ['amr_5']
[rh_node-58] [INFO] [1789375066.361037077] [amr_3.rh_node]: [amr_3] Pruned expired reservations for peers: ['amr_5']
[rh_node-62] [INFO] [1789375066.368821878] [amr_7.rh_node]: [amr_7] Pruned expired reservations for peers: ['amr_5']
[rh_node-61] [INFO] [1789375066.480786429] [amr_6.rh_node]: [amr_6] Pruned expired reservations for peers: ['amr_5']
[rh_node-57] [INFO] [1789375066.500140385] [amr_2.rh_node]: [amr_2] Pruned expired reservations for peers: ['amr_5']
[rh_node-64] [INFO] [1789375066.508906801] [amr_9.rh_node]: [amr_9] Pruned expired reservations for peers: ['amr_5']
[rh_node-56] [INFO] [1789375066.537005063] [amr_1.rh_node]: [amr_1] Pruned expired reservations for peers: ['amr_5']
[rh_node-63] [INFO] [1789375066.687612532] [amr_8.rh_node]: [amr_8] Pruned expired reservations for peers: ['amr_5']
[rh_node-55] [INFO] [1789375066.690840919] [amr_0.rh_node]: [amr_0] Pruned expired reservations for peers: ['amr_5']
[rh_node-59] [INFO] [1789375066.784353608] [amr_4.rh_node]: [amr_4] Pruned expired reservations for peers: ['amr_5']
[rh_node-58] [INFO] [1789375066.861142959] [amr_3.rh_node]: [amr_3] Pruned expired reservations for peers: ['amr_5']
[rh_node-62] [INFO] [1789375066.867749109] [amr_7.rh_node]: [amr_7] Pruned expired reservations for peers: ['amr_5']
[rh_node-61] [INFO] [1789375066.981165134] [amr_6.rh_node]: [amr_6] Pruned expired reservations for peers: ['amr_5']
[rh_node-57] [INFO] [1789375067.001168868] [amr_2.rh_node]: [amr_2] Pruned expired reservations for peers: ['amr_5']
[rh_node-64] [INFO] [1789375067.008941800] [amr_9.rh_node]: [amr_9] Pruned expired reservations for peers: ['amr_5']
[rh_node-56] [INFO] [1789375067.036519212] [amr_1.rh_node]: [amr_1] Pruned expired reservations for peers: ['amr_5']
[rh_node-63] [INFO] [1789375067.187337744] [amr_8.rh_node]: [amr_8] Pruned expired reservations for peers: ['amr_5']
[rh_node-55] [INFO] [1789375067.190671833] [amr_0.rh_node]: [amr_0] Pruned expired reservations for peers: ['amr_5']
[rh_node-59] [INFO] [1789375067.283944584] [amr_4.rh_node]: [amr_4] Pruned expired reservations for peers: ['amr_5']
[rh_node-58] [INFO] [1789375067.361097082] [amr_3.rh_node]: [amr_3] Pruned expired reservations for peers: ['amr_5']
[rh_node-62] [INFO] [1789375067.368775873] [amr_7.rh_node]: [amr_7] Pruned expired reservations for peers: ['amr_5']
[rh_node-61] [INFO] [1789375067.480095244] [amr_6.rh_node]: [amr_6] Pruned expired reservations for peers: ['amr_5']
[rh_node-57] [INFO] [1789375067.499539377] [amr_2.rh_node]: [amr_2] Pruned expired reservations for peers: ['amr_5']
[rh_node-64] [INFO] [1789375067.508907271] [amr_9.rh_node]: [amr_9] Pruned expired reservations for peers: ['amr_5']
[rh_node-56] [INFO] [1789375067.538296158] [amr_1.rh_node]: [amr_1] Pruned expired reservations for peers: ['amr_5']
[rh_node-63] [INFO] [1789375067.688232841] [amr_8.rh_node]: [amr_8] Pruned expired reservations for peers: ['amr_5']
[rh_node-55] [INFO] [1789375067.691817832] [amr_0.rh_node]: [amr_0] Pruned expired reservations for peers: ['amr_5']
[rh_node-59] [INFO] [1789375067.785060666] [amr_4.rh_node]: [amr_4] Pruned expired reservations for peers: ['amr_5']
[rh_node-58] [INFO] [1789375067.861736090] [amr_3.rh_node]: [amr_3] Pruned expired reservations for peers: ['amr_5']
[rh_node-62] [INFO] [1789375067.868923957] [amr_7.rh_node]: [amr_7] Pruned expired reservations for peers: ['amr_5']
[rh_node-61] [INFO] [1789375067.982330210] [amr_6.rh_node]: [amr_6] Pruned expired reservations for peers: ['amr_5']
[rh_node-57] [INFO] [1789375068.000562033] [amr_2.rh_node]: [amr_2] Pruned expired reservations for peers: ['amr_5']
[rh_node-64] [INFO] [1789375068.009230195] [amr_9.rh_node]: [amr_9] Pruned expired reservations for peers: ['amr_5']
[rh_node-56] [INFO] [1789375068.036437556] [amr_1.rh_node]: [amr_1] Pruned expired reservations for peers: ['amr_5']
[rh_node-55] [INFO] [1789375068.191686248] [amr_0.rh_node]: [amr_0] Pruned expired reservations for peers: ['amr_5']
[rh_node-63] [INFO] [1789375068.199222714] [amr_8.rh_node]: [amr_8] Pruned expired reservations for peers: ['amr_5']
[rh_node-59] [INFO] [1789375068.286181153] [amr_4.rh_node]: [amr_4] Pruned expired reservations for peers: ['amr_5']
[rh_node-58] [INFO] [1789375068.361146375] [amr_3.rh_node]: [amr_3] Pruned expired reservations for peers: ['amr_5']
[rh_node-62] [INFO] [1789375068.370056470] [amr_7.rh_node]: [amr_7] Pruned expired reservations for peers: ['amr_5']
[rh_node-61] [INFO] [1789375068.481563394] [amr_6.rh_node]: [amr_6] Pruned expired reservations for peers: ['amr_5']
[rh_node-57] [INFO] [1789375068.500279968] [amr_2.rh_node]: [amr_2] Pruned expired reservations for peers: ['amr_5']
[rh_node-64] [INFO] [1789375068.509522819] [amr_9.rh_node]: [amr_9] Pruned expired reservations for peers: ['amr_5']
[rh_node-56] [INFO] [1789375068.536700063] [amr_1.rh_node]: [amr_1] Pruned expired reservations for peers: ['amr_5']
[rh_node-63] [INFO] [1789375068.688322775] [amr_8.rh_node]: [amr_8] Pruned expired reservations for peers: ['amr_5']
[rh_node-55] [INFO] [1789375068.690463386] [amr_0.rh_node]: [amr_0] Pruned expired reservations for peers: ['amr_5']
[rh_node-59] [INFO] [1789375068.784528109] [amr_4.rh_node]: [amr_4] Pruned expired reservations for peers: ['amr_5']
[rh_node-58] [INFO] [1789375068.861419608] [amr_3.rh_node]: [amr_3] Pruned expired reservations for peers: ['amr_5']
[rh_node-62] [INFO] [1789375068.868904216] [amr_7.rh_node]: [amr_7] Pruned expired reservations for peers: ['amr_5']
[rh_node-61] [INFO] [1789375068.981302886] [amr_6.rh_node]: [amr_6] Pruned expired reservations for peers: ['amr_5']
[rh_node-57] [INFO] [1789375068.999478245] [amr_2.rh_node]: [amr_2] Pruned expired reservations for peers: ['amr_5']
[rh_node-64] [INFO] [1789375069.011158945] [amr_9.rh_node]: [amr_9] Pruned expired reservations for peers: ['amr_5']
[rh_node-56] [INFO] [1789375069.036674908] [amr_1.rh_node]: [amr_1] Pruned expired reservations for peers: ['amr_5']
[rh_node-63] [INFO] [1789375069.187644956] [amr_8.rh_node]: [amr_8] Pruned expired reservations for peers: ['amr_5']
[rh_node-55] [INFO] [1789375069.191240081] [amr_0.rh_node]: [amr_0] Pruned expired reservations for peers: ['amr_5']
[rh_node-59] [INFO] [1789375069.284417647] [amr_4.rh_node]: [amr_4] Pruned expired reservations for peers: ['amr_5']
[rh_node-58] [INFO] [1789375069.361299214] [amr_3.rh_node]: [amr_3] Pruned expired reservations for peers: ['amr_5']
[rh_node-62] [INFO] [1789375069.368294432] [amr_7.rh_node]: [amr_7] Pruned expired reservations for peers: ['amr_5']
[rh_node-61] [INFO] [1789375069.480115681] [amr_6.rh_node]: [amr_6] Pruned expired reservations for peers: ['amr_5']
[rh_node-57] [INFO] [1789375069.500266872] [amr_2.rh_node]: [amr_2] Pruned expired reservations for peers: ['amr_5']
[rh_node-64] [INFO] [1789375069.508501048] [amr_9.rh_node]: [amr_9] Pruned expired reservations for peers: ['amr_5']
[rh_node-56] [INFO] [1789375069.536485024] [amr_1.rh_node]: [amr_1] Pruned expired reservations for peers: ['amr_5']
[rh_node-63] [INFO] [1789375069.688114400] [amr_8.rh_node]: [amr_8] Pruned expired reservations for peers: ['amr_5']
[rh_node-55] [INFO] [1789375069.690849743] [amr_0.rh_node]: [amr_0] Pruned expired reservations for peers: ['amr_5']
[rh_node-59] [INFO] [1789375069.786845931] [amr_4.rh_node]: [amr_4] Pruned expired reservations for peers: ['amr_5']
[rh_node-58] [INFO] [1789375069.862946825] [amr_3.rh_node]: [amr_3] Pruned expired reservations for peers: ['amr_5']
[rh_node-62] [INFO] [1789375069.870475865] [amr_7.rh_node]: [amr_7] Pruned expired reservations for peers: ['amr_5']
[rh_node-61] [INFO] [1789375069.984072208] [amr_6.rh_node]: [amr_6] Pruned expired reservations for peers: ['amr_5']
[rh_node-57] [INFO] [1789375070.000250255] [amr_2.rh_node]: [amr_2] Pruned expired reservations for peers: ['amr_5']
[rh_node-64] [INFO] [1789375070.009190636] [amr_9.rh_node]: [amr_9] Pruned expired reservations for peers: ['amr_5']
[rh_node-56] [INFO] [1789375070.036996524] [amr_1.rh_node]: [amr_1] Pruned expired reservations for peers: ['amr_5']
[rh_node-63] [INFO] [1789375070.188184714] [amr_8.rh_node]: [amr_8] Pruned expired reservations for peers: ['amr_5']
[rh_node-55] [INFO] [1789375070.190813838] [amr_0.rh_node]: [amr_0] Pruned expired reservations for peers: ['amr_5']
[rh_node-59] [INFO] [1789375070.284545233] [amr_4.rh_node]: [amr_4] Pruned expired reservations for peers: ['amr_5']
[rh_node-58] [INFO] [1789375070.361084531] [amr_3.rh_node]: [amr_3] Pruned expired reservations for peers: ['amr_5']
[rh_node-62] [INFO] [1789375070.368312317] [amr_7.rh_node]: [amr_7] Pruned expired reservations for peers: ['amr_5']
[rh_node-61] [INFO] [1789375070.480821807] [amr_6.rh_node]: [amr_6] Pruned expired reservations for peers: ['amr_5']
[rh_node-57] [INFO] [1789375070.500256134] [amr_2.rh_node]: [amr_2] Pruned expired reservations for peers: ['amr_5']
[rh_node-64] [INFO] [1789375070.508937920] [amr_9.rh_node]: [amr_9] Pruned expired reservations for peers: ['amr_5']
[rh_node-56] [INFO] [1789375070.538365798] [amr_1.rh_node]: [amr_1] Pruned expired reservations for peers: ['amr_5']
[rh_node-63] [INFO] [1789375070.687803021] [amr_8.rh_node]: [amr_8] Pruned expired reservations for peers: ['amr_5']
[rh_node-55] [INFO] [1789375070.691712480] [amr_0.rh_node]: [amr_0] Pruned expired reservations for peers: ['amr_5']
[rh_node-59] [INFO] [1789375070.784735205] [amr_4.rh_node]: [amr_4] Pruned expired reservations for peers: ['amr_5']
[rh_node-58] [INFO] [1789375070.860538342] [amr_3.rh_node]: [amr_3] Pruned expired reservations for peers: ['amr_5']
[rh_node-62] [INFO] [1789375070.868555375] [amr_7.rh_node]: [amr_7] Pruned expired reservations for peers: ['amr_5']
[rh_node-61] [INFO] [1789375070.981094512] [amr_6.rh_node]: [amr_6] Pruned expired reservations for peers: ['amr_5']
[rh_node-57] [INFO] [1789375071.000097473] [amr_2.rh_node]: [amr_2] Pruned expired reservations for peers: ['amr_5']
[rh_node-64] [INFO] [1789375071.008893354] [amr_9.rh_node]: [amr_9] Pruned expired reservations for peers: ['amr_5']
[rh_node-56] [INFO] [1789375071.036613310] [amr_1.rh_node]: [amr_1] Pruned expired reservations for peers: ['amr_5']
[rh_node-63] [INFO] [1789375071.187965028] [amr_8.rh_node]: [amr_8] Pruned expired reservations for peers: ['amr_5']
[rh_node-55] [INFO] [1789375071.191513547] [amr_0.rh_node]: [amr_0] Pruned expired reservations for peers: ['amr_5']
[rh_node-59] [INFO] [1789375071.284924563] [amr_4.rh_node]: [amr_4] Pruned expired reservations for peers: ['amr_5']
[rh_node-58] [INFO] [1789375071.361268954] [amr_3.rh_node]: [amr_3] Pruned expired reservations for peers: ['amr_5']
[rh_node-62] [INFO] [1789375071.368743162] [amr_7.rh_node]: [amr_7] Pruned expired reservations for peers: ['amr_5']
[rh_node-61] [INFO] [1789375071.481654881] [amr_6.rh_node]: [amr_6] Pruned expired reservations for peers: ['amr_5']
[rh_node-57] [INFO] [1789375071.500000709] [amr_2.rh_node]: [amr_2] Pruned expired reservations for peers: ['amr_5']
[rh_node-64] [INFO] [1789375071.509179186] [amr_9.rh_node]: [amr_9] Pruned expired reservations for peers: ['amr_5']
[rh_node-56] [INFO] [1789375071.536555427] [amr_1.rh_node]: [amr_1] Pruned expired reservations for peers: ['amr_5']
[rh_node-63] [INFO] [1789375071.687831218] [amr_8.rh_node]: [amr_8] Pruned expired reservations for peers: ['amr_5']
[rh_node-55] [INFO] [1789375071.692285112] [amr_0.rh_node]: [amr_0] Pruned expired reservations for peers: ['amr_5']
[rh_node-59] [INFO] [1789375071.784002098] [amr_4.rh_node]: [amr_4] Pruned expired reservations for peers: ['amr_5']
[rh_node-58] [INFO] [1789375071.861067194] [amr_3.rh_node]: [amr_3] Pruned expired reservations for peers: ['amr_5']
[rh_node-62] [INFO] [1789375071.869075838] [amr_7.rh_node]: [amr_7] Pruned expired reservations for peers: ['amr_5']
[rh_node-61] [INFO] [1789375071.981211281] [amr_6.rh_node]: [amr_6] Pruned expired reservations for peers: ['amr_5']
[rh_node-57] [INFO] [1789375072.000048999] [amr_2.rh_node]: [amr_2] Pruned expired reservations for peers: ['amr_5']
[rh_node-64] [INFO] [1789375072.008713954] [amr_9.rh_node]: [amr_9] Pruned expired reservations for peers: ['amr_5']
[rh_node-56] [INFO] [1789375072.036439301] [amr_1.rh_node]: [amr_1] Pruned expired reservations for peers: ['amr_5']
[rh_node-63] [INFO] [1789375072.187913009] [amr_8.rh_node]: [amr_8] Pruned expired reservations for peers: ['amr_5']
[rh_node-55] [INFO] [1789375072.190908274] [amr_0.rh_node]: [amr_0] Pruned expired reservations for peers: ['amr_5']
[rh_node-59] [INFO] [1789375072.284224866] [amr_4.rh_node]: [amr_4] Pruned expired reservations for peers: ['amr_5']
[rh_node-58] [INFO] [1789375072.360929812] [amr_3.rh_node]: [amr_3] Pruned expired reservations for peers: ['amr_5']
[rh_node-62] [INFO] [1789375072.368544108] [amr_7.rh_node]: [amr_7] Pruned expired reservations for peers: ['amr_5']
[rh_node-61] [INFO] [1789375072.480803685] [amr_6.rh_node]: [amr_6] Pruned expired reservations for peers: ['amr_5']
[rh_node-57] [INFO] [1789375072.500119020] [amr_2.rh_node]: [amr_2] Pruned expired reservations for peers: ['amr_5']
[rh_node-64] [INFO] [1789375072.509317467] [amr_9.rh_node]: [amr_9] Pruned expired reservations for peers: ['amr_5']
[rh_node-56] [INFO] [1789375072.537272822] [amr_1.rh_node]: [amr_1] Pruned expired reservations for peers: ['amr_5']
[rh_node-63] [INFO] [1789375072.689665647] [amr_8.rh_node]: [amr_8] Pruned expired reservations for peers: ['amr_5']
[rh_node-55] [INFO] [1789375072.690567690] [amr_0.rh_node]: [amr_0] Pruned expired reservations for peers: ['amr_5']
[rh_node-59] [INFO] [1789375072.784393254] [amr_4.rh_node]: [amr_4] Pruned expired reservations for peers: ['amr_5']
[rh_node-58] [INFO] [1789375072.860684159] [amr_3.rh_node]: [amr_3] Pruned expired reservations for peers: ['amr_5']
[rh_node-62] [INFO] [1789375072.868776070] [amr_7.rh_node]: [amr_7] Pruned expired reservations for peers: ['amr_5']
[rh_node-61] [INFO] [1789375072.981047817] [amr_6.rh_node]: [amr_6] Pruned expired reservations for peers: ['amr_5']
[rh_node-57] [INFO] [1789375072.999973297] [amr_2.rh_node]: [amr_2] Pruned expired reservations for peers: ['amr_5']
[rh_node-64] [INFO] [1789375073.010022031] [amr_9.rh_node]: [amr_9] Pruned expired reservations for peers: ['amr_5']
[rh_node-56] [INFO] [1789375073.036824937] [amr_1.rh_node]: [amr_1] Pruned expired reservations for peers: ['amr_5']
[rh_node-63] [INFO] [1789375073.187588982] [amr_8.rh_node]: [amr_8] Pruned expired reservations for peers: ['amr_5']
[rh_node-55] [INFO] [1789375073.190584540] [amr_0.rh_node]: [amr_0] Pruned expired reservations for peers: ['amr_5']
[rh_node-59] [INFO] [1789375073.284960039] [amr_4.rh_node]: [amr_4] Pruned expired reservations for peers: ['amr_5']
[rh_node-58] [INFO] [1789375073.360946260] [amr_3.rh_node]: [amr_3] Pruned expired reservations for peers: ['amr_5']
[rh_node-62] [INFO] [1789375073.368480916] [amr_7.rh_node]: [amr_7] Pruned expired reservations for peers: ['amr_5']
[rh_node-61] [INFO] [1789375073.480865019] [amr_6.rh_node]: [amr_6] Pruned expired reservations for peers: ['amr_5']
[rh_node-57] [INFO] [1789375073.500206602] [amr_2.rh_node]: [amr_2] Pruned expired reservations for peers: ['amr_5']
[rh_node-64] [INFO] [1789375073.510633609] [amr_9.rh_node]: [amr_9] Pruned expired reservations for peers: ['amr_5']
[rh_node-56] [INFO] [1789375073.536498948] [amr_1.rh_node]: [amr_1] Pruned expired reservations for peers: ['amr_5']
[rh_node-63] [INFO] [1789375073.687529661] [amr_8.rh_node]: [amr_8] Pruned expired reservations for peers: ['amr_5']
[rh_node-55] [INFO] [1789375073.691882978] [amr_0.rh_node]: [amr_0] Pruned expired reservations for peers: ['amr_5']
[rh_node-59] [INFO] [1789375073.784954035] [amr_4.rh_node]: [amr_4] Pruned expired reservations for peers: ['amr_5']
[rh_node-58] [INFO] [1789375073.861449896] [amr_3.rh_node]: [amr_3] Pruned expired reservations for peers: ['amr_5']
[rh_node-62] [INFO] [1789375073.868717677] [amr_7.rh_node]: [amr_7] Pruned expired reservations for peers: ['amr_5']
[rh_node-61] [INFO] [1789375073.980512214] [amr_6.rh_node]: [amr_6] Pruned expired reservations for peers: ['amr_5']
[rh_node-57] [INFO] [1789375074.001221796] [amr_2.rh_node]: [amr_2] Pruned expired reservations for peers: ['amr_5']
[rh_node-64] [INFO] [1789375074.008862498] [amr_9.rh_node]: [amr_9] Pruned expired reservations for peers: ['amr_5']
[rh_node-56] [INFO] [1789375074.037098251] [amr_1.rh_node]: [amr_1] Pruned expired reservations for peers: ['amr_5']
[rh_node-63] [INFO] [1789375074.189041193] [amr_8.rh_node]: [amr_8] Pruned expired reservations for peers: ['amr_5']
[rh_node-55] [INFO] [1789375074.190596735] [amr_0.rh_node]: [amr_0] Pruned expired reservations for peers: ['amr_5']
[rh_node-59] [INFO] [1789375074.284477460] [amr_4.rh_node]: [amr_4] Pruned expired reservations for peers: ['amr_5']
[rh_node-58] [INFO] [1789375074.360417180] [amr_3.rh_node]: [amr_3] Pruned expired reservations for peers: ['amr_5']
[rh_node-62] [INFO] [1789375074.368607851] [amr_7.rh_node]: [amr_7] Pruned expired reservations for peers: ['amr_5']
[rh_node-61] [INFO] [1789375074.480779880] [amr_6.rh_node]: [amr_6] Pruned expired reservations for peers: ['amr_5']
[rh_node-57] [INFO] [1789375074.499934842] [amr_2.rh_node]: [amr_2] Pruned expired reservations for peers: ['amr_5']
[rh_node-64] [INFO] [1789375074.508773545] [amr_9.rh_node]: [amr_9] Pruned expired reservations for peers: ['amr_5']
[rh_node-56] [INFO] [1789375074.536566557] [amr_1.rh_node]: [amr_1] Pruned expired reservations for peers: ['amr_5']
[rh_node-63] [INFO] [1789375074.688309858] [amr_8.rh_node]: [amr_8] Pruned expired reservations for peers: ['amr_5']
[rh_node-55] [INFO] [1789375074.690757030] [amr_0.rh_node]: [amr_0] Pruned expired reservations for peers: ['amr_5']
[rh_node-59] [INFO] [1789375074.784411519] [amr_4.rh_node]: [amr_4] Pruned expired reservations for peers: ['amr_5']
[rh_node-58] [INFO] [1789375074.861120471] [amr_3.rh_node]: [amr_3] Pruned expired reservations for peers: ['amr_5']
[rh_node-62] [INFO] [1789375074.868506327] [amr_7.rh_node]: [amr_7] Pruned expired reservations for peers: ['amr_5']
[rh_node-61] [INFO] [1789375074.981269006] [amr_6.rh_node]: [amr_6] Pruned expired reservations for peers: ['amr_5']
[rh_node-57] [INFO] [1789375075.000009436] [amr_2.rh_node]: [amr_2] Pruned expired reservations for peers: ['amr_5']
[rh_node-64] [INFO] [1789375075.008842883] [amr_9.rh_node]: [amr_9] Pruned expired reservations for peers: ['amr_5']
[rh_node-56] [INFO] [1789375075.036469949] [amr_1.rh_node]: [amr_1] Pruned expired reservations for peers: ['amr_5']
[rh_node-63] [INFO] [1789375075.188692116] [amr_8.rh_node]: [amr_8] Pruned expired reservations for peers: ['amr_5']
[rh_node-55] [INFO] [1789375075.190776205] [amr_0.rh_node]: [amr_0] Pruned expired reservations for peers: ['amr_5']
[rh_node-59] [INFO] [1789375075.285837175] [amr_4.rh_node]: [amr_4] Pruned expired reservations for peers: ['amr_5']
[rh_node-58] [INFO] [1789375075.360556956] [amr_3.rh_node]: [amr_3] Pruned expired reservations for peers: ['amr_5']
[rh_node-62] [INFO] [1789375075.368522137] [amr_7.rh_node]: [amr_7] Pruned expired reservations for peers: ['amr_5']
[rh_node-61] [INFO] [1789375075.479989169] [amr_6.rh_node]: [amr_6] Pruned expired reservations for peers: ['amr_5']
[rh_node-57] [INFO] [1789375075.500198193] [amr_2.rh_node]: [amr_2] Pruned expired reservations for peers: ['amr_5']
[rh_node-64] [INFO] [1789375075.509038007] [amr_9.rh_node]: [amr_9] Pruned expired reservations for peers: ['amr_5']
[rh_node-56] [INFO] [1789375075.538383835] [amr_1.rh_node]: [amr_1] Pruned expired reservations for peers: ['amr_5']
[rh_node-63] [INFO] [1789375075.687709840] [amr_8.rh_node]: [amr_8] Pruned expired reservations for peers: ['amr_5']
[rh_node-55] [INFO] [1789375075.690730184] [amr_0.rh_node]: [amr_0] Pruned expired reservations for peers: ['amr_5']
[rh_node-59] [INFO] [1789375075.784896975] [amr_4.rh_node]: [amr_4] Pruned expired reservations for peers: ['amr_5']
[rh_node-58] [INFO] [1789375075.860908474] [amr_3.rh_node]: [amr_3] Pruned expired reservations for peers: ['amr_5']
[rh_node-62] [INFO] [1789375075.869043845] [amr_7.rh_node]: [amr_7] Pruned expired reservations for peers: ['amr_5']
[rh_node-61] [INFO] [1789375075.980073954] [amr_6.rh_node]: [amr_6] Pruned expired reservations for peers: ['amr_5']
[rh_node-57] [INFO] [1789375076.000658258] [amr_2.rh_node]: [amr_2] Pruned expired reservations for peers: ['amr_5']
[rh_node-64] [INFO] [1789375076.008813040] [amr_9.rh_node]: [amr_9] Pruned expired reservations for peers: ['amr_5']
[rh_node-56] [INFO] [1789375076.036314001] [amr_1.rh_node]: [amr_1] Pruned expired reservations for peers: ['amr_5']
[rh_node-63] [INFO] [1789375076.188300055] [amr_8.rh_node]: [amr_8] Pruned expired reservations for peers: ['amr_5']
[rh_node-55] [INFO] [1789375076.190472064] [amr_0.rh_node]: [amr_0] Pruned expired reservations for peers: ['amr_5']
[rh_node-59] [INFO] [1789375076.284291726] [amr_4.rh_node]: [amr_4] Pruned expired reservations for peers: ['amr_5']
[rh_node-58] [INFO] [1789375076.360807751] [amr_3.rh_node]: [amr_3] Pruned expired reservations for peers: ['amr_5']
[rh_node-62] [INFO] [1789375076.368273225] [amr_7.rh_node]: [amr_7] Pruned expired reservations for peers: ['amr_5']
[rh_node-61] [INFO] [1789375076.480534298] [amr_6.rh_node]: [amr_6] Pruned expired reservations for peers: ['amr_5']
[rh_node-57] [INFO] [1789375076.500223187] [amr_2.rh_node]: [amr_2] Pruned expired reservations for peers: ['amr_5']
[rh_node-64] [INFO] [1789375076.509280833] [amr_9.rh_node]: [amr_9] Pruned expired reservations for peers: ['amr_5']
[rh_node-56] [INFO] [1789375076.536651915] [amr_1.rh_node]: [amr_1] Pruned expired reservations for peers: ['amr_5']
[rh_node-63] [INFO] [1789375076.688470079] [amr_8.rh_node]: [amr_8] Pruned expired reservations for peers: ['amr_5']
[rh_node-55] [INFO] [1789375076.691105141] [amr_0.rh_node]: [amr_0] Pruned expired reservations for peers: ['amr_5']
[rh_node-59] [INFO] [1789375076.784121269] [amr_4.rh_node]: [amr_4] Pruned expired reservations for peers: ['amr_5']
[rh_node-58] [INFO] [1789375076.860541635] [amr_3.rh_node]: [amr_3] Pruned expired reservations for peers: ['amr_5']
[rh_node-62] [INFO] [1789375076.869097768] [amr_7.rh_node]: [amr_7] Pruned expired reservations for peers: ['amr_5']
[rh_node-61] [INFO] [1789375076.981002807] [amr_6.rh_node]: [amr_6] Pruned expired reservations for peers: ['amr_5']
[rh_node-57] [INFO] [1789375077.000169804] [amr_2.rh_node]: [amr_2] Pruned expired reservations for peers: ['amr_5']
[rh_node-64] [INFO] [1789375077.009123401] [amr_9.rh_node]: [amr_9] Pruned expired reservations for peers: ['amr_5']
[rh_node-56] [INFO] [1789375077.037151065] [amr_1.rh_node]: [amr_1] Pruned expired reservations for peers: ['amr_5']
[rh_node-63] [INFO] [1789375077.188727108] [amr_8.rh_node]: [amr_8] Pruned expired reservations for peers: ['amr_5']
[rh_node-55] [INFO] [1789375077.190820683] [amr_0.rh_node]: [amr_0] Pruned expired reservations for peers: ['amr_5']
[rh_node-59] [INFO] [1789375077.284466689] [amr_4.rh_node]: [amr_4] Pruned expired reservations for peers: ['amr_5']
[rh_node-58] [INFO] [1789375077.361955640] [amr_3.rh_node]: [amr_3] Pruned expired reservations for peers: ['amr_5']
[rh_node-62] [INFO] [1789375077.370317012] [amr_7.rh_node]: [amr_7] Pruned expired reservations for peers: ['amr_5']
[rh_node-61] [INFO] [1789375077.480890248] [amr_6.rh_node]: [amr_6] Pruned expired reservations for peers: ['amr_5']
[rh_node-57] [INFO] [1789375077.502675933] [amr_2.rh_node]: [amr_2] Pruned expired reservations for peers: ['amr_5']
[rh_node-64] [INFO] [1789375077.509092913] [amr_9.rh_node]: [amr_9] Pruned expired reservations for peers: ['amr_5']
[rh_node-56] [INFO] [1789375077.537043268] [amr_1.rh_node]: [amr_1] Pruned expired reservations for peers: ['amr_5']
[rh_node-55] [INFO] [1789375077.692149629] [amr_0.rh_node]: [amr_0] Pruned expired reservations for peers: ['amr_5']
[rh_node-63] [INFO] [1789375077.695675401] [amr_8.rh_node]: [amr_8] Pruned expired reservations for peers: ['amr_5']
[rh_node-59] [INFO] [1789375077.784465489] [amr_4.rh_node]: [amr_4] Pruned expired reservations for peers: ['amr_5']
[rh_node-58] [INFO] [1789375077.860969449] [amr_3.rh_node]: [amr_3] Pruned expired reservations for peers: ['amr_5']
[rh_node-62] [INFO] [1789375077.868877562] [amr_7.rh_node]: [amr_7] Pruned expired reservations for peers: ['amr_5']
[rh_node-61] [INFO] [1789375077.981791665] [amr_6.rh_node]: [amr_6] Pruned expired reservations for peers: ['amr_5']
[rh_node-57] [INFO] [1789375078.000027170] [amr_2.rh_node]: [amr_2] Pruned expired reservations for peers: ['amr_5']
[rh_node-64] [INFO] [1789375078.009206348] [amr_9.rh_node]: [amr_9] Pruned expired reservations for peers: ['amr_5']
[rh_node-56] [INFO] [1789375078.036574519] [amr_1.rh_node]: [amr_1] Pruned expired reservations for peers: ['amr_5']
[rh_node-63] [INFO] [1789375078.188166114] [amr_8.rh_node]: [amr_8] Pruned expired reservations for peers: ['amr_5']
[rh_node-55] [INFO] [1789375078.189977417] [amr_0.rh_node]: [amr_0] Pruned expired reservations for peers: ['amr_5']
[rh_node-59] [INFO] [1789375078.284687052] [amr_4.rh_node]: [amr_4] Pruned expired reservations for peers: ['amr_5']
[rh_node-58] [INFO] [1789375078.361303967] [amr_3.rh_node]: [amr_3] Pruned expired reservations for peers: ['amr_5']
[rh_node-62] [INFO] [1789375078.367941373] [amr_7.rh_node]: [amr_7] Pruned expired reservations for peers: ['amr_5']
[rh_node-61] [INFO] [1789375078.480419173] [amr_6.rh_node]: [amr_6] Pruned expired reservations for peers: ['amr_5']
[rh_node-57] [INFO] [1789375078.499471337] [amr_2.rh_node]: [amr_2] Pruned expired reservations for peers: ['amr_5']
[rh_node-64] [INFO] [1789375078.508681925] [amr_9.rh_node]: [amr_9] Pruned expired reservations for peers: ['amr_5']
[rh_node-56] [INFO] [1789375078.536447002] [amr_1.rh_node]: [amr_1] Pruned expired reservations for peers: ['amr_5']
[rh_node-63] [INFO] [1789375078.687600749] [amr_8.rh_node]: [amr_8] Pruned expired reservations for peers: ['amr_5']
[rh_node-55] [INFO] [1789375078.692052190] [amr_0.rh_node]: [amr_0] Pruned expired reservations for peers: ['amr_5']
[rh_node-59] [INFO] [1789375078.783647757] [amr_4.rh_node]: [amr_4] Pruned expired reservations for peers: ['amr_5']
[rh_node-58] [INFO] [1789375078.861377927] [amr_3.rh_node]: [amr_3] Pruned expired reservations for peers: ['amr_5']
[rh_node-62] [INFO] [1789375078.869168944] [amr_7.rh_node]: [amr_7] Pruned expired reservations for peers: ['amr_5']
[rh_node-61] [INFO] [1789375078.980797458] [amr_6.rh_node]: [amr_6] Pruned expired reservations for peers: ['amr_5']
[rh_node-57] [INFO] [1789375079.000066364] [amr_2.rh_node]: [amr_2] Pruned expired reservations for peers: ['amr_5']
[rh_node-64] [INFO] [1789375079.009528781] [amr_9.rh_node]: [amr_9] Pruned expired reservations for peers: ['amr_5']
[rh_node-56] [INFO] [1789375079.036459740] [amr_1.rh_node]: [amr_1] Pruned expired reservations for peers: ['amr_5']
[rh_node-63] [INFO] [1789375079.187842470] [amr_8.rh_node]: [amr_8] Pruned expired reservations for peers: ['amr_5']
[rh_node-55] [INFO] [1789375079.190685022] [amr_0.rh_node]: [amr_0] Pruned expired reservations for peers: ['amr_5']
[rh_node-59] [INFO] [1789375079.284363473] [amr_4.rh_node]: [amr_4] Pruned expired reservations for peers: ['amr_5']
[rh_node-58] [INFO] [1789375079.361240174] [amr_3.rh_node]: [amr_3] Pruned expired reservations for peers: ['amr_5']
[rh_node-62] [INFO] [1789375079.368896045] [amr_7.rh_node]: [amr_7] Pruned expired reservations for peers: ['amr_5']
[rh_node-61] [INFO] [1789375079.481073457] [amr_6.rh_node]: [amr_6] Pruned expired reservations for peers: ['amr_5']
[rh_node-57] [INFO] [1789375079.499992802] [amr_2.rh_node]: [amr_2] Pruned expired reservations for peers: ['amr_5']
[rh_node-64] [INFO] [1789375079.509128127] [amr_9.rh_node]: [amr_9] Pruned expired reservations for peers: ['amr_5']
[rh_node-56] [INFO] [1789375079.536316677] [amr_1.rh_node]: [amr_1] Pruned expired reservations for peers: ['amr_5']
[rh_node-63] [INFO] [1789375079.687674168] [amr_8.rh_node]: [amr_8] Pruned expired reservations for peers: ['amr_5']
[rh_node-55] [INFO] [1789375079.690810243] [amr_0.rh_node]: [amr_0] Pruned expired reservations for peers: ['amr_5']
[rh_node-59] [INFO] [1789375079.784916029] [amr_4.rh_node]: [amr_4] Pruned expired reservations for peers: ['amr_5']
[rh_node-58] [INFO] [1789375079.860691827] [amr_3.rh_node]: [amr_3] Pruned expired reservations for peers: ['amr_5']
[rh_node-62] [INFO] [1789375079.868863057] [amr_7.rh_node]: [amr_7] Pruned expired reservations for peers: ['amr_5']
[rh_node-61] [INFO] [1789375079.980180462] [amr_6.rh_node]: [amr_6] Pruned expired reservations for peers: ['amr_5']
[rh_node-57] [INFO] [1789375080.000028623] [amr_2.rh_node]: [amr_2] Pruned expired reservations for peers: ['amr_5']
[rh_node-64] [INFO] [1789375080.008801749] [amr_9.rh_node]: [amr_9] Pruned expired reservations for peers: ['amr_5']
[rh_node-56] [INFO] [1789375080.036509033] [amr_1.rh_node]: [amr_1] Pruned expired reservations for peers: ['amr_5']
[rh_node-63] [INFO] [1789375080.187673067] [amr_8.rh_node]: [amr_8] Pruned expired reservations for peers: ['amr_5']
[rh_node-55] [INFO] [1789375080.190011247] [amr_0.rh_node]: [amr_0] Pruned expired reservations for peers: ['amr_5']
[rh_node-59] [INFO] [1789375080.285078152] [amr_4.rh_node]: [amr_4] Pruned expired reservations for peers: ['amr_5']
[rh_node-58] [INFO] [1789375080.361226041] [amr_3.rh_node]: [amr_3] Pruned expired reservations for peers: ['amr_5']
[rh_node-62] [INFO] [1789375080.368672265] [amr_7.rh_node]: [amr_7] Pruned expired reservations for peers: ['amr_5']
[rh_node-61] [INFO] [1789375080.481170774] [amr_6.rh_node]: [amr_6] Pruned expired reservations for peers: ['amr_5']
[rh_node-57] [INFO] [1789375080.501309269] [amr_2.rh_node]: [amr_2] Pruned expired reservations for peers: ['amr_5']
[rh_node-64] [INFO] [1789375080.508940635] [amr_9.rh_node]: [amr_9] Pruned expired reservations for peers: ['amr_5']
[rh_node-56] [INFO] [1789375080.536509852] [amr_1.rh_node]: [amr_1] Pruned expired reservations for peers: ['amr_5']
[rh_node-63] [INFO] [1789375080.687934284] [amr_8.rh_node]: [amr_8] Pruned expired reservations for peers: ['amr_5']
[rh_node-55] [INFO] [1789375080.690479883] [amr_0.rh_node]: [amr_0] Pruned expired reservations for peers: ['amr_5']
[rh_node-59] [INFO] [1789375080.784824907] [amr_4.rh_node]: [amr_4] Pruned expired reservations for peers: ['amr_5']
[rh_node-58] [INFO] [1789375080.861990234] [amr_3.rh_node]: [amr_3] Pruned expired reservations for peers: ['amr_5']
[rh_node-62] [INFO] [1789375080.868778958] [amr_7.rh_node]: [amr_7] Pruned expired reservations for peers: ['amr_5']
[rh_node-61] [INFO] [1789375080.981903034] [amr_6.rh_node]: [amr_6] Pruned expired reservations for peers: ['amr_5']
[rh_node-57] [INFO] [1789375081.000279865] [amr_2.rh_node]: [amr_2] Pruned expired reservations for peers: ['amr_5']
[rh_node-64] [INFO] [1789375081.008805798] [amr_9.rh_node]: [amr_9] Pruned expired reservations for peers: ['amr_5']
[rh_node-56] [INFO] [1789375081.036415660] [amr_1.rh_node]: [amr_1] Pruned expired reservations for peers: ['amr_5']
[rh_node-63] [INFO] [1789375081.187318538] [amr_8.rh_node]: [amr_8] Pruned expired reservations for peers: ['amr_5']
[rh_node-55] [INFO] [1789375081.191117346] [amr_0.rh_node]: [amr_0] Pruned expired reservations for peers: ['amr_5']
[rh_node-59] [INFO] [1789375081.284581290] [amr_4.rh_node]: [amr_4] Pruned expired reservations for peers: ['amr_5']
[rh_node-58] [INFO] [1789375081.360829820] [amr_3.rh_node]: [amr_3] Pruned expired reservations for peers: ['amr_5']
[rh_node-62] [INFO] [1789375081.367832530] [amr_7.rh_node]: [amr_7] Pruned expired reservations for peers: ['amr_5']
[rh_node-61] [INFO] [1789375081.480797302] [amr_6.rh_node]: [amr_6] Pruned expired reservations for peers: ['amr_5']
[rh_node-57] [INFO] [1789375081.499974177] [amr_2.rh_node]: [amr_2] Pruned expired reservations for peers: ['amr_5']
[rh_node-64] [INFO] [1789375081.508837199] [amr_9.rh_node]: [amr_9] Pruned expired reservations for peers: ['amr_5']
[rh_node-56] [INFO] [1789375081.536575567] [amr_1.rh_node]: [amr_1] Pruned expired reservations for peers: ['amr_5']
[rh_node-63] [INFO] [1789375081.687542536] [amr_8.rh_node]: [amr_8] Pruned expired reservations for peers: ['amr_5']
[rh_node-55] [INFO] [1789375081.690810057] [amr_0.rh_node]: [amr_0] Pruned expired reservations for peers: ['amr_5']
[rh_node-59] [INFO] [1789375081.784398185] [amr_4.rh_node]: [amr_4] Pruned expired reservations for peers: ['amr_5']
[rh_node-58] [INFO] [1789375081.861264737] [amr_3.rh_node]: [amr_3] Pruned expired reservations for peers: ['amr_5']
[rh_node-62] [INFO] [1789375081.868602885] [amr_7.rh_node]: [amr_7] Pruned expired reservations for peers: ['amr_5']
[rh_node-61] [INFO] [1789375081.981345415] [amr_6.rh_node]: [amr_6] Pruned expired reservations for peers: ['amr_5']
[rh_node-57] [INFO] [1789375081.999478251] [amr_2.rh_node]: [amr_2] Pruned expired reservations for peers: ['amr_5']
[rh_node-64] [INFO] [1789375082.008826609] [amr_9.rh_node]: [amr_9] Pruned expired reservations for peers: ['amr_5']
[rh_node-56] [INFO] [1789375082.036360505] [amr_1.rh_node]: [amr_1] Pruned expired reservations for peers: ['amr_5']
[rh_node-63] [INFO] [1789375082.187699896] [amr_8.rh_node]: [amr_8] Pruned expired reservations for peers: ['amr_5']
[rh_node-55] [INFO] [1789375082.190806854] [amr_0.rh_node]: [amr_0] Pruned expired reservations for peers: ['amr_5']
[rh_node-59] [INFO] [1789375082.284233399] [amr_4.rh_node]: [amr_4] Pruned expired reservations for peers: ['amr_5']
[rh_node-58] [INFO] [1789375082.361062398] [amr_3.rh_node]: [amr_3] Pruned expired reservations for peers: ['amr_5']
[rh_node-62] [INFO] [1789375082.368928395] [amr_7.rh_node]: [amr_7] Pruned expired reservations for peers: ['amr_5']
[rh_node-61] [INFO] [1789375082.480691380] [amr_6.rh_node]: [amr_6] Pruned expired reservations for peers: ['amr_5']
[rh_node-57] [INFO] [1789375082.500206270] [amr_2.rh_node]: [amr_2] Pruned expired reservations for peers: ['amr_5']
[rh_node-64] [INFO] [1789375082.508795137] [amr_9.rh_node]: [amr_9] Pruned expired reservations for peers: ['amr_5']
[rh_node-56] [INFO] [1789375082.536765247] [amr_1.rh_node]: [amr_1] Pruned expired reservations for peers: ['amr_5']
[rh_node-63] [INFO] [1789375082.687774537] [amr_8.rh_node]: [amr_8] Pruned expired reservations for peers: ['amr_5']
[rh_node-55] [INFO] [1789375082.691626307] [amr_0.rh_node]: [amr_0] Pruned expired reservations for peers: ['amr_5']
[rh_node-59] [INFO] [1789375082.784704682] [amr_4.rh_node]: [amr_4] Pruned expired reservations for peers: ['amr_5']
[rh_node-58] [INFO] [1789375082.861046630] [amr_3.rh_node]: [amr_3] Pruned expired reservations for peers: ['amr_5']
[rh_node-62] [INFO] [1789375082.868409474] [amr_7.rh_node]: [amr_7] Pruned expired reservations for peers: ['amr_5']
[rh_node-61] [INFO] [1789375082.981308970] [amr_6.rh_node]: [amr_6] Pruned expired reservations for peers: ['amr_5']
[rh_node-57] [INFO] [1789375083.000035176] [amr_2.rh_node]: [amr_2] Pruned expired reservations for peers: ['amr_5']
[rh_node-64] [INFO] [1789375083.008923395] [amr_9.rh_node]: [amr_9] Pruned expired reservations for peers: ['amr_5']
[rh_node-56] [INFO] [1789375083.035847407] [amr_1.rh_node]: [amr_1] Pruned expired reservations for peers: ['amr_5']
[rh_node-63] [INFO] [1789375083.188048414] [amr_8.rh_node]: [amr_8] Pruned expired reservations for peers: ['amr_5']
[rh_node-55] [INFO] [1789375083.190513572] [amr_0.rh_node]: [amr_0] Pruned expired reservations for peers: ['amr_5']
[rh_node-59] [INFO] [1789375083.284226845] [amr_4.rh_node]: [amr_4] Pruned expired reservations for peers: ['amr_5']
[rh_node-58] [INFO] [1789375083.360895807] [amr_3.rh_node]: [amr_3] Pruned expired reservations for peers: ['amr_5']
[rh_node-62] [INFO] [1789375083.368411218] [amr_7.rh_node]: [amr_7] Pruned expired reservations for peers: ['amr_5']
[rh_node-61] [INFO] [1789375083.480831112] [amr_6.rh_node]: [amr_6] Pruned expired reservations for peers: ['amr_5']
[rh_node-57] [INFO] [1789375083.500290209] [amr_2.rh_node]: [amr_2] Pruned expired reservations for peers: ['amr_5']
[rh_node-64] [INFO] [1789375083.510752585] [amr_9.rh_node]: [amr_9] Pruned expired reservations for peers: ['amr_5']
[rh_node-56] [INFO] [1789375083.536509843] [amr_1.rh_node]: [amr_1] Pruned expired reservations for peers: ['amr_5']
[rh_node-63] [INFO] [1789375083.687139790] [amr_8.rh_node]: [amr_8] Pruned expired reservations for peers: ['amr_5']
[rh_node-55] [INFO] [1789375083.690456395] [amr_0.rh_node]: [amr_0] Pruned expired reservations for peers: ['amr_5']
[rh_node-59] [INFO] [1789375083.784002974] [amr_4.rh_node]: [amr_4] Pruned expired reservations for peers: ['amr_5']
[rh_node-58] [INFO] [1789375083.861055911] [amr_3.rh_node]: [amr_3] Pruned expired reservations for peers: ['amr_5']
[rh_node-62] [INFO] [1789375083.868818031] [amr_7.rh_node]: [amr_7] Pruned expired reservations for peers: ['amr_5']
[rh_node-61] [INFO] [1789375083.981134307] [amr_6.rh_node]: [amr_6] Pruned expired reservations for peers: ['amr_5']
[rh_node-57] [INFO] [1789375084.000329121] [amr_2.rh_node]: [amr_2] Pruned expired reservations for peers: ['amr_5']
[rh_node-64] [INFO] [1789375084.009061572] [amr_9.rh_node]: [amr_9] Pruned expired reservations for peers: ['amr_5']
[rh_node-56] [INFO] [1789375084.036821542] [amr_1.rh_node]: [amr_1] Pruned expired reservations for peers: ['amr_5']
[rh_node-63] [INFO] [1789375084.188653776] [amr_8.rh_node]: [amr_8] Pruned expired reservations for peers: ['amr_5']
[rh_node-55] [INFO] [1789375084.190759367] [amr_0.rh_node]: [amr_0] Pruned expired reservations for peers: ['amr_5']
[rh_node-59] [INFO] [1789375084.284418436] [amr_4.rh_node]: [amr_4] Pruned expired reservations for peers: ['amr_5']
[rh_node-58] [INFO] [1789375084.361736811] [amr_3.rh_node]: [amr_3] Pruned expired reservations for peers: ['amr_5']
[rh_node-62] [INFO] [1789375084.367887398] [amr_7.rh_node]: [amr_7] Pruned expired reservations for peers: ['amr_5']
[rh_node-61] [INFO] [1789375084.481219551] [amr_6.rh_node]: [amr_6] Pruned expired reservations for peers: ['amr_5']
[rh_node-57] [INFO] [1789375084.500107052] [amr_2.rh_node]: [amr_2] Pruned expired reservations for peers: ['amr_5']
[rh_node-64] [INFO] [1789375084.508851749] [amr_9.rh_node]: [amr_9] Pruned expired reservations for peers: ['amr_5']
[rh_node-56] [INFO] [1789375084.537325141] [amr_1.rh_node]: [amr_1] Pruned expired reservations for peers: ['amr_5']
[rh_node-63] [INFO] [1789375084.687814439] [amr_8.rh_node]: [amr_8] Pruned expired reservations for peers: ['amr_5']
[rh_node-55] [INFO] [1789375084.691352142] [amr_0.rh_node]: [amr_0] Pruned expired reservations for peers: ['amr_5']
[rh_node-59] [INFO] [1789375084.784768544] [amr_4.rh_node]: [amr_4] Pruned expired reservations for peers: ['amr_5']
[rh_node-58] [INFO] [1789375084.860805879] [amr_3.rh_node]: [amr_3] Pruned expired reservations for peers: ['amr_5']
[rh_node-62] [INFO] [1789375084.868863302] [amr_7.rh_node]: [amr_7] Pruned expired reservations for peers: ['amr_5']
[rh_node-61] [INFO] [1789375084.980778146] [amr_6.rh_node]: [amr_6] Pruned expired reservations for peers: ['amr_5']
[rh_node-57] [INFO] [1789375084.999929249] [amr_2.rh_node]: [amr_2] Pruned expired reservations for peers: ['amr_5']
[rh_node-64] [INFO] [1789375085.008759604] [amr_9.rh_node]: [amr_9] Pruned expired reservations for peers: ['amr_5']
[rh_node-56] [INFO] [1789375085.036516050] [amr_1.rh_node]: [amr_1] Pruned expired reservations for peers: ['amr_5']
[rh_node-63] [INFO] [1789375085.187771601] [amr_8.rh_node]: [amr_8] Pruned expired reservations for peers: ['amr_5']
[rh_node-55] [INFO] [1789375085.190064412] [amr_0.rh_node]: [amr_0] Pruned expired reservations for peers: ['amr_5']
[rh_node-59] [INFO] [1789375085.284192482] [amr_4.rh_node]: [amr_4] Pruned expired reservations for peers: ['amr_5']
[rh_node-58] [INFO] [1789375085.361235406] [amr_3.rh_node]: [amr_3] Pruned expired reservations for peers: ['amr_5']
[rh_node-62] [INFO] [1789375085.368419446] [amr_7.rh_node]: [amr_7] Pruned expired reservations for peers: ['amr_5']
[rh_node-61] [INFO] [1789375085.481570779] [amr_6.rh_node]: [amr_6] Pruned expired reservations for peers: ['amr_5']
[rh_node-57] [INFO] [1789375085.499920302] [amr_2.rh_node]: [amr_2] Pruned expired reservations for peers: ['amr_5']
[rh_node-64] [INFO] [1789375085.508777494] [amr_9.rh_node]: [amr_9] Pruned expired reservations for peers: ['amr_5']
[rh_node-56] [INFO] [1789375085.536577545] [amr_1.rh_node]: [amr_1] Pruned expired reservations for peers: ['amr_5']
[rh_node-63] [INFO] [1789375085.687738075] [amr_8.rh_node]: [amr_8] Pruned expired reservations for peers: ['amr_5']
[rh_node-55] [INFO] [1789375085.691926914] [amr_0.rh_node]: [amr_0] Pruned expired reservations for peers: ['amr_5']
[rh_node-59] [INFO] [1789375085.784221544] [amr_4.rh_node]: [amr_4] Pruned expired reservations for peers: ['amr_5']
[rh_node-58] [INFO] [1789375085.860850360] [amr_3.rh_node]: [amr_3] Pruned expired reservations for peers: ['amr_5']
[rh_node-62] [INFO] [1789375085.868927196] [amr_7.rh_node]: [amr_7] Pruned expired reservations for peers: ['amr_5']
[rh_node-61] [INFO] [1789375085.981093693] [amr_6.rh_node]: [amr_6] Pruned expired reservations for peers: ['amr_5']
[rh_node-57] [INFO] [1789375085.999680667] [amr_2.rh_node]: [amr_2] Pruned expired reservations for peers: ['amr_5']
[rh_node-64] [INFO] [1789375086.008981115] [amr_9.rh_node]: [amr_9] Pruned expired reservations for peers: ['amr_5']
[rh_node-56] [INFO] [1789375086.036590368] [amr_1.rh_node]: [amr_1] Pruned expired reservations for peers: ['amr_5']
[rh_node-63] [INFO] [1789375086.187933184] [amr_8.rh_node]: [amr_8] Pruned expired reservations for peers: ['amr_5']
[rh_node-55] [INFO] [1789375086.190417320] [amr_0.rh_node]: [amr_0] Pruned expired reservations for peers: ['amr_5']
[rh_node-59] [INFO] [1789375086.284324849] [amr_4.rh_node]: [amr_4] Pruned expired reservations for peers: ['amr_5']
[rh_node-58] [INFO] [1789375086.360981260] [amr_3.rh_node]: [amr_3] Pruned expired reservations for peers: ['amr_5']
[rh_node-62] [INFO] [1789375086.368659403] [amr_7.rh_node]: [amr_7] Pruned expired reservations for peers: ['amr_5']
[rh_node-61] [INFO] [1789375086.480837701] [amr_6.rh_node]: [amr_6] Pruned expired reservations for peers: ['amr_5']
[rh_node-57] [INFO] [1789375086.500182144] [amr_2.rh_node]: [amr_2] Pruned expired reservations for peers: ['amr_5']
[rh_node-64] [INFO] [1789375086.509130704] [amr_9.rh_node]: [amr_9] Pruned expired reservations for peers: ['amr_5']
[rh_node-56] [INFO] [1789375086.536714623] [amr_1.rh_node]: [amr_1] Pruned expired reservations for peers: ['amr_5']
[rh_node-63] [INFO] [1789375086.689078530] [amr_8.rh_node]: [amr_8] Pruned expired reservations for peers: ['amr_5']
[rh_node-55] [INFO] [1789375086.691049714] [amr_0.rh_node]: [amr_0] Pruned expired reservations for peers: ['amr_5']
[rh_node-59] [INFO] [1789375086.783779716] [amr_4.rh_node]: [amr_4] Pruned expired reservations for peers: ['amr_5']
[rh_node-58] [INFO] [1789375086.860795981] [amr_3.rh_node]: [amr_3] Pruned expired reservations for peers: ['amr_5']
[rh_node-62] [INFO] [1789375086.868715716] [amr_7.rh_node]: [amr_7] Pruned expired reservations for peers: ['amr_5']
[rh_node-61] [INFO] [1789375086.980499124] [amr_6.rh_node]: [amr_6] Pruned expired reservations for peers: ['amr_5']
[rh_node-57] [INFO] [1789375086.999992023] [amr_2.rh_node]: [amr_2] Pruned expired reservations for peers: ['amr_5']
[rh_node-64] [INFO] [1789375087.009035682] [amr_9.rh_node]: [amr_9] Pruned expired reservations for peers: ['amr_5']
[rh_node-56] [INFO] [1789375087.036560148] [amr_1.rh_node]: [amr_1] Pruned expired reservations for peers: ['amr_5']
[rh_node-63] [INFO] [1789375087.187241740] [amr_8.rh_node]: [amr_8] Pruned expired reservations for peers: ['amr_5']
[rh_node-55] [INFO] [1789375087.190307375] [amr_0.rh_node]: [amr_0] Pruned expired reservations for peers: ['amr_5']
[rh_node-59] [INFO] [1789375087.283836871] [amr_4.rh_node]: [amr_4] Pruned expired reservations for peers: ['amr_5']
[rh_node-58] [INFO] [1789375087.360975549] [amr_3.rh_node]: [amr_3] Pruned expired reservations for peers: ['amr_5']
[rh_node-62] [INFO] [1789375087.368970041] [amr_7.rh_node]: [amr_7] Pruned expired reservations for peers: ['amr_5']
[rh_node-61] [INFO] [1789375087.480555406] [amr_6.rh_node]: [amr_6] Pruned expired reservations for peers: ['amr_5']
[rh_node-57] [INFO] [1789375087.499914085] [amr_2.rh_node]: [amr_2] Pruned expired reservations for peers: ['amr_5']
[rh_node-64] [INFO] [1789375087.508809286] [amr_9.rh_node]: [amr_9] Pruned expired reservations for peers: ['amr_5']
[rh_node-56] [INFO] [1789375087.536538863] [amr_1.rh_node]: [amr_1] Pruned expired reservations for peers: ['amr_5']
[rh_node-63] [INFO] [1789375087.687700636] [amr_8.rh_node]: [amr_8] Pruned expired reservations for peers: ['amr_5']
[rh_node-55] [INFO] [1789375087.690317665] [amr_0.rh_node]: [amr_0] Pruned expired reservations for peers: ['amr_5']
[rh_node-59] [INFO] [1789375087.784671586] [amr_4.rh_node]: [amr_4] Pruned expired reservations for peers: ['amr_5']
[rh_node-58] [INFO] [1789375087.860557021] [amr_3.rh_node]: [amr_3] Pruned expired reservations for peers: ['amr_5']
[rh_node-62] [INFO] [1789375087.868343678] [amr_7.rh_node]: [amr_7] Pruned expired reservations for peers: ['amr_5']
[rh_node-61] [INFO] [1789375087.980884557] [amr_6.rh_node]: [amr_6] Pruned expired reservations for peers: ['amr_5']
[rh_node-57] [INFO] [1789375088.000532837] [amr_2.rh_node]: [amr_2] Pruned expired reservations for peers: ['amr_5']
[rh_node-64] [INFO] [1789375088.008780161] [amr_9.rh_node]: [amr_9] Pruned expired reservations for peers: ['amr_5']
[rh_node-56] [INFO] [1789375088.036653076] [amr_1.rh_node]: [amr_1] Pruned expired reservations for peers: ['amr_5']
[rh_node-63] [INFO] [1789375088.187816474] [amr_8.rh_node]: [amr_8] Pruned expired reservations for peers: ['amr_5']
[rh_node-55] [INFO] [1789375088.190388241] [amr_0.rh_node]: [amr_0] Pruned expired reservations for peers: ['amr_5']
[rh_node-59] [INFO] [1789375088.284655488] [amr_4.rh_node]: [amr_4] Pruned expired reservations for peers: ['amr_5']
[rh_node-58] [INFO] [1789375088.360810558] [amr_3.rh_node]: [amr_3] Pruned expired reservations for peers: ['amr_5']
[rh_node-62] [INFO] [1789375088.367736824] [amr_7.rh_node]: [amr_7] Pruned expired reservations for peers: ['amr_5']
[rh_node-61] [INFO] [1789375088.480582744] [amr_6.rh_node]: [amr_6] Pruned expired reservations for peers: ['amr_5']
[rh_node-57] [INFO] [1789375088.499987249] [amr_2.rh_node]: [amr_2] Pruned expired reservations for peers: ['amr_5']
[rh_node-64] [INFO] [1789375088.509165425] [amr_9.rh_node]: [amr_9] Pruned expired reservations for peers: ['amr_5']
[rh_node-56] [INFO] [1789375088.537233961] [amr_1.rh_node]: [amr_1] Pruned expired reservations for peers: ['amr_5']
[rh_node-63] [INFO] [1789375088.687531566] [amr_8.rh_node]: [amr_8] Pruned expired reservations for peers: ['amr_5']
[rh_node-55] [INFO] [1789375088.691557837] [amr_0.rh_node]: [amr_0] Pruned expired reservations for peers: ['amr_5']
[rh_node-59] [INFO] [1789375088.784167411] [amr_4.rh_node]: [amr_4] Pruned expired reservations for peers: ['amr_5']
[rh_node-58] [INFO] [1789375088.861147722] [amr_3.rh_node]: [amr_3] Pruned expired reservations for peers: ['amr_5']
[rh_node-62] [INFO] [1789375088.868384695] [amr_7.rh_node]: [amr_7] Pruned expired reservations for peers: ['amr_5']
[rh_node-61] [INFO] [1789375088.981748235] [amr_6.rh_node]: [amr_6] Pruned expired reservations for peers: ['amr_5']
[rh_node-57] [INFO] [1789375089.002059447] [amr_2.rh_node]: [amr_2] Pruned expired reservations for peers: ['amr_5']
[rh_node-64] [INFO] [1789375089.010192848] [amr_9.rh_node]: [amr_9] Pruned expired reservations for peers: ['amr_5']
[rh_node-56] [INFO] [1789375089.038245202] [amr_1.rh_node]: [amr_1] Pruned expired reservations for peers: ['amr_5']
[rh_node-63] [INFO] [1789375089.187844216] [amr_8.rh_node]: [amr_8] Pruned expired reservations for peers: ['amr_5']
[rh_node-55] [INFO] [1789375089.190464656] [amr_0.rh_node]: [amr_0] Pruned expired reservations for peers: ['amr_5']
[rh_node-59] [INFO] [1789375089.284028014] [amr_4.rh_node]: [amr_4] Pruned expired reservations for peers: ['amr_5']
[rh_node-58] [INFO] [1789375089.360867877] [amr_3.rh_node]: [amr_3] Pruned expired reservations for peers: ['amr_5']
[rh_node-62] [INFO] [1789375089.368402262] [amr_7.rh_node]: [amr_7] Pruned expired reservations for peers: ['amr_5']
[rh_node-61] [INFO] [1789375089.480869842] [amr_6.rh_node]: [amr_6] Pruned expired reservations for peers: ['amr_5']
[rh_node-57] [INFO] [1789375089.499988475] [amr_2.rh_node]: [amr_2] Pruned expired reservations for peers: ['amr_5']
[rh_node-64] [INFO] [1789375089.509173170] [amr_9.rh_node]: [amr_9] Pruned expired reservations for peers: ['amr_5']
[rh_node-56] [INFO] [1789375089.536787066] [amr_1.rh_node]: [amr_1] Pruned expired reservations for peers: ['amr_5']
[rh_node-63] [INFO] [1789375089.688120496] [amr_8.rh_node]: [amr_8] Pruned expired reservations for peers: ['amr_5']
[rh_node-55] [INFO] [1789375089.690745461] [amr_0.rh_node]: [amr_0] Pruned expired reservations for peers: ['amr_5']
[rh_node-59] [INFO] [1789375089.784516160] [amr_4.rh_node]: [amr_4] Pruned expired reservations for peers: ['amr_5']
[rh_node-58] [INFO] [1789375089.860998576] [amr_3.rh_node]: [amr_3] Pruned expired reservations for peers: ['amr_5']
[rh_node-62] [INFO] [1789375089.868707471] [amr_7.rh_node]: [amr_7] Pruned expired reservations for peers: ['amr_5']
[rh_node-61] [INFO] [1789375089.980888063] [amr_6.rh_node]: [amr_6] Pruned expired reservations for peers: ['amr_5']
[rh_node-57] [INFO] [1789375090.000016224] [amr_2.rh_node]: [amr_2] Pruned expired reservations for peers: ['amr_5']
[rh_node-64] [INFO] [1789375090.008806690] [amr_9.rh_node]: [amr_9] Pruned expired reservations for peers: ['amr_5']
[rh_node-56] [INFO] [1789375090.036726574] [amr_1.rh_node]: [amr_1] Pruned expired reservations for peers: ['amr_5']
[rh_node-63] [INFO] [1789375090.188108987] [amr_8.rh_node]: [amr_8] Pruned expired reservations for peers: ['amr_5']
[rh_node-55] [INFO] [1789375090.190268648] [amr_0.rh_node]: [amr_0] Pruned expired reservations for peers: ['amr_5']
[rh_node-59] [INFO] [1789375090.284655400] [amr_4.rh_node]: [amr_4] Pruned expired reservations for peers: ['amr_5']
[rh_node-58] [INFO] [1789375090.360798888] [amr_3.rh_node]: [amr_3] Pruned expired reservations for peers: ['amr_5']
[rh_node-62] [INFO] [1789375090.368455002] [amr_7.rh_node]: [amr_7] Pruned expired reservations for peers: ['amr_5']
[rh_node-61] [INFO] [1789375090.481186871] [amr_6.rh_node]: [amr_6] Pruned expired reservations for peers: ['amr_5']
[rh_node-57] [INFO] [1789375090.499581236] [amr_2.rh_node]: [amr_2] Pruned expired reservations for peers: ['amr_5']
[rh_node-64] [INFO] [1789375090.508689568] [amr_9.rh_node]: [amr_9] Pruned expired reservations for peers: ['amr_5']
[rh_node-56] [INFO] [1789375090.536366013] [amr_1.rh_node]: [amr_1] Pruned expired reservations for peers: ['amr_5']
[rh_node-63] [INFO] [1789375090.687746304] [amr_8.rh_node]: [amr_8] Pruned expired reservations for peers: ['amr_5']
[rh_node-55] [INFO] [1789375090.691249077] [amr_0.rh_node]: [amr_0] Pruned expired reservations for peers: ['amr_5']
[rh_node-59] [INFO] [1789375090.784250812] [amr_4.rh_node]: [amr_4] Pruned expired reservations for peers: ['amr_5']
[rh_node-58] [INFO] [1789375090.860855361] [amr_3.rh_node]: [amr_3] Pruned expired reservations for peers: ['amr_5']
[rh_node-62] [INFO] [1789375090.868632808] [amr_7.rh_node]: [amr_7] Pruned expired reservations for peers: ['amr_5']
[rh_node-61] [INFO] [1789375090.981128632] [amr_6.rh_node]: [amr_6] Pruned expired reservations for peers: ['amr_5']
[rh_node-57] [INFO] [1789375090.999937367] [amr_2.rh_node]: [amr_2] Pruned expired reservations for peers: ['amr_5']
[rh_node-64] [INFO] [1789375091.008902916] [amr_9.rh_node]: [amr_9] Pruned expired reservations for peers: ['amr_5']
[rh_node-56] [INFO] [1789375091.036523740] [amr_1.rh_node]: [amr_1] Pruned expired reservations for peers: ['amr_5']
[rh_node-63] [INFO] [1789375091.188194345] [amr_8.rh_node]: [amr_8] Pruned expired reservations for peers: ['amr_5']
[rh_node-55] [INFO] [1789375091.190294157] [amr_0.rh_node]: [amr_0] Pruned expired reservations for peers: ['amr_5']
[rh_node-59] [INFO] [1789375091.284156513] [amr_4.rh_node]: [amr_4] Pruned expired reservations for peers: ['amr_5']
[rh_node-58] [INFO] [1789375091.361116994] [amr_3.rh_node]: [amr_3] Pruned expired reservations for peers: ['amr_5']
[rh_node-62] [INFO] [1789375091.369271726] [amr_7.rh_node]: [amr_7] Pruned expired reservations for peers: ['amr_5']
[rh_node-61] [INFO] [1789375091.480725101] [amr_6.rh_node]: [amr_6] Pruned expired reservations for peers: ['amr_5']
[rh_node-57] [INFO] [1789375091.499977680] [amr_2.rh_node]: [amr_2] Pruned expired reservations for peers: ['amr_5']
[rh_node-64] [INFO] [1789375091.508826919] [amr_9.rh_node]: [amr_9] Pruned expired reservations for peers: ['amr_5']
[rh_node-56] [INFO] [1789375091.536507542] [amr_1.rh_node]: [amr_1] Pruned expired reservations for peers: ['amr_5']
[rh_node-63] [INFO] [1789375091.687563291] [amr_8.rh_node]: [amr_8] Pruned expired reservations for peers: ['amr_5']
[rh_node-55] [INFO] [1789375091.691329117] [amr_0.rh_node]: [amr_0] Pruned expired reservations for peers: ['amr_5']
[rh_node-59] [INFO] [1789375091.785148189] [amr_4.rh_node]: [amr_4] Pruned expired reservations for peers: ['amr_5']
[rh_node-58] [INFO] [1789375091.860794805] [amr_3.rh_node]: [amr_3] Pruned expired reservations for peers: ['amr_5']
[rh_node-62] [INFO] [1789375091.868590599] [amr_7.rh_node]: [amr_7] Pruned expired reservations for peers: ['amr_5']
[rh_node-61] [INFO] [1789375091.982682922] [amr_6.rh_node]: [amr_6] Pruned expired reservations for peers: ['amr_5']
[rh_node-57] [INFO] [1789375092.000143553] [amr_2.rh_node]: [amr_2] Pruned expired reservations for peers: ['amr_5']
[rh_node-64] [INFO] [1789375092.008904897] [amr_9.rh_node]: [amr_9] Pruned expired reservations for peers: ['amr_5']
[rh_node-56] [INFO] [1789375092.036108452] [amr_1.rh_node]: [amr_1] Pruned expired reservations for peers: ['amr_5']
[rh_node-63] [INFO] [1789375092.187755624] [amr_8.rh_node]: [amr_8] Pruned expired reservations for peers: ['amr_5']
[rh_node-55] [INFO] [1789375092.190555608] [amr_0.rh_node]: [amr_0] Pruned expired reservations for peers: ['amr_5']
[rh_node-59] [INFO] [1789375092.283725432] [amr_4.rh_node]: [amr_4] Pruned expired reservations for peers: ['amr_5']
[rh_node-58] [INFO] [1789375092.361135227] [amr_3.rh_node]: [amr_3] Pruned expired reservations for peers: ['amr_5']
[rh_node-62] [INFO] [1789375092.368903778] [amr_7.rh_node]: [amr_7] Pruned expired reservations for peers: ['amr_5']
[rh_node-61] [INFO] [1789375092.480516721] [amr_6.rh_node]: [amr_6] Pruned expired reservations for peers: ['amr_5']
[rh_node-57] [INFO] [1789375092.502191406] [amr_2.rh_node]: [amr_2] Pruned expired reservations for peers: ['amr_5']
[rh_node-64] [INFO] [1789375092.509004322] [amr_9.rh_node]: [amr_9] Pruned expired reservations for peers: ['amr_5']
[rh_node-56] [INFO] [1789375092.536750420] [amr_1.rh_node]: [amr_1] Pruned expired reservations for peers: ['amr_5']
[rh_node-63] [INFO] [1789375092.689955700] [amr_8.rh_node]: [amr_8] Pruned expired reservations for peers: ['amr_5']
[rh_node-55] [INFO] [1789375092.690841823] [amr_0.rh_node]: [amr_0] Pruned expired reservations for peers: ['amr_5']
[rh_node-59] [INFO] [1789375092.784927796] [amr_4.rh_node]: [amr_4] Pruned expired reservations for peers: ['amr_5']
[rh_node-58] [INFO] [1789375092.861502166] [amr_3.rh_node]: [amr_3] Pruned expired reservations for peers: ['amr_5']
[rh_node-62] [INFO] [1789375092.869681407] [amr_7.rh_node]: [amr_7] Pruned expired reservations for peers: ['amr_5']
[rh_node-61] [INFO] [1789375092.980328612] [amr_6.rh_node]: [amr_6] Pruned expired reservations for peers: ['amr_5']
[rh_node-57] [INFO] [1789375093.000305275] [amr_2.rh_node]: [amr_2] Pruned expired reservations for peers: ['amr_5']
[rh_node-64] [INFO] [1789375093.009482889] [amr_9.rh_node]: [amr_9] Pruned expired reservations for peers: ['amr_5']
[rh_node-56] [INFO] [1789375093.036485667] [amr_1.rh_node]: [amr_1] Pruned expired reservations for peers: ['amr_5']
[rh_node-63] [INFO] [1789375093.189826006] [amr_8.rh_node]: [amr_8] Pruned expired reservations for peers: ['amr_5']
[rh_node-55] [INFO] [1789375093.190439895] [amr_0.rh_node]: [amr_0] Pruned expired reservations for peers: ['amr_5']
[rh_node-59] [INFO] [1789375093.284377645] [amr_4.rh_node]: [amr_4] Pruned expired reservations for peers: ['amr_5']
[rh_node-58] [INFO] [1789375093.360806164] [amr_3.rh_node]: [amr_3] Pruned expired reservations for peers: ['amr_5']
[rh_node-62] [INFO] [1789375093.369012102] [amr_7.rh_node]: [amr_7] Pruned expired reservations for peers: ['amr_5']
[rh_node-61] [INFO] [1789375093.481033569] [amr_6.rh_node]: [amr_6] Pruned expired reservations for peers: ['amr_5']
[rh_node-57] [INFO] [1789375093.500072660] [amr_2.rh_node]: [amr_2] Pruned expired reservations for peers: ['amr_5']
[rh_node-64] [INFO] [1789375093.509467292] [amr_9.rh_node]: [amr_9] Pruned expired reservations for peers: ['amr_5']
[rh_node-56] [INFO] [1789375093.539395670] [amr_1.rh_node]: [amr_1] Pruned expired reservations for peers: ['amr_5']
[rh_node-63] [INFO] [1789375093.687684559] [amr_8.rh_node]: [amr_8] Pruned expired reservations for peers: ['amr_5']
[rh_node-55] [INFO] [1789375093.690754942] [amr_0.rh_node]: [amr_0] Pruned expired reservations for peers: ['amr_5']
[rh_node-59] [INFO] [1789375093.783762219] [amr_4.rh_node]: [amr_4] Pruned expired reservations for peers: ['amr_5']
[rh_node-58] [INFO] [1789375093.860690534] [amr_3.rh_node]: [amr_3] Pruned expired reservations for peers: ['amr_5']
[rh_node-62] [INFO] [1789375093.868411812] [amr_7.rh_node]: [amr_7] Pruned expired reservations for peers: ['amr_5']
[rh_node-61] [INFO] [1789375093.980685836] [amr_6.rh_node]: [amr_6] Pruned expired reservations for peers: ['amr_5']
[rh_node-57] [INFO] [1789375094.000226392] [amr_2.rh_node]: [amr_2] Pruned expired reservations for peers: ['amr_5']
[rh_node-64] [INFO] [1789375094.010910713] [amr_9.rh_node]: [amr_9] Pruned expired reservations for peers: ['amr_5']
[rh_node-56] [INFO] [1789375094.036619379] [amr_1.rh_node]: [amr_1] Pruned expired reservations for peers: ['amr_5']
[rh_node-63] [INFO] [1789375094.187813736] [amr_8.rh_node]: [amr_8] Pruned expired reservations for peers: ['amr_5']
[rh_node-55] [INFO] [1789375094.190986952] [amr_0.rh_node]: [amr_0] Pruned expired reservations for peers: ['amr_5']
[rh_node-59] [INFO] [1789375094.286579052] [amr_4.rh_node]: [amr_4] Pruned expired reservations for peers: ['amr_5']
[rh_node-58] [INFO] [1789375094.360709149] [amr_3.rh_node]: [amr_3] Pruned expired reservations for peers: ['amr_5']
[rh_node-62] [INFO] [1789375094.369514054] [amr_7.rh_node]: [amr_7] Pruned expired reservations for peers: ['amr_5']
[rh_node-61] [INFO] [1789375094.480221164] [amr_6.rh_node]: [amr_6] Pruned expired reservations for peers: ['amr_5']
[rh_node-57] [INFO] [1789375094.500090262] [amr_2.rh_node]: [amr_2] Pruned expired reservations for peers: ['amr_5']
[rh_node-64] [INFO] [1789375094.508974717] [amr_9.rh_node]: [amr_9] Pruned expired reservations for peers: ['amr_5']
[rh_node-56] [INFO] [1789375094.538506393] [amr_1.rh_node]: [amr_1] Pruned expired reservations for peers: ['amr_5']
[rh_node-63] [INFO] [1789375094.687751552] [amr_8.rh_node]: [amr_8] Pruned expired reservations for peers: ['amr_5']
[rh_node-55] [INFO] [1789375094.693483531] [amr_0.rh_node]: [amr_0] Pruned expired reservations for peers: ['amr_5']
[rh_node-59] [INFO] [1789375094.784107158] [amr_4.rh_node]: [amr_4] Pruned expired reservations for peers: ['amr_5']
[rh_node-58] [INFO] [1789375094.860663973] [amr_3.rh_node]: [amr_3] Pruned expired reservations for peers: ['amr_5']
[rh_node-62] [INFO] [1789375094.868696761] [amr_7.rh_node]: [amr_7] Pruned expired reservations for peers: ['amr_5']
[rh_node-61] [INFO] [1789375094.980760619] [amr_6.rh_node]: [amr_6] Pruned expired reservations for peers: ['amr_5']
[rh_node-57] [INFO] [1789375095.000005414] [amr_2.rh_node]: [amr_2] Pruned expired reservations for peers: ['amr_5']
[rh_node-64] [INFO] [1789375095.009126622] [amr_9.rh_node]: [amr_9] Pruned expired reservations for peers: ['amr_5']
[rh_node-56] [INFO] [1789375095.036644289] [amr_1.rh_node]: [amr_1] Pruned expired reservations for peers: ['amr_5']
[rh_node-63] [INFO] [1789375095.188328650] [amr_8.rh_node]: [amr_8] Pruned expired reservations for peers: ['amr_5']
[rh_node-55] [INFO] [1789375095.190793559] [amr_0.rh_node]: [amr_0] Pruned expired reservations for peers: ['amr_5']
[rh_node-59] [INFO] [1789375095.284050995] [amr_4.rh_node]: [amr_4] Pruned expired reservations for peers: ['amr_5']
[rh_node-58] [INFO] [1789375095.360763365] [amr_3.rh_node]: [amr_3] Pruned expired reservations for peers: ['amr_5']
[rh_node-62] [INFO] [1789375095.368395250] [amr_7.rh_node]: [amr_7] Pruned expired reservations for peers: ['amr_5']
[rh_node-61] [INFO] [1789375095.480764550] [amr_6.rh_node]: [amr_6] Pruned expired reservations for peers: ['amr_5']
[rh_node-57] [INFO] [1789375095.499899157] [amr_2.rh_node]: [amr_2] Pruned expired reservations for peers: ['amr_5']
[rh_node-64] [INFO] [1789375095.508436013] [amr_9.rh_node]: [amr_9] Pruned expired reservations for peers: ['amr_5']
[rh_node-56] [INFO] [1789375095.536820964] [amr_1.rh_node]: [amr_1] Pruned expired reservations for peers: ['amr_5']
[rh_node-63] [INFO] [1789375095.688093427] [amr_8.rh_node]: [amr_8] Pruned expired reservations for peers: ['amr_5']
[rh_node-55] [INFO] [1789375095.690317025] [amr_0.rh_node]: [amr_0] Pruned expired reservations for peers: ['amr_5']
[rh_node-59] [INFO] [1789375095.784274088] [amr_4.rh_node]: [amr_4] Pruned expired reservations for peers: ['amr_5']
[rh_node-58] [INFO] [1789375095.860397491] [amr_3.rh_node]: [amr_3] Pruned expired reservations for peers: ['amr_5']
[rh_node-62] [INFO] [1789375095.868525545] [amr_7.rh_node]: [amr_7] Pruned expired reservations for peers: ['amr_5']
[rh_node-61] [INFO] [1789375095.980995376] [amr_6.rh_node]: [amr_6] Pruned expired reservations for peers: ['amr_5']
[rh_node-57] [INFO] [1789375095.999944358] [amr_2.rh_node]: [amr_2] Pruned expired reservations for peers: ['amr_5']
[rh_node-64] [INFO] [1789375096.008807593] [amr_9.rh_node]: [amr_9] Pruned expired reservations for peers: ['amr_5']
[rh_node-56] [INFO] [1789375096.035947046] [amr_1.rh_node]: [amr_1] Pruned expired reservations for peers: ['amr_5']
[rh_node-63] [INFO] [1789375096.187686887] [amr_8.rh_node]: [amr_8] Pruned expired reservations for peers: ['amr_5']
[rh_node-55] [INFO] [1789375096.190451379] [amr_0.rh_node]: [amr_0] Pruned expired reservations for peers: ['amr_5']
[rh_node-59] [INFO] [1789375096.284099363] [amr_4.rh_node]: [amr_4] Pruned expired reservations for peers: ['amr_5']
[rh_node-58] [INFO] [1789375096.360563778] [amr_3.rh_node]: [amr_3] Pruned expired reservations for peers: ['amr_5']
[rh_node-62] [INFO] [1789375096.368571716] [amr_7.rh_node]: [amr_7] Pruned expired reservations for peers: ['amr_5']
[rh_node-61] [INFO] [1789375096.480956039] [amr_6.rh_node]: [amr_6] Pruned expired reservations for peers: ['amr_5']
[rh_node-57] [INFO] [1789375096.500259269] [amr_2.rh_node]: [amr_2] Pruned expired reservations for peers: ['amr_5']
[rh_node-64] [INFO] [1789375096.509030570] [amr_9.rh_node]: [amr_9] Pruned expired reservations for peers: ['amr_5']
[rh_node-56] [INFO] [1789375096.536850727] [amr_1.rh_node]: [amr_1] Pruned expired reservations for peers: ['amr_5']
[rh_node-63] [INFO] [1789375096.688092459] [amr_8.rh_node]: [amr_8] Pruned expired reservations for peers: ['amr_5']
[rh_node-55] [INFO] [1789375096.691792277] [amr_0.rh_node]: [amr_0] Pruned expired reservations for peers: ['amr_5']
[rh_node-59] [INFO] [1789375096.784040141] [amr_4.rh_node]: [amr_4] Pruned expired reservations for peers: ['amr_5']
[rh_node-58] [INFO] [1789375096.863567078] [amr_3.rh_node]: [amr_3] Pruned expired reservations for peers: ['amr_5']
[rh_node-62] [INFO] [1789375096.868742441] [amr_7.rh_node]: [amr_7] Pruned expired reservations for peers: ['amr_5']
[rh_node-61] [INFO] [1789375096.980911434] [amr_6.rh_node]: [amr_6] Pruned expired reservations for peers: ['amr_5']
[rh_node-57] [INFO] [1789375096.999966016] [amr_2.rh_node]: [amr_2] Pruned expired reservations for peers: ['amr_5']
[rh_node-64] [INFO] [1789375097.008735256] [amr_9.rh_node]: [amr_9] Pruned expired reservations for peers: ['amr_5']
[rh_node-56] [INFO] [1789375097.037418857] [amr_1.rh_node]: [amr_1] Pruned expired reservations for peers: ['amr_5']
[rh_node-63] [INFO] [1789375097.187805127] [amr_8.rh_node]: [amr_8] Pruned expired reservations for peers: ['amr_5']
[rh_node-55] [INFO] [1789375097.190671423] [amr_0.rh_node]: [amr_0] Pruned expired reservations for peers: ['amr_5']
[rh_node-59] [INFO] [1789375097.283903454] [amr_4.rh_node]: [amr_4] Pruned expired reservations for peers: ['amr_5']
[rh_node-58] [INFO] [1789375097.360814907] [amr_3.rh_node]: [amr_3] Pruned expired reservations for peers: ['amr_5']
[rh_node-62] [INFO] [1789375097.368306639] [amr_7.rh_node]: [amr_7] Pruned expired reservations for peers: ['amr_5']
[rh_node-61] [INFO] [1789375097.480667365] [amr_6.rh_node]: [amr_6] Pruned expired reservations for peers: ['amr_5']
[rh_node-57] [INFO] [1789375097.500081750] [amr_2.rh_node]: [amr_2] Pruned expired reservations for peers: ['amr_5']
[rh_node-64] [INFO] [1789375097.508815675] [amr_9.rh_node]: [amr_9] Pruned expired reservations for peers: ['amr_5']
[rh_node-56] [INFO] [1789375097.536434381] [amr_1.rh_node]: [amr_1] Pruned expired reservations for peers: ['amr_5']
[rh_node-63] [INFO] [1789375097.687062819] [amr_8.rh_node]: [amr_8] Pruned expired reservations for peers: ['amr_5']
[rh_node-55] [INFO] [1789375097.691788938] [amr_0.rh_node]: [amr_0] Pruned expired reservations for peers: ['amr_5']
[rh_node-59] [INFO] [1789375097.784161925] [amr_4.rh_node]: [amr_4] Pruned expired reservations for peers: ['amr_5']
[rh_node-58] [INFO] [1789375097.860684231] [amr_3.rh_node]: [amr_3] Pruned expired reservations for peers: ['amr_5']
[rh_node-62] [INFO] [1789375097.868360529] [amr_7.rh_node]: [amr_7] Pruned expired reservations for peers: ['amr_5']
[rh_node-61] [INFO] [1789375097.980792983] [amr_6.rh_node]: [amr_6] Pruned expired reservations for peers: ['amr_5']
[rh_node-57] [INFO] [1789375098.000070460] [amr_2.rh_node]: [amr_2] Pruned expired reservations for peers: ['amr_5']
[rh_node-64] [INFO] [1789375098.008629777] [amr_9.rh_node]: [amr_9] Pruned expired reservations for peers: ['amr_5']
[rh_node-56] [INFO] [1789375098.036406859] [amr_1.rh_node]: [amr_1] Pruned expired reservations for peers: ['amr_5']
[rh_node-63] [INFO] [1789375098.187867093] [amr_8.rh_node]: [amr_8] Pruned expired reservations for peers: ['amr_5']
[rh_node-55] [INFO] [1789375098.190648557] [amr_0.rh_node]: [amr_0] Pruned expired reservations for peers: ['amr_5']
[rh_node-59] [INFO] [1789375098.284155868] [amr_4.rh_node]: [amr_4] Pruned expired reservations for peers: ['amr_5']
[rh_node-58] [INFO] [1789375098.360655347] [amr_3.rh_node]: [amr_3] Pruned expired reservations for peers: ['amr_5']
[rh_node-60] [INFO] [1789375098.363229887] [amr_5.rh_node]: [amr_5] Pruned expired reservations for peers: ['amr_3']
[rh_node-62] [INFO] [1789375098.368770992] [amr_7.rh_node]: [amr_7] Pruned expired reservations for peers: ['amr_5', 'amr_3']
[rh_node-61] [INFO] [1789375098.480746888] [amr_6.rh_node]: [amr_6] Pruned expired reservations for peers: ['amr_5', 'amr_3']
[rh_node-57] [INFO] [1789375098.499915162] [amr_2.rh_node]: [amr_2] Pruned expired reservations for peers: ['amr_5', 'amr_3']
[rh_node-64] [INFO] [1789375098.508825310] [amr_9.rh_node]: [amr_9] Pruned expired reservations for peers: ['amr_5', 'amr_3']
[rh_node-56] [INFO] [1789375098.536155602] [amr_1.rh_node]: [amr_1] Pruned expired reservations for peers: ['amr_5', 'amr_3']
[rh_node-63] [INFO] [1789375098.687766599] [amr_8.rh_node]: [amr_8] Pruned expired reservations for peers: ['amr_5', 'amr_3']
[rh_node-55] [INFO] [1789375098.690568463] [amr_0.rh_node]: [amr_0] Pruned expired reservations for peers: ['amr_5', 'amr_3']
[rh_node-59] [INFO] [1789375098.784416763] [amr_4.rh_node]: [amr_4] Pruned expired reservations for peers: ['amr_5', 'amr_3']
[rh_node-58] [INFO] [1789375098.860477872] [amr_3.rh_node]: [amr_3] Pruned expired reservations for peers: ['amr_5']
[rh_node-60] [INFO] [1789375098.863350350] [amr_5.rh_node]: [amr_5] Pruned expired reservations for peers: ['amr_3']
[rh_node-62] [INFO] [1789375098.868480694] [amr_7.rh_node]: [amr_7] Pruned expired reservations for peers: ['amr_5', 'amr_3']
[rh_node-61] [INFO] [1789375098.980736111] [amr_6.rh_node]: [amr_6] Pruned expired reservations for peers: ['amr_5', 'amr_3']
[rh_node-57] [INFO] [1789375098.999850176] [amr_2.rh_node]: [amr_2] Pruned expired reservations for peers: ['amr_5', 'amr_3']
[rh_node-64] [INFO] [1789375099.009254026] [amr_9.rh_node]: [amr_9] Pruned expired reservations for peers: ['amr_5', 'amr_3']
[rh_node-56] [INFO] [1789375099.036745280] [amr_1.rh_node]: [amr_1] Pruned expired reservations for peers: ['amr_5', 'amr_3']
[rh_node-63] [INFO] [1789375099.187891930] [amr_8.rh_node]: [amr_8] Pruned expired reservations for peers: ['amr_5', 'amr_3']
[rh_node-55] [INFO] [1789375099.190463780] [amr_0.rh_node]: [amr_0] Pruned expired reservations for peers: ['amr_5', 'amr_3']
[rh_node-59] [INFO] [1789375099.284167998] [amr_4.rh_node]: [amr_4] Pruned expired reservations for peers: ['amr_5', 'amr_3']
[rh_node-58] [INFO] [1789375099.360850483] [amr_3.rh_node]: [amr_3] Pruned expired reservations for peers: ['amr_5']
[rh_node-60] [INFO] [1789375099.363162799] [amr_5.rh_node]: [amr_5] Pruned expired reservations for peers: ['amr_3']
[rh_node-62] [INFO] [1789375099.368466783] [amr_7.rh_node]: [amr_7] Pruned expired reservations for peers: ['amr_5', 'amr_3']
[rh_node-61] [INFO] [1789375099.480202626] [amr_6.rh_node]: [amr_6] Pruned expired reservations for peers: ['amr_5', 'amr_3']
[rh_node-57] [INFO] [1789375099.500114066] [amr_2.rh_node]: [amr_2] Pruned expired reservations for peers: ['amr_5', 'amr_3']
[rh_node-64] [INFO] [1789375099.508489254] [amr_9.rh_node]: [amr_9] Pruned expired reservations for peers: ['amr_5', 'amr_3']
[rh_node-56] [INFO] [1789375099.536445313] [amr_1.rh_node]: [amr_1] Pruned expired reservations for peers: ['amr_5', 'amr_3']
[rh_node-63] [INFO] [1789375099.688507965] [amr_8.rh_node]: [amr_8] Pruned expired reservations for peers: ['amr_5', 'amr_3']
[rh_node-55] [INFO] [1789375099.690469747] [amr_0.rh_node]: [amr_0] Pruned expired reservations for peers: ['amr_5', 'amr_3']
[rh_node-59] [INFO] [1789375099.784650891] [amr_4.rh_node]: [amr_4] Pruned expired reservations for peers: ['amr_5', 'amr_3']
[rh_node-58] [INFO] [1789375099.860333441] [amr_3.rh_node]: [amr_3] Pruned expired reservations for peers: ['amr_5']
[rh_node-60] [INFO] [1789375099.863122954] [amr_5.rh_node]: [amr_5] Pruned expired reservations for peers: ['amr_3']
[rh_node-62] [INFO] [1789375099.868404821] [amr_7.rh_node]: [amr_7] Pruned expired reservations for peers: ['amr_5', 'amr_3']
[rh_node-61] [INFO] [1789375099.980948957] [amr_6.rh_node]: [amr_6] Pruned expired reservations for peers: ['amr_5', 'amr_3']
[rh_node-57] [INFO] [1789375100.000027627] [amr_2.rh_node]: [amr_2] Pruned expired reservations for peers: ['amr_5', 'amr_3']
[rh_node-64] [INFO] [1789375100.008840787] [amr_9.rh_node]: [amr_9] Pruned expired reservations for peers: ['amr_5', 'amr_3']
[rh_node-56] [INFO] [1789375100.035952546] [amr_1.rh_node]: [amr_1] Pruned expired reservations for peers: ['amr_5', 'amr_3']
[rh_node-63] [INFO] [1789375100.189796651] [amr_8.rh_node]: [amr_8] Pruned expired reservations for peers: ['amr_5', 'amr_3']
[rh_node-55] [INFO] [1789375100.192991696] [amr_0.rh_node]: [amr_0] Pruned expired reservations for peers: ['amr_5', 'amr_3']
[rh_node-59] [INFO] [1789375100.284157379] [amr_4.rh_node]: [amr_4] Pruned expired reservations for peers: ['amr_5', 'amr_3']
[rh_node-58] [INFO] [1789375100.360782911] [amr_3.rh_node]: [amr_3] Pruned expired reservations for peers: ['amr_5']
[rh_node-60] [INFO] [1789375100.363342180] [amr_5.rh_node]: [amr_5] Pruned expired reservations for peers: ['amr_3']
[rh_node-62] [INFO] [1789375100.368596235] [amr_7.rh_node]: [amr_7] Pruned expired reservations for peers: ['amr_5', 'amr_3']
[rh_node-61] [INFO] [1789375100.480270695] [amr_6.rh_node]: [amr_6] Pruned expired reservations for peers: ['amr_5', 'amr_3']
[rh_node-57] [INFO] [1789375100.499719993] [amr_2.rh_node]: [amr_2] Pruned expired reservations for peers: ['amr_5', 'amr_3']
[rh_node-64] [INFO] [1789375100.508902990] [amr_9.rh_node]: [amr_9] Pruned expired reservations for peers: ['amr_5', 'amr_3']
[rh_node-56] [INFO] [1789375100.536635663] [amr_1.rh_node]: [amr_1] Pruned expired reservations for peers: ['amr_5', 'amr_3']
[rh_node-63] [INFO] [1789375100.687758569] [amr_8.rh_node]: [amr_8] Pruned expired reservations for peers: ['amr_5', 'amr_3']
[rh_node-55] [INFO] [1789375100.690497720] [amr_0.rh_node]: [amr_0] Pruned expired reservations for peers: ['amr_5', 'amr_3']
[rh_node-59] [INFO] [1789375100.786035053] [amr_4.rh_node]: [amr_4] Pruned expired reservations for peers: ['amr_5', 'amr_3']
[rh_node-58] [INFO] [1789375100.860784592] [amr_3.rh_node]: [amr_3] Pruned expired reservations for peers: ['amr_5']
[rh_node-60] [INFO] [1789375100.863484275] [amr_5.rh_node]: [amr_5] Pruned expired reservations for peers: ['amr_3']
[rh_node-62] [INFO] [1789375100.868446970] [amr_7.rh_node]: [amr_7] Pruned expired reservations for peers: ['amr_5', 'amr_3']
[rh_node-61] [INFO] [1789375100.981454878] [amr_6.rh_node]: [amr_6] Pruned expired reservations for peers: ['amr_5', 'amr_3']
[rh_node-57] [INFO] [1789375100.999953959] [amr_2.rh_node]: [amr_2] Pruned expired reservations for peers: ['amr_5', 'amr_3']
[rh_node-64] [INFO] [1789375101.008806956] [amr_9.rh_node]: [amr_9] Pruned expired reservations for peers: ['amr_5', 'amr_3']
[rh_node-56] [INFO] [1789375101.036520532] [amr_1.rh_node]: [amr_1] Pruned expired reservations for peers: ['amr_5', 'amr_3']
[rh_node-63] [INFO] [1789375101.187769026] [amr_8.rh_node]: [amr_8] Pruned expired reservations for peers: ['amr_5', 'amr_3']
[rh_node-55] [INFO] [1789375101.190482828] [amr_0.rh_node]: [amr_0] Pruned expired reservations for peers: ['amr_5', 'amr_3']
[rh_node-59] [INFO] [1789375101.284405229] [amr_4.rh_node]: [amr_4] Pruned expired reservations for peers: ['amr_5', 'amr_3']
[rh_node-58] [INFO] [1789375101.360733699] [amr_3.rh_node]: [amr_3] Pruned expired reservations for peers: ['amr_5']
[rh_node-60] [INFO] [1789375101.363809704] [amr_5.rh_node]: [amr_5] Pruned expired reservations for peers: ['amr_3']
[rh_node-62] [INFO] [1789375101.368711146] [amr_7.rh_node]: [amr_7] Pruned expired reservations for peers: ['amr_5', 'amr_3']
[rh_node-61] [INFO] [1789375101.480970042] [amr_6.rh_node]: [amr_6] Pruned expired reservations for peers: ['amr_5', 'amr_3']
[rh_node-57] [INFO] [1789375101.500597939] [amr_2.rh_node]: [amr_2] Pruned expired reservations for peers: ['amr_5', 'amr_3']
[rh_node-64] [INFO] [1789375101.508947487] [amr_9.rh_node]: [amr_9] Pruned expired reservations for peers: ['amr_5', 'amr_3']
[rh_node-56] [INFO] [1789375101.537289911] [amr_1.rh_node]: [amr_1] Pruned expired reservations for peers: ['amr_5', 'amr_3']
[rh_node-55] [INFO] [1789375101.690188243] [amr_0.rh_node]: [amr_0] Pruned expired reservations for peers: ['amr_5', 'amr_3']
[rh_node-63] [INFO] [1789375101.690522516] [amr_8.rh_node]: [amr_8] Pruned expired reservations for peers: ['amr_5', 'amr_3']
[rh_node-59] [INFO] [1789375101.784065145] [amr_4.rh_node]: [amr_4] Pruned expired reservations for peers: ['amr_5', 'amr_3']
[rh_node-58] [INFO] [1789375101.860791737] [amr_3.rh_node]: [amr_3] Pruned expired reservations for peers: ['amr_5']
[rh_node-60] [INFO] [1789375101.863720178] [amr_5.rh_node]: [amr_5] Pruned expired reservations for peers: ['amr_3']
[rh_node-62] [INFO] [1789375101.869562461] [amr_7.rh_node]: [amr_7] Pruned expired reservations for peers: ['amr_5', 'amr_3']
[rh_node-61] [INFO] [1789375101.980433484] [amr_6.rh_node]: [amr_6] Pruned expired reservations for peers: ['amr_5', 'amr_3']
[rh_node-57] [INFO] [1789375102.000474103] [amr_2.rh_node]: [amr_2] Pruned expired reservations for peers: ['amr_5', 'amr_3']
[rh_node-64] [INFO] [1789375102.009241070] [amr_9.rh_node]: [amr_9] Pruned expired reservations for peers: ['amr_5', 'amr_3']
[rh_node-56] [INFO] [1789375102.036558964] [amr_1.rh_node]: [amr_1] Pruned expired reservations for peers: ['amr_5', 'amr_3']
[rh_node-63] [INFO] [1789375102.187779441] [amr_8.rh_node]: [amr_8] Pruned expired reservations for peers: ['amr_5', 'amr_3']
[rh_node-55] [INFO] [1789375102.190770506] [amr_0.rh_node]: [amr_0] Pruned expired reservations for peers: ['amr_5', 'amr_3']
[rh_node-59] [INFO] [1789375102.284862305] [amr_4.rh_node]: [amr_4] Pruned expired reservations for peers: ['amr_5', 'amr_3']
[rh_node-58] [INFO] [1789375102.360822411] [amr_3.rh_node]: [amr_3] Pruned expired reservations for peers: ['amr_5']
[rh_node-60] [INFO] [1789375102.363196284] [amr_5.rh_node]: [amr_5] Pruned expired reservations for peers: ['amr_3']
[rh_node-62] [INFO] [1789375102.368445404] [amr_7.rh_node]: [amr_7] Pruned expired reservations for peers: ['amr_5', 'amr_3']
[rh_node-61] [INFO] [1789375102.480771834] [amr_6.rh_node]: [amr_6] Pruned expired reservations for peers: ['amr_5', 'amr_3']
[rh_node-57] [INFO] [1789375102.500535097] [amr_2.rh_node]: [amr_2] Pruned expired reservations for peers: ['amr_5', 'amr_3']
[rh_node-64] [INFO] [1789375102.508776217] [amr_9.rh_node]: [amr_9] Pruned expired reservations for peers: ['amr_5', 'amr_3']
[rh_node-56] [INFO] [1789375102.536449613] [amr_1.rh_node]: [amr_1] Pruned expired reservations for peers: ['amr_5', 'amr_3']
[rh_node-63] [INFO] [1789375102.688122343] [amr_8.rh_node]: [amr_8] Pruned expired reservations for peers: ['amr_5', 'amr_3']
[rh_node-55] [INFO] [1789375102.690372307] [amr_0.rh_node]: [amr_0] Pruned expired reservations for peers: ['amr_5', 'amr_3']
[rh_node-59] [INFO] [1789375102.784151960] [amr_4.rh_node]: [amr_4] Pruned expired reservations for peers: ['amr_5', 'amr_3']
[rh_node-58] [INFO] [1789375102.860644854] [amr_3.rh_node]: [amr_3] Pruned expired reservations for peers: ['amr_5']
[rh_node-60] [INFO] [1789375102.864546465] [amr_5.rh_node]: [amr_5] Pruned expired reservations for peers: ['amr_3']
[rh_node-62] [INFO] [1789375102.868692093] [amr_7.rh_node]: [amr_7] Pruned expired reservations for peers: ['amr_5', 'amr_3']
[rh_node-61] [INFO] [1789375102.980779295] [amr_6.rh_node]: [amr_6] Pruned expired reservations for peers: ['amr_5', 'amr_3']
[rh_node-57] [INFO] [1789375102.999679375] [amr_2.rh_node]: [amr_2] Pruned expired reservations for peers: ['amr_5', 'amr_3']
[rh_node-64] [INFO] [1789375103.010017945] [amr_9.rh_node]: [amr_9] Pruned expired reservations for peers: ['amr_5', 'amr_3']
[rh_node-56] [INFO] [1789375103.036521192] [amr_1.rh_node]: [amr_1] Pruned expired reservations for peers: ['amr_5', 'amr_3']
[rh_node-63] [INFO] [1789375103.187994550] [amr_8.rh_node]: [amr_8] Pruned expired reservations for peers: ['amr_5', 'amr_3']
[rh_node-55] [INFO] [1789375103.190621503] [amr_0.rh_node]: [amr_0] Pruned expired reservations for peers: ['amr_5', 'amr_3']
[rh_node-59] [INFO] [1789375103.284298443] [amr_4.rh_node]: [amr_4] Pruned expired reservations for peers: ['amr_5', 'amr_3']
[rh_node-58] [INFO] [1789375103.360621349] [amr_3.rh_node]: [amr_3] Pruned expired reservations for peers: ['amr_5']
[rh_node-60] [INFO] [1789375103.363404125] [amr_5.rh_node]: [amr_5] Pruned expired reservations for peers: ['amr_3']
[rh_node-62] [INFO] [1789375103.368338845] [amr_7.rh_node]: [amr_7] Pruned expired reservations for peers: ['amr_5', 'amr_3']
[rh_node-61] [INFO] [1789375103.480763509] [amr_6.rh_node]: [amr_6] Pruned expired reservations for peers: ['amr_5', 'amr_3']
[rh_node-57] [INFO] [1789375103.499994508] [amr_2.rh_node]: [amr_2] Pruned expired reservations for peers: ['amr_5', 'amr_3']
[rh_node-64] [INFO] [1789375103.509825856] [amr_9.rh_node]: [amr_9] Pruned expired reservations for peers: ['amr_5', 'amr_3']
[rh_node-56] [INFO] [1789375103.536622435] [amr_1.rh_node]: [amr_1] Pruned expired reservations for peers: ['amr_5', 'amr_3']
[rh_node-63] [INFO] [1789375103.688571035] [amr_8.rh_node]: [amr_8] Pruned expired reservations for peers: ['amr_5', 'amr_3']
[rh_node-55] [INFO] [1789375103.690880514] [amr_0.rh_node]: [amr_0] Pruned expired reservations for peers: ['amr_5', 'amr_3']
[rh_node-59] [INFO] [1789375103.784060096] [amr_4.rh_node]: [amr_4] Pruned expired reservations for peers: ['amr_5', 'amr_3']
[rh_node-58] [INFO] [1789375103.861192671] [amr_3.rh_node]: [amr_3] Pruned expired reservations for peers: ['amr_5']
[rh_node-60] [INFO] [1789375103.864209478] [amr_5.rh_node]: [amr_5] Pruned expired reservations for peers: ['amr_3']
[rh_node-62] [INFO] [1789375103.868680751] [amr_7.rh_node]: [amr_7] Pruned expired reservations for peers: ['amr_5', 'amr_3']
[rh_node-61] [INFO] [1789375103.981186737] [amr_6.rh_node]: [amr_6] Pruned expired reservations for peers: ['amr_5', 'amr_3']
[rh_node-57] [INFO] [1789375104.000062033] [amr_2.rh_node]: [amr_2] Pruned expired reservations for peers: ['amr_5', 'amr_3']
[rh_node-64] [INFO] [1789375104.008911982] [amr_9.rh_node]: [amr_9] Pruned expired reservations for peers: ['amr_5', 'amr_3']
[rh_node-56] [INFO] [1789375104.038081817] [amr_1.rh_node]: [amr_1] Pruned expired reservations for peers: ['amr_5', 'amr_3']
[rh_node-63] [INFO] [1789375104.187686882] [amr_8.rh_node]: [amr_8] Pruned expired reservations for peers: ['amr_5', 'amr_3']
[rh_node-55] [INFO] [1789375104.190142726] [amr_0.rh_node]: [amr_0] Pruned expired reservations for peers: ['amr_5', 'amr_3']
[rh_node-59] [INFO] [1789375104.284323237] [amr_4.rh_node]: [amr_4] Pruned expired reservations for peers: ['amr_5', 'amr_3']
[rh_node-58] [INFO] [1789375104.360675992] [amr_3.rh_node]: [amr_3] Pruned expired reservations for peers: ['amr_5']
[rh_node-60] [INFO] [1789375104.365340705] [amr_5.rh_node]: [amr_5] Pruned expired reservations for peers: ['amr_3']
[rh_node-62] [INFO] [1789375104.368427164] [amr_7.rh_node]: [amr_7] Pruned expired reservations for peers: ['amr_5', 'amr_3']
[rh_node-61] [INFO] [1789375104.481719751] [amr_6.rh_node]: [amr_6] Pruned expired reservations for peers: ['amr_5', 'amr_3']
[rh_node-57] [INFO] [1789375104.500177358] [amr_2.rh_node]: [amr_2] Pruned expired reservations for peers: ['amr_5', 'amr_3']
[rh_node-64] [INFO] [1789375104.508918642] [amr_9.rh_node]: [amr_9] Pruned expired reservations for peers: ['amr_5', 'amr_3']
[rh_node-56] [INFO] [1789375104.536561264] [amr_1.rh_node]: [amr_1] Pruned expired reservations for peers: ['amr_5', 'amr_3']
[rh_node-63] [INFO] [1789375104.686995468] [amr_8.rh_node]: [amr_8] Pruned expired reservations for peers: ['amr_5', 'amr_3']
[rh_node-55] [INFO] [1789375104.691729398] [amr_0.rh_node]: [amr_0] Pruned expired reservations for peers: ['amr_5', 'amr_3']
[rh_node-59] [INFO] [1789375104.784659935] [amr_4.rh_node]: [amr_4] Pruned expired reservations for peers: ['amr_5', 'amr_3']
[rh_node-58] [INFO] [1789375104.861106181] [amr_3.rh_node]: [amr_3] Pruned expired reservations for peers: ['amr_5']
[rh_node-60] [INFO] [1789375104.864722879] [amr_5.rh_node]: [amr_5] Pruned expired reservations for peers: ['amr_3']
[rh_node-62] [INFO] [1789375104.868223650] [amr_7.rh_node]: [amr_7] Pruned expired reservations for peers: ['amr_5', 'amr_3']
[rh_node-61] [INFO] [1789375104.981576512] [amr_6.rh_node]: [amr_6] Pruned expired reservations for peers: ['amr_5', 'amr_3']
[rh_node-57] [INFO] [1789375105.000203037] [amr_2.rh_node]: [amr_2] Pruned expired reservations for peers: ['amr_5', 'amr_3']
[rh_node-64] [INFO] [1789375105.009255902] [amr_9.rh_node]: [amr_9] Pruned expired reservations for peers: ['amr_5', 'amr_3']
[rh_node-56] [INFO] [1789375105.036901362] [amr_1.rh_node]: [amr_1] Pruned expired reservations for peers: ['amr_5', 'amr_3']
[rh_node-63] [INFO] [1789375105.188110240] [amr_8.rh_node]: [amr_8] Pruned expired reservations for peers: ['amr_5', 'amr_3']
[rh_node-55] [INFO] [1789375105.190807128] [amr_0.rh_node]: [amr_0] Pruned expired reservations for peers: ['amr_5', 'amr_3']
[rh_node-59] [INFO] [1789375105.284120919] [amr_4.rh_node]: [amr_4] Pruned expired reservations for peers: ['amr_5', 'amr_3']
[rh_node-58] [INFO] [1789375105.361408154] [amr_3.rh_node]: [amr_3] Pruned expired reservations for peers: ['amr_5']
[rh_node-60] [INFO] [1789375105.363666565] [amr_5.rh_node]: [amr_5] Pruned expired reservations for peers: ['amr_3']
[rh_node-62] [INFO] [1789375105.369086868] [amr_7.rh_node]: [amr_7] Pruned expired reservations for peers: ['amr_5', 'amr_3']
[rh_node-61] [INFO] [1789375105.481564798] [amr_6.rh_node]: [amr_6] Pruned expired reservations for peers: ['amr_5', 'amr_3']
[rh_node-57] [INFO] [1789375105.500427341] [amr_2.rh_node]: [amr_2] Pruned expired reservations for peers: ['amr_5', 'amr_3']
[rh_node-64] [INFO] [1789375105.508664107] [amr_9.rh_node]: [amr_9] Pruned expired reservations for peers: ['amr_5', 'amr_3']
[rh_node-56] [INFO] [1789375105.536613273] [amr_1.rh_node]: [amr_1] Pruned expired reservations for peers: ['amr_5', 'amr_3']
[rh_node-63] [INFO] [1789375105.688267635] [amr_8.rh_node]: [amr_8] Pruned expired reservations for peers: ['amr_5', 'amr_3']
[rh_node-55] [INFO] [1789375105.691622425] [amr_0.rh_node]: [amr_0] Pruned expired reservations for peers: ['amr_5', 'amr_3']
[rh_node-59] [INFO] [1789375105.784604020] [amr_4.rh_node]: [amr_4] Pruned expired reservations for peers: ['amr_5', 'amr_3']
[rh_node-58] [INFO] [1789375105.862244994] [amr_3.rh_node]: [amr_3] Pruned expired reservations for peers: ['amr_5']
[rh_node-60] [INFO] [1789375105.863620889] [amr_5.rh_node]: [amr_5] Pruned expired reservations for peers: ['amr_3']
[rh_node-62] [INFO] [1789375105.868866815] [amr_7.rh_node]: [amr_7] Pruned expired reservations for peers: ['amr_5', 'amr_3']
[rh_node-61] [INFO] [1789375105.980875322] [amr_6.rh_node]: [amr_6] Pruned expired reservations for peers: ['amr_5', 'amr_3']
[rh_node-57] [INFO] [1789375106.001321939] [amr_2.rh_node]: [amr_2] Pruned expired reservations for peers: ['amr_5', 'amr_3']
[rh_node-64] [INFO] [1789375106.012552911] [amr_9.rh_node]: [amr_9] Pruned expired reservations for peers: ['amr_5', 'amr_3']
[rh_node-56] [INFO] [1789375106.037404694] [amr_1.rh_node]: [amr_1] Pruned expired reservations for peers: ['amr_5', 'amr_3']
[rh_node-63] [INFO] [1789375106.187983891] [amr_8.rh_node]: [amr_8] Pruned expired reservations for peers: ['amr_5', 'amr_3']
[rh_node-55] [INFO] [1789375106.190595144] [amr_0.rh_node]: [amr_0] Pruned expired reservations for peers: ['amr_5', 'amr_3']
[rh_node-59] [INFO] [1789375106.284017914] [amr_4.rh_node]: [amr_4] Pruned expired reservations for peers: ['amr_5', 'amr_3']
[rh_node-58] [INFO] [1789375106.360279800] [amr_3.rh_node]: [amr_3] Pruned expired reservations for peers: ['amr_5']
[rh_node-60] [INFO] [1789375106.364609298] [amr_5.rh_node]: [amr_5] Pruned expired reservations for peers: ['amr_3']
[rh_node-62] [INFO] [1789375106.367656961] [amr_7.rh_node]: [amr_7] Pruned expired reservations for peers: ['amr_5', 'amr_3']
[rh_node-61] [INFO] [1789375106.480791587] [amr_6.rh_node]: [amr_6] Pruned expired reservations for peers: ['amr_5', 'amr_3']
[rh_node-57] [INFO] [1789375106.501247621] [amr_2.rh_node]: [amr_2] Pruned expired reservations for peers: ['amr_5', 'amr_3']
[rh_node-64] [INFO] [1789375106.508766298] [amr_9.rh_node]: [amr_9] Pruned expired reservations for peers: ['amr_5', 'amr_3']
[rh_node-56] [INFO] [1789375106.536467157] [amr_1.rh_node]: [amr_1] Pruned expired reservations for peers: ['amr_5', 'amr_3']
[rh_node-63] [INFO] [1789375106.687813234] [amr_8.rh_node]: [amr_8] Pruned expired reservations for peers: ['amr_5', 'amr_3']
[rh_node-55] [INFO] [1789375106.691759761] [amr_0.rh_node]: [amr_0] Pruned expired reservations for peers: ['amr_5', 'amr_3']
[rh_node-59] [INFO] [1789375106.784142480] [amr_4.rh_node]: [amr_4] Pruned expired reservations for peers: ['amr_5', 'amr_3']
[rh_node-58] [INFO] [1789375106.860709463] [amr_3.rh_node]: [amr_3] Pruned expired reservations for peers: ['amr_5']
[rh_node-60] [INFO] [1789375106.863343723] [amr_5.rh_node]: [amr_5] Pruned expired reservations for peers: ['amr_3']
[rh_node-62] [INFO] [1789375106.868744554] [amr_7.rh_node]: [amr_7] Pruned expired reservations for peers: ['amr_5', 'amr_3']
[rh_node-61] [INFO] [1789375106.980759874] [amr_6.rh_node]: [amr_6] Pruned expired reservations for peers: ['amr_5', 'amr_3']
[rh_node-57] [INFO] [1789375107.000664558] [amr_2.rh_node]: [amr_2] Pruned expired reservations for peers: ['amr_5', 'amr_3']
[rh_node-64] [INFO] [1789375107.008921464] [amr_9.rh_node]: [amr_9] Pruned expired reservations for peers: ['amr_5', 'amr_3']
[rh_node-56] [INFO] [1789375107.036451378] [amr_1.rh_node]: [amr_1] Pruned expired reservations for peers: ['amr_5', 'amr_3']
[rh_node-63] [INFO] [1789375107.187603790] [amr_8.rh_node]: [amr_8] Pruned expired reservations for peers: ['amr_5', 'amr_3']
[rh_node-55] [INFO] [1789375107.190372661] [amr_0.rh_node]: [amr_0] Pruned expired reservations for peers: ['amr_5', 'amr_3']
[rh_node-59] [INFO] [1789375107.283661059] [amr_4.rh_node]: [amr_4] Pruned expired reservations for peers: ['amr_5', 'amr_3']
[rh_node-58] [INFO] [1789375107.360927906] [amr_3.rh_node]: [amr_3] Pruned expired reservations for peers: ['amr_5']
[rh_node-60] [INFO] [1789375107.365583173] [amr_5.rh_node]: [amr_5] Pruned expired reservations for peers: ['amr_3']
[rh_node-62] [INFO] [1789375107.371620496] [amr_7.rh_node]: [amr_7] Pruned expired reservations for peers: ['amr_5', 'amr_3']
[rh_node-61] [INFO] [1789375107.481137676] [amr_6.rh_node]: [amr_6] Pruned expired reservations for peers: ['amr_5', 'amr_3']
[rh_node-57] [INFO] [1789375107.500168647] [amr_2.rh_node]: [amr_2] Pruned expired reservations for peers: ['amr_5', 'amr_3']
[rh_node-64] [INFO] [1789375107.508897291] [amr_9.rh_node]: [amr_9] Pruned expired reservations for peers: ['amr_5', 'amr_3']
[rh_node-56] [INFO] [1789375107.537731396] [amr_1.rh_node]: [amr_1] Pruned expired reservations for peers: ['amr_5', 'amr_3']
[rh_node-63] [INFO] [1789375107.687919168] [amr_8.rh_node]: [amr_8] Pruned expired reservations for peers: ['amr_5', 'amr_3']
[rh_node-55] [INFO] [1789375107.689938144] [amr_0.rh_node]: [amr_0] Pruned expired reservations for peers: ['amr_5', 'amr_3']
[rh_node-59] [INFO] [1789375107.784482181] [amr_4.rh_node]: [amr_4] Pruned expired reservations for peers: ['amr_5', 'amr_3']
[rh_node-58] [INFO] [1789375107.860534039] [amr_3.rh_node]: [amr_3] Pruned expired reservations for peers: ['amr_5']
[rh_node-60] [INFO] [1789375107.863485111] [amr_5.rh_node]: [amr_5] Pruned expired reservations for peers: ['amr_3']
[rh_node-62] [INFO] [1789375107.868651525] [amr_7.rh_node]: [amr_7] Pruned expired reservations for peers: ['amr_5', 'amr_3']
[rh_node-61] [INFO] [1789375107.980489170] [amr_6.rh_node]: [amr_6] Pruned expired reservations for peers: ['amr_5', 'amr_3']
[rh_node-57] [INFO] [1789375108.000367744] [amr_2.rh_node]: [amr_2] Pruned expired reservations for peers: ['amr_5', 'amr_3']
[rh_node-64] [INFO] [1789375108.009595959] [amr_9.rh_node]: [amr_9] Pruned expired reservations for peers: ['amr_5', 'amr_3']
[rh_node-56] [INFO] [1789375108.036054589] [amr_1.rh_node]: [amr_1] Pruned expired reservations for peers: ['amr_5', 'amr_3']
[rh_node-63] [INFO] [1789375108.187581502] [amr_8.rh_node]: [amr_8] Pruned expired reservations for peers: ['amr_5', 'amr_3']
[rh_node-55] [INFO] [1789375108.190971233] [amr_0.rh_node]: [amr_0] Pruned expired reservations for peers: ['amr_5', 'amr_3']
[rh_node-59] [INFO] [1789375108.284461190] [amr_4.rh_node]: [amr_4] Pruned expired reservations for peers: ['amr_5', 'amr_3']
[rh_node-58] [INFO] [1789375108.360786788] [amr_3.rh_node]: [amr_3] Pruned expired reservations for peers: ['amr_5']
[rh_node-60] [INFO] [1789375108.363291530] [amr_5.rh_node]: [amr_5] Pruned expired reservations for peers: ['amr_3']
[rh_node-62] [INFO] [1789375108.368600677] [amr_7.rh_node]: [amr_7] Pruned expired reservations for peers: ['amr_5', 'amr_3']
[rh_node-61] [INFO] [1789375108.480831626] [amr_6.rh_node]: [amr_6] Pruned expired reservations for peers: ['amr_5', 'amr_3']
[rh_node-57] [INFO] [1789375108.500093626] [amr_2.rh_node]: [amr_2] Pruned expired reservations for peers: ['amr_5', 'amr_3']
[rh_node-64] [INFO] [1789375108.511106557] [amr_9.rh_node]: [amr_9] Pruned expired reservations for peers: ['amr_5', 'amr_3']
[rh_node-56] [INFO] [1789375108.536511474] [amr_1.rh_node]: [amr_1] Pruned expired reservations for peers: ['amr_5', 'amr_3']
[rh_node-63] [INFO] [1789375108.686921930] [amr_8.rh_node]: [amr_8] Pruned expired reservations for peers: ['amr_5', 'amr_3']
[rh_node-55] [INFO] [1789375108.690362061] [amr_0.rh_node]: [amr_0] Pruned expired reservations for peers: ['amr_5', 'amr_3']
[rh_node-59] [INFO] [1789375108.784880016] [amr_4.rh_node]: [amr_4] Pruned expired reservations for peers: ['amr_5', 'amr_3']
[rh_node-58] [INFO] [1789375108.860690647] [amr_3.rh_node]: [amr_3] Pruned expired reservations for peers: ['amr_5']
[rh_node-60] [INFO] [1789375108.863399960] [amr_5.rh_node]: [amr_5] Pruned expired reservations for peers: ['amr_3']
[rh_node-62] [INFO] [1789375108.869314928] [amr_7.rh_node]: [amr_7] Pruned expired reservations for peers: ['amr_5', 'amr_3']
[rh_node-61] [INFO] [1789375108.982640563] [amr_6.rh_node]: [amr_6] Pruned expired reservations for peers: ['amr_5', 'amr_3']
[rh_node-57] [INFO] [1789375108.999978332] [amr_2.rh_node]: [amr_2] Pruned expired reservations for peers: ['amr_5', 'amr_3']
[rh_node-64] [INFO] [1789375109.011816685] [amr_9.rh_node]: [amr_9] Pruned expired reservations for peers: ['amr_5', 'amr_3']
[rh_node-56] [INFO] [1789375109.036525098] [amr_1.rh_node]: [amr_1] Pruned expired reservations for peers: ['amr_5', 'amr_3']
[rh_node-63] [INFO] [1789375109.187175382] [amr_8.rh_node]: [amr_8] Pruned expired reservations for peers: ['amr_5', 'amr_3']
[rh_node-55] [INFO] [1789375109.190417304] [amr_0.rh_node]: [amr_0] Pruned expired reservations for peers: ['amr_5', 'amr_3']
[rh_node-59] [INFO] [1789375109.284139203] [amr_4.rh_node]: [amr_4] Pruned expired reservations for peers: ['amr_5', 'amr_3']
[rh_node-58] [INFO] [1789375109.360780516] [amr_3.rh_node]: [amr_3] Pruned expired reservations for peers: ['amr_5']
[rh_node-60] [INFO] [1789375109.363653809] [amr_5.rh_node]: [amr_5] Pruned expired reservations for peers: ['amr_3']
[rh_node-62] [INFO] [1789375109.368750514] [amr_7.rh_node]: [amr_7] Pruned expired reservations for peers: ['amr_5', 'amr_3']
[rh_node-61] [INFO] [1789375109.480849438] [amr_6.rh_node]: [amr_6] Pruned expired reservations for peers: ['amr_5', 'amr_3']
[rh_node-57] [INFO] [1789375109.499980012] [amr_2.rh_node]: [amr_2] Pruned expired reservations for peers: ['amr_5', 'amr_3']
[rh_node-64] [INFO] [1789375109.508937197] [amr_9.rh_node]: [amr_9] Pruned expired reservations for peers: ['amr_5', 'amr_3']
[rh_node-56] [INFO] [1789375109.536658044] [amr_1.rh_node]: [amr_1] Pruned expired reservations for peers: ['amr_5', 'amr_3']
[rh_node-63] [INFO] [1789375109.687812223] [amr_8.rh_node]: [amr_8] Pruned expired reservations for peers: ['amr_5', 'amr_3']
[rh_node-55] [INFO] [1789375109.691629702] [amr_0.rh_node]: [amr_0] Pruned expired reservations for peers: ['amr_5', 'amr_3']
[rh_node-59] [INFO] [1789375109.783997072] [amr_4.rh_node]: [amr_4] Pruned expired reservations for peers: ['amr_5', 'amr_3']
[rh_node-58] [INFO] [1789375109.860532649] [amr_3.rh_node]: [amr_3] Pruned expired reservations for peers: ['amr_5']
[rh_node-60] [INFO] [1789375109.863984133] [amr_5.rh_node]: [amr_5] Pruned expired reservations for peers: ['amr_3']
[rh_node-62] [INFO] [1789375109.868629205] [amr_7.rh_node]: [amr_7] Pruned expired reservations for peers: ['amr_5', 'amr_3']
[rh_node-61] [INFO] [1789375109.980827620] [amr_6.rh_node]: [amr_6] Pruned expired reservations for peers: ['amr_5', 'amr_3']
[rh_node-57] [INFO] [1789375110.000019206] [amr_2.rh_node]: [amr_2] Pruned expired reservations for peers: ['amr_5', 'amr_3']
[rh_node-64] [INFO] [1789375110.009214587] [amr_9.rh_node]: [amr_9] Pruned expired reservations for peers: ['amr_5', 'amr_3']
[rh_node-56] [INFO] [1789375110.037059796] [amr_1.rh_node]: [amr_1] Pruned expired reservations for peers: ['amr_5', 'amr_3']
[rh_node-63] [INFO] [1789375110.186983220] [amr_8.rh_node]: [amr_8] Pruned expired reservations for peers: ['amr_5', 'amr_3']
[rh_node-55] [INFO] [1789375110.190486827] [amr_0.rh_node]: [amr_0] Pruned expired reservations for peers: ['amr_5', 'amr_3']
[rh_node-59] [INFO] [1789375110.283933526] [amr_4.rh_node]: [amr_4] Pruned expired reservations for peers: ['amr_5', 'amr_3']
[rh_node-58] [INFO] [1789375110.361151326] [amr_3.rh_node]: [amr_3] Pruned expired reservations for peers: ['amr_5']
[rh_node-60] [INFO] [1789375110.363681911] [amr_5.rh_node]: [amr_5] Pruned expired reservations for peers: ['amr_3']
[rh_node-62] [INFO] [1789375110.367817045] [amr_7.rh_node]: [amr_7] Pruned expired reservations for peers: ['amr_5', 'amr_3']
[rh_node-61] [INFO] [1789375110.481532047] [amr_6.rh_node]: [amr_6] Pruned expired reservations for peers: ['amr_5', 'amr_3']
[rh_node-57] [INFO] [1789375110.500072378] [amr_2.rh_node]: [amr_2] Pruned expired reservations for peers: ['amr_5', 'amr_3']
[rh_node-64] [INFO] [1789375110.508812442] [amr_9.rh_node]: [amr_9] Pruned expired reservations for peers: ['amr_5', 'amr_3']
[rh_node-56] [INFO] [1789375110.536796761] [amr_1.rh_node]: [amr_1] Pruned expired reservations for peers: ['amr_5', 'amr_3']
[rh_node-63] [INFO] [1789375110.688016550] [amr_8.rh_node]: [amr_8] Pruned expired reservations for peers: ['amr_5', 'amr_3']
[rh_node-55] [INFO] [1789375110.690918453] [amr_0.rh_node]: [amr_0] Pruned expired reservations for peers: ['amr_5', 'amr_3']
[rh_node-59] [INFO] [1789375110.784154926] [amr_4.rh_node]: [amr_4] Pruned expired reservations for peers: ['amr_5', 'amr_3']
[rh_node-58] [INFO] [1789375110.861408598] [amr_3.rh_node]: [amr_3] Pruned expired reservations for peers: ['amr_5']
[rh_node-60] [INFO] [1789375110.864284609] [amr_5.rh_node]: [amr_5] Pruned expired reservations for peers: ['amr_3']
[rh_node-62] [INFO] [1789375110.867866331] [amr_7.rh_node]: [amr_7] Pruned expired reservations for peers: ['amr_5', 'amr_3']
[rh_node-61] [INFO] [1789375110.980742472] [amr_6.rh_node]: [amr_6] Pruned expired reservations for peers: ['amr_5', 'amr_3']
[rh_node-57] [INFO] [1789375111.001723571] [amr_2.rh_node]: [amr_2] Pruned expired reservations for peers: ['amr_5', 'amr_3']
[rh_node-64] [INFO] [1789375111.009710672] [amr_9.rh_node]: [amr_9] Pruned expired reservations for peers: ['amr_5', 'amr_3']
[rh_node-56] [INFO] [1789375111.037570013] [amr_1.rh_node]: [amr_1] Pruned expired reservations for peers: ['amr_5', 'amr_3']
[rh_node-63] [INFO] [1789375111.187748973] [amr_8.rh_node]: [amr_8] Pruned expired reservations for peers: ['amr_5', 'amr_3']
[rh_node-55] [INFO] [1789375111.190584106] [amr_0.rh_node]: [amr_0] Pruned expired reservations for peers: ['amr_5', 'amr_3']
[rh_node-59] [INFO] [1789375111.284134296] [amr_4.rh_node]: [amr_4] Pruned expired reservations for peers: ['amr_5', 'amr_3']
[rh_node-58] [INFO] [1789375111.360778627] [amr_3.rh_node]: [amr_3] Pruned expired reservations for peers: ['amr_5']
[rh_node-60] [INFO] [1789375111.363654687] [amr_5.rh_node]: [amr_5] Pruned expired reservations for peers: ['amr_3']
[rh_node-62] [INFO] [1789375111.367854194] [amr_7.rh_node]: [amr_7] Pruned expired reservations for peers: ['amr_5', 'amr_3']
[rh_node-61] [INFO] [1789375111.480927204] [amr_6.rh_node]: [amr_6] Pruned expired reservations for peers: ['amr_5', 'amr_3']
[rh_node-57] [INFO] [1789375111.500518768] [amr_2.rh_node]: [amr_2] Pruned expired reservations for peers: ['amr_5', 'amr_3']
[rh_node-64] [INFO] [1789375111.509109635] [amr_9.rh_node]: [amr_9] Pruned expired reservations for peers: ['amr_5', 'amr_3']
[rh_node-56] [INFO] [1789375111.541490325] [amr_1.rh_node]: [amr_1] Pruned expired reservations for peers: ['amr_5', 'amr_3']
[rh_node-63] [INFO] [1789375111.688365849] [amr_8.rh_node]: [amr_8] Pruned expired reservations for peers: ['amr_5', 'amr_3']
[rh_node-55] [INFO] [1789375111.691063924] [amr_0.rh_node]: [amr_0] Pruned expired reservations for peers: ['amr_5', 'amr_3']
[rh_node-59] [INFO] [1789375111.784520372] [amr_4.rh_node]: [amr_4] Pruned expired reservations for peers: ['amr_5', 'amr_3']
[rh_node-58] [INFO] [1789375111.860940859] [amr_3.rh_node]: [amr_3] Pruned expired reservations for peers: ['amr_5']
[rh_node-60] [INFO] [1789375111.863686468] [amr_5.rh_node]: [amr_5] Pruned expired reservations for peers: ['amr_3']
[rh_node-62] [INFO] [1789375111.868680798] [amr_7.rh_node]: [amr_7] Pruned expired reservations for peers: ['amr_5', 'amr_3']
[rh_node-61] [INFO] [1789375111.980805151] [amr_6.rh_node]: [amr_6] Pruned expired reservations for peers: ['amr_5', 'amr_3']
[rh_node-57] [INFO] [1789375112.000376288] [amr_2.rh_node]: [amr_2] Pruned expired reservations for peers: ['amr_5', 'amr_3']
[rh_node-64] [INFO] [1789375112.009176974] [amr_9.rh_node]: [amr_9] Pruned expired reservations for peers: ['amr_5', 'amr_3']
[rh_node-56] [INFO] [1789375112.036072972] [amr_1.rh_node]: [amr_1] Pruned expired reservations for peers: ['amr_5', 'amr_3']
[rh_node-63] [INFO] [1789375112.186989234] [amr_8.rh_node]: [amr_8] Pruned expired reservations for peers: ['amr_5', 'amr_3']
[rh_node-55] [INFO] [1789375112.190862709] [amr_0.rh_node]: [amr_0] Pruned expired reservations for peers: ['amr_5', 'amr_3']
[rh_node-59] [INFO] [1789375112.284977950] [amr_4.rh_node]: [amr_4] Pruned expired reservations for peers: ['amr_5', 'amr_3']
[rh_node-58] [INFO] [1789375112.360817128] [amr_3.rh_node]: [amr_3] Pruned expired reservations for peers: ['amr_5']
[rh_node-60] [INFO] [1789375112.363564147] [amr_5.rh_node]: [amr_5] Pruned expired reservations for peers: ['amr_3']
[rh_node-62] [INFO] [1789375112.368466731] [amr_7.rh_node]: [amr_7] Pruned expired reservations for peers: ['amr_5', 'amr_3']
[rh_node-61] [INFO] [1789375112.480752941] [amr_6.rh_node]: [amr_6] Pruned expired reservations for peers: ['amr_5', 'amr_3']
[rh_node-57] [INFO] [1789375112.500109209] [amr_2.rh_node]: [amr_2] Pruned expired reservations for peers: ['amr_5', 'amr_3']
[rh_node-64] [INFO] [1789375112.511074475] [amr_9.rh_node]: [amr_9] Pruned expired reservations for peers: ['amr_5', 'amr_3']
[rh_node-56] [INFO] [1789375112.536643694] [amr_1.rh_node]: [amr_1] Pruned expired reservations for peers: ['amr_5', 'amr_3']
[rh_node-63] [INFO] [1789375112.688685937] [amr_8.rh_node]: [amr_8] Pruned expired reservations for peers: ['amr_5', 'amr_3']
[rh_node-55] [INFO] [1789375112.692891649] [amr_0.rh_node]: [amr_0] Pruned expired reservations for peers: ['amr_5', 'amr_3']
[rh_node-59] [INFO] [1789375112.785130600] [amr_4.rh_node]: [amr_4] Pruned expired reservations for peers: ['amr_5', 'amr_3']
[rh_node-58] [INFO] [1789375112.860851872] [amr_3.rh_node]: [amr_3] Pruned expired reservations for peers: ['amr_5']
[rh_node-60] [INFO] [1789375112.863391651] [amr_5.rh_node]: [amr_5] Pruned expired reservations for peers: ['amr_3']
[rh_node-62] [INFO] [1789375112.869028656] [amr_7.rh_node]: [amr_7] Pruned expired reservations for peers: ['amr_5', 'amr_3']
[rh_node-61] [INFO] [1789375112.981199919] [amr_6.rh_node]: [amr_6] Pruned expired reservations for peers: ['amr_5', 'amr_3']
[rh_node-57] [INFO] [1789375113.000028456] [amr_2.rh_node]: [amr_2] Pruned expired reservations for peers: ['amr_5', 'amr_3']
[rh_node-64] [INFO] [1789375113.009685951] [amr_9.rh_node]: [amr_9] Pruned expired reservations for peers: ['amr_5', 'amr_3']
[rh_node-56] [INFO] [1789375113.036565176] [amr_1.rh_node]: [amr_1] Pruned expired reservations for peers: ['amr_5', 'amr_3']
[rh_node-63] [INFO] [1789375113.186966976] [amr_8.rh_node]: [amr_8] Pruned expired reservations for peers: ['amr_5', 'amr_3']
[rh_node-55] [INFO] [1789375113.190142581] [amr_0.rh_node]: [amr_0] Pruned expired reservations for peers: ['amr_5', 'amr_3']
[rh_node-59] [INFO] [1789375113.284558159] [amr_4.rh_node]: [amr_4] Pruned expired reservations for peers: ['amr_5', 'amr_3']
[rh_node-58] [INFO] [1789375113.360571437] [amr_3.rh_node]: [amr_3] Pruned expired reservations for peers: ['amr_5']
[rh_node-60] [INFO] [1789375113.363588581] [amr_5.rh_node]: [amr_5] Pruned expired reservations for peers: ['amr_3']
[rh_node-62] [INFO] [1789375113.368610055] [amr_7.rh_node]: [amr_7] Pruned expired reservations for peers: ['amr_5', 'amr_3']
[rh_node-61] [INFO] [1789375113.480748842] [amr_6.rh_node]: [amr_6] Pruned expired reservations for peers: ['amr_5', 'amr_3']
[rh_node-57] [INFO] [1789375113.499918685] [amr_2.rh_node]: [amr_2] Pruned expired reservations for peers: ['amr_5', 'amr_3']
[rh_node-64] [INFO] [1789375113.508893416] [amr_9.rh_node]: [amr_9] Pruned expired reservations for peers: ['amr_5', 'amr_3']
[rh_node-56] [INFO] [1789375113.536477347] [amr_1.rh_node]: [amr_1] Pruned expired reservations for peers: ['amr_5', 'amr_3']
[rh_node-63] [INFO] [1789375113.687828462] [amr_8.rh_node]: [amr_8] Pruned expired reservations for peers: ['amr_5', 'amr_3']
[rh_node-55] [INFO] [1789375113.690180742] [amr_0.rh_node]: [amr_0] Pruned expired reservations for peers: ['amr_5', 'amr_3']
[rh_node-59] [INFO] [1789375113.783963466] [amr_4.rh_node]: [amr_4] Pruned expired reservations for peers: ['amr_5', 'amr_3']
[rh_node-58] [INFO] [1789375113.860720801] [amr_3.rh_node]: [amr_3] Pruned expired reservations for peers: ['amr_5']
[rh_node-60] [INFO] [1789375113.863350426] [amr_5.rh_node]: [amr_5] Pruned expired reservations for peers: ['amr_3']
[rh_node-62] [INFO] [1789375113.868478459] [amr_7.rh_node]: [amr_7] Pruned expired reservations for peers: ['amr_5', 'amr_3']
[rh_node-61] [INFO] [1789375113.980774195] [amr_6.rh_node]: [amr_6] Pruned expired reservations for peers: ['amr_5', 'amr_3']
[rh_node-57] [INFO] [1789375114.000083508] [amr_2.rh_node]: [amr_2] Pruned expired reservations for peers: ['amr_5', 'amr_3']
[rh_node-64] [INFO] [1789375114.008776323] [amr_9.rh_node]: [amr_9] Pruned expired reservations for peers: ['amr_5', 'amr_3']
[rh_node-56] [INFO] [1789375114.036427791] [amr_1.rh_node]: [amr_1] Pruned expired reservations for peers: ['amr_5', 'amr_3']
[rh_node-63] [INFO] [1789375114.190152089] [amr_8.rh_node]: [amr_8] Pruned expired reservations for peers: ['amr_5', 'amr_3']
[rh_node-55] [INFO] [1789375114.190706591] [amr_0.rh_node]: [amr_0] Pruned expired reservations for peers: ['amr_5', 'amr_3']
[rh_node-59] [INFO] [1789375114.283562435] [amr_4.rh_node]: [amr_4] Pruned expired reservations for peers: ['amr_5', 'amr_3']
[rh_node-58] [INFO] [1789375114.360670783] [amr_3.rh_node]: [amr_3] Pruned expired reservations for peers: ['amr_5']
[rh_node-60] [INFO] [1789375114.364013667] [amr_5.rh_node]: [amr_5] Pruned expired reservations for peers: ['amr_3']
[rh_node-62] [INFO] [1789375114.369102797] [amr_7.rh_node]: [amr_7] Pruned expired reservations for peers: ['amr_5', 'amr_3']
[rh_node-61] [INFO] [1789375114.480669840] [amr_6.rh_node]: [amr_6] Pruned expired reservations for peers: ['amr_5', 'amr_3']
[rh_node-57] [INFO] [1789375114.500563581] [amr_2.rh_node]: [amr_2] Pruned expired reservations for peers: ['amr_5', 'amr_3']
[rh_node-64] [INFO] [1789375114.509088230] [amr_9.rh_node]: [amr_9] Pruned expired reservations for peers: ['amr_5', 'amr_3']
[rh_node-56] [INFO] [1789375114.536962906] [amr_1.rh_node]: [amr_1] Pruned expired reservations for peers: ['amr_5', 'amr_3']
[rh_node-63] [INFO] [1789375114.687793182] [amr_8.rh_node]: [amr_8] Pruned expired reservations for peers: ['amr_5', 'amr_3']
[rh_node-55] [INFO] [1789375114.690150741] [amr_0.rh_node]: [amr_0] Pruned expired reservations for peers: ['amr_5', 'amr_3']
[rh_node-59] [INFO] [1789375114.784496714] [amr_4.rh_node]: [amr_4] Pruned expired reservations for peers: ['amr_5', 'amr_3']
[rh_node-58] [INFO] [1789375114.860627365] [amr_3.rh_node]: [amr_3] Pruned expired reservations for peers: ['amr_5']
[rh_node-60] [INFO] [1789375114.863948130] [amr_5.rh_node]: [amr_5] Pruned expired reservations for peers: ['amr_3']
[rh_node-62] [INFO] [1789375114.868473303] [amr_7.rh_node]: [amr_7] Pruned expired reservations for peers: ['amr_5', 'amr_3']
[rh_node-61] [INFO] [1789375114.980765059] [amr_6.rh_node]: [amr_6] Pruned expired reservations for peers: ['amr_5', 'amr_3']
[rh_node-57] [INFO] [1789375114.999983915] [amr_2.rh_node]: [amr_2] Pruned expired reservations for peers: ['amr_5', 'amr_3']
[rh_node-64] [INFO] [1789375115.008975735] [amr_9.rh_node]: [amr_9] Pruned expired reservations for peers: ['amr_5', 'amr_3']
[rh_node-56] [INFO] [1789375115.037253163] [amr_1.rh_node]: [amr_1] Pruned expired reservations for peers: ['amr_5', 'amr_3']
[rh_node-63] [INFO] [1789375115.187865963] [amr_8.rh_node]: [amr_8] Pruned expired reservations for peers: ['amr_5', 'amr_3']
[rh_node-55] [INFO] [1789375115.190191997] [amr_0.rh_node]: [amr_0] Pruned expired reservations for peers: ['amr_5', 'amr_3']
[rh_node-59] [INFO] [1789375115.284070277] [amr_4.rh_node]: [amr_4] Pruned expired reservations for peers: ['amr_5', 'amr_3']
[rh_node-58] [INFO] [1789375115.360680529] [amr_3.rh_node]: [amr_3] Pruned expired reservations for peers: ['amr_5']
[rh_node-60] [INFO] [1789375115.363333358] [amr_5.rh_node]: [amr_5] Pruned expired reservations for peers: ['amr_3']
[rh_node-62] [INFO] [1789375115.368411800] [amr_7.rh_node]: [amr_7] Pruned expired reservations for peers: ['amr_5', 'amr_3']
[rh_node-61] [INFO] [1789375115.480819911] [amr_6.rh_node]: [amr_6] Pruned expired reservations for peers: ['amr_5', 'amr_3']
[rh_node-57] [INFO] [1789375115.500085220] [amr_2.rh_node]: [amr_2] Pruned expired reservations for peers: ['amr_5', 'amr_3']
[rh_node-64] [INFO] [1789375115.508930966] [amr_9.rh_node]: [amr_9] Pruned expired reservations for peers: ['amr_5', 'amr_3']
[rh_node-56] [INFO] [1789375115.536494168] [amr_1.rh_node]: [amr_1] Pruned expired reservations for peers: ['amr_5', 'amr_3']
[rh_node-63] [INFO] [1789375115.687853902] [amr_8.rh_node]: [amr_8] Pruned expired reservations for peers: ['amr_5', 'amr_3']
[rh_node-55] [INFO] [1789375115.690910429] [amr_0.rh_node]: [amr_0] Pruned expired reservations for peers: ['amr_5', 'amr_3']
[rh_node-59] [INFO] [1789375115.784000703] [amr_4.rh_node]: [amr_4] Pruned expired reservations for peers: ['amr_5', 'amr_3']
[rh_node-58] [INFO] [1789375115.860713441] [amr_3.rh_node]: [amr_3] Pruned expired reservations for peers: ['amr_5']
[rh_node-60] [INFO] [1789375115.863306569] [amr_5.rh_node]: [amr_5] Pruned expired reservations for peers: ['amr_3']
[rh_node-62] [INFO] [1789375115.868573517] [amr_7.rh_node]: [amr_7] Pruned expired reservations for peers: ['amr_5', 'amr_3']
[rh_node-61] [INFO] [1789375115.980715820] [amr_6.rh_node]: [amr_6] Pruned expired reservations for peers: ['amr_5', 'amr_3']
[rh_node-57] [INFO] [1789375115.999929332] [amr_2.rh_node]: [amr_2] Pruned expired reservations for peers: ['amr_5', 'amr_3']
[rh_node-64] [INFO] [1789375116.010621833] [amr_9.rh_node]: [amr_9] Pruned expired reservations for peers: ['amr_5', 'amr_3']
[rh_node-56] [INFO] [1789375116.036528026] [amr_1.rh_node]: [amr_1] Pruned expired reservations for peers: ['amr_5', 'amr_3']
[rh_node-63] [INFO] [1789375116.187607849] [amr_8.rh_node]: [amr_8] Pruned expired reservations for peers: ['amr_5', 'amr_3']
[rh_node-55] [INFO] [1789375116.190827320] [amr_0.rh_node]: [amr_0] Pruned expired reservations for peers: ['amr_5', 'amr_3']
[rh_node-59] [INFO] [1789375116.283989984] [amr_4.rh_node]: [amr_4] Pruned expired reservations for peers: ['amr_5', 'amr_3']
[rh_node-58] [INFO] [1789375116.360881302] [amr_3.rh_node]: [amr_3] Pruned expired reservations for peers: ['amr_5']
[rh_node-60] [INFO] [1789375116.363547482] [amr_5.rh_node]: [amr_5] Pruned expired reservations for peers: ['amr_3']
[rh_node-62] [INFO] [1789375116.369054444] [amr_7.rh_node]: [amr_7] Pruned expired reservations for peers: ['amr_5', 'amr_3']
[rh_node-61] [INFO] [1789375116.480891248] [amr_6.rh_node]: [amr_6] Pruned expired reservations for peers: ['amr_5', 'amr_3']
[rh_node-57] [INFO] [1789375116.500100750] [amr_2.rh_node]: [amr_2] Pruned expired reservations for peers: ['amr_5', 'amr_3']
[rh_node-64] [INFO] [1789375116.508901614] [amr_9.rh_node]: [amr_9] Pruned expired reservations for peers: ['amr_5', 'amr_3']
[rh_node-56] [INFO] [1789375116.536628766] [amr_1.rh_node]: [amr_1] Pruned expired reservations for peers: ['amr_5', 'amr_3']
[rh_node-63] [INFO] [1789375116.688687513] [amr_8.rh_node]: [amr_8] Pruned expired reservations for peers: ['amr_5', 'amr_3']
[rh_node-55] [INFO] [1789375116.690206585] [amr_0.rh_node]: [amr_0] Pruned expired reservations for peers: ['amr_5', 'amr_3']
[rh_node-59] [INFO] [1789375116.783986487] [amr_4.rh_node]: [amr_4] Pruned expired reservations for peers: ['amr_5', 'amr_3']
[rh_node-58] [INFO] [1789375116.860677442] [amr_3.rh_node]: [amr_3] Pruned expired reservations for peers: ['amr_5']
[rh_node-60] [INFO] [1789375116.863752327] [amr_5.rh_node]: [amr_5] Pruned expired reservations for peers: ['amr_3']
[rh_node-62] [INFO] [1789375116.867648234] [amr_7.rh_node]: [amr_7] Pruned expired reservations for peers: ['amr_5', 'amr_3']
[rh_node-61] [INFO] [1789375116.980968974] [amr_6.rh_node]: [amr_6] Pruned expired reservations for peers: ['amr_5', 'amr_3']
[rh_node-57] [INFO] [1789375117.000238518] [amr_2.rh_node]: [amr_2] Pruned expired reservations for peers: ['amr_5', 'amr_3']
[rh_node-64] [INFO] [1789375117.008856788] [amr_9.rh_node]: [amr_9] Pruned expired reservations for peers: ['amr_5', 'amr_3']
[rh_node-56] [INFO] [1789375117.036397698] [amr_1.rh_node]: [amr_1] Pruned expired reservations for peers: ['amr_5', 'amr_3']
[rh_node-63] [INFO] [1789375117.187731391] [amr_8.rh_node]: [amr_8] Pruned expired reservations for peers: ['amr_5', 'amr_3']
[rh_node-55] [INFO] [1789375117.191277573] [amr_0.rh_node]: [amr_0] Pruned expired reservations for peers: ['amr_5', 'amr_3']
[rh_node-59] [INFO] [1789375117.283991007] [amr_4.rh_node]: [amr_4] Pruned expired reservations for peers: ['amr_5', 'amr_3']
[rh_node-58] [INFO] [1789375117.360559111] [amr_3.rh_node]: [amr_3] Pruned expired reservations for peers: ['amr_5']
[rh_node-60] [INFO] [1789375117.363264487] [amr_5.rh_node]: [amr_5] Pruned expired reservations for peers: ['amr_3']
[rh_node-62] [INFO] [1789375117.369037853] [amr_7.rh_node]: [amr_7] Pruned expired reservations for peers: ['amr_5', 'amr_3']
[rh_node-61] [INFO] [1789375117.480958440] [amr_6.rh_node]: [amr_6] Pruned expired reservations for peers: ['amr_5', 'amr_3']
[rh_node-57] [INFO] [1789375117.500084762] [amr_2.rh_node]: [amr_2] Pruned expired reservations for peers: ['amr_5', 'amr_3']
[rh_node-64] [INFO] [1789375117.508919814] [amr_9.rh_node]: [amr_9] Pruned expired reservations for peers: ['amr_5', 'amr_3']
[rh_node-56] [INFO] [1789375117.536481451] [amr_1.rh_node]: [amr_1] Pruned expired reservations for peers: ['amr_5', 'amr_3']
[rh_node-63] [INFO] [1789375117.689008344] [amr_8.rh_node]: [amr_8] Pruned expired reservations for peers: ['amr_5', 'amr_3']
[rh_node-55] [INFO] [1789375117.690197200] [amr_0.rh_node]: [amr_0] Pruned expired reservations for peers: ['amr_5', 'amr_3']
[rh_node-59] [INFO] [1789375117.783957064] [amr_4.rh_node]: [amr_4] Pruned expired reservations for peers: ['amr_5', 'amr_3']
[rh_node-58] [INFO] [1789375117.861833747] [amr_3.rh_node]: [amr_3] Pruned expired reservations for peers: ['amr_5']
[rh_node-60] [INFO] [1789375117.863651019] [amr_5.rh_node]: [amr_5] Pruned expired reservations for peers: ['amr_3']
[rh_node-62] [INFO] [1789375117.868133179] [amr_7.rh_node]: [amr_7] Pruned expired reservations for peers: ['amr_5', 'amr_3']
[rh_node-61] [INFO] [1789375117.981585428] [amr_6.rh_node]: [amr_6] Pruned expired reservations for peers: ['amr_5', 'amr_3']
[rh_node-57] [INFO] [1789375118.000043469] [amr_2.rh_node]: [amr_2] Pruned expired reservations for peers: ['amr_5', 'amr_3']
[rh_node-64] [INFO] [1789375118.008980077] [amr_9.rh_node]: [amr_9] Pruned expired reservations for peers: ['amr_5', 'amr_3']
[rh_node-56] [INFO] [1789375118.036664265] [amr_1.rh_node]: [amr_1] Pruned expired reservations for peers: ['amr_5', 'amr_3']
[rh_node-63] [INFO] [1789375118.187739457] [amr_8.rh_node]: [amr_8] Pruned expired reservations for peers: ['amr_5', 'amr_3']
[rh_node-55] [INFO] [1789375118.190509885] [amr_0.rh_node]: [amr_0] Pruned expired reservations for peers: ['amr_5', 'amr_3']
[rh_node-59] [INFO] [1789375118.283859686] [amr_4.rh_node]: [amr_4] Pruned expired reservations for peers: ['amr_5', 'amr_3']
[rh_node-58] [INFO] [1789375118.360634885] [amr_3.rh_node]: [amr_3] Pruned expired reservations for peers: ['amr_5']
[rh_node-60] [INFO] [1789375118.363355700] [amr_5.rh_node]: [amr_5] Pruned expired reservations for peers: ['amr_3']
[rh_node-62] [INFO] [1789375118.368997431] [amr_7.rh_node]: [amr_7] Pruned expired reservations for peers: ['amr_5', 'amr_3']
[rh_node-61] [INFO] [1789375118.481271197] [amr_6.rh_node]: [amr_6] Pruned expired reservations for peers: ['amr_5', 'amr_3']
[rh_node-57] [INFO] [1789375118.500104073] [amr_2.rh_node]: [amr_2] Pruned expired reservations for peers: ['amr_5', 'amr_3']
[rh_node-64] [INFO] [1789375118.509190133] [amr_9.rh_node]: [amr_9] Pruned expired reservations for peers: ['amr_5', 'amr_3']
[rh_node-56] [INFO] [1789375118.536440297] [amr_1.rh_node]: [amr_1] Pruned expired reservations for peers: ['amr_5', 'amr_3']
[rh_node-63] [INFO] [1789375118.687365018] [amr_8.rh_node]: [amr_8] Pruned expired reservations for peers: ['amr_5', 'amr_3']
[rh_node-55] [INFO] [1789375118.690156151] [amr_0.rh_node]: [amr_0] Pruned expired reservations for peers: ['amr_5', 'amr_3']
[rh_node-59] [INFO] [1789375118.784024823] [amr_4.rh_node]: [amr_4] Pruned expired reservations for peers: ['amr_5', 'amr_3']
[rh_node-58] [INFO] [1789375118.860380056] [amr_3.rh_node]: [amr_3] Pruned expired reservations for peers: ['amr_5']
[rh_node-60] [INFO] [1789375118.863557342] [amr_5.rh_node]: [amr_5] Pruned expired reservations for peers: ['amr_3']
[rh_node-62] [INFO] [1789375118.868473464] [amr_7.rh_node]: [amr_7] Pruned expired reservations for peers: ['amr_5', 'amr_3']
[rh_node-61] [INFO] [1789375118.981055466] [amr_6.rh_node]: [amr_6] Pruned expired reservations for peers: ['amr_5', 'amr_3']
[rh_node-57] [INFO] [1789375119.000224079] [amr_2.rh_node]: [amr_2] Pruned expired reservations for peers: ['amr_5', 'amr_3']
[rh_node-64] [INFO] [1789375119.009528432] [amr_9.rh_node]: [amr_9] Pruned expired reservations for peers: ['amr_5', 'amr_3']
[rh_node-56] [INFO] [1789375119.036410590] [amr_1.rh_node]: [amr_1] Pruned expired reservations for peers: ['amr_5', 'amr_3']
[rh_node-63] [INFO] [1789375119.187406045] [amr_8.rh_node]: [amr_8] Pruned expired reservations for peers: ['amr_5', 'amr_3']
[rh_node-55] [INFO] [1789375119.191787555] [amr_0.rh_node]: [amr_0] Pruned expired reservations for peers: ['amr_5', 'amr_3']
[rh_node-59] [INFO] [1789375119.284615212] [amr_4.rh_node]: [amr_4] Pruned expired reservations for peers: ['amr_5', 'amr_3']
[rh_node-58] [INFO] [1789375119.361161544] [amr_3.rh_node]: [amr_3] Pruned expired reservations for peers: ['amr_5']
[rh_node-60] [INFO] [1789375119.363532670] [amr_5.rh_node]: [amr_5] Pruned expired reservations for peers: ['amr_3']
[rh_node-62] [INFO] [1789375119.369840866] [amr_7.rh_node]: [amr_7] Pruned expired reservations for peers: ['amr_5', 'amr_3']
[rh_node-61] [INFO] [1789375119.480964153] [amr_6.rh_node]: [amr_6] Pruned expired reservations for peers: ['amr_5', 'amr_3']
[rh_node-57] [INFO] [1789375119.499956475] [amr_2.rh_node]: [amr_2] Pruned expired reservations for peers: ['amr_5', 'amr_3']
[rh_node-64] [INFO] [1789375119.508736201] [amr_9.rh_node]: [amr_9] Pruned expired reservations for peers: ['amr_5', 'amr_3']
[rh_node-56] [INFO] [1789375119.537056411] [amr_1.rh_node]: [amr_1] Pruned expired reservations for peers: ['amr_5', 'amr_3']
[rh_node-63] [INFO] [1789375119.686907827] [amr_8.rh_node]: [amr_8] Pruned expired reservations for peers: ['amr_5', 'amr_3']
[rh_node-55] [INFO] [1789375119.691470990] [amr_0.rh_node]: [amr_0] Pruned expired reservations for peers: ['amr_5', 'amr_3']
[rh_node-59] [INFO] [1789375119.786064722] [amr_4.rh_node]: [amr_4] Pruned expired reservations for peers: ['amr_5', 'amr_3']
[rh_node-58] [INFO] [1789375119.862010010] [amr_3.rh_node]: [amr_3] Pruned expired reservations for peers: ['amr_5']
[rh_node-60] [INFO] [1789375119.863349325] [amr_5.rh_node]: [amr_5] Pruned expired reservations for peers: ['amr_3']
[rh_node-62] [INFO] [1789375119.868842676] [amr_7.rh_node]: [amr_7] Pruned expired reservations for peers: ['amr_5', 'amr_3']
[rh_node-61] [INFO] [1789375119.980708164] [amr_6.rh_node]: [amr_6] Pruned expired reservations for peers: ['amr_5', 'amr_3']
[rh_node-57] [INFO] [1789375120.000379417] [amr_2.rh_node]: [amr_2] Pruned expired reservations for peers: ['amr_5', 'amr_3']
[rh_node-64] [INFO] [1789375120.009082738] [amr_9.rh_node]: [amr_9] Pruned expired reservations for peers: ['amr_5', 'amr_3']
[rh_node-56] [INFO] [1789375120.036170113] [amr_1.rh_node]: [amr_1] Pruned expired reservations for peers: ['amr_5', 'amr_3']
[rh_node-63] [INFO] [1789375120.188126104] [amr_8.rh_node]: [amr_8] Pruned expired reservations for peers: ['amr_5', 'amr_3']
[rh_node-55] [INFO] [1789375120.189949296] [amr_0.rh_node]: [amr_0] Pruned expired reservations for peers: ['amr_5', 'amr_3']
[rh_node-59] [INFO] [1789375120.284313120] [amr_4.rh_node]: [amr_4] Pruned expired reservations for peers: ['amr_5', 'amr_3']
[rh_node-58] [INFO] [1789375120.360720727] [amr_3.rh_node]: [amr_3] Pruned expired reservations for peers: ['amr_5']
[rh_node-60] [INFO] [1789375120.363328521] [amr_5.rh_node]: [amr_5] Pruned expired reservations for peers: ['amr_3']
[rh_node-62] [INFO] [1789375120.368290639] [amr_7.rh_node]: [amr_7] Pruned expired reservations for peers: ['amr_5', 'amr_3']
[rh_node-61] [INFO] [1789375120.480932402] [amr_6.rh_node]: [amr_6] Pruned expired reservations for peers: ['amr_5', 'amr_3']
[rh_node-57] [INFO] [1789375120.500315624] [amr_2.rh_node]: [amr_2] Pruned expired reservations for peers: ['amr_5', 'amr_3']
[rh_node-64] [INFO] [1789375120.510246826] [amr_9.rh_node]: [amr_9] Pruned expired reservations for peers: ['amr_5', 'amr_3']
[rh_node-56] [INFO] [1789375120.536525684] [amr_1.rh_node]: [amr_1] Pruned expired reservations for peers: ['amr_5', 'amr_3']
[rh_node-63] [INFO] [1789375120.687804988] [amr_8.rh_node]: [amr_8] Pruned expired reservations for peers: ['amr_5', 'amr_3']
[rh_node-55] [INFO] [1789375120.691110492] [amr_0.rh_node]: [amr_0] Pruned expired reservations for peers: ['amr_5', 'amr_3']
[rh_node-59] [INFO] [1789375120.783921066] [amr_4.rh_node]: [amr_4] Pruned expired reservations for peers: ['amr_5', 'amr_3']
[rh_node-58] [INFO] [1789375120.860543955] [amr_3.rh_node]: [amr_3] Pruned expired reservations for peers: ['amr_5']
[rh_node-60] [INFO] [1789375120.863247944] [amr_5.rh_node]: [amr_5] Pruned expired reservations for peers: ['amr_3']
[rh_node-62] [INFO] [1789375120.868719633] [amr_7.rh_node]: [amr_7] Pruned expired reservations for peers: ['amr_5', 'amr_3']
[rh_node-61] [INFO] [1789375120.980693339] [amr_6.rh_node]: [amr_6] Pruned expired reservations for peers: ['amr_5', 'amr_3']
[rh_node-57] [INFO] [1789375120.999972058] [amr_2.rh_node]: [amr_2] Pruned expired reservations for peers: ['amr_5', 'amr_3']
[rh_node-64] [INFO] [1789375121.008659923] [amr_9.rh_node]: [amr_9] Pruned expired reservations for peers: ['amr_5', 'amr_3']
[rh_node-56] [INFO] [1789375121.036451751] [amr_1.rh_node]: [amr_1] Pruned expired reservations for peers: ['amr_5', 'amr_3']
[rh_node-63] [INFO] [1789375121.188540377] [amr_8.rh_node]: [amr_8] Pruned expired reservations for peers: ['amr_5', 'amr_3']
[rh_node-55] [INFO] [1789375121.190263848] [amr_0.rh_node]: [amr_0] Pruned expired reservations for peers: ['amr_5', 'amr_3']
[rh_node-59] [INFO] [1789375121.283969588] [amr_4.rh_node]: [amr_4] Pruned expired reservations for peers: ['amr_5', 'amr_3']
[rh_node-58] [INFO] [1789375121.361123781] [amr_3.rh_node]: [amr_3] Pruned expired reservations for peers: ['amr_5']
[rh_node-60] [INFO] [1789375121.363288077] [amr_5.rh_node]: [amr_5] Pruned expired reservations for peers: ['amr_3']
[rh_node-62] [INFO] [1789375121.367742149] [amr_7.rh_node]: [amr_7] Pruned expired reservations for peers: ['amr_5', 'amr_3']
[rh_node-61] [INFO] [1789375121.482661231] [amr_6.rh_node]: [amr_6] Pruned expired reservations for peers: ['amr_5', 'amr_3']
[rh_node-57] [INFO] [1789375121.500107738] [amr_2.rh_node]: [amr_2] Pruned expired reservations for peers: ['amr_5', 'amr_3']
[rh_node-64] [INFO] [1789375121.509870232] [amr_9.rh_node]: [amr_9] Pruned expired reservations for peers: ['amr_5', 'amr_3']
[rh_node-56] [INFO] [1789375121.539279388] [amr_1.rh_node]: [amr_1] Pruned expired reservations for peers: ['amr_5', 'amr_3']
[rh_node-63] [INFO] [1789375121.687317821] [amr_8.rh_node]: [amr_8] Pruned expired reservations for peers: ['amr_5', 'amr_3']
[rh_node-55] [INFO] [1789375121.691740540] [amr_0.rh_node]: [amr_0] Completed task 'task_m9_v2_w30_0021'. Advancing to next task.
[task_manager-44] [INFO] [1789375121.693677985] [amr_task_manager]: Task 'task_m9_v2_w30_0021' transitioned to COMPLETED
[rh_node-55] [INFO] [1789375121.696267235] [amr_0.rh_node]: [amr_0] Pruned expired reservations for peers: ['amr_5', 'amr_3']
[rh_node-59] [INFO] [1789375121.786108461] [amr_4.rh_node]: [amr_4] Pruned expired reservations for peers: ['amr_5', 'amr_3']
[rh_node-58] [INFO] [1789375121.860831411] [amr_3.rh_node]: [amr_3] Pruned expired reservations for peers: ['amr_5']
[rh_node-60] [INFO] [1789375121.863428857] [amr_5.rh_node]: [amr_5] Pruned expired reservations for peers: ['amr_3']
[rh_node-62] [INFO] [1789375121.868585019] [amr_7.rh_node]: [amr_7] Pruned expired reservations for peers: ['amr_5', 'amr_3']
[rh_node-61] [INFO] [1789375121.980883856] [amr_6.rh_node]: [amr_6] Pruned expired reservations for peers: ['amr_5', 'amr_3']
[rh_node-57] [INFO] [1789375122.000035621] [amr_2.rh_node]: [amr_2] Pruned expired reservations for peers: ['amr_5', 'amr_3']
[rh_node-64] [INFO] [1789375122.008925694] [amr_9.rh_node]: [amr_9] Pruned expired reservations for peers: ['amr_5', 'amr_3']
[rh_node-56] [INFO] [1789375122.036501513] [amr_1.rh_node]: [amr_1] Pruned expired reservations for peers: ['amr_5', 'amr_3']
[rh_node-63] [INFO] [1789375122.187873681] [amr_8.rh_node]: [amr_8] Pruned expired reservations for peers: ['amr_5', 'amr_3']
[rh_node-55] [INFO] [1789375122.190765508] [amr_0.rh_node]: [amr_0] Pruned expired reservations for peers: ['amr_5', 'amr_3']
[rh_node-59] [INFO] [1789375122.283938132] [amr_4.rh_node]: [amr_4] Pruned expired reservations for peers: ['amr_5', 'amr_3']
[rh_node-58] [INFO] [1789375122.360660522] [amr_3.rh_node]: [amr_3] Pruned expired reservations for peers: ['amr_5']
[rh_node-60] [INFO] [1789375122.363389814] [amr_5.rh_node]: [amr_5] Pruned expired reservations for peers: ['amr_3']
[rh_node-62] [INFO] [1789375122.368813205] [amr_7.rh_node]: [amr_7] Pruned expired reservations for peers: ['amr_5', 'amr_3']
[rh_node-61] [INFO] [1789375122.480213008] [amr_6.rh_node]: [amr_6] Pruned expired reservations for peers: ['amr_5', 'amr_3']
[rh_node-57] [INFO] [1789375122.500054283] [amr_2.rh_node]: [amr_2] Pruned expired reservations for peers: ['amr_5', 'amr_3']
[rh_node-64] [INFO] [1789375122.509136217] [amr_9.rh_node]: [amr_9] Pruned expired reservations for peers: ['amr_5', 'amr_3']
[rh_node-56] [INFO] [1789375122.536471368] [amr_1.rh_node]: [amr_1] Pruned expired reservations for peers: ['amr_5', 'amr_3']
[rh_node-63] [INFO] [1789375122.687221374] [amr_8.rh_node]: [amr_8] Pruned expired reservations for peers: ['amr_5', 'amr_3']
[rh_node-55] [INFO] [1789375122.691782106] [amr_0.rh_node]: [amr_0] Pruned expired reservations for peers: ['amr_5', 'amr_3']
[rh_node-59] [INFO] [1789375122.784454054] [amr_4.rh_node]: [amr_4] Pruned expired reservations for peers: ['amr_5', 'amr_3']
[rh_node-58] [INFO] [1789375122.860468697] [amr_3.rh_node]: [amr_3] Pruned expired reservations for peers: ['amr_5']
[rh_node-60] [INFO] [1789375122.863614132] [amr_5.rh_node]: [amr_5] Pruned expired reservations for peers: ['amr_3']
[rh_node-62] [INFO] [1789375122.869419934] [amr_7.rh_node]: [amr_7] Pruned expired reservations for peers: ['amr_5', 'amr_3']
[rh_node-61] [INFO] [1789375122.980793330] [amr_6.rh_node]: [amr_6] Pruned expired reservations for peers: ['amr_5', 'amr_3']
[rh_node-57] [INFO] [1789375123.000241667] [amr_2.rh_node]: [amr_2] Pruned expired reservations for peers: ['amr_5', 'amr_3']
[rh_node-64] [INFO] [1789375123.009622417] [amr_9.rh_node]: [amr_9] Pruned expired reservations for peers: ['amr_5', 'amr_3']
[rh_node-56] [INFO] [1789375123.036397739] [amr_1.rh_node]: [amr_1] Pruned expired reservations for peers: ['amr_5', 'amr_3']
[rh_node-63] [INFO] [1789375123.187728132] [amr_8.rh_node]: [amr_8] Pruned expired reservations for peers: ['amr_5', 'amr_3']
[rh_node-55] [INFO] [1789375123.190918033] [amr_0.rh_node]: [amr_0] Pruned expired reservations for peers: ['amr_5', 'amr_3']
[rh_node-59] [INFO] [1789375123.283801179] [amr_4.rh_node]: [amr_4] Pruned expired reservations for peers: ['amr_5', 'amr_3']
[rh_node-58] [INFO] [1789375123.360637433] [amr_3.rh_node]: [amr_3] Pruned expired reservations for peers: ['amr_5']
[rh_node-60] [INFO] [1789375123.363435147] [amr_5.rh_node]: [amr_5] Pruned expired reservations for peers: ['amr_3']
[rh_node-62] [INFO] [1789375123.367753479] [amr_7.rh_node]: [amr_7] Pruned expired reservations for peers: ['amr_5', 'amr_3']
[rh_node-61] [INFO] [1789375123.480147905] [amr_6.rh_node]: [amr_6] Pruned expired reservations for peers: ['amr_5', 'amr_3']
[rh_node-57] [INFO] [1789375123.499513346] [amr_2.rh_node]: [amr_2] Pruned expired reservations for peers: ['amr_5', 'amr_3']
[rh_node-64] [INFO] [1789375123.509018427] [amr_9.rh_node]: [amr_9] Pruned expired reservations for peers: ['amr_5', 'amr_3']
[rh_node-56] [INFO] [1789375123.536888321] [amr_1.rh_node]: [amr_1] Pruned expired reservations for peers: ['amr_5', 'amr_3']
[rh_node-63] [INFO] [1789375123.687743399] [amr_8.rh_node]: [amr_8] Pruned expired reservations for peers: ['amr_5', 'amr_3']
[rh_node-55] [INFO] [1789375123.691051872] [amr_0.rh_node]: [amr_0] Pruned expired reservations for peers: ['amr_5', 'amr_3']
[rh_node-59] [INFO] [1789375123.783876463] [amr_4.rh_node]: [amr_4] Pruned expired reservations for peers: ['amr_5', 'amr_3']
[rh_node-58] [INFO] [1789375123.860607774] [amr_3.rh_node]: [amr_3] Pruned expired reservations for peers: ['amr_5']
[rh_node-60] [INFO] [1789375123.863864345] [amr_5.rh_node]: [amr_5] Pruned expired reservations for peers: ['amr_3']
[rh_node-62] [INFO] [1789375123.868932315] [amr_7.rh_node]: [amr_7] Pruned expired reservations for peers: ['amr_5', 'amr_3']
[rh_node-61] [INFO] [1789375123.980333141] [amr_6.rh_node]: [amr_6] Pruned expired reservations for peers: ['amr_5', 'amr_3']
[rh_node-57] [INFO] [1789375123.999722892] [amr_2.rh_node]: [amr_2] Pruned expired reservations for peers: ['amr_5', 'amr_3']
[rh_node-64] [INFO] [1789375124.008937130] [amr_9.rh_node]: [amr_9] Pruned expired reservations for peers: ['amr_5', 'amr_3']
[rh_node-56] [INFO] [1789375124.036380718] [amr_1.rh_node]: [amr_1] Pruned expired reservations for peers: ['amr_5', 'amr_3']
[rh_node-63] [INFO] [1789375124.187205561] [amr_8.rh_node]: [amr_8] Pruned expired reservations for peers: ['amr_5', 'amr_3']
[rh_node-55] [INFO] [1789375124.190837259] [amr_0.rh_node]: [amr_0] Pruned expired reservations for peers: ['amr_5', 'amr_3']
[rh_node-59] [INFO] [1789375124.283727653] [amr_4.rh_node]: [amr_4] Pruned expired reservations for peers: ['amr_5', 'amr_3']
[rh_node-58] [INFO] [1789375124.360808076] [amr_3.rh_node]: [amr_3] Pruned expired reservations for peers: ['amr_5']
[rh_node-60] [INFO] [1789375124.363512205] [amr_5.rh_node]: [amr_5] Pruned expired reservations for peers: ['amr_3']
[rh_node-62] [INFO] [1789375124.368766509] [amr_7.rh_node]: [amr_7] Pruned expired reservations for peers: ['amr_5', 'amr_3']
[rh_node-61] [INFO] [1789375124.481056563] [amr_6.rh_node]: [amr_6] Pruned expired reservations for peers: ['amr_5', 'amr_3']
[rh_node-57] [INFO] [1789375124.500322691] [amr_2.rh_node]: [amr_2] Pruned expired reservations for peers: ['amr_5', 'amr_3']
[rh_node-64] [INFO] [1789375124.508730740] [amr_9.rh_node]: [amr_9] Pruned expired reservations for peers: ['amr_5', 'amr_3']
[rh_node-56] [INFO] [1789375124.536557410] [amr_1.rh_node]: [amr_1] Pruned expired reservations for peers: ['amr_5', 'amr_3']
[rh_node-63] [INFO] [1789375124.687488447] [amr_8.rh_node]: [amr_8] Pruned expired reservations for peers: ['amr_5', 'amr_3']
[rh_node-55] [INFO] [1789375124.691293383] [amr_0.rh_node]: [amr_0] Pruned expired reservations for peers: ['amr_5', 'amr_3']
[rh_node-59] [INFO] [1789375124.784889385] [amr_4.rh_node]: [amr_4] Pruned expired reservations for peers: ['amr_5', 'amr_3']
[rh_node-58] [INFO] [1789375124.861684028] [amr_3.rh_node]: [amr_3] Pruned expired reservations for peers: ['amr_5']
[rh_node-60] [INFO] [1789375124.863502144] [amr_5.rh_node]: [amr_5] Pruned expired reservations for peers: ['amr_3']
[rh_node-62] [INFO] [1789375124.868549982] [amr_7.rh_node]: [amr_7] Pruned expired reservations for peers: ['amr_5', 'amr_3']
[rh_node-61] [INFO] [1789375124.981652421] [amr_6.rh_node]: [amr_6] Pruned expired reservations for peers: ['amr_5', 'amr_3']
[rh_node-57] [INFO] [1789375124.999603960] [amr_2.rh_node]: [amr_2] Pruned expired reservations for peers: ['amr_5', 'amr_3']
[rh_node-64] [INFO] [1789375125.009512354] [amr_9.rh_node]: [amr_9] Pruned expired reservations for peers: ['amr_5', 'amr_3']
[rh_node-56] [INFO] [1789375125.038296974] [amr_1.rh_node]: [amr_1] Pruned expired reservations for peers: ['amr_5', 'amr_3']
[rh_node-63] [INFO] [1789375125.187960695] [amr_8.rh_node]: [amr_8] Pruned expired reservations for peers: ['amr_5', 'amr_3']
[rh_node-55] [INFO] [1789375125.191151821] [amr_0.rh_node]: [amr_0] Pruned expired reservations for peers: ['amr_5', 'amr_3']
[rh_node-59] [INFO] [1789375125.284896108] [amr_4.rh_node]: [amr_4] Pruned expired reservations for peers: ['amr_5', 'amr_3']
[rh_node-58] [INFO] [1789375125.361046857] [amr_3.rh_node]: [amr_3] Pruned expired reservations for peers: ['amr_5']
[rh_node-60] [INFO] [1789375125.363507381] [amr_5.rh_node]: [amr_5] Pruned expired reservations for peers: ['amr_3']
[rh_node-62] [INFO] [1789375125.368491714] [amr_7.rh_node]: [amr_7] Pruned expired reservations for peers: ['amr_5', 'amr_3']
[rh_node-61] [INFO] [1789375125.480782599] [amr_6.rh_node]: [amr_6] Pruned expired reservations for peers: ['amr_5', 'amr_3']
[rh_node-57] [INFO] [1789375125.500384343] [amr_2.rh_node]: [amr_2] Pruned expired reservations for peers: ['amr_5', 'amr_3']
[rh_node-64] [INFO] [1789375125.508557189] [amr_9.rh_node]: [amr_9] Pruned expired reservations for peers: ['amr_5', 'amr_3']
[rh_node-56] [INFO] [1789375125.536268756] [amr_1.rh_node]: [amr_1] Pruned expired reservations for peers: ['amr_5', 'amr_3']
[rh_node-63] [INFO] [1789375125.687725683] [amr_8.rh_node]: [amr_8] Pruned expired reservations for peers: ['amr_5', 'amr_3']
[rh_node-55] [INFO] [1789375125.690980243] [amr_0.rh_node]: [amr_0] Pruned expired reservations for peers: ['amr_5', 'amr_3']
[rh_node-59] [INFO] [1789375125.784019643] [amr_4.rh_node]: [amr_4] Pruned expired reservations for peers: ['amr_5', 'amr_3']
[rh_node-58] [INFO] [1789375125.860638227] [amr_3.rh_node]: [amr_3] Pruned expired reservations for peers: ['amr_5']
[rh_node-60] [INFO] [1789375125.864033463] [amr_5.rh_node]: [amr_5] Pruned expired reservations for peers: ['amr_3']
[rh_node-62] [INFO] [1789375125.868931829] [amr_7.rh_node]: [amr_7] Pruned expired reservations for peers: ['amr_5', 'amr_3']
[rh_node-61] [INFO] [1789375125.980898044] [amr_6.rh_node]: [amr_6] Pruned expired reservations for peers: ['amr_5', 'amr_3']
[rh_node-57] [INFO] [1789375126.000086900] [amr_2.rh_node]: [amr_2] Pruned expired reservations for peers: ['amr_5', 'amr_3']
[rh_node-64] [INFO] [1789375126.008786826] [amr_9.rh_node]: [amr_9] Pruned expired reservations for peers: ['amr_5', 'amr_3']
[rh_node-56] [INFO] [1789375126.036510235] [amr_1.rh_node]: [amr_1] Pruned expired reservations for peers: ['amr_5', 'amr_3']
[rh_node-63] [INFO] [1789375126.186982521] [amr_8.rh_node]: [amr_8] Pruned expired reservations for peers: ['amr_5', 'amr_3']
[rh_node-55] [INFO] [1789375126.191102455] [amr_0.rh_node]: [amr_0] Pruned expired reservations for peers: ['amr_5', 'amr_3']
[rh_node-59] [INFO] [1789375126.285033679] [amr_4.rh_node]: [amr_4] Pruned expired reservations for peers: ['amr_5', 'amr_3']
[rh_node-58] [INFO] [1789375126.360756002] [amr_3.rh_node]: [amr_3] Pruned expired reservations for peers: ['amr_5']
[rh_node-60] [INFO] [1789375126.364248137] [amr_5.rh_node]: [amr_5] Pruned expired reservations for peers: ['amr_3']
[rh_node-62] [INFO] [1789375126.369911111] [amr_7.rh_node]: [amr_7] Pruned expired reservations for peers: ['amr_5', 'amr_3']
[rh_node-61] [INFO] [1789375126.480220910] [amr_6.rh_node]: [amr_6] Pruned expired reservations for peers: ['amr_5', 'amr_3']
[rh_node-57] [INFO] [1789375126.500059125] [amr_2.rh_node]: [amr_2] Pruned expired reservations for peers: ['amr_5', 'amr_3']
[rh_node-64] [INFO] [1789375126.509519468] [amr_9.rh_node]: [amr_9] Pruned expired reservations for peers: ['amr_5', 'amr_3']
[rh_node-56] [INFO] [1789375126.537542553] [amr_1.rh_node]: [amr_1] Pruned expired reservations for peers: ['amr_5', 'amr_3']
[rh_node-63] [INFO] [1789375126.687930573] [amr_8.rh_node]: [amr_8] Pruned expired reservations for peers: ['amr_5', 'amr_3']
[rh_node-55] [INFO] [1789375126.692178608] [amr_0.rh_node]: [amr_0] Pruned expired reservations for peers: ['amr_5', 'amr_3']
[rh_node-59] [INFO] [1789375126.783894553] [amr_4.rh_node]: [amr_4] Pruned expired reservations for peers: ['amr_5', 'amr_3']
[rh_node-58] [INFO] [1789375126.860271056] [amr_3.rh_node]: [amr_3] Pruned expired reservations for peers: ['amr_5']
[rh_node-60] [INFO] [1789375126.863311186] [amr_5.rh_node]: [amr_5] Pruned expired reservations for peers: ['amr_3']
[rh_node-62] [INFO] [1789375126.868256716] [amr_7.rh_node]: [amr_7] Pruned expired reservations for peers: ['amr_5', 'amr_3']
[rh_node-61] [INFO] [1789375126.980788027] [amr_6.rh_node]: [amr_6] Pruned expired reservations for peers: ['amr_5', 'amr_3']
[rh_node-57] [INFO] [1789375127.000161819] [amr_2.rh_node]: [amr_2] Pruned expired reservations for peers: ['amr_5', 'amr_3']
[rh_node-64] [INFO] [1789375127.008890092] [amr_9.rh_node]: [amr_9] Pruned expired reservations for peers: ['amr_5', 'amr_3']
[rh_node-56] [INFO] [1789375127.036446467] [amr_1.rh_node]: [amr_1] Pruned expired reservations for peers: ['amr_5', 'amr_3']
[rh_node-63] [INFO] [1789375127.188558607] [amr_8.rh_node]: [amr_8] Pruned expired reservations for peers: ['amr_5', 'amr_3']
[rh_node-55] [INFO] [1789375127.190864150] [amr_0.rh_node]: [amr_0] Pruned expired reservations for peers: ['amr_5', 'amr_3']
[rh_node-59] [INFO] [1789375127.283985298] [amr_4.rh_node]: [amr_4] Pruned expired reservations for peers: ['amr_5', 'amr_3']
[rh_node-58] [INFO] [1789375127.360321679] [amr_3.rh_node]: [amr_3] Pruned expired reservations for peers: ['amr_5']
[rh_node-60] [INFO] [1789375127.363745090] [amr_5.rh_node]: [amr_5] Pruned expired reservations for peers: ['amr_3']
[rh_node-62] [INFO] [1789375127.368621750] [amr_7.rh_node]: [amr_7] Pruned expired reservations for peers: ['amr_5', 'amr_3']
[rh_node-61] [INFO] [1789375127.481314840] [amr_6.rh_node]: [amr_6] Pruned expired reservations for peers: ['amr_5', 'amr_3']
[rh_node-57] [INFO] [1789375127.500553530] [amr_2.rh_node]: [amr_2] Pruned expired reservations for peers: ['amr_5', 'amr_3']
[rh_node-64] [INFO] [1789375127.508744451] [amr_9.rh_node]: [amr_9] Pruned expired reservations for peers: ['amr_5', 'amr_3']
[rh_node-56] [INFO] [1789375127.536790339] [amr_1.rh_node]: [amr_1] Pruned expired reservations for peers: ['amr_5', 'amr_3']
[rh_node-63] [INFO] [1789375127.687770105] [amr_8.rh_node]: [amr_8] Pruned expired reservations for peers: ['amr_5', 'amr_3']
[rh_node-55] [INFO] [1789375127.691180285] [amr_0.rh_node]: [amr_0] Pruned expired reservations for peers: ['amr_5', 'amr_3']
[rh_node-59] [INFO] [1789375127.784012361] [amr_4.rh_node]: [amr_4] Pruned expired reservations for peers: ['amr_5', 'amr_3']
[rh_node-58] [INFO] [1789375127.860582322] [amr_3.rh_node]: [amr_3] Pruned expired reservations for peers: ['amr_5']
[rh_node-60] [INFO] [1789375127.864318217] [amr_5.rh_node]: [amr_5] Pruned expired reservations for peers: ['amr_3']
[rh_node-62] [INFO] [1789375127.868502799] [amr_7.rh_node]: [amr_7] Pruned expired reservations for peers: ['amr_5', 'amr_3']
[rh_node-61] [INFO] [1789375127.980285660] [amr_6.rh_node]: [amr_6] Pruned expired reservations for peers: ['amr_5', 'amr_3']
[rh_node-57] [INFO] [1789375128.000275282] [amr_2.rh_node]: [amr_2] Pruned expired reservations for peers: ['amr_5', 'amr_3']
[rh_node-64] [INFO] [1789375128.013168683] [amr_9.rh_node]: [amr_9] Pruned expired reservations for peers: ['amr_5', 'amr_3']
[rh_node-56] [INFO] [1789375128.037199428] [amr_1.rh_node]: [amr_1] Pruned expired reservations for peers: ['amr_5', 'amr_3']
[rh_node-63] [INFO] [1789375128.188153457] [amr_8.rh_node]: [amr_8] Pruned expired reservations for peers: ['amr_5', 'amr_3']
[rh_node-55] [INFO] [1789375128.190827238] [amr_0.rh_node]: [amr_0] Pruned expired reservations for peers: ['amr_5', 'amr_3']
[rh_node-59] [INFO] [1789375128.284099689] [amr_4.rh_node]: [amr_4] Pruned expired reservations for peers: ['amr_5', 'amr_3']
[rh_node-58] [INFO] [1789375128.360913977] [amr_3.rh_node]: [amr_3] Pruned expired reservations for peers: ['amr_5']
[rh_node-60] [INFO] [1789375128.365587057] [amr_5.rh_node]: [amr_5] Pruned expired reservations for peers: ['amr_3']
[rh_node-62] [INFO] [1789375128.370167080] [amr_7.rh_node]: [amr_7] Pruned expired reservations for peers: ['amr_5', 'amr_3']
[rh_node-61] [INFO] [1789375128.481331024] [amr_6.rh_node]: [amr_6] Pruned expired reservations for peers: ['amr_5', 'amr_3']
[rh_node-57] [INFO] [1789375128.500201313] [amr_2.rh_node]: [amr_2] Pruned expired reservations for peers: ['amr_5', 'amr_3']
[rh_node-64] [INFO] [1789375128.510517354] [amr_9.rh_node]: [amr_9] Pruned expired reservations for peers: ['amr_5', 'amr_3']
[rh_node-56] [INFO] [1789375128.539472841] [amr_1.rh_node]: [amr_1] Pruned expired reservations for peers: ['amr_5', 'amr_3']
[rh_node-55] [INFO] [1789375128.691861424] [amr_0.rh_node]: [amr_0] Pruned expired reservations for peers: ['amr_5', 'amr_3']
[rh_node-63] [INFO] [1789375128.692953691] [amr_8.rh_node]: [amr_8] Pruned expired reservations for peers: ['amr_5', 'amr_3']
[rh_node-59] [INFO] [1789375128.786384484] [amr_4.rh_node]: [amr_4] Pruned expired reservations for peers: ['amr_5', 'amr_3']
[rh_node-58] [INFO] [1789375128.862567971] [amr_3.rh_node]: [amr_3] Pruned expired reservations for peers: ['amr_5']
[rh_node-60] [INFO] [1789375128.863399361] [amr_5.rh_node]: [amr_5] Pruned expired reservations for peers: ['amr_3']
[rh_node-62] [INFO] [1789375128.867913477] [amr_7.rh_node]: [amr_7] Pruned expired reservations for peers: ['amr_5', 'amr_3']
[rh_node-61] [INFO] [1789375128.980067354] [amr_6.rh_node]: [amr_6] Pruned expired reservations for peers: ['amr_5', 'amr_3']
[rh_node-57] [INFO] [1789375129.001104550] [amr_2.rh_node]: [amr_2] Pruned expired reservations for peers: ['amr_5', 'amr_3']
[rh_node-64] [INFO] [1789375129.009011201] [amr_9.rh_node]: [amr_9] Pruned expired reservations for peers: ['amr_5', 'amr_3']
[rh_node-56] [INFO] [1789375129.037567031] [amr_1.rh_node]: [amr_1] Pruned expired reservations for peers: ['amr_5', 'amr_3']
[rh_node-63] [INFO] [1789375129.187561866] [amr_8.rh_node]: [amr_8] Pruned expired reservations for peers: ['amr_5', 'amr_3']
[rh_node-55] [INFO] [1789375129.190920657] [amr_0.rh_node]: [amr_0] Pruned expired reservations for peers: ['amr_5', 'amr_3']
[rh_node-59] [INFO] [1789375129.283789895] [amr_4.rh_node]: [amr_4] Pruned expired reservations for peers: ['amr_5', 'amr_3']
[rh_node-58] [INFO] [1789375129.360612174] [amr_3.rh_node]: [amr_3] Pruned expired reservations for peers: ['amr_5']
[rh_node-60] [INFO] [1789375129.363356383] [amr_5.rh_node]: [amr_5] Pruned expired reservations for peers: ['amr_3']
[rh_node-62] [INFO] [1789375129.368656903] [amr_7.rh_node]: [amr_7] Pruned expired reservations for peers: ['amr_5', 'amr_3']
[rh_node-61] [INFO] [1789375129.479987158] [amr_6.rh_node]: [amr_6] Pruned expired reservations for peers: ['amr_5', 'amr_3']
[rh_node-57] [INFO] [1789375129.499889481] [amr_2.rh_node]: [amr_2] Pruned expired reservations for peers: ['amr_5', 'amr_3']
[rh_node-64] [INFO] [1789375129.509075908] [amr_9.rh_node]: [amr_9] Pruned expired reservations for peers: ['amr_5', 'amr_3']
[rh_node-56] [INFO] [1789375129.536488659] [amr_1.rh_node]: [amr_1] Pruned expired reservations for peers: ['amr_5', 'amr_3']
[rh_node-63] [INFO] [1789375129.687713933] [amr_8.rh_node]: [amr_8] Pruned expired reservations for peers: ['amr_5', 'amr_3']
[rh_node-55] [INFO] [1789375129.692259417] [amr_0.rh_node]: [amr_0] Pruned expired reservations for peers: ['amr_5', 'amr_3']
[rh_node-59] [INFO] [1789375129.784818916] [amr_4.rh_node]: [amr_4] Pruned expired reservations for peers: ['amr_5', 'amr_3']
[rh_node-58] [INFO] [1789375129.860325258] [amr_3.rh_node]: [amr_3] Pruned expired reservations for peers: ['amr_5']
[rh_node-60] [INFO] [1789375129.863536105] [amr_5.rh_node]: [amr_5] Pruned expired reservations for peers: ['amr_3']
[rh_node-62] [INFO] [1789375129.868376478] [amr_7.rh_node]: [amr_7] Pruned expired reservations for peers: ['amr_5', 'amr_3']
[rh_node-61] [INFO] [1789375129.980966573] [amr_6.rh_node]: [amr_6] Pruned expired reservations for peers: ['amr_5', 'amr_3']
[rh_node-57] [INFO] [1789375130.000261101] [amr_2.rh_node]: [amr_2] Pruned expired reservations for peers: ['amr_5', 'amr_3']
[rh_node-64] [INFO] [1789375130.008894832] [amr_9.rh_node]: [amr_9] Pruned expired reservations for peers: ['amr_5', 'amr_3']
[rh_node-56] [INFO] [1789375130.036484416] [amr_1.rh_node]: [amr_1] Pruned expired reservations for peers: ['amr_5', 'amr_3']
[rh_node-63] [INFO] [1789375130.188358303] [amr_8.rh_node]: [amr_8] Pruned expired reservations for peers: ['amr_5', 'amr_3']
[rh_node-55] [INFO] [1789375130.191127501] [amr_0.rh_node]: [amr_0] Pruned expired reservations for peers: ['amr_5', 'amr_3']
[rh_node-59] [INFO] [1789375130.284386209] [amr_4.rh_node]: [amr_4] Pruned expired reservations for peers: ['amr_5', 'amr_3']
[rh_node-58] [INFO] [1789375130.360663243] [amr_3.rh_node]: [amr_3] Pruned expired reservations for peers: ['amr_5']
[rh_node-60] [INFO] [1789375130.363069435] [amr_5.rh_node]: [amr_5] Pruned expired reservations for peers: ['amr_3']
[rh_node-62] [INFO] [1789375130.368412686] [amr_7.rh_node]: [amr_7] Pruned expired reservations for peers: ['amr_5', 'amr_3']
[rh_node-61] [INFO] [1789375130.480263327] [amr_6.rh_node]: [amr_6] Pruned expired reservations for peers: ['amr_5', 'amr_3']
[rh_node-57] [INFO] [1789375130.499927480] [amr_2.rh_node]: [amr_2] Pruned expired reservations for peers: ['amr_5', 'amr_3']
[rh_node-64] [INFO] [1789375130.509239089] [amr_9.rh_node]: [amr_9] Pruned expired reservations for peers: ['amr_5', 'amr_3']
[rh_node-56] [INFO] [1789375130.536620298] [amr_1.rh_node]: [amr_1] Pruned expired reservations for peers: ['amr_5', 'amr_3']
[rh_node-63] [INFO] [1789375130.687785118] [amr_8.rh_node]: [amr_8] Pruned expired reservations for peers: ['amr_5', 'amr_3']
[rh_node-55] [INFO] [1789375130.691106678] [amr_0.rh_node]: [amr_0] Pruned expired reservations for peers: ['amr_5', 'amr_3']
[rh_node-59] [INFO] [1789375130.785851027] [amr_4.rh_node]: [amr_4] Pruned expired reservations for peers: ['amr_5', 'amr_3']
[rh_node-58] [INFO] [1789375130.860787853] [amr_3.rh_node]: [amr_3] Pruned expired reservations for peers: ['amr_5']
[rh_node-60] [INFO] [1789375130.863410677] [amr_5.rh_node]: [amr_5] Pruned expired reservations for peers: ['amr_3']
[rh_node-62] [INFO] [1789375130.869859269] [amr_7.rh_node]: [amr_7] Pruned expired reservations for peers: ['amr_5', 'amr_3']
[rh_node-61] [INFO] [1789375130.980651020] [amr_6.rh_node]: [amr_6] Pruned expired reservations for peers: ['amr_5', 'amr_3']
[rh_node-57] [INFO] [1789375131.000067544] [amr_2.rh_node]: [amr_2] Pruned expired reservations for peers: ['amr_5', 'amr_3']
[rh_node-64] [INFO] [1789375131.008756235] [amr_9.rh_node]: [amr_9] Pruned expired reservations for peers: ['amr_5', 'amr_3']
[rh_node-56] [INFO] [1789375131.036567778] [amr_1.rh_node]: [amr_1] Pruned expired reservations for peers: ['amr_5', 'amr_3']
[rh_node-63] [INFO] [1789375131.188121828] [amr_8.rh_node]: [amr_8] Pruned expired reservations for peers: ['amr_5', 'amr_3']
[rh_node-55] [INFO] [1789375131.190920430] [amr_0.rh_node]: [amr_0] Pruned expired reservations for peers: ['amr_5', 'amr_3']
[rh_node-59] [INFO] [1789375131.283903103] [amr_4.rh_node]: [amr_4] Pruned expired reservations for peers: ['amr_5', 'amr_3']
[rh_node-58] [INFO] [1789375131.361119754] [amr_3.rh_node]: [amr_3] Pruned expired reservations for peers: ['amr_5']
[rh_node-60] [INFO] [1789375131.364768347] [amr_5.rh_node]: [amr_5] Pruned expired reservations for peers: ['amr_3']
[rh_node-62] [INFO] [1789375131.368407953] [amr_7.rh_node]: [amr_7] Pruned expired reservations for peers: ['amr_5', 'amr_3']
[rh_node-61] [INFO] [1789375131.481045273] [amr_6.rh_node]: [amr_6] Pruned expired reservations for peers: ['amr_5', 'amr_3']
[rh_node-57] [INFO] [1789375131.500026665] [amr_2.rh_node]: [amr_2] Pruned expired reservations for peers: ['amr_5', 'amr_3']
[rh_node-64] [INFO] [1789375131.508558813] [amr_9.rh_node]: [amr_9] Pruned expired reservations for peers: ['amr_5', 'amr_3']
[rh_node-56] [INFO] [1789375131.536432029] [amr_1.rh_node]: [amr_1] Pruned expired reservations for peers: ['amr_5', 'amr_3']
[rh_node-63] [INFO] [1789375131.687762836] [amr_8.rh_node]: [amr_8] Pruned expired reservations for peers: ['amr_5', 'amr_3']
[rh_node-55] [INFO] [1789375131.692592702] [amr_0.rh_node]: [amr_0] Pruned expired reservations for peers: ['amr_5', 'amr_3']
[rh_node-59] [INFO] [1789375131.786285890] [amr_4.rh_node]: [amr_4] Pruned expired reservations for peers: ['amr_5', 'amr_3']
[rh_node-58] [INFO] [1789375131.860636784] [amr_3.rh_node]: [amr_3] Pruned expired reservations for peers: ['amr_5']
[rh_node-60] [INFO] [1789375131.863379960] [amr_5.rh_node]: [amr_5] Pruned expired reservations for peers: ['amr_3']
[rh_node-62] [INFO] [1789375131.868757539] [amr_7.rh_node]: [amr_7] Pruned expired reservations for peers: ['amr_5', 'amr_3']
[rh_node-61] [INFO] [1789375131.981046485] [amr_6.rh_node]: [amr_6] Pruned expired reservations for peers: ['amr_5', 'amr_3']
[rh_node-57] [INFO] [1789375132.000107265] [amr_2.rh_node]: [amr_2] Pruned expired reservations for peers: ['amr_5', 'amr_3']
[rh_node-64] [INFO] [1789375132.008832592] [amr_9.rh_node]: [amr_9] Pruned expired reservations for peers: ['amr_5', 'amr_3']
[rh_node-56] [INFO] [1789375132.036423703] [amr_1.rh_node]: [amr_1] Pruned expired reservations for peers: ['amr_5', 'amr_3']
[rh_node-63] [INFO] [1789375132.188340864] [amr_8.rh_node]: [amr_8] Pruned expired reservations for peers: ['amr_5', 'amr_3']
[rh_node-55] [INFO] [1789375132.191784100] [amr_0.rh_node]: [amr_0] Pruned expired reservations for peers: ['amr_5', 'amr_3']
[rh_node-59] [INFO] [1789375132.283829166] [amr_4.rh_node]: [amr_4] Pruned expired reservations for peers: ['amr_5', 'amr_3']
[rh_node-58] [INFO] [1789375132.360308209] [amr_3.rh_node]: [amr_3] Pruned expired reservations for peers: ['amr_5']
[rh_node-60] [INFO] [1789375132.363301022] [amr_5.rh_node]: [amr_5] Pruned expired reservations for peers: ['amr_3']
[rh_node-62] [INFO] [1789375132.367877328] [amr_7.rh_node]: [amr_7] Pruned expired reservations for peers: ['amr_5', 'amr_3']
[rh_node-61] [INFO] [1789375132.480650464] [amr_6.rh_node]: [amr_6] Pruned expired reservations for peers: ['amr_5', 'amr_3']
[rh_node-57] [INFO] [1789375132.499912741] [amr_2.rh_node]: [amr_2] Pruned expired reservations for peers: ['amr_5', 'amr_3']
[rh_node-64] [INFO] [1789375132.508720981] [amr_9.rh_node]: [amr_9] Pruned expired reservations for peers: ['amr_5', 'amr_3']
[rh_node-56] [INFO] [1789375132.536698121] [amr_1.rh_node]: [amr_1] Pruned expired reservations for peers: ['amr_5', 'amr_3']
[rh_node-63] [INFO] [1789375132.688218920] [amr_8.rh_node]: [amr_8] Pruned expired reservations for peers: ['amr_5', 'amr_3']
[rh_node-55] [INFO] [1789375132.691197430] [amr_0.rh_node]: [amr_0] Pruned expired reservations for peers: ['amr_5', 'amr_3']
[rh_node-59] [INFO] [1789375132.783951143] [amr_4.rh_node]: [amr_4] Pruned expired reservations for peers: ['amr_5', 'amr_3']
[rh_node-58] [INFO] [1789375132.860667052] [amr_3.rh_node]: [amr_3] Pruned expired reservations for peers: ['amr_5']
[rh_node-60] [INFO] [1789375132.863514161] [amr_5.rh_node]: [amr_5] Pruned expired reservations for peers: ['amr_3']
[rh_node-62] [INFO] [1789375132.868488509] [amr_7.rh_node]: [amr_7] Pruned expired reservations for peers: ['amr_5', 'amr_3']
[rh_node-61] [INFO] [1789375132.981007372] [amr_6.rh_node]: [amr_6] Pruned expired reservations for peers: ['amr_5', 'amr_3']
[rh_node-57] [INFO] [1789375133.000263253] [amr_2.rh_node]: [amr_2] Pruned expired reservations for peers: ['amr_5', 'amr_3']
[rh_node-64] [INFO] [1789375133.008938232] [amr_9.rh_node]: [amr_9] Pruned expired reservations for peers: ['amr_5', 'amr_3']
[rh_node-56] [INFO] [1789375133.036686085] [amr_1.rh_node]: [amr_1] Pruned expired reservations for peers: ['amr_5', 'amr_3']
[rh_node-63] [INFO] [1789375133.187537560] [amr_8.rh_node]: [amr_8] Pruned expired reservations for peers: ['amr_5', 'amr_3']
[rh_node-55] [INFO] [1789375133.190820164] [amr_0.rh_node]: [amr_0] Pruned expired reservations for peers: ['amr_5', 'amr_3']
[rh_node-59] [INFO] [1789375133.284374974] [amr_4.rh_node]: [amr_4] Pruned expired reservations for peers: ['amr_5', 'amr_3']
[rh_node-58] [INFO] [1789375133.360705137] [amr_3.rh_node]: [amr_3] Pruned expired reservations for peers: ['amr_5']
[rh_node-60] [INFO] [1789375133.363260835] [amr_5.rh_node]: [amr_5] Pruned expired reservations for peers: ['amr_3']
[rh_node-62] [INFO] [1789375133.368140579] [amr_7.rh_node]: [amr_7] Pruned expired reservations for peers: ['amr_5', 'amr_3']
[rh_node-61] [INFO] [1789375133.481830426] [amr_6.rh_node]: [amr_6] Pruned expired reservations for peers: ['amr_5', 'amr_3']
[rh_node-57] [INFO] [1789375133.500377565] [amr_2.rh_node]: [amr_2] Pruned expired reservations for peers: ['amr_5', 'amr_3']
[rh_node-64] [INFO] [1789375133.508756420] [amr_9.rh_node]: [amr_9] Pruned expired reservations for peers: ['amr_5', 'amr_3']
[rh_node-56] [INFO] [1789375133.536420517] [amr_1.rh_node]: [amr_1] Pruned expired reservations for peers: ['amr_5', 'amr_3']
[rh_node-63] [INFO] [1789375133.688074777] [amr_8.rh_node]: [amr_8] Pruned expired reservations for peers: ['amr_5', 'amr_3']
[rh_node-55] [INFO] [1789375133.691163839] [amr_0.rh_node]: [amr_0] Pruned expired reservations for peers: ['amr_5', 'amr_3']
[rh_node-59] [INFO] [1789375133.784739912] [amr_4.rh_node]: [amr_4] Pruned expired reservations for peers: ['amr_5', 'amr_3']
[rh_node-58] [INFO] [1789375133.860424341] [amr_3.rh_node]: [amr_3] Pruned expired reservations for peers: ['amr_5']
[rh_node-60] [INFO] [1789375133.863392106] [amr_5.rh_node]: [amr_5] Pruned expired reservations for peers: ['amr_3']
[rh_node-62] [INFO] [1789375133.868953210] [amr_7.rh_node]: [amr_7] Pruned expired reservations for peers: ['amr_5', 'amr_3']
[rh_node-61] [INFO] [1789375133.981524578] [amr_6.rh_node]: [amr_6] Pruned expired reservations for peers: ['amr_5', 'amr_3']
[rh_node-57] [INFO] [1789375133.999543200] [amr_2.rh_node]: [amr_2] Pruned expired reservations for peers: ['amr_5', 'amr_3']
[rh_node-64] [INFO] [1789375134.009590988] [amr_9.rh_node]: [amr_9] Pruned expired reservations for peers: ['amr_5', 'amr_3']
[rh_node-56] [INFO] [1789375134.036604733] [amr_1.rh_node]: [amr_1] Pruned expired reservations for peers: ['amr_5', 'amr_3']
[rh_node-63] [INFO] [1789375134.187877774] [amr_8.rh_node]: [amr_8] Pruned expired reservations for peers: ['amr_5', 'amr_3']
[rh_node-55] [INFO] [1789375134.191981727] [amr_0.rh_node]: [amr_0] Pruned expired reservations for peers: ['amr_5', 'amr_3']
[rh_node-59] [INFO] [1789375134.283716919] [amr_4.rh_node]: [amr_4] Pruned expired reservations for peers: ['amr_5', 'amr_3']
[rh_node-58] [INFO] [1789375134.361179893] [amr_3.rh_node]: [amr_3] Pruned expired reservations for peers: ['amr_5']
[rh_node-60] [INFO] [1789375134.363660515] [amr_5.rh_node]: [amr_5] Pruned expired reservations for peers: ['amr_3']
[rh_node-62] [INFO] [1789375134.368743375] [amr_7.rh_node]: [amr_7] Pruned expired reservations for peers: ['amr_5', 'amr_3']
[rh_node-61] [INFO] [1789375134.481021672] [amr_6.rh_node]: [amr_6] Pruned expired reservations for peers: ['amr_5', 'amr_3']
[rh_node-57] [INFO] [1789375134.501045964] [amr_2.rh_node]: [amr_2] Pruned expired reservations for peers: ['amr_5', 'amr_3']
[rh_node-64] [INFO] [1789375134.509663324] [amr_9.rh_node]: [amr_9] Pruned expired reservations for peers: ['amr_5', 'amr_3']
[rh_node-56] [INFO] [1789375134.536314169] [amr_1.rh_node]: [amr_1] Pruned expired reservations for peers: ['amr_5', 'amr_3']
[rh_node-63] [INFO] [1789375134.691168297] [amr_8.rh_node]: [amr_8] Pruned expired reservations for peers: ['amr_5', 'amr_3']
[rh_node-55] [INFO] [1789375134.693523594] [amr_0.rh_node]: [amr_0] Pruned expired reservations for peers: ['amr_5', 'amr_3']
[rh_node-59] [INFO] [1789375134.784088939] [amr_4.rh_node]: [amr_4] Pruned expired reservations for peers: ['amr_5', 'amr_3']
[rh_node-58] [INFO] [1789375134.860660667] [amr_3.rh_node]: [amr_3] Pruned expired reservations for peers: ['amr_5']
[rh_node-60] [INFO] [1789375134.863939091] [amr_5.rh_node]: [amr_5] Pruned expired reservations for peers: ['amr_3']
[rh_node-62] [INFO] [1789375134.869186515] [amr_7.rh_node]: [amr_7] Pruned expired reservations for peers: ['amr_5', 'amr_3']
[rh_node-61] [INFO] [1789375134.981242000] [amr_6.rh_node]: [amr_6] Pruned expired reservations for peers: ['amr_5', 'amr_3']
[rh_node-57] [INFO] [1789375135.000649995] [amr_2.rh_node]: [amr_2] Pruned expired reservations for peers: ['amr_5', 'amr_3']
[rh_node-64] [INFO] [1789375135.010053925] [amr_9.rh_node]: [amr_9] Pruned expired reservations for peers: ['amr_5', 'amr_3']
[rh_node-56] [INFO] [1789375135.036347939] [amr_1.rh_node]: [amr_1] Pruned expired reservations for peers: ['amr_5', 'amr_3']
[rh_node-63] [INFO] [1789375135.187567163] [amr_8.rh_node]: [amr_8] Pruned expired reservations for peers: ['amr_5', 'amr_3']
[rh_node-55] [INFO] [1789375135.190792411] [amr_0.rh_node]: [amr_0] Pruned expired reservations for peers: ['amr_5', 'amr_3']
[rh_node-59] [INFO] [1789375135.284212826] [amr_4.rh_node]: [amr_4] Pruned expired reservations for peers: ['amr_5', 'amr_3']
[rh_node-58] [INFO] [1789375135.360778666] [amr_3.rh_node]: [amr_3] Pruned expired reservations for peers: ['amr_5']
[rh_node-60] [INFO] [1789375135.363420708] [amr_5.rh_node]: [amr_5] Pruned expired reservations for peers: ['amr_3']
[rh_node-62] [INFO] [1789375135.368777295] [amr_7.rh_node]: [amr_7] Pruned expired reservations for peers: ['amr_5', 'amr_3']
[rh_node-61] [INFO] [1789375135.480535330] [amr_6.rh_node]: [amr_6] Pruned expired reservations for peers: ['amr_5', 'amr_3']
[rh_node-57] [INFO] [1789375135.500062014] [amr_2.rh_node]: [amr_2] Pruned expired reservations for peers: ['amr_5', 'amr_3']
[rh_node-64] [INFO] [1789375135.510119715] [amr_9.rh_node]: [amr_9] Pruned expired reservations for peers: ['amr_5', 'amr_3']
[rh_node-56] [INFO] [1789375135.536586628] [amr_1.rh_node]: [amr_1] Pruned expired reservations for peers: ['amr_5', 'amr_3']
[rh_node-63] [INFO] [1789375135.687326158] [amr_8.rh_node]: [amr_8] Pruned expired reservations for peers: ['amr_5', 'amr_3']
[rh_node-55] [INFO] [1789375135.693731027] [amr_0.rh_node]: [amr_0] Pruned expired reservations for peers: ['amr_5', 'amr_3']
[rh_node-59] [INFO] [1789375135.783979632] [amr_4.rh_node]: [amr_4] Pruned expired reservations for peers: ['amr_5', 'amr_3']
[rh_node-58] [INFO] [1789375135.860190425] [amr_3.rh_node]: [amr_3] Pruned expired reservations for peers: ['amr_5']
[rh_node-60] [INFO] [1789375135.863400387] [amr_5.rh_node]: [amr_5] Pruned expired reservations for peers: ['amr_3']
[rh_node-62] [INFO] [1789375135.868642175] [amr_7.rh_node]: [amr_7] Pruned expired reservations for peers: ['amr_5', 'amr_3']
[rh_node-61] [INFO] [1789375135.980088168] [amr_6.rh_node]: [amr_6] Pruned expired reservations for peers: ['amr_5', 'amr_3']
[rh_node-57] [INFO] [1789375136.001426705] [amr_2.rh_node]: [amr_2] Pruned expired reservations for peers: ['amr_5', 'amr_3']
[rh_node-64] [INFO] [1789375136.009201281] [amr_9.rh_node]: [amr_9] Pruned expired reservations for peers: ['amr_5', 'amr_3']
[rh_node-56] [INFO] [1789375136.036940942] [amr_1.rh_node]: [amr_1] Pruned expired reservations for peers: ['amr_5', 'amr_3']
[rh_node-63] [INFO] [1789375136.187349464] [amr_8.rh_node]: [amr_8] Pruned expired reservations for peers: ['amr_5', 'amr_3']
[rh_node-55] [INFO] [1789375136.190726257] [amr_0.rh_node]: [amr_0] Pruned expired reservations for peers: ['amr_5', 'amr_3']
[rh_node-59] [INFO] [1789375136.283923242] [amr_4.rh_node]: [amr_4] Pruned expired reservations for peers: ['amr_5', 'amr_3']
[rh_node-58] [INFO] [1789375136.360435925] [amr_3.rh_node]: [amr_3] Pruned expired reservations for peers: ['amr_5']
[rh_node-60] [INFO] [1789375136.363910764] [amr_5.rh_node]: [amr_5] Pruned expired reservations for peers: ['amr_3']
[rh_node-62] [INFO] [1789375136.368436358] [amr_7.rh_node]: [amr_7] Pruned expired reservations for peers: ['amr_5', 'amr_3']
[rh_node-61] [INFO] [1789375136.480309182] [amr_6.rh_node]: [amr_6] Pruned expired reservations for peers: ['amr_5', 'amr_3']
[rh_node-57] [INFO] [1789375136.500670657] [amr_2.rh_node]: [amr_2] Pruned expired reservations for peers: ['amr_5', 'amr_3']
[rh_node-64] [INFO] [1789375136.508801186] [amr_9.rh_node]: [amr_9] Pruned expired reservations for peers: ['amr_5', 'amr_3']
[rh_node-56] [INFO] [1789375136.536525224] [amr_1.rh_node]: [amr_1] Pruned expired reservations for peers: ['amr_5', 'amr_3']
[rh_node-63] [INFO] [1789375136.687108015] [amr_8.rh_node]: [amr_8] Pruned expired reservations for peers: ['amr_5', 'amr_3']
[rh_node-55] [INFO] [1789375136.692543691] [amr_0.rh_node]: [amr_0] Pruned expired reservations for peers: ['amr_5', 'amr_3']
[rh_node-59] [INFO] [1789375136.783841785] [amr_4.rh_node]: [amr_4] Pruned expired reservations for peers: ['amr_5', 'amr_3']
[rh_node-58] [INFO] [1789375136.860255817] [amr_3.rh_node]: [amr_3] Pruned expired reservations for peers: ['amr_5']
[rh_node-60] [INFO] [1789375136.863291315] [amr_5.rh_node]: [amr_5] Pruned expired reservations for peers: ['amr_3']
[rh_node-62] [INFO] [1789375136.869195138] [amr_7.rh_node]: [amr_7] Pruned expired reservations for peers: ['amr_5', 'amr_3']
[rh_node-61] [INFO] [1789375136.980526921] [amr_6.rh_node]: [amr_6] Pruned expired reservations for peers: ['amr_5', 'amr_3']
[rh_node-57] [INFO] [1789375136.999773592] [amr_2.rh_node]: [amr_2] Pruned expired reservations for peers: ['amr_5', 'amr_3']
[rh_node-64] [INFO] [1789375137.009463254] [amr_9.rh_node]: [amr_9] Pruned expired reservations for peers: ['amr_5', 'amr_3']
[rh_node-56] [INFO] [1789375137.036710769] [amr_1.rh_node]: [amr_1] Pruned expired reservations for peers: ['amr_5', 'amr_3']
[rh_node-63] [INFO] [1789375137.187541283] [amr_8.rh_node]: [amr_8] Pruned expired reservations for peers: ['amr_5', 'amr_3']
[rh_node-55] [INFO] [1789375137.191304590] [amr_0.rh_node]: [amr_0] Pruned expired reservations for peers: ['amr_5', 'amr_3']
[rh_node-59] [INFO] [1789375137.284351509] [amr_4.rh_node]: [amr_4] Pruned expired reservations for peers: ['amr_5', 'amr_3']
[rh_node-58] [INFO] [1789375137.360606280] [amr_3.rh_node]: [amr_3] Pruned expired reservations for peers: ['amr_5']
[rh_node-60] [INFO] [1789375137.363792987] [amr_5.rh_node]: [amr_5] Pruned expired reservations for peers: ['amr_3']
[rh_node-62] [INFO] [1789375137.369117544] [amr_7.rh_node]: [amr_7] Pruned expired reservations for peers: ['amr_5', 'amr_3']
[rh_node-61] [INFO] [1789375137.480939454] [amr_6.rh_node]: [amr_6] Pruned expired reservations for peers: ['amr_5', 'amr_3']
[rh_node-57] [INFO] [1789375137.499983331] [amr_2.rh_node]: [amr_2] Pruned expired reservations for peers: ['amr_5', 'amr_3']
[rh_node-64] [INFO] [1789375137.508582248] [amr_9.rh_node]: [amr_9] Pruned expired reservations for peers: ['amr_5', 'amr_3']
[rh_node-56] [INFO] [1789375137.536476666] [amr_1.rh_node]: [amr_1] Pruned expired reservations for peers: ['amr_5', 'amr_3']
[rh_node-63] [INFO] [1789375137.687821426] [amr_8.rh_node]: [amr_8] Pruned expired reservations for peers: ['amr_5', 'amr_3']
[rh_node-55] [INFO] [1789375137.692042275] [amr_0.rh_node]: [amr_0] Pruned expired reservations for peers: ['amr_5', 'amr_3']
[rh_node-59] [INFO] [1789375137.784413649] [amr_4.rh_node]: [amr_4] Pruned expired reservations for peers: ['amr_5', 'amr_3']
[rh_node-58] [INFO] [1789375137.860475631] [amr_3.rh_node]: [amr_3] Pruned expired reservations for peers: ['amr_5']
[rh_node-60] [INFO] [1789375137.863374309] [amr_5.rh_node]: [amr_5] Pruned expired reservations for peers: ['amr_3']
[rh_node-62] [INFO] [1789375137.869641141] [amr_7.rh_node]: [amr_7] Pruned expired reservations for peers: ['amr_5', 'amr_3']
[rh_node-61] [INFO] [1789375137.980486015] [amr_6.rh_node]: [amr_6] Pruned expired reservations for peers: ['amr_5', 'amr_3']
[rh_node-57] [INFO] [1789375138.000252774] [amr_2.rh_node]: [amr_2] Pruned expired reservations for peers: ['amr_5', 'amr_3']
[rh_node-64] [INFO] [1789375138.008792435] [amr_9.rh_node]: [amr_9] Pruned expired reservations for peers: ['amr_5', 'amr_3']
[rh_node-56] [INFO] [1789375138.036500427] [amr_1.rh_node]: [amr_1] Pruned expired reservations for peers: ['amr_5', 'amr_3']
[rh_node-63] [INFO] [1789375138.187738228] [amr_8.rh_node]: [amr_8] Pruned expired reservations for peers: ['amr_5', 'amr_3']
[rh_node-55] [INFO] [1789375138.190244545] [amr_0.rh_node]: [amr_0] Pruned expired reservations for peers: ['amr_5', 'amr_3']
[rh_node-59] [INFO] [1789375138.284226257] [amr_4.rh_node]: [amr_4] Pruned expired reservations for peers: ['amr_5', 'amr_3']
[rh_node-58] [INFO] [1789375138.360274811] [amr_3.rh_node]: [amr_3] Pruned expired reservations for peers: ['amr_5']
[rh_node-60] [INFO] [1789375138.363569932] [amr_5.rh_node]: [amr_5] Pruned expired reservations for peers: ['amr_3']
[rh_node-62] [INFO] [1789375138.368591962] [amr_7.rh_node]: [amr_7] Pruned expired reservations for peers: ['amr_5', 'amr_3']
[rh_node-61] [INFO] [1789375138.481629701] [amr_6.rh_node]: [amr_6] Pruned expired reservations for peers: ['amr_5', 'amr_3']
[rh_node-57] [INFO] [1789375138.500057390] [amr_2.rh_node]: [amr_2] Pruned expired reservations for peers: ['amr_5', 'amr_3']
[rh_node-64] [INFO] [1789375138.508683522] [amr_9.rh_node]: [amr_9] Pruned expired reservations for peers: ['amr_5', 'amr_3']
[rh_node-56] [INFO] [1789375138.536805684] [amr_1.rh_node]: [amr_1] Pruned expired reservations for peers: ['amr_5', 'amr_3']
[rh_node-63] [INFO] [1789375138.687884377] [amr_8.rh_node]: [amr_8] Pruned expired reservations for peers: ['amr_5', 'amr_3']
[rh_node-55] [INFO] [1789375138.691483822] [amr_0.rh_node]: [amr_0] Pruned expired reservations for peers: ['amr_5', 'amr_3']
[rh_node-59] [INFO] [1789375138.785450987] [amr_4.rh_node]: [amr_4] Pruned expired reservations for peers: ['amr_5', 'amr_3']
[rh_node-58] [INFO] [1789375138.860251478] [amr_3.rh_node]: [amr_3] Pruned expired reservations for peers: ['amr_5']
[rh_node-60] [INFO] [1789375138.863604280] [amr_5.rh_node]: [amr_5] Pruned expired reservations for peers: ['amr_3']
[rh_node-62] [INFO] [1789375138.868311199] [amr_7.rh_node]: [amr_7] Pruned expired reservations for peers: ['amr_5', 'amr_3']
[rh_node-61] [INFO] [1789375138.980733426] [amr_6.rh_node]: [amr_6] Pruned expired reservations for peers: ['amr_5', 'amr_3']
[rh_node-57] [INFO] [1789375138.999914041] [amr_2.rh_node]: [amr_2] Pruned expired reservations for peers: ['amr_5', 'amr_3']
[rh_node-64] [INFO] [1789375139.009013029] [amr_9.rh_node]: [amr_9] Pruned expired reservations for peers: ['amr_5', 'amr_3']
[rh_node-56] [INFO] [1789375139.036494284] [amr_1.rh_node]: [amr_1] Pruned expired reservations for peers: ['amr_5', 'amr_3']
[rh_node-63] [INFO] [1789375139.187213365] [amr_8.rh_node]: [amr_8] Pruned expired reservations for peers: ['amr_5', 'amr_3']
[rh_node-55] [INFO] [1789375139.190793458] [amr_0.rh_node]: [amr_0] Pruned expired reservations for peers: ['amr_5', 'amr_3']
[rh_node-59] [INFO] [1789375139.283827209] [amr_4.rh_node]: [amr_4] Pruned expired reservations for peers: ['amr_5', 'amr_3']
[rh_node-58] [INFO] [1789375139.360278768] [amr_3.rh_node]: [amr_3] Pruned expired reservations for peers: ['amr_5']
[rh_node-60] [INFO] [1789375139.363417743] [amr_5.rh_node]: [amr_5] Pruned expired reservations for peers: ['amr_3']
[rh_node-62] [INFO] [1789375139.368464111] [amr_7.rh_node]: [amr_7] Pruned expired reservations for peers: ['amr_5', 'amr_3']
[rh_node-61] [INFO] [1789375139.480141635] [amr_6.rh_node]: [amr_6] Pruned expired reservations for peers: ['amr_5', 'amr_3']
[rh_node-57] [INFO] [1789375139.499802638] [amr_2.rh_node]: [amr_2] Pruned expired reservations for peers: ['amr_5', 'amr_3']
[rh_node-64] [INFO] [1789375139.509118037] [amr_9.rh_node]: [amr_9] Pruned expired reservations for peers: ['amr_5', 'amr_3']
[rh_node-56] [INFO] [1789375139.536886114] [amr_1.rh_node]: [amr_1] Pruned expired reservations for peers: ['amr_5', 'amr_3']
[rh_node-63] [INFO] [1789375139.687883136] [amr_8.rh_node]: [amr_8] Pruned expired reservations for peers: ['amr_5', 'amr_3']
[rh_node-55] [INFO] [1789375139.691962964] [amr_0.rh_node]: [amr_0] Pruned expired reservations for peers: ['amr_5', 'amr_3']
[rh_node-59] [INFO] [1789375139.784025750] [amr_4.rh_node]: [amr_4] Pruned expired reservations for peers: ['amr_5', 'amr_3']
[rh_node-58] [INFO] [1789375139.860618870] [amr_3.rh_node]: [amr_3] Pruned expired reservations for peers: ['amr_5']
[rh_node-60] [INFO] [1789375139.863109233] [amr_5.rh_node]: [amr_5] Pruned expired reservations for peers: ['amr_3']
[rh_node-62] [INFO] [1789375139.869171113] [amr_7.rh_node]: [amr_7] Pruned expired reservations for peers: ['amr_5', 'amr_3']
[rh_node-61] [INFO] [1789375139.980032843] [amr_6.rh_node]: [amr_6] Pruned expired reservations for peers: ['amr_5', 'amr_3']
[rh_node-57] [INFO] [1789375139.999575073] [amr_2.rh_node]: [amr_2] Pruned expired reservations for peers: ['amr_5', 'amr_3']
[rh_node-64] [INFO] [1789375140.008784822] [amr_9.rh_node]: [amr_9] Pruned expired reservations for peers: ['amr_5', 'amr_3']
[rh_node-56] [INFO] [1789375140.036542726] [amr_1.rh_node]: [amr_1] Pruned expired reservations for peers: ['amr_5', 'amr_3']
[rh_node-63] [INFO] [1789375140.190211572] [amr_8.rh_node]: [amr_8] Pruned expired reservations for peers: ['amr_5', 'amr_3']
[rh_node-55] [INFO] [1789375140.193212708] [amr_0.rh_node]: [amr_0] Pruned expired reservations for peers: ['amr_5', 'amr_3']
[rh_node-59] [INFO] [1789375140.283771855] [amr_4.rh_node]: [amr_4] Pruned expired reservations for peers: ['amr_5', 'amr_3']
[rh_node-58] [INFO] [1789375140.360441146] [amr_3.rh_node]: [amr_3] Pruned expired reservations for peers: ['amr_5']
[rh_node-60] [INFO] [1789375140.363429384] [amr_5.rh_node]: [amr_5] Pruned expired reservations for peers: ['amr_3']
[rh_node-62] [INFO] [1789375140.368005122] [amr_7.rh_node]: [amr_7] Pruned expired reservations for peers: ['amr_5', 'amr_3']
[rh_node-61] [INFO] [1789375140.480949005] [amr_6.rh_node]: [amr_6] Pruned expired reservations for peers: ['amr_5', 'amr_3']
[rh_node-57] [INFO] [1789375140.499895098] [amr_2.rh_node]: [amr_2] Pruned expired reservations for peers: ['amr_5', 'amr_3']
[rh_node-64] [INFO] [1789375140.508743078] [amr_9.rh_node]: [amr_9] Pruned expired reservations for peers: ['amr_5', 'amr_3']
[rh_node-56] [INFO] [1789375140.537166061] [amr_1.rh_node]: [amr_1] Pruned expired reservations for peers: ['amr_5', 'amr_3']
[rh_node-63] [INFO] [1789375140.688455578] [amr_8.rh_node]: [amr_8] Pruned expired reservations for peers: ['amr_5', 'amr_3']
[rh_node-55] [INFO] [1789375140.690833103] [amr_0.rh_node]: [amr_0] Pruned expired reservations for peers: ['amr_5', 'amr_3']
[rh_node-59] [INFO] [1789375140.783699846] [amr_4.rh_node]: [amr_4] Pruned expired reservations for peers: ['amr_5', 'amr_3']
[rh_node-58] [INFO] [1789375140.861105710] [amr_3.rh_node]: [amr_3] Pruned expired reservations for peers: ['amr_5']
[rh_node-60] [INFO] [1789375140.863303967] [amr_5.rh_node]: [amr_5] Pruned expired reservations for peers: ['amr_3']
[rh_node-62] [INFO] [1789375140.868796585] [amr_7.rh_node]: [amr_7] Pruned expired reservations for peers: ['amr_5', 'amr_3']
[rh_node-61] [INFO] [1789375140.981011656] [amr_6.rh_node]: [amr_6] Pruned expired reservations for peers: ['amr_5', 'amr_3']
[rh_node-57] [INFO] [1789375141.000045487] [amr_2.rh_node]: [amr_2] Pruned expired reservations for peers: ['amr_5', 'amr_3']
[rh_node-64] [INFO] [1789375141.008716839] [amr_9.rh_node]: [amr_9] Pruned expired reservations for peers: ['amr_5', 'amr_3']
[rh_node-56] [INFO] [1789375141.038601177] [amr_1.rh_node]: [amr_1] Pruned expired reservations for peers: ['amr_5', 'amr_3']
[rh_node-55] [INFO] [1789375141.191486208] [amr_0.rh_node]: [amr_0] Pruned expired reservations for peers: ['amr_5', 'amr_3']
[rh_node-63] [INFO] [1789375141.192367209] [amr_8.rh_node]: [amr_8] Pruned expired reservations for peers: ['amr_5', 'amr_3']
[rh_node-59] [INFO] [1789375141.283522709] [amr_4.rh_node]: [amr_4] Pruned expired reservations for peers: ['amr_5', 'amr_3']
[rh_node-58] [INFO] [1789375141.361090354] [amr_3.rh_node]: [amr_3] Pruned expired reservations for peers: ['amr_5']
[rh_node-60] [INFO] [1789375141.363850905] [amr_5.rh_node]: [amr_5] Pruned expired reservations for peers: ['amr_3']
[rh_node-62] [INFO] [1789375141.369750625] [amr_7.rh_node]: [amr_7] Pruned expired reservations for peers: ['amr_5', 'amr_3']
[rh_node-61] [INFO] [1789375141.480774987] [amr_6.rh_node]: [amr_6] Pruned expired reservations for peers: ['amr_5', 'amr_3']
[rh_node-57] [INFO] [1789375141.500204736] [amr_2.rh_node]: [amr_2] Pruned expired reservations for peers: ['amr_5', 'amr_3']
[rh_node-64] [INFO] [1789375141.508732088] [amr_9.rh_node]: [amr_9] Pruned expired reservations for peers: ['amr_5', 'amr_3']
[rh_node-56] [INFO] [1789375141.540274606] [amr_1.rh_node]: [amr_1] Pruned expired reservations for peers: ['amr_5', 'amr_3']
[rh_node-63] [INFO] [1789375141.687739681] [amr_8.rh_node]: [amr_8] Pruned expired reservations for peers: ['amr_5', 'amr_3']
[rh_node-55] [INFO] [1789375141.692947333] [amr_0.rh_node]: [amr_0] Pruned expired reservations for peers: ['amr_5', 'amr_3']
[rh_node-59] [INFO] [1789375141.784473696] [amr_4.rh_node]: [amr_4] Pruned expired reservations for peers: ['amr_5', 'amr_3']
[rh_node-58] [INFO] [1789375141.860676425] [amr_3.rh_node]: [amr_3] Pruned expired reservations for peers: ['amr_5']
[rh_node-60] [INFO] [1789375141.863190628] [amr_5.rh_node]: [amr_5] Pruned expired reservations for peers: ['amr_3']
[rh_node-62] [INFO] [1789375141.868546344] [amr_7.rh_node]: [amr_7] Pruned expired reservations for peers: ['amr_5', 'amr_3']
[rh_node-61] [INFO] [1789375141.980762670] [amr_6.rh_node]: [amr_6] Pruned expired reservations for peers: ['amr_5', 'amr_3']
[rh_node-57] [INFO] [1789375142.000414048] [amr_2.rh_node]: [amr_2] Pruned expired reservations for peers: ['amr_5', 'amr_3']
[rh_node-64] [INFO] [1789375142.009315034] [amr_9.rh_node]: [amr_9] Pruned expired reservations for peers: ['amr_5', 'amr_3']
[rh_node-56] [INFO] [1789375142.036503176] [amr_1.rh_node]: [amr_1] Pruned expired reservations for peers: ['amr_5', 'amr_3']
[rh_node-63] [INFO] [1789375142.188075793] [amr_8.rh_node]: [amr_8] Pruned expired reservations for peers: ['amr_5', 'amr_3']
[rh_node-55] [INFO] [1789375142.191248194] [amr_0.rh_node]: [amr_0] Pruned expired reservations for peers: ['amr_5', 'amr_3']
[rh_node-59] [INFO] [1789375142.283672591] [amr_4.rh_node]: [amr_4] Pruned expired reservations for peers: ['amr_5', 'amr_3']
[rh_node-58] [INFO] [1789375142.360611948] [amr_3.rh_node]: [amr_3] Pruned expired reservations for peers: ['amr_5']
[rh_node-60] [INFO] [1789375142.363266191] [amr_5.rh_node]: [amr_5] Pruned expired reservations for peers: ['amr_3']
[rh_node-62] [INFO] [1789375142.368417531] [amr_7.rh_node]: [amr_7] Pruned expired reservations for peers: ['amr_5', 'amr_3']
[rh_node-61] [INFO] [1789375142.479997691] [amr_6.rh_node]: [amr_6] Pruned expired reservations for peers: ['amr_5', 'amr_3']
[rh_node-57] [INFO] [1789375142.499855209] [amr_2.rh_node]: [amr_2] Pruned expired reservations for peers: ['amr_5', 'amr_3']
[rh_node-64] [INFO] [1789375142.508772050] [amr_9.rh_node]: [amr_9] Pruned expired reservations for peers: ['amr_5', 'amr_3']
[rh_node-56] [INFO] [1789375142.536444827] [amr_1.rh_node]: [amr_1] Pruned expired reservations for peers: ['amr_5', 'amr_3']
[rh_node-63] [INFO] [1789375142.687396574] [amr_8.rh_node]: [amr_8] Pruned expired reservations for peers: ['amr_5', 'amr_3']
[rh_node-55] [INFO] [1789375142.692107614] [amr_0.rh_node]: [amr_0] Pruned expired reservations for peers: ['amr_5', 'amr_3']
[rh_node-59] [INFO] [1789375142.783964926] [amr_4.rh_node]: [amr_4] Pruned expired reservations for peers: ['amr_5', 'amr_3']
[rh_node-58] [INFO] [1789375142.860737110] [amr_3.rh_node]: [amr_3] Pruned expired reservations for peers: ['amr_5']
[rh_node-60] [INFO] [1789375142.863754807] [amr_5.rh_node]: [amr_5] Pruned expired reservations for peers: ['amr_3']
[rh_node-62] [INFO] [1789375142.868225151] [amr_7.rh_node]: [amr_7] Pruned expired reservations for peers: ['amr_5', 'amr_3']
[rh_node-61] [INFO] [1789375142.980711997] [amr_6.rh_node]: [amr_6] Pruned expired reservations for peers: ['amr_5', 'amr_3']
[rh_node-57] [INFO] [1789375143.000556395] [amr_2.rh_node]: [amr_2] Pruned expired reservations for peers: ['amr_5', 'amr_3']
[rh_node-64] [INFO] [1789375143.008889908] [amr_9.rh_node]: [amr_9] Pruned expired reservations for peers: ['amr_5', 'amr_3']
[rh_node-56] [INFO] [1789375143.037603873] [amr_1.rh_node]: [amr_1] Pruned expired reservations for peers: ['amr_5', 'amr_3']
[rh_node-63] [INFO] [1789375143.187515406] [amr_8.rh_node]: [amr_8] Pruned expired reservations for peers: ['amr_5', 'amr_3']
[rh_node-55] [INFO] [1789375143.190663743] [amr_0.rh_node]: [amr_0] Pruned expired reservations for peers: ['amr_5', 'amr_3']
[rh_node-59] [INFO] [1789375143.283758086] [amr_4.rh_node]: [amr_4] Pruned expired reservations for peers: ['amr_5', 'amr_3']
[rh_node-58] [INFO] [1789375143.360613869] [amr_3.rh_node]: [amr_3] Pruned expired reservations for peers: ['amr_5']
[rh_node-60] [INFO] [1789375143.363252318] [amr_5.rh_node]: [amr_5] Pruned expired reservations for peers: ['amr_3']
[rh_node-62] [INFO] [1789375143.368301363] [amr_7.rh_node]: [amr_7] Pruned expired reservations for peers: ['amr_5', 'amr_3']
[rh_node-61] [INFO] [1789375143.481039498] [amr_6.rh_node]: [amr_6] Pruned expired reservations for peers: ['amr_5', 'amr_3']
[rh_node-57] [INFO] [1789375143.499935376] [amr_2.rh_node]: [amr_2] Pruned expired reservations for peers: ['amr_5', 'amr_3']
[rh_node-64] [INFO] [1789375143.508600642] [amr_9.rh_node]: [amr_9] Pruned expired reservations for peers: ['amr_5', 'amr_3']
[rh_node-56] [INFO] [1789375143.536378621] [amr_1.rh_node]: [amr_1] Pruned expired reservations for peers: ['amr_5', 'amr_3']
[rh_node-63] [INFO] [1789375143.688293389] [amr_8.rh_node]: [amr_8] Pruned expired reservations for peers: ['amr_5', 'amr_3']
[rh_node-55] [INFO] [1789375143.690845062] [amr_0.rh_node]: [amr_0] Pruned expired reservations for peers: ['amr_5', 'amr_3']
[rh_node-59] [INFO] [1789375143.783847248] [amr_4.rh_node]: [amr_4] Pruned expired reservations for peers: ['amr_5', 'amr_3']
[rh_node-58] [INFO] [1789375143.860647065] [amr_3.rh_node]: [amr_3] Pruned expired reservations for peers: ['amr_5']
[rh_node-60] [INFO] [1789375143.863318146] [amr_5.rh_node]: [amr_5] Pruned expired reservations for peers: ['amr_3']
[rh_node-62] [INFO] [1789375143.868168986] [amr_7.rh_node]: [amr_7] Pruned expired reservations for peers: ['amr_5', 'amr_3']
[rh_node-61] [INFO] [1789375143.980833757] [amr_6.rh_node]: [amr_6] Pruned expired reservations for peers: ['amr_5', 'amr_3']
[rh_node-57] [INFO] [1789375143.999932669] [amr_2.rh_node]: [amr_2] Pruned expired reservations for peers: ['amr_5', 'amr_3']
[rh_node-64] [INFO] [1789375144.008515980] [amr_9.rh_node]: [amr_9] Pruned expired reservations for peers: ['amr_5', 'amr_3']
[rh_node-56] [INFO] [1789375144.036963250] [amr_1.rh_node]: [amr_1] Pruned expired reservations for peers: ['amr_5', 'amr_3']
[rh_node-63] [INFO] [1789375144.188027948] [amr_8.rh_node]: [amr_8] Pruned expired reservations for peers: ['amr_5', 'amr_3']
[rh_node-55] [INFO] [1789375144.194403818] [amr_0.rh_node]: [amr_0] Pruned expired reservations for peers: ['amr_5', 'amr_3']
[rh_node-59] [INFO] [1789375144.283372436] [amr_4.rh_node]: [amr_4] Pruned expired reservations for peers: ['amr_5', 'amr_3']
[rh_node-58] [INFO] [1789375144.360603051] [amr_3.rh_node]: [amr_3] Pruned expired reservations for peers: ['amr_5']
[rh_node-60] [INFO] [1789375144.363972468] [amr_5.rh_node]: [amr_5] Pruned expired reservations for peers: ['amr_3']
[rh_node-62] [INFO] [1789375144.368587571] [amr_7.rh_node]: [amr_7] Pruned expired reservations for peers: ['amr_5', 'amr_3']
