[INFO] [launch]: All log files can be found below /home/raghav/.ros/log/2026-09-14-13-18-40-406168-Raze-230428
[INFO] [launch]: Default logging verbosity is set to INFO
[INFO] [launch.user]: [FLEET] Spawning 5 robots into world "warehouse_m9_v1" (headless=True)
[INFO] [launch.user]: [M8B Fleet Bringup] Starting 5 CBBA nodes (bundle cap: 4, profile: NORMAL, compute_mode: ADAPTIVE)
[INFO] [launch.user]: [M8B Fleet Bringup] Starting 5 M8B RH nodes (compute_mode: ADAPTIVE, adaptive: True, h=10, w=4, replan_rate=2.0Hz)
[INFO] [gazebo-1]: process started with pid [230468]
[INFO] [parameter_bridge-2]: process started with pid [230469]
[INFO] [warehouse_visualizer-3]: process started with pid [230470]
[INFO] [robot_state_publisher-4]: process started with pid [230472]
[INFO] [create-5]: process started with pid [230473]
[INFO] [parameter_bridge-6]: process started with pid [230474]
[INFO] [static_transform_publisher-7]: process started with pid [230475]
[INFO] [robot_state_publisher-8]: process started with pid [230476]
[INFO] [create-9]: process started with pid [230477]
[INFO] [parameter_bridge-10]: process started with pid [230478]
[INFO] [static_transform_publisher-11]: process started with pid [230479]
[INFO] [robot_state_publisher-12]: process started with pid [230480]
[INFO] [create-13]: process started with pid [230481]
[INFO] [parameter_bridge-14]: process started with pid [230482]
[INFO] [static_transform_publisher-15]: process started with pid [230483]
[INFO] [robot_state_publisher-16]: process started with pid [230484]
[INFO] [create-17]: process started with pid [230485]
[INFO] [parameter_bridge-18]: process started with pid [230486]
[INFO] [static_transform_publisher-19]: process started with pid [230493]
[INFO] [robot_state_publisher-20]: process started with pid [230496]
[INFO] [create-21]: process started with pid [230497]
[INFO] [parameter_bridge-22]: process started with pid [230498]
[INFO] [static_transform_publisher-23]: process started with pid [230503]
[INFO] [task_manager-24]: process started with pid [230508]
[INFO] [cbba_node-25]: process started with pid [230534]
[INFO] [cbba_node-26]: process started with pid [230542]
[INFO] [cbba_node-27]: process started with pid [230583]
[INFO] [cbba_node-28]: process started with pid [230585]
[INFO] [cbba_node-29]: process started with pid [230591]
[INFO] [rh_node-30]: process started with pid [230613]
[INFO] [rh_node-31]: process started with pid [230632]
[INFO] [rh_node-32]: process started with pid [230638]
[INFO] [rh_node-33]: process started with pid [230649]
[INFO] [rh_node-34]: process started with pid [230654]
[static_transform_publisher-11] [INFO] [1789372121.775319959] [amr_1_map_to_odom]: Spinning until stopped - publishing transform
[static_transform_publisher-11] translation: ('2.500000', '10.000000', '0.000000')
[static_transform_publisher-11] rotation: ('0.000000', '0.000000', '0.000000', '1.000000')
[static_transform_publisher-11] from 'map' to 'amr_1/odom'
[static_transform_publisher-15] [INFO] [1789372121.770247324] [amr_2_map_to_odom]: Spinning until stopped - publishing transform
[static_transform_publisher-15] translation: ('2.500000', '15.000000', '0.000000')
[static_transform_publisher-15] rotation: ('0.000000', '0.000000', '0.000000', '1.000000')
[static_transform_publisher-15] from 'map' to 'amr_2/odom'
[static_transform_publisher-19] [INFO] [1789372121.750501175] [amr_3_map_to_odom]: Spinning until stopped - publishing transform
[static_transform_publisher-19] translation: ('2.500000', '20.000000', '0.000000')
[static_transform_publisher-19] rotation: ('0.000000', '0.000000', '0.000000', '1.000000')
[static_transform_publisher-19] from 'map' to 'amr_3/odom'
[create-5] [INFO] [1789372121.792490292] [amr_0_spawner]: Requesting list of world names.
[static_transform_publisher-7] [INFO] [1789372121.823119833] [amr_0_map_to_odom]: Spinning until stopped - publishing transform
[static_transform_publisher-7] translation: ('2.500000', '5.000000', '0.000000')
[static_transform_publisher-7] rotation: ('0.000000', '0.000000', '0.000000', '1.000000')
[static_transform_publisher-7] from 'map' to 'amr_0/odom'
[parameter_bridge-6] [INFO] [1789372121.832792145] [amr_0_bridge]: Creating ROS->GZ Bridge: [/amr_0/cmd_vel (geometry_msgs/msg/Twist) -> /amr_0/cmd_vel (gz.msgs.Twist)] (Lazy 0)
[parameter_bridge-6] [INFO] [1789372121.864949329] [amr_0_bridge]: Creating GZ->ROS Bridge: [/amr_0/odom (gz.msgs.Odometry) -> /amr_0/odom (nav_msgs/msg/Odometry)] (Lazy 0)
[robot_state_publisher-4] [INFO] [1789372121.867559297] [amr_0.robot_state_publisher]: Robot initialized
[parameter_bridge-2] [INFO] [1789372121.871958735] [clock_bridge]: Creating GZ->ROS Bridge: [/clock (gz.msgs.Clock) -> /clock (rosgraph_msgs/msg/Clock)] (Lazy 0)
[parameter_bridge-6] [INFO] [1789372121.905500792] [amr_0_bridge]: Creating GZ->ROS Bridge: [/amr_0/scan (gz.msgs.LaserScan) -> /amr_0/scan (sensor_msgs/msg/LaserScan)] (Lazy 0)
[robot_state_publisher-20] [INFO] [1789372121.916150094] [amr_4.robot_state_publisher]: Robot initialized
[robot_state_publisher-16] [INFO] [1789372121.933824059] [amr_3.robot_state_publisher]: Robot initialized
[parameter_bridge-6] [INFO] [1789372121.962176208] [amr_0_bridge]: Creating GZ->ROS Bridge: [/amr_0/tf (gz.msgs.Pose_V) -> /amr_0/tf (tf2_msgs/msg/TFMessage)] (Lazy 0)
[parameter_bridge-6] [INFO] [1789372121.983023633] [amr_0_bridge]: Creating GZ->ROS Bridge: [/amr_0/joint_states (gz.msgs.Model) -> /amr_0/joint_states (sensor_msgs/msg/JointState)] (Lazy 0)
[create-17] [INFO] [1789372122.090888119] [amr_3_spawner]: Requesting list of world names.
[parameter_bridge-14] [INFO] [1789372122.098032672] [amr_2_bridge]: Creating ROS->GZ Bridge: [/amr_2/cmd_vel (geometry_msgs/msg/Twist) -> /amr_2/cmd_vel (gz.msgs.Twist)] (Lazy 0)
[robot_state_publisher-8] [INFO] [1789372122.137503233] [amr_1.robot_state_publisher]: Robot initialized
[robot_state_publisher-12] [INFO] [1789372122.173751094] [amr_2.robot_state_publisher]: Robot initialized
[parameter_bridge-14] [INFO] [1789372122.202542495] [amr_2_bridge]: Creating GZ->ROS Bridge: [/amr_2/odom (gz.msgs.Odometry) -> /amr_2/odom (nav_msgs/msg/Odometry)] (Lazy 0)
[parameter_bridge-14] [INFO] [1789372122.221044880] [amr_2_bridge]: Creating GZ->ROS Bridge: [/amr_2/scan (gz.msgs.LaserScan) -> /amr_2/scan (sensor_msgs/msg/LaserScan)] (Lazy 0)
[create-9] [INFO] [1789372122.263881334] [amr_1_spawner]: Requesting list of world names.
[parameter_bridge-10] [INFO] [1789372122.293831776] [amr_1_bridge]: Creating ROS->GZ Bridge: [/amr_1/cmd_vel (geometry_msgs/msg/Twist) -> /amr_1/cmd_vel (gz.msgs.Twist)] (Lazy 0)
[parameter_bridge-14] [INFO] [1789372122.310969394] [amr_2_bridge]: Creating GZ->ROS Bridge: [/amr_2/tf (gz.msgs.Pose_V) -> /amr_2/tf (tf2_msgs/msg/TFMessage)] (Lazy 0)
[parameter_bridge-14] [INFO] [1789372122.349380118] [amr_2_bridge]: Creating GZ->ROS Bridge: [/amr_2/joint_states (gz.msgs.Model) -> /amr_2/joint_states (sensor_msgs/msg/JointState)] (Lazy 0)
[create-13] [INFO] [1789372122.353144793] [amr_2_spawner]: Requesting list of world names.
[parameter_bridge-10] [INFO] [1789372122.362066039] [amr_1_bridge]: Creating GZ->ROS Bridge: [/amr_1/odom (gz.msgs.Odometry) -> /amr_1/odom (nav_msgs/msg/Odometry)] (Lazy 0)
[parameter_bridge-18] [INFO] [1789372122.363902317] [amr_3_bridge]: Creating ROS->GZ Bridge: [/amr_3/cmd_vel (geometry_msgs/msg/Twist) -> /amr_3/cmd_vel (gz.msgs.Twist)] (Lazy 0)
[parameter_bridge-10] [INFO] [1789372122.386717818] [amr_1_bridge]: Creating GZ->ROS Bridge: [/amr_1/scan (gz.msgs.LaserScan) -> /amr_1/scan (sensor_msgs/msg/LaserScan)] (Lazy 0)
[parameter_bridge-18] [INFO] [1789372122.412755209] [amr_3_bridge]: Creating GZ->ROS Bridge: [/amr_3/odom (gz.msgs.Odometry) -> /amr_3/odom (nav_msgs/msg/Odometry)] (Lazy 0)
[parameter_bridge-10] [INFO] [1789372122.413817276] [amr_1_bridge]: Creating GZ->ROS Bridge: [/amr_1/tf (gz.msgs.Pose_V) -> /amr_1/tf (tf2_msgs/msg/TFMessage)] (Lazy 0)
[parameter_bridge-18] [INFO] [1789372122.448948959] [amr_3_bridge]: Creating GZ->ROS Bridge: [/amr_3/scan (gz.msgs.LaserScan) -> /amr_3/scan (sensor_msgs/msg/LaserScan)] (Lazy 0)
[parameter_bridge-10] [INFO] [1789372122.456574272] [amr_1_bridge]: Creating GZ->ROS Bridge: [/amr_1/joint_states (gz.msgs.Model) -> /amr_1/joint_states (sensor_msgs/msg/JointState)] (Lazy 0)
[static_transform_publisher-23] [INFO] [1789372122.451332750] [amr_4_map_to_odom]: Spinning until stopped - publishing transform
[static_transform_publisher-23] translation: ('2.500000', '25.000000', '0.000000')
[static_transform_publisher-23] rotation: ('0.000000', '0.000000', '0.000000', '1.000000')
[static_transform_publisher-23] from 'map' to 'amr_4/odom'
[create-21] [INFO] [1789372122.465634553] [amr_4_spawner]: Requesting list of world names.
[parameter_bridge-18] [INFO] [1789372122.484671939] [amr_3_bridge]: Creating GZ->ROS Bridge: [/amr_3/tf (gz.msgs.Pose_V) -> /amr_3/tf (tf2_msgs/msg/TFMessage)] (Lazy 0)
[parameter_bridge-22] [INFO] [1789372122.489874998] [amr_4_bridge]: Creating ROS->GZ Bridge: [/amr_4/cmd_vel (geometry_msgs/msg/Twist) -> /amr_4/cmd_vel (gz.msgs.Twist)] (Lazy 0)
[parameter_bridge-22] [INFO] [1789372122.498112611] [amr_4_bridge]: Creating GZ->ROS Bridge: [/amr_4/odom (gz.msgs.Odometry) -> /amr_4/odom (nav_msgs/msg/Odometry)] (Lazy 0)
[parameter_bridge-22] [INFO] [1789372122.502782255] [amr_4_bridge]: Creating GZ->ROS Bridge: [/amr_4/scan (gz.msgs.LaserScan) -> /amr_4/scan (sensor_msgs/msg/LaserScan)] (Lazy 0)
[parameter_bridge-18] [INFO] [1789372122.506965458] [amr_3_bridge]: Creating GZ->ROS Bridge: [/amr_3/joint_states (gz.msgs.Model) -> /amr_3/joint_states (sensor_msgs/msg/JointState)] (Lazy 0)
[parameter_bridge-22] [INFO] [1789372122.518915320] [amr_4_bridge]: Creating GZ->ROS Bridge: [/amr_4/tf (gz.msgs.Pose_V) -> /amr_4/tf (tf2_msgs/msg/TFMessage)] (Lazy 0)
[parameter_bridge-22] [INFO] [1789372122.531520878] [amr_4_bridge]: Creating GZ->ROS Bridge: [/amr_4/joint_states (gz.msgs.Model) -> /amr_4/joint_states (sensor_msgs/msg/JointState)] (Lazy 0)
[cbba_node-29] [INFO] [1789372122.846472371] [amr_4.cbba_node]: CBBA Node initialized for amr_4 (bundle cap: 4)
[create-17] [INFO] [1789372122.885874005] [amr_3_spawner]: Waiting messages on topic [amr_3/robot_description].
[cbba_node-27] [INFO] [1789372122.900357831] [amr_2.cbba_node]: CBBA Node initialized for amr_2 (bundle cap: 4)
[create-5] [INFO] [1789372122.984429027] [amr_0_spawner]: Waiting messages on topic [amr_0/robot_description].
[create-21] [INFO] [1789372123.085876655] [amr_4_spawner]: Waiting messages on topic [amr_4/robot_description].
[create-13] [INFO] [1789372123.185218268] [amr_2_spawner]: Waiting messages on topic [amr_2/robot_description].
[create-21] [INFO] [1789372123.286416258] [amr_4_spawner]: Entity creation successful.
[create-13] [INFO] [1789372123.287254622] [amr_2_spawner]: Entity creation successful.
[create-5] [INFO] [1789372123.290505660] [amr_0_spawner]: Entity creation successful.
[create-9] [INFO] [1789372123.290801219] [amr_1_spawner]: Waiting messages on topic [amr_1/robot_description].
[create-17] [INFO] [1789372123.292221172] [amr_3_spawner]: Entity creation successful.
[create-9] [INFO] [1789372123.319351989] [amr_1_spawner]: Entity creation successful.
[cbba_node-26] [INFO] [1789372123.404076551] [amr_1.cbba_node]: CBBA Node initialized for amr_1 (bundle cap: 4)
[task_manager-24] [INFO] [1789372123.444431898] [amr_task_manager]: Loaded 15 tasks from workload: /home/raghav/SIH26123AMR/config/workloads/workload_15_tasks_m9_v1.yaml
[INFO] [create-5]: process has finished cleanly [pid 230473]
[INFO] [create-21]: process has finished cleanly [pid 230497]
[INFO] [create-17]: process has finished cleanly [pid 230485]
[INFO] [create-9]: process has finished cleanly [pid 230477]
[warehouse_visualizer-3] [INFO] [1789372123.504051926] [warehouse_visualizer]: WarehouseVisualizerNode started. Publishing to /warehouse_markers.
[rh_node-34] [INFO] [1789372123.526279901] [amr_4.rh_node]: Rolling-Horizon Planner initialized for amr_4 (h=10, w=4, heuristic=PRIORITY_FIRST)
[INFO] [create-13]: process has finished cleanly [pid 230481]
[task_manager-24] [INFO] [1789372123.538819270] [amr_task_manager]: Task Manager Node initialized.
[cbba_node-25] [INFO] [1789372123.560749565] [amr_0.cbba_node]: CBBA Node initialized for amr_0 (bundle cap: 4)
[cbba_node-28] [INFO] [1789372123.582099256] [amr_3.cbba_node]: CBBA Node initialized for amr_3 (bundle cap: 4)
[rh_node-33] [INFO] [1789372123.587680691] [amr_3.rh_node]: Rolling-Horizon Planner initialized for amr_3 (h=10, w=4, heuristic=PRIORITY_FIRST)
[rh_node-30] [INFO] [1789372123.595920926] [amr_0.rh_node]: Rolling-Horizon Planner initialized for amr_0 (h=10, w=4, heuristic=PRIORITY_FIRST)
[rh_node-32] [INFO] [1789372123.598464376] [amr_2.rh_node]: Rolling-Horizon Planner initialized for amr_2 (h=10, w=4, heuristic=PRIORITY_FIRST)
[rh_node-31] [INFO] [1789372123.611047664] [amr_1.rh_node]: Rolling-Horizon Planner initialized for amr_1 (h=10, w=4, heuristic=PRIORITY_FIRST)
[gazebo-1] [1;33mWarning [Utils.cc:132][0m [/sdf/model[@name="amr"]/link[@name="amr_3/base_footprint"]/sensor[@name="amr_3_lidar"]/gz_frame_id:<urdf-string>:L0]: XML Element[gz_frame_id], child of element[sensor], not defined in SDF. Copying[gz_frame_id] as children of [sensor].
[gazebo-1] [1;33mWarning [Utils.cc:132][0m [/sdf/model[@name="amr"]/link[@name="amr_0/base_footprint"]/sensor[@name="amr_0_lidar"]/gz_frame_id:<urdf-string>:L0]: XML Element[gz_frame_id], child of element[sensor], not defined in SDF. Copying[gz_frame_id] as children of [sensor].
[gazebo-1] [1;33mWarning [Utils.cc:132][0m [/sdf/model[@name="amr"]/link[@name="amr_4/base_footprint"]/sensor[@name="amr_4_lidar"]/gz_frame_id:<urdf-string>:L0]: XML Element[gz_frame_id], child of element[sensor], not defined in SDF. Copying[gz_frame_id] as children of [sensor].
[gazebo-1] [1;33mWarning [Utils.cc:132][0m [/sdf/model[@name="amr"]/link[@name="amr_2/base_footprint"]/sensor[@name="amr_2_lidar"]/gz_frame_id:<urdf-string>:L0]: XML Element[gz_frame_id], child of element[sensor], not defined in SDF. Copying[gz_frame_id] as children of [sensor].
[gazebo-1] [1;33mWarning [Utils.cc:132][0m [/sdf/model[@name="amr"]/link[@name="amr_1/base_footprint"]/sensor[@name="amr_1_lidar"]/gz_frame_id:<urdf-string>:L0]: XML Element[gz_frame_id], child of element[sensor], not defined in SDF. Copying[gz_frame_id] as children of [sensor].
[parameter_bridge-18] [INFO] [1789372124.360823159] [amr_3_bridge]: Passing message from ROS geometry_msgs/msg/Twist to Gazebo gz.msgs.Twist (showing msg only once per type)
[parameter_bridge-22] [INFO] [1789372124.395314971] [amr_4_bridge]: Passing message from ROS geometry_msgs/msg/Twist to Gazebo gz.msgs.Twist (showing msg only once per type)
[parameter_bridge-14] [INFO] [1789372124.570530955] [amr_2_bridge]: Passing message from ROS geometry_msgs/msg/Twist to Gazebo gz.msgs.Twist (showing msg only once per type)
[parameter_bridge-10] [INFO] [1789372124.588180160] [amr_1_bridge]: Passing message from ROS geometry_msgs/msg/Twist to Gazebo gz.msgs.Twist (showing msg only once per type)
[parameter_bridge-6] [INFO] [1789372124.768072117] [amr_0_bridge]: Passing message from ROS geometry_msgs/msg/Twist to Gazebo gz.msgs.Twist (showing msg only once per type)
[task_manager-24] [INFO] [1789372127.062140122] [amr_task_manager]: Task 'task_m9_v1_w15_0002' transitioned to ASSIGNED
[cbba_node-27] [INFO] [1789372127.062202522] [amr_2.cbba_node]: Committed task task_m9_v1_w15_0002 assignment to amr_2
[task_manager-24] [INFO] [1789372127.063708415] [amr_task_manager]: Task 'task_m9_v1_w15_0007' transitioned to ASSIGNED
[cbba_node-27] [INFO] [1789372127.063917687] [amr_2.cbba_node]: Committed task task_m9_v1_w15_0007 assignment to amr_2
[task_manager-24] [INFO] [1789372127.065461642] [amr_task_manager]: Task 'task_m9_v1_w15_0012' transitioned to ASSIGNED
[cbba_node-27] [INFO] [1789372127.065539711] [amr_2.cbba_node]: Committed task task_m9_v1_w15_0012 assignment to amr_2
[cbba_node-25] [INFO] [1789372127.105436663] [amr_0.cbba_node]: Committed task task_m9_v1_w15_0015 assignment to amr_0
[task_manager-24] [INFO] [1789372127.105602071] [amr_task_manager]: Task 'task_m9_v1_w15_0015' transitioned to ASSIGNED
[task_manager-24] [INFO] [1789372127.106577860] [amr_task_manager]: Task 'task_m9_v1_w15_0005' transitioned to ASSIGNED
[cbba_node-25] [INFO] [1789372127.106956697] [amr_0.cbba_node]: Committed task task_m9_v1_w15_0005 assignment to amr_0
[task_manager-24] [INFO] [1789372127.108175764] [amr_task_manager]: Task 'task_m9_v1_w15_0010' transitioned to ASSIGNED
[cbba_node-25] [INFO] [1789372127.108692804] [amr_0.cbba_node]: Committed task task_m9_v1_w15_0010 assignment to amr_0
[cbba_node-28] [INFO] [1789372127.155418139] [amr_3.cbba_node]: Committed task task_m9_v1_w15_0003 assignment to amr_3
[task_manager-24] [INFO] [1789372127.155830140] [amr_task_manager]: Task 'task_m9_v1_w15_0003' transitioned to ASSIGNED
[cbba_node-28] [INFO] [1789372127.156641712] [amr_3.cbba_node]: Committed task task_m9_v1_w15_0008 assignment to amr_3
[cbba_node-28] [INFO] [1789372127.157750065] [amr_3.cbba_node]: Committed task task_m9_v1_w15_0013 assignment to amr_3
[task_manager-24] [INFO] [1789372127.158572187] [amr_task_manager]: Task 'task_m9_v1_w15_0008' transitioned to ASSIGNED
[task_manager-24] [INFO] [1789372127.160616439] [amr_task_manager]: Task 'task_m9_v1_w15_0013' transitioned to ASSIGNED
[cbba_node-26] [INFO] [1789372127.174944364] [amr_1.cbba_node]: Committed task task_m9_v1_w15_0001 assignment to amr_1
[cbba_node-26] [INFO] [1789372127.175729554] [amr_1.cbba_node]: Committed task task_m9_v1_w15_0006 assignment to amr_1
[task_manager-24] [INFO] [1789372127.176094109] [amr_task_manager]: Task 'task_m9_v1_w15_0001' transitioned to ASSIGNED
[cbba_node-26] [INFO] [1789372127.176446865] [amr_1.cbba_node]: Committed task task_m9_v1_w15_0011 assignment to amr_1
[task_manager-24] [INFO] [1789372127.177960655] [amr_task_manager]: Task 'task_m9_v1_w15_0006' transitioned to ASSIGNED
[task_manager-24] [INFO] [1789372127.179789012] [amr_task_manager]: Task 'task_m9_v1_w15_0011' transitioned to ASSIGNED
[cbba_node-29] [INFO] [1789372127.194295394] [amr_4.cbba_node]: Committed task task_m9_v1_w15_0004 assignment to amr_4
[task_manager-24] [INFO] [1789372127.194835740] [amr_task_manager]: Task 'task_m9_v1_w15_0004' transitioned to ASSIGNED
[cbba_node-29] [INFO] [1789372127.196947555] [amr_4.cbba_node]: Committed task task_m9_v1_w15_0009 assignment to amr_4
[cbba_node-29] [INFO] [1789372127.197937524] [amr_4.cbba_node]: Committed task task_m9_v1_w15_0014 assignment to amr_4
[task_manager-24] [INFO] [1789372127.198352900] [amr_task_manager]: Task 'task_m9_v1_w15_0009' transitioned to ASSIGNED
[task_manager-24] [INFO] [1789372127.200211376] [amr_task_manager]: Task 'task_m9_v1_w15_0014' transitioned to ASSIGNED
[rh_node-31] [INFO] [1789372128.588797532] [amr_1.rh_node]: [amr_1] Pruned expired reservations for peers: ['amr_2']
[rh_node-34] [INFO] [1789372128.996172315] [amr_4.rh_node]: [amr_4] Pruned expired reservations for peers: ['amr_2']
[rh_node-33] [INFO] [1789372129.063058511] [amr_3.rh_node]: [amr_3] Pruned expired reservations for peers: ['amr_2']
[rh_node-30] [INFO] [1789372129.069626117] [amr_0.rh_node]: [amr_0] Pruned expired reservations for peers: ['amr_2']
[rh_node-31] [INFO] [1789372129.089078967] [amr_1.rh_node]: [amr_1] Pruned expired reservations for peers: ['amr_2']
[rh_node-34] [INFO] [1789372129.497134125] [amr_4.rh_node]: [amr_4] Pruned expired reservations for peers: ['amr_2']
[rh_node-33] [INFO] [1789372129.562709798] [amr_3.rh_node]: [amr_3] Pruned expired reservations for peers: ['amr_2']
[rh_node-30] [INFO] [1789372129.569909671] [amr_0.rh_node]: [amr_0] Pruned expired reservations for peers: ['amr_2']
[rh_node-31] [INFO] [1789372129.588285694] [amr_1.rh_node]: [amr_1] Pruned expired reservations for peers: ['amr_2']
[rh_node-34] [INFO] [1789372129.996914476] [amr_4.rh_node]: [amr_4] Pruned expired reservations for peers: ['amr_2']
[rh_node-33] [INFO] [1789372130.063260155] [amr_3.rh_node]: [amr_3] Pruned expired reservations for peers: ['amr_2']
[rh_node-30] [INFO] [1789372130.069662568] [amr_0.rh_node]: [amr_0] Pruned expired reservations for peers: ['amr_2']
[rh_node-31] [INFO] [1789372130.089941020] [amr_1.rh_node]: [amr_1] Pruned expired reservations for peers: ['amr_2']
[rh_node-34] [INFO] [1789372130.497371553] [amr_4.rh_node]: [amr_4] Pruned expired reservations for peers: ['amr_2']
[rh_node-33] [INFO] [1789372130.562592009] [amr_3.rh_node]: [amr_3] Pruned expired reservations for peers: ['amr_2']
[rh_node-30] [INFO] [1789372130.569882536] [amr_0.rh_node]: [amr_0] Pruned expired reservations for peers: ['amr_2']
[rh_node-31] [INFO] [1789372130.589776483] [amr_1.rh_node]: [amr_1] Pruned expired reservations for peers: ['amr_2']
[rh_node-34] [INFO] [1789372130.996799610] [amr_4.rh_node]: [amr_4] Pruned expired reservations for peers: ['amr_2']
[rh_node-33] [INFO] [1789372131.062962085] [amr_3.rh_node]: [amr_3] Pruned expired reservations for peers: ['amr_2']
[rh_node-30] [INFO] [1789372131.070326841] [amr_0.rh_node]: [amr_0] Pruned expired reservations for peers: ['amr_2']
[rh_node-31] [INFO] [1789372131.088552531] [amr_1.rh_node]: [amr_1] Pruned expired reservations for peers: ['amr_2']
[rh_node-34] [INFO] [1789372131.497654124] [amr_4.rh_node]: [amr_4] Pruned expired reservations for peers: ['amr_2']
[rh_node-33] [INFO] [1789372131.562005430] [amr_3.rh_node]: [amr_3] Pruned expired reservations for peers: ['amr_2']
[rh_node-30] [INFO] [1789372131.570073442] [amr_0.rh_node]: [amr_0] Pruned expired reservations for peers: ['amr_2']
[rh_node-31] [INFO] [1789372131.588364978] [amr_1.rh_node]: [amr_1] Pruned expired reservations for peers: ['amr_2']
[rh_node-34] [INFO] [1789372131.996220814] [amr_4.rh_node]: [amr_4] Pruned expired reservations for peers: ['amr_2']
[rh_node-33] [INFO] [1789372132.062790857] [amr_3.rh_node]: [amr_3] Pruned expired reservations for peers: ['amr_2']
[rh_node-30] [INFO] [1789372132.070496181] [amr_0.rh_node]: [amr_0] Pruned expired reservations for peers: ['amr_2']
[rh_node-31] [INFO] [1789372132.089811665] [amr_1.rh_node]: [amr_1] Pruned expired reservations for peers: ['amr_2']
[rh_node-34] [INFO] [1789372132.496363342] [amr_4.rh_node]: [amr_4] Pruned expired reservations for peers: ['amr_2']
[rh_node-33] [INFO] [1789372132.561789882] [amr_3.rh_node]: [amr_3] Pruned expired reservations for peers: ['amr_2']
[rh_node-30] [INFO] [1789372132.569889017] [amr_0.rh_node]: [amr_0] Pruned expired reservations for peers: ['amr_2']
[rh_node-31] [INFO] [1789372132.587975094] [amr_1.rh_node]: [amr_1] Pruned expired reservations for peers: ['amr_2']
[rh_node-34] [INFO] [1789372132.996724435] [amr_4.rh_node]: [amr_4] Pruned expired reservations for peers: ['amr_2']
[rh_node-33] [INFO] [1789372133.062210438] [amr_3.rh_node]: [amr_3] Pruned expired reservations for peers: ['amr_2']
[rh_node-30] [INFO] [1789372133.069437780] [amr_0.rh_node]: [amr_0] Pruned expired reservations for peers: ['amr_2']
[rh_node-31] [INFO] [1789372133.089000842] [amr_1.rh_node]: [amr_1] Pruned expired reservations for peers: ['amr_2']
[rh_node-34] [INFO] [1789372133.497327641] [amr_4.rh_node]: [amr_4] Pruned expired reservations for peers: ['amr_2']
[rh_node-33] [INFO] [1789372133.561954224] [amr_3.rh_node]: [amr_3] Pruned expired reservations for peers: ['amr_2']
[rh_node-30] [INFO] [1789372133.569899773] [amr_0.rh_node]: [amr_0] Pruned expired reservations for peers: ['amr_2']
[rh_node-31] [INFO] [1789372133.588380595] [amr_1.rh_node]: [amr_1] Pruned expired reservations for peers: ['amr_2']
[rh_node-34] [INFO] [1789372133.996121614] [amr_4.rh_node]: [amr_4] Pruned expired reservations for peers: ['amr_2']
[rh_node-33] [INFO] [1789372134.062792593] [amr_3.rh_node]: [amr_3] Pruned expired reservations for peers: ['amr_2']
[rh_node-30] [INFO] [1789372134.070167426] [amr_0.rh_node]: [amr_0] Pruned expired reservations for peers: ['amr_2']
[rh_node-31] [INFO] [1789372134.088440070] [amr_1.rh_node]: [amr_1] Pruned expired reservations for peers: ['amr_2']
[rh_node-34] [INFO] [1789372134.497203092] [amr_4.rh_node]: [amr_4] Pruned expired reservations for peers: ['amr_2']
[rh_node-33] [INFO] [1789372134.561766632] [amr_3.rh_node]: [amr_3] Pruned expired reservations for peers: ['amr_2']
[rh_node-30] [INFO] [1789372134.569768719] [amr_0.rh_node]: [amr_0] Pruned expired reservations for peers: ['amr_2']
[rh_node-31] [INFO] [1789372134.589042498] [amr_1.rh_node]: [amr_1] Pruned expired reservations for peers: ['amr_2']
[rh_node-34] [INFO] [1789372134.996147485] [amr_4.rh_node]: [amr_4] Pruned expired reservations for peers: ['amr_2']
[rh_node-33] [INFO] [1789372135.062718267] [amr_3.rh_node]: [amr_3] Pruned expired reservations for peers: ['amr_2']
[rh_node-30] [INFO] [1789372135.069173105] [amr_0.rh_node]: [amr_0] Pruned expired reservations for peers: ['amr_2']
[rh_node-31] [INFO] [1789372135.089315700] [amr_1.rh_node]: [amr_1] Pruned expired reservations for peers: ['amr_2']
[rh_node-34] [INFO] [1789372135.496422447] [amr_4.rh_node]: [amr_4] Pruned expired reservations for peers: ['amr_2']
[rh_node-33] [INFO] [1789372135.564001537] [amr_3.rh_node]: [amr_3] Pruned expired reservations for peers: ['amr_2']
[rh_node-30] [INFO] [1789372135.569121757] [amr_0.rh_node]: [amr_0] Pruned expired reservations for peers: ['amr_2']
[rh_node-31] [INFO] [1789372135.588487079] [amr_1.rh_node]: [amr_1] Pruned expired reservations for peers: ['amr_2']
[rh_node-34] [INFO] [1789372135.996190890] [amr_4.rh_node]: [amr_4] Pruned expired reservations for peers: ['amr_2']
[rh_node-33] [INFO] [1789372136.063110659] [amr_3.rh_node]: [amr_3] Pruned expired reservations for peers: ['amr_2']
[rh_node-30] [INFO] [1789372136.069793765] [amr_0.rh_node]: [amr_0] Pruned expired reservations for peers: ['amr_2']
[rh_node-31] [INFO] [1789372136.088219384] [amr_1.rh_node]: [amr_1] Pruned expired reservations for peers: ['amr_2']
[rh_node-34] [INFO] [1789372136.496302370] [amr_4.rh_node]: [amr_4] Pruned expired reservations for peers: ['amr_2']
[rh_node-33] [INFO] [1789372136.561798684] [amr_3.rh_node]: [amr_3] Pruned expired reservations for peers: ['amr_2']
[rh_node-30] [INFO] [1789372136.569161243] [amr_0.rh_node]: [amr_0] Pruned expired reservations for peers: ['amr_2']
[rh_node-31] [INFO] [1789372136.588018464] [amr_1.rh_node]: [amr_1] Pruned expired reservations for peers: ['amr_2']
[rh_node-34] [INFO] [1789372136.997491498] [amr_4.rh_node]: [amr_4] Pruned expired reservations for peers: ['amr_2']
[rh_node-33] [INFO] [1789372137.063013591] [amr_3.rh_node]: [amr_3] Pruned expired reservations for peers: ['amr_2']
[rh_node-30] [INFO] [1789372137.069213338] [amr_0.rh_node]: [amr_0] Pruned expired reservations for peers: ['amr_2']
[rh_node-31] [INFO] [1789372137.088210401] [amr_1.rh_node]: [amr_1] Pruned expired reservations for peers: ['amr_2']
[rh_node-34] [INFO] [1789372137.496311103] [amr_4.rh_node]: [amr_4] Pruned expired reservations for peers: ['amr_2']
[rh_node-33] [INFO] [1789372137.562704022] [amr_3.rh_node]: [amr_3] Pruned expired reservations for peers: ['amr_2']
[rh_node-30] [INFO] [1789372137.569271359] [amr_0.rh_node]: [amr_0] Pruned expired reservations for peers: ['amr_2']
[rh_node-31] [INFO] [1789372137.588566463] [amr_1.rh_node]: [amr_1] Pruned expired reservations for peers: ['amr_2']
[rh_node-34] [INFO] [1789372137.996619448] [amr_4.rh_node]: [amr_4] Pruned expired reservations for peers: ['amr_2']
[rh_node-33] [INFO] [1789372138.063647244] [amr_3.rh_node]: [amr_3] Pruned expired reservations for peers: ['amr_2']
[rh_node-30] [INFO] [1789372138.070103751] [amr_0.rh_node]: [amr_0] Pruned expired reservations for peers: ['amr_2']
[rh_node-31] [INFO] [1789372138.087985244] [amr_1.rh_node]: [amr_1] Pruned expired reservations for peers: ['amr_2']
[rh_node-34] [INFO] [1789372138.496791863] [amr_4.rh_node]: [amr_4] Pruned expired reservations for peers: ['amr_2']
[rh_node-33] [INFO] [1789372138.562308971] [amr_3.rh_node]: [amr_3] Pruned expired reservations for peers: ['amr_2']
[rh_node-30] [INFO] [1789372138.569445196] [amr_0.rh_node]: [amr_0] Pruned expired reservations for peers: ['amr_2']
[rh_node-31] [INFO] [1789372138.588617694] [amr_1.rh_node]: [amr_1] Pruned expired reservations for peers: ['amr_2']
[rh_node-34] [INFO] [1789372138.996406802] [amr_4.rh_node]: [amr_4] Pruned expired reservations for peers: ['amr_2']
[rh_node-33] [INFO] [1789372139.064068750] [amr_3.rh_node]: [amr_3] Pruned expired reservations for peers: ['amr_2']
[rh_node-30] [INFO] [1789372139.069170724] [amr_0.rh_node]: [amr_0] Pruned expired reservations for peers: ['amr_2']
[rh_node-31] [INFO] [1789372139.088620912] [amr_1.rh_node]: [amr_1] Pruned expired reservations for peers: ['amr_2']
[rh_node-34] [INFO] [1789372139.496294977] [amr_4.rh_node]: [amr_4] Pruned expired reservations for peers: ['amr_2']
[rh_node-33] [INFO] [1789372139.562781178] [amr_3.rh_node]: [amr_3] Pruned expired reservations for peers: ['amr_2']
[rh_node-30] [INFO] [1789372139.570477625] [amr_0.rh_node]: [amr_0] Pruned expired reservations for peers: ['amr_2']
[rh_node-31] [INFO] [1789372139.588915070] [amr_1.rh_node]: [amr_1] Pruned expired reservations for peers: ['amr_2']
[rh_node-34] [INFO] [1789372139.996291741] [amr_4.rh_node]: [amr_4] Pruned expired reservations for peers: ['amr_2']
[rh_node-33] [INFO] [1789372140.062040517] [amr_3.rh_node]: [amr_3] Pruned expired reservations for peers: ['amr_2']
[rh_node-30] [INFO] [1789372140.069235073] [amr_0.rh_node]: [amr_0] Pruned expired reservations for peers: ['amr_2']
[rh_node-31] [INFO] [1789372140.088347353] [amr_1.rh_node]: [amr_1] Pruned expired reservations for peers: ['amr_2']
[rh_node-34] [INFO] [1789372140.497881731] [amr_4.rh_node]: [amr_4] Pruned expired reservations for peers: ['amr_2']
[rh_node-33] [INFO] [1789372140.561760956] [amr_3.rh_node]: [amr_3] Pruned expired reservations for peers: ['amr_2']
[rh_node-30] [INFO] [1789372140.570641380] [amr_0.rh_node]: [amr_0] Pruned expired reservations for peers: ['amr_2']
[rh_node-31] [INFO] [1789372140.588445517] [amr_1.rh_node]: [amr_1] Pruned expired reservations for peers: ['amr_2']
[rh_node-34] [INFO] [1789372140.996586228] [amr_4.rh_node]: [amr_4] Pruned expired reservations for peers: ['amr_2']
[rh_node-33] [INFO] [1789372141.062275387] [amr_3.rh_node]: [amr_3] Pruned expired reservations for peers: ['amr_2']
[rh_node-30] [INFO] [1789372141.069440330] [amr_0.rh_node]: [amr_0] Pruned expired reservations for peers: ['amr_2']
[rh_node-31] [INFO] [1789372141.088718911] [amr_1.rh_node]: [amr_1] Pruned expired reservations for peers: ['amr_2']
[rh_node-34] [INFO] [1789372141.497124329] [amr_4.rh_node]: [amr_4] Pruned expired reservations for peers: ['amr_2']
[rh_node-33] [INFO] [1789372141.563421100] [amr_3.rh_node]: [amr_3] Pruned expired reservations for peers: ['amr_2']
[rh_node-30] [INFO] [1789372141.571393526] [amr_0.rh_node]: [amr_0] Pruned expired reservations for peers: ['amr_2']
[rh_node-31] [INFO] [1789372141.588435137] [amr_1.rh_node]: [amr_1] Pruned expired reservations for peers: ['amr_2']
[rh_node-34] [INFO] [1789372141.996134801] [amr_4.rh_node]: [amr_4] Pruned expired reservations for peers: ['amr_2']
[rh_node-33] [INFO] [1789372142.063005637] [amr_3.rh_node]: [amr_3] Pruned expired reservations for peers: ['amr_2']
[rh_node-30] [INFO] [1789372142.069083470] [amr_0.rh_node]: [amr_0] Pruned expired reservations for peers: ['amr_2']
[rh_node-32] [INFO] [1789372142.070958240] [amr_2.rh_node]: [amr_2] Pruned expired reservations for peers: ['amr_0']
[rh_node-31] [INFO] [1789372142.089655314] [amr_1.rh_node]: [amr_1] Pruned expired reservations for peers: ['amr_2', 'amr_0']
[rh_node-34] [INFO] [1789372142.496290979] [amr_4.rh_node]: [amr_4] Pruned expired reservations for peers: ['amr_2', 'amr_0']
[rh_node-33] [INFO] [1789372142.563296914] [amr_3.rh_node]: [amr_3] Pruned expired reservations for peers: ['amr_2', 'amr_0']
[rh_node-30] [INFO] [1789372142.568936338] [amr_0.rh_node]: [amr_0] Pruned expired reservations for peers: ['amr_2']
[rh_node-32] [INFO] [1789372142.571318503] [amr_2.rh_node]: [amr_2] Pruned expired reservations for peers: ['amr_0']
[rh_node-31] [INFO] [1789372142.588151448] [amr_1.rh_node]: [amr_1] Pruned expired reservations for peers: ['amr_2', 'amr_0']
[rh_node-34] [INFO] [1789372142.996729399] [amr_4.rh_node]: [amr_4] Pruned expired reservations for peers: ['amr_2', 'amr_0']
[rh_node-33] [INFO] [1789372143.062534189] [amr_3.rh_node]: [amr_3] Pruned expired reservations for peers: ['amr_2', 'amr_0']
[rh_node-30] [INFO] [1789372143.069178797] [amr_0.rh_node]: [amr_0] Pruned expired reservations for peers: ['amr_2']
[rh_node-32] [INFO] [1789372143.072152967] [amr_2.rh_node]: [amr_2] Pruned expired reservations for peers: ['amr_0']
[rh_node-31] [INFO] [1789372143.088098583] [amr_1.rh_node]: [amr_1] Pruned expired reservations for peers: ['amr_2', 'amr_0']
[rh_node-34] [INFO] [1789372143.496323374] [amr_4.rh_node]: [amr_4] Pruned expired reservations for peers: ['amr_2', 'amr_0']
[rh_node-33] [INFO] [1789372143.561993246] [amr_3.rh_node]: [amr_3] Pruned expired reservations for peers: ['amr_2', 'amr_0']
[rh_node-30] [INFO] [1789372143.569395298] [amr_0.rh_node]: [amr_0] Pruned expired reservations for peers: ['amr_2']
[rh_node-32] [INFO] [1789372143.570452218] [amr_2.rh_node]: [amr_2] Pruned expired reservations for peers: ['amr_0']
[rh_node-31] [INFO] [1789372143.588475472] [amr_1.rh_node]: [amr_1] Pruned expired reservations for peers: ['amr_2', 'amr_0']
[rh_node-34] [INFO] [1789372143.997718769] [amr_4.rh_node]: [amr_4] Pruned expired reservations for peers: ['amr_2', 'amr_0']
[rh_node-33] [INFO] [1789372144.063193667] [amr_3.rh_node]: [amr_3] Pruned expired reservations for peers: ['amr_2', 'amr_0']
[rh_node-30] [INFO] [1789372144.069425167] [amr_0.rh_node]: [amr_0] Pruned expired reservations for peers: ['amr_2']
[rh_node-32] [INFO] [1789372144.073283459] [amr_2.rh_node]: [amr_2] Pruned expired reservations for peers: ['amr_0']
[rh_node-31] [INFO] [1789372144.088813022] [amr_1.rh_node]: [amr_1] Pruned expired reservations for peers: ['amr_2', 'amr_0']
[rh_node-34] [INFO] [1789372144.496290823] [amr_4.rh_node]: [amr_4] Pruned expired reservations for peers: ['amr_2', 'amr_0']
[rh_node-33] [INFO] [1789372144.563740465] [amr_3.rh_node]: [amr_3] Pruned expired reservations for peers: ['amr_2', 'amr_0']
[rh_node-30] [INFO] [1789372144.569222679] [amr_0.rh_node]: [amr_0] Pruned expired reservations for peers: ['amr_2']
[rh_node-32] [INFO] [1789372144.572622198] [amr_2.rh_node]: [amr_2] Pruned expired reservations for peers: ['amr_0']
[rh_node-31] [INFO] [1789372144.588794368] [amr_1.rh_node]: [amr_1] Pruned expired reservations for peers: ['amr_2', 'amr_0']
[rh_node-34] [INFO] [1789372144.996170898] [amr_4.rh_node]: [amr_4] Pruned expired reservations for peers: ['amr_2', 'amr_0']
[rh_node-33] [INFO] [1789372145.062749368] [amr_3.rh_node]: [amr_3] Pruned expired reservations for peers: ['amr_2', 'amr_0']
[rh_node-30] [INFO] [1789372145.069163874] [amr_0.rh_node]: [amr_0] Pruned expired reservations for peers: ['amr_2']
[rh_node-32] [INFO] [1789372145.070900308] [amr_2.rh_node]: [amr_2] Pruned expired reservations for peers: ['amr_0']
[rh_node-31] [INFO] [1789372145.088959190] [amr_1.rh_node]: [amr_1] Pruned expired reservations for peers: ['amr_2', 'amr_0']
[rh_node-34] [INFO] [1789372145.496730772] [amr_4.rh_node]: [amr_4] Pruned expired reservations for peers: ['amr_2', 'amr_0']
[rh_node-33] [INFO] [1789372145.562818607] [amr_3.rh_node]: [amr_3] Pruned expired reservations for peers: ['amr_2', 'amr_0']
[rh_node-30] [INFO] [1789372145.569292503] [amr_0.rh_node]: [amr_0] Pruned expired reservations for peers: ['amr_2']
[rh_node-32] [INFO] [1789372145.570770762] [amr_2.rh_node]: [amr_2] Pruned expired reservations for peers: ['amr_0']
[rh_node-31] [INFO] [1789372145.588391039] [amr_1.rh_node]: [amr_1] Pruned expired reservations for peers: ['amr_2', 'amr_0']
[rh_node-34] [INFO] [1789372145.997195216] [amr_4.rh_node]: [amr_4] Pruned expired reservations for peers: ['amr_2', 'amr_0']
[rh_node-33] [INFO] [1789372146.061762029] [amr_3.rh_node]: [amr_3] Pruned expired reservations for peers: ['amr_2', 'amr_0']
[rh_node-30] [INFO] [1789372146.070077252] [amr_0.rh_node]: [amr_0] Pruned expired reservations for peers: ['amr_2']
[rh_node-32] [INFO] [1789372146.071472770] [amr_2.rh_node]: [amr_2] Pruned expired reservations for peers: ['amr_0']
[rh_node-31] [INFO] [1789372146.088624814] [amr_1.rh_node]: [amr_1] Pruned expired reservations for peers: ['amr_2', 'amr_0']
[rh_node-34] [INFO] [1789372146.496422438] [amr_4.rh_node]: [amr_4] Pruned expired reservations for peers: ['amr_2', 'amr_0']
[rh_node-33] [INFO] [1789372146.563590426] [amr_3.rh_node]: [amr_3] Pruned expired reservations for peers: ['amr_2', 'amr_0']
[rh_node-32] [INFO] [1789372146.570048840] [amr_2.rh_node]: [amr_2] Pruned expired reservations for peers: ['amr_0']
[rh_node-30] [INFO] [1789372146.570328445] [amr_0.rh_node]: [amr_0] Pruned expired reservations for peers: ['amr_2']
[rh_node-31] [INFO] [1789372146.589042331] [amr_1.rh_node]: [amr_1] Pruned expired reservations for peers: ['amr_2', 'amr_0']
[rh_node-34] [INFO] [1789372146.996167342] [amr_4.rh_node]: [amr_4] Pruned expired reservations for peers: ['amr_2', 'amr_0']
[rh_node-33] [INFO] [1789372147.062548154] [amr_3.rh_node]: [amr_3] Pruned expired reservations for peers: ['amr_2', 'amr_0']
[rh_node-30] [INFO] [1789372147.070431778] [amr_0.rh_node]: [amr_0] Pruned expired reservations for peers: ['amr_2']
[rh_node-32] [INFO] [1789372147.070647812] [amr_2.rh_node]: [amr_2] Pruned expired reservations for peers: ['amr_0']
[rh_node-31] [INFO] [1789372147.087933046] [amr_1.rh_node]: [amr_1] Pruned expired reservations for peers: ['amr_2', 'amr_0']
[rh_node-34] [INFO] [1789372147.497088731] [amr_4.rh_node]: [amr_4] Pruned expired reservations for peers: ['amr_2', 'amr_0']
[rh_node-33] [INFO] [1789372147.561889871] [amr_3.rh_node]: [amr_3] Pruned expired reservations for peers: ['amr_2', 'amr_0']
[rh_node-30] [INFO] [1789372147.568933063] [amr_0.rh_node]: [amr_0] Pruned expired reservations for peers: ['amr_2']
[rh_node-32] [INFO] [1789372147.571304928] [amr_2.rh_node]: [amr_2] Pruned expired reservations for peers: ['amr_0']
[rh_node-31] [INFO] [1789372147.588802165] [amr_1.rh_node]: [amr_1] Pruned expired reservations for peers: ['amr_2', 'amr_0']
[rh_node-34] [INFO] [1789372147.996869567] [amr_4.rh_node]: [amr_4] Pruned expired reservations for peers: ['amr_2', 'amr_0']
[rh_node-33] [INFO] [1789372148.062094686] [amr_3.rh_node]: [amr_3] Pruned expired reservations for peers: ['amr_2', 'amr_0']
[rh_node-30] [INFO] [1789372148.069692548] [amr_0.rh_node]: [amr_0] Pruned expired reservations for peers: ['amr_2']
[rh_node-32] [INFO] [1789372148.070315015] [amr_2.rh_node]: [amr_2] Pruned expired reservations for peers: ['amr_0']
[rh_node-31] [INFO] [1789372148.089499269] [amr_1.rh_node]: [amr_1] Pruned expired reservations for peers: ['amr_2', 'amr_0']
[rh_node-34] [INFO] [1789372148.496233987] [amr_4.rh_node]: [amr_4] Pruned expired reservations for peers: ['amr_2', 'amr_0']
[rh_node-33] [INFO] [1789372148.561985493] [amr_3.rh_node]: [amr_3] Pruned expired reservations for peers: ['amr_2', 'amr_0']
[rh_node-30] [INFO] [1789372148.569114116] [amr_0.rh_node]: [amr_0] Pruned expired reservations for peers: ['amr_2']
[rh_node-32] [INFO] [1789372148.570702225] [amr_2.rh_node]: [amr_2] Pruned expired reservations for peers: ['amr_0']
[rh_node-31] [INFO] [1789372148.588628008] [amr_1.rh_node]: [amr_1] Pruned expired reservations for peers: ['amr_2', 'amr_0']
[rh_node-34] [INFO] [1789372148.996590885] [amr_4.rh_node]: [amr_4] Pruned expired reservations for peers: ['amr_2', 'amr_0']
[rh_node-33] [INFO] [1789372149.063809208] [amr_3.rh_node]: [amr_3] Pruned expired reservations for peers: ['amr_2', 'amr_0']
[rh_node-30] [INFO] [1789372149.069366150] [amr_0.rh_node]: [amr_0] Pruned expired reservations for peers: ['amr_2']
[rh_node-32] [INFO] [1789372149.070272881] [amr_2.rh_node]: [amr_2] Pruned expired reservations for peers: ['amr_0']
[rh_node-31] [INFO] [1789372149.088775228] [amr_1.rh_node]: [amr_1] Pruned expired reservations for peers: ['amr_2', 'amr_0']
[rh_node-34] [INFO] [1789372149.496310422] [amr_4.rh_node]: [amr_4] Pruned expired reservations for peers: ['amr_2', 'amr_0']
[rh_node-33] [INFO] [1789372149.563579749] [amr_3.rh_node]: [amr_3] Pruned expired reservations for peers: ['amr_2', 'amr_0']
[rh_node-30] [INFO] [1789372149.570123221] [amr_0.rh_node]: [amr_0] Pruned expired reservations for peers: ['amr_2']
[rh_node-32] [INFO] [1789372149.570629230] [amr_2.rh_node]: [amr_2] Pruned expired reservations for peers: ['amr_0']
[rh_node-31] [INFO] [1789372149.589359904] [amr_1.rh_node]: [amr_1] Pruned expired reservations for peers: ['amr_2', 'amr_0']
[rh_node-34] [INFO] [1789372149.996651439] [amr_4.rh_node]: [amr_4] Pruned expired reservations for peers: ['amr_2', 'amr_0']
[rh_node-33] [INFO] [1789372150.063869413] [amr_3.rh_node]: [amr_3] Pruned expired reservations for peers: ['amr_2', 'amr_0']
[rh_node-30] [INFO] [1789372150.069934928] [amr_0.rh_node]: [amr_0] Pruned expired reservations for peers: ['amr_2']
[rh_node-32] [INFO] [1789372150.070437129] [amr_2.rh_node]: [amr_2] Pruned expired reservations for peers: ['amr_0']
[rh_node-31] [INFO] [1789372150.088754203] [amr_1.rh_node]: [amr_1] Pruned expired reservations for peers: ['amr_2', 'amr_0']
[rh_node-34] [INFO] [1789372150.497833111] [amr_4.rh_node]: [amr_4] Pruned expired reservations for peers: ['amr_2', 'amr_0']
[rh_node-33] [INFO] [1789372150.561788846] [amr_3.rh_node]: [amr_3] Pruned expired reservations for peers: ['amr_2', 'amr_0']
[rh_node-30] [INFO] [1789372150.569476537] [amr_0.rh_node]: [amr_0] Pruned expired reservations for peers: ['amr_2']
[rh_node-32] [INFO] [1789372150.570897990] [amr_2.rh_node]: [amr_2] Pruned expired reservations for peers: ['amr_0']
[rh_node-31] [INFO] [1789372150.588490630] [amr_1.rh_node]: [amr_1] Pruned expired reservations for peers: ['amr_2', 'amr_0']
[rh_node-34] [INFO] [1789372150.996577057] [amr_4.rh_node]: [amr_4] Pruned expired reservations for peers: ['amr_2', 'amr_0']
[rh_node-33] [INFO] [1789372151.063913214] [amr_3.rh_node]: [amr_3] Pruned expired reservations for peers: ['amr_2', 'amr_0']
[rh_node-30] [INFO] [1789372151.069173798] [amr_0.rh_node]: [amr_0] Pruned expired reservations for peers: ['amr_2']
[rh_node-32] [INFO] [1789372151.071188961] [amr_2.rh_node]: [amr_2] Pruned expired reservations for peers: ['amr_0']
[rh_node-31] [INFO] [1789372151.088100221] [amr_1.rh_node]: [amr_1] Pruned expired reservations for peers: ['amr_2', 'amr_0']
[rh_node-34] [INFO] [1789372151.496475037] [amr_4.rh_node]: [amr_4] Pruned expired reservations for peers: ['amr_2', 'amr_0']
[rh_node-33] [INFO] [1789372151.561838648] [amr_3.rh_node]: [amr_3] Pruned expired reservations for peers: ['amr_2', 'amr_0']
[rh_node-30] [INFO] [1789372151.569557321] [amr_0.rh_node]: [amr_0] Pruned expired reservations for peers: ['amr_2']
[rh_node-32] [INFO] [1789372151.571941046] [amr_2.rh_node]: [amr_2] Pruned expired reservations for peers: ['amr_0']
[rh_node-31] [INFO] [1789372151.588047611] [amr_1.rh_node]: [amr_1] Pruned expired reservations for peers: ['amr_2', 'amr_0']
[rh_node-34] [INFO] [1789372151.997596348] [amr_4.rh_node]: [amr_4] Pruned expired reservations for peers: ['amr_2', 'amr_0']
[rh_node-33] [INFO] [1789372152.062357678] [amr_3.rh_node]: [amr_3] Pruned expired reservations for peers: ['amr_2', 'amr_0']
[rh_node-30] [INFO] [1789372152.069156869] [amr_0.rh_node]: [amr_0] Pruned expired reservations for peers: ['amr_2']
[rh_node-32] [INFO] [1789372152.071856969] [amr_2.rh_node]: [amr_2] Pruned expired reservations for peers: ['amr_0']
[rh_node-31] [INFO] [1789372152.087950747] [amr_1.rh_node]: [amr_1] Pruned expired reservations for peers: ['amr_2', 'amr_0']
[rh_node-34] [INFO] [1789372152.496976229] [amr_4.rh_node]: [amr_4] Pruned expired reservations for peers: ['amr_2', 'amr_0']
[rh_node-33] [INFO] [1789372152.563293801] [amr_3.rh_node]: [amr_3] Pruned expired reservations for peers: ['amr_2', 'amr_0']
[rh_node-30] [INFO] [1789372152.570297494] [amr_0.rh_node]: [amr_0] Pruned expired reservations for peers: ['amr_2']
[rh_node-32] [INFO] [1789372152.570706312] [amr_2.rh_node]: [amr_2] Pruned expired reservations for peers: ['amr_0']
[rh_node-31] [INFO] [1789372152.589540703] [amr_1.rh_node]: [amr_1] Pruned expired reservations for peers: ['amr_2', 'amr_0']
[rh_node-34] [INFO] [1789372152.996346102] [amr_4.rh_node]: [amr_4] Pruned expired reservations for peers: ['amr_2', 'amr_0']
[rh_node-33] [INFO] [1789372153.063055069] [amr_3.rh_node]: [amr_3] Pruned expired reservations for peers: ['amr_2', 'amr_0']
[rh_node-30] [INFO] [1789372153.070253988] [amr_0.rh_node]: [amr_0] Pruned expired reservations for peers: ['amr_2']
[rh_node-32] [INFO] [1789372153.070387391] [amr_2.rh_node]: [amr_2] Pruned expired reservations for peers: ['amr_0']
[rh_node-31] [INFO] [1789372153.089561018] [amr_1.rh_node]: [amr_1] Pruned expired reservations for peers: ['amr_2', 'amr_0']
[rh_node-34] [INFO] [1789372153.496809053] [amr_4.rh_node]: [amr_4] Pruned expired reservations for peers: ['amr_2', 'amr_0']
[rh_node-33] [INFO] [1789372153.563248195] [amr_3.rh_node]: [amr_3] Pruned expired reservations for peers: ['amr_2', 'amr_0']
[rh_node-30] [INFO] [1789372153.569265349] [amr_0.rh_node]: [amr_0] Pruned expired reservations for peers: ['amr_2']
[rh_node-32] [INFO] [1789372153.570767253] [amr_2.rh_node]: [amr_2] Pruned expired reservations for peers: ['amr_0']
[rh_node-31] [INFO] [1789372153.588189678] [amr_1.rh_node]: [amr_1] Pruned expired reservations for peers: ['amr_2', 'amr_0']
[rh_node-34] [INFO] [1789372153.996114077] [amr_4.rh_node]: [amr_4] Pruned expired reservations for peers: ['amr_2', 'amr_0']
[rh_node-33] [INFO] [1789372154.063574964] [amr_3.rh_node]: [amr_3] Pruned expired reservations for peers: ['amr_2', 'amr_0']
[rh_node-30] [INFO] [1789372154.070163389] [amr_0.rh_node]: [amr_0] Pruned expired reservations for peers: ['amr_2']
[rh_node-32] [INFO] [1789372154.071080132] [amr_2.rh_node]: [amr_2] Pruned expired reservations for peers: ['amr_0']
[rh_node-31] [INFO] [1789372154.088519670] [amr_1.rh_node]: [amr_1] Pruned expired reservations for peers: ['amr_2', 'amr_0']
[rh_node-34] [INFO] [1789372154.497023753] [amr_4.rh_node]: [amr_4] Pruned expired reservations for peers: ['amr_2', 'amr_0']
[rh_node-33] [INFO] [1789372154.563979020] [amr_3.rh_node]: [amr_3] Pruned expired reservations for peers: ['amr_2', 'amr_0']
[rh_node-30] [INFO] [1789372154.569368598] [amr_0.rh_node]: [amr_0] Pruned expired reservations for peers: ['amr_2']
[rh_node-32] [INFO] [1789372154.570528861] [amr_2.rh_node]: [amr_2] Pruned expired reservations for peers: ['amr_0']
[rh_node-31] [INFO] [1789372154.588743906] [amr_1.rh_node]: [amr_1] Pruned expired reservations for peers: ['amr_2', 'amr_0']
[rh_node-34] [INFO] [1789372154.996250115] [amr_4.rh_node]: [amr_4] Pruned expired reservations for peers: ['amr_2', 'amr_0']
[rh_node-33] [INFO] [1789372155.062535788] [amr_3.rh_node]: [amr_3] Pruned expired reservations for peers: ['amr_2', 'amr_0']
[rh_node-30] [INFO] [1789372155.069503204] [amr_0.rh_node]: [amr_0] Pruned expired reservations for peers: ['amr_2']
[rh_node-32] [INFO] [1789372155.071148763] [amr_2.rh_node]: [amr_2] Pruned expired reservations for peers: ['amr_0']
[rh_node-31] [INFO] [1789372155.087906989] [amr_1.rh_node]: [amr_1] Pruned expired reservations for peers: ['amr_2', 'amr_0']
[rh_node-34] [INFO] [1789372155.496350915] [amr_4.rh_node]: [amr_4] Pruned expired reservations for peers: ['amr_2', 'amr_0']
[rh_node-33] [INFO] [1789372155.562928773] [amr_3.rh_node]: [amr_3] Pruned expired reservations for peers: ['amr_2', 'amr_0']
[rh_node-30] [INFO] [1789372155.569851669] [amr_0.rh_node]: [amr_0] Pruned expired reservations for peers: ['amr_2']
[rh_node-32] [INFO] [1789372155.570464086] [amr_2.rh_node]: [amr_2] Pruned expired reservations for peers: ['amr_0']
[rh_node-31] [INFO] [1789372155.587884190] [amr_1.rh_node]: [amr_1] Pruned expired reservations for peers: ['amr_2', 'amr_0']
[rh_node-34] [INFO] [1789372155.996952792] [amr_4.rh_node]: [amr_4] Pruned expired reservations for peers: ['amr_2', 'amr_0']
[rh_node-33] [INFO] [1789372156.063313379] [amr_3.rh_node]: [amr_3] Pruned expired reservations for peers: ['amr_2', 'amr_0']
[rh_node-30] [INFO] [1789372156.069392836] [amr_0.rh_node]: [amr_0] Pruned expired reservations for peers: ['amr_2']
[rh_node-32] [INFO] [1789372156.070871606] [amr_2.rh_node]: [amr_2] Pruned expired reservations for peers: ['amr_0']
[rh_node-31] [INFO] [1789372156.088171932] [amr_1.rh_node]: [amr_1] Pruned expired reservations for peers: ['amr_2', 'amr_0']
[rh_node-34] [INFO] [1789372156.496331204] [amr_4.rh_node]: [amr_4] Pruned expired reservations for peers: ['amr_2', 'amr_0']
[rh_node-33] [INFO] [1789372156.562686818] [amr_3.rh_node]: [amr_3] Pruned expired reservations for peers: ['amr_2', 'amr_0']
[rh_node-30] [INFO] [1789372156.570023967] [amr_0.rh_node]: [amr_0] Pruned expired reservations for peers: ['amr_2']
[rh_node-32] [INFO] [1789372156.570459770] [amr_2.rh_node]: [amr_2] Pruned expired reservations for peers: ['amr_0']
[rh_node-31] [INFO] [1789372156.588021689] [amr_1.rh_node]: [amr_1] Pruned expired reservations for peers: ['amr_2', 'amr_0']
[rh_node-34] [INFO] [1789372156.996882035] [amr_4.rh_node]: [amr_4] Pruned expired reservations for peers: ['amr_2', 'amr_0']
[rh_node-33] [INFO] [1789372157.063119899] [amr_3.rh_node]: [amr_3] Pruned expired reservations for peers: ['amr_2', 'amr_0']
[rh_node-30] [INFO] [1789372157.069297557] [amr_0.rh_node]: [amr_0] Pruned expired reservations for peers: ['amr_2']
[rh_node-32] [INFO] [1789372157.071422894] [amr_2.rh_node]: [amr_2] Pruned expired reservations for peers: ['amr_0']
[rh_node-31] [INFO] [1789372157.087943837] [amr_1.rh_node]: [amr_1] Pruned expired reservations for peers: ['amr_2', 'amr_0']
[rh_node-34] [INFO] [1789372157.496700966] [amr_4.rh_node]: [amr_4] Pruned expired reservations for peers: ['amr_2', 'amr_0']
[rh_node-33] [INFO] [1789372157.562180959] [amr_3.rh_node]: [amr_3] Pruned expired reservations for peers: ['amr_2', 'amr_0']
[rh_node-32] [INFO] [1789372157.570251888] [amr_2.rh_node]: [amr_2] Pruned expired reservations for peers: ['amr_0']
[rh_node-30] [INFO] [1789372157.570452228] [amr_0.rh_node]: [amr_0] Pruned expired reservations for peers: ['amr_2']
[rh_node-31] [INFO] [1789372157.588309393] [amr_1.rh_node]: [amr_1] Pruned expired reservations for peers: ['amr_2', 'amr_0']
[rh_node-34] [INFO] [1789372157.997932781] [amr_4.rh_node]: [amr_4] Pruned expired reservations for peers: ['amr_2', 'amr_0']
[rh_node-33] [INFO] [1789372158.063789351] [amr_3.rh_node]: [amr_3] Pruned expired reservations for peers: ['amr_2', 'amr_0']
[rh_node-30] [INFO] [1789372158.069290027] [amr_0.rh_node]: [amr_0] Pruned expired reservations for peers: ['amr_2']
[rh_node-32] [INFO] [1789372158.071430812] [amr_2.rh_node]: [amr_2] Pruned expired reservations for peers: ['amr_0']
[rh_node-31] [INFO] [1789372158.088639929] [amr_1.rh_node]: [amr_1] Pruned expired reservations for peers: ['amr_2', 'amr_0']
[rh_node-34] [INFO] [1789372158.496908831] [amr_4.rh_node]: [amr_4] Pruned expired reservations for peers: ['amr_2', 'amr_0']
[rh_node-33] [INFO] [1789372158.563032512] [amr_3.rh_node]: [amr_3] Pruned expired reservations for peers: ['amr_2', 'amr_0']
[rh_node-30] [INFO] [1789372158.569481985] [amr_0.rh_node]: [amr_0] Pruned expired reservations for peers: ['amr_2']
[rh_node-32] [INFO] [1789372158.570311021] [amr_2.rh_node]: [amr_2] Pruned expired reservations for peers: ['amr_0']
[rh_node-31] [INFO] [1789372158.589015093] [amr_1.rh_node]: [amr_1] Pruned expired reservations for peers: ['amr_2', 'amr_0']
[rh_node-34] [INFO] [1789372158.996919792] [amr_4.rh_node]: [amr_4] Pruned expired reservations for peers: ['amr_2', 'amr_0']
[rh_node-33] [INFO] [1789372159.063119979] [amr_3.rh_node]: [amr_3] Pruned expired reservations for peers: ['amr_2', 'amr_0']
[rh_node-30] [INFO] [1789372159.069146412] [amr_0.rh_node]: [amr_0] Pruned expired reservations for peers: ['amr_2']
[rh_node-32] [INFO] [1789372159.071676009] [amr_2.rh_node]: [amr_2] Pruned expired reservations for peers: ['amr_0']
[rh_node-31] [INFO] [1789372159.087963575] [amr_1.rh_node]: [amr_1] Pruned expired reservations for peers: ['amr_2', 'amr_0']
[rh_node-34] [INFO] [1789372159.496558051] [amr_4.rh_node]: [amr_4] Pruned expired reservations for peers: ['amr_2', 'amr_0']
[rh_node-33] [INFO] [1789372159.561851790] [amr_3.rh_node]: [amr_3] Pruned expired reservations for peers: ['amr_2', 'amr_0']
[rh_node-30] [INFO] [1789372159.570504101] [amr_0.rh_node]: [amr_0] Pruned expired reservations for peers: ['amr_2']
[rh_node-32] [INFO] [1789372159.571290079] [amr_2.rh_node]: [amr_2] Pruned expired reservations for peers: ['amr_0']
[rh_node-31] [INFO] [1789372159.587940015] [amr_1.rh_node]: [amr_1] Pruned expired reservations for peers: ['amr_2', 'amr_0']
[rh_node-34] [INFO] [1789372159.997323610] [amr_4.rh_node]: [amr_4] Pruned expired reservations for peers: ['amr_2', 'amr_0']
[rh_node-33] [INFO] [1789372160.063254617] [amr_3.rh_node]: [amr_3] Pruned expired reservations for peers: ['amr_2', 'amr_0']
[rh_node-30] [INFO] [1789372160.070355350] [amr_0.rh_node]: [amr_0] Pruned expired reservations for peers: ['amr_2']
[rh_node-32] [INFO] [1789372160.071201155] [amr_2.rh_node]: [amr_2] Pruned expired reservations for peers: ['amr_0']
[rh_node-31] [INFO] [1789372160.088451281] [amr_1.rh_node]: [amr_1] Pruned expired reservations for peers: ['amr_2', 'amr_0']
[rh_node-34] [INFO] [1789372160.496310810] [amr_4.rh_node]: [amr_4] Pruned expired reservations for peers: ['amr_2', 'amr_0']
[rh_node-33] [INFO] [1789372160.561922545] [amr_3.rh_node]: [amr_3] Pruned expired reservations for peers: ['amr_2', 'amr_0']
[rh_node-30] [INFO] [1789372160.569590694] [amr_0.rh_node]: [amr_0] Pruned expired reservations for peers: ['amr_2']
[rh_node-32] [INFO] [1789372160.571327317] [amr_2.rh_node]: [amr_2] Pruned expired reservations for peers: ['amr_0']
[rh_node-31] [INFO] [1789372160.587804153] [amr_1.rh_node]: [amr_1] Pruned expired reservations for peers: ['amr_2', 'amr_0']
[rh_node-34] [INFO] [1789372160.996702495] [amr_4.rh_node]: [amr_4] Pruned expired reservations for peers: ['amr_2', 'amr_0']
[rh_node-33] [INFO] [1789372161.062180372] [amr_3.rh_node]: [amr_3] Pruned expired reservations for peers: ['amr_2', 'amr_0']
[rh_node-30] [INFO] [1789372161.069680890] [amr_0.rh_node]: [amr_0] Pruned expired reservations for peers: ['amr_2']
[rh_node-32] [INFO] [1789372161.070319480] [amr_2.rh_node]: [amr_2] Pruned expired reservations for peers: ['amr_0']
[rh_node-31] [INFO] [1789372161.087908481] [amr_1.rh_node]: [amr_1] Pruned expired reservations for peers: ['amr_2', 'amr_0']
[rh_node-34] [INFO] [1789372161.496859455] [amr_4.rh_node]: [amr_4] Pruned expired reservations for peers: ['amr_2', 'amr_0']
[rh_node-33] [INFO] [1789372161.563406582] [amr_3.rh_node]: [amr_3] Pruned expired reservations for peers: ['amr_2', 'amr_0']
[rh_node-30] [INFO] [1789372161.569222674] [amr_0.rh_node]: [amr_0] Pruned expired reservations for peers: ['amr_2']
[rh_node-32] [INFO] [1789372161.570675541] [amr_2.rh_node]: [amr_2] Pruned expired reservations for peers: ['amr_0']
[rh_node-31] [INFO] [1789372161.589019623] [amr_1.rh_node]: [amr_1] Pruned expired reservations for peers: ['amr_2', 'amr_0']
[rh_node-34] [INFO] [1789372161.997655827] [amr_4.rh_node]: [amr_4] Pruned expired reservations for peers: ['amr_2', 'amr_0']
[rh_node-33] [INFO] [1789372162.062217050] [amr_3.rh_node]: [amr_3] Pruned expired reservations for peers: ['amr_2', 'amr_0']
[rh_node-30] [INFO] [1789372162.070199801] [amr_0.rh_node]: [amr_0] Pruned expired reservations for peers: ['amr_2']
[rh_node-32] [INFO] [1789372162.070922039] [amr_2.rh_node]: [amr_2] Pruned expired reservations for peers: ['amr_0']
[rh_node-31] [INFO] [1789372162.088667664] [amr_1.rh_node]: [amr_1] Pruned expired reservations for peers: ['amr_2', 'amr_0']
[rh_node-34] [INFO] [1789372162.496562543] [amr_4.rh_node]: [amr_4] Pruned expired reservations for peers: ['amr_2', 'amr_0']
[rh_node-33] [INFO] [1789372162.563270907] [amr_3.rh_node]: [amr_3] Pruned expired reservations for peers: ['amr_2', 'amr_0']
[rh_node-30] [INFO] [1789372162.569671193] [amr_0.rh_node]: [amr_0] Pruned expired reservations for peers: ['amr_2']
[rh_node-32] [INFO] [1789372162.571361107] [amr_2.rh_node]: [amr_2] Pruned expired reservations for peers: ['amr_0']
[rh_node-31] [INFO] [1789372162.588135261] [amr_1.rh_node]: [amr_1] Pruned expired reservations for peers: ['amr_2', 'amr_0']
[rh_node-34] [INFO] [1789372162.996868152] [amr_4.rh_node]: [amr_4] Pruned expired reservations for peers: ['amr_2', 'amr_0']
[rh_node-33] [INFO] [1789372163.062873778] [amr_3.rh_node]: [amr_3] Pruned expired reservations for peers: ['amr_2', 'amr_0']
[rh_node-32] [INFO] [1789372163.070389095] [amr_2.rh_node]: [amr_2] Pruned expired reservations for peers: ['amr_0']
[rh_node-30] [INFO] [1789372163.070560623] [amr_0.rh_node]: [amr_0] Pruned expired reservations for peers: ['amr_2']
[rh_node-31] [INFO] [1789372163.087850558] [amr_1.rh_node]: [amr_1] Pruned expired reservations for peers: ['amr_2', 'amr_0']
[rh_node-34] [INFO] [1789372163.496801316] [amr_4.rh_node]: [amr_4] Pruned expired reservations for peers: ['amr_2', 'amr_0']
[rh_node-33] [INFO] [1789372163.562357842] [amr_3.rh_node]: [amr_3] Pruned expired reservations for peers: ['amr_2', 'amr_0']
[rh_node-30] [INFO] [1789372163.570313919] [amr_0.rh_node]: [amr_0] Pruned expired reservations for peers: ['amr_2']
[rh_node-32] [INFO] [1789372163.571241332] [amr_2.rh_node]: [amr_2] Pruned expired reservations for peers: ['amr_0']
[rh_node-31] [INFO] [1789372163.587820033] [amr_1.rh_node]: [amr_1] Pruned expired reservations for peers: ['amr_2', 'amr_0']
[rh_node-34] [INFO] [1789372163.996194910] [amr_4.rh_node]: [amr_4] Pruned expired reservations for peers: ['amr_2', 'amr_0']
[rh_node-33] [INFO] [1789372164.062187812] [amr_3.rh_node]: [amr_3] Pruned expired reservations for peers: ['amr_2', 'amr_0']
[rh_node-30] [INFO] [1789372164.070259281] [amr_0.rh_node]: [amr_0] Pruned expired reservations for peers: ['amr_2']
[rh_node-32] [INFO] [1789372164.071402469] [amr_2.rh_node]: [amr_2] Pruned expired reservations for peers: ['amr_0']
[rh_node-31] [INFO] [1789372164.087934751] [amr_1.rh_node]: [amr_1] Pruned expired reservations for peers: ['amr_2', 'amr_0']
[rh_node-34] [INFO] [1789372164.496809719] [amr_4.rh_node]: [amr_4] Pruned expired reservations for peers: ['amr_2', 'amr_0']
[rh_node-33] [INFO] [1789372164.562142202] [amr_3.rh_node]: [amr_3] Pruned expired reservations for peers: ['amr_2', 'amr_0']
[rh_node-32] [INFO] [1789372164.570131255] [amr_2.rh_node]: [amr_2] Pruned expired reservations for peers: ['amr_0']
[rh_node-30] [INFO] [1789372164.570956322] [amr_0.rh_node]: [amr_0] Pruned expired reservations for peers: ['amr_2']
[rh_node-31] [INFO] [1789372164.588206082] [amr_1.rh_node]: [amr_1] Pruned expired reservations for peers: ['amr_2', 'amr_0']
[rh_node-34] [INFO] [1789372164.998989574] [amr_4.rh_node]: [amr_4] Pruned expired reservations for peers: ['amr_2', 'amr_0']
[rh_node-33] [INFO] [1789372165.061941186] [amr_3.rh_node]: [amr_3] Pruned expired reservations for peers: ['amr_2', 'amr_0']
[rh_node-30] [INFO] [1789372165.069299912] [amr_0.rh_node]: [amr_0] Pruned expired reservations for peers: ['amr_2']
[rh_node-32] [INFO] [1789372165.071129173] [amr_2.rh_node]: [amr_2] Pruned expired reservations for peers: ['amr_0']
[rh_node-31] [INFO] [1789372165.088473023] [amr_1.rh_node]: [amr_1] Pruned expired reservations for peers: ['amr_2', 'amr_0']
[rh_node-34] [INFO] [1789372165.496736242] [amr_4.rh_node]: [amr_4] Pruned expired reservations for peers: ['amr_2', 'amr_0']
[rh_node-33] [INFO] [1789372165.561893516] [amr_3.rh_node]: [amr_3] Pruned expired reservations for peers: ['amr_2', 'amr_0']
[rh_node-30] [INFO] [1789372165.569163519] [amr_0.rh_node]: [amr_0] Pruned expired reservations for peers: ['amr_2']
[rh_node-32] [INFO] [1789372165.571053794] [amr_2.rh_node]: [amr_2] Pruned expired reservations for peers: ['amr_0']
[rh_node-31] [INFO] [1789372165.588450959] [amr_1.rh_node]: [amr_1] Pruned expired reservations for peers: ['amr_2', 'amr_0']
[rh_node-34] [INFO] [1789372165.997090622] [amr_4.rh_node]: [amr_4] Pruned expired reservations for peers: ['amr_2', 'amr_0']
[rh_node-33] [INFO] [1789372166.061902581] [amr_3.rh_node]: [amr_3] Pruned expired reservations for peers: ['amr_2', 'amr_0']
[rh_node-30] [INFO] [1789372166.069446616] [amr_0.rh_node]: [amr_0] Pruned expired reservations for peers: ['amr_2']
[rh_node-32] [INFO] [1789372166.071772418] [amr_2.rh_node]: [amr_2] Pruned expired reservations for peers: ['amr_0']
[rh_node-31] [INFO] [1789372166.088005832] [amr_1.rh_node]: [amr_1] Pruned expired reservations for peers: ['amr_2', 'amr_0']
[rh_node-34] [INFO] [1789372166.496812233] [amr_4.rh_node]: [amr_4] Pruned expired reservations for peers: ['amr_2', 'amr_0']
[rh_node-33] [INFO] [1789372166.563074045] [amr_3.rh_node]: [amr_3] Pruned expired reservations for peers: ['amr_2', 'amr_0']
[rh_node-30] [INFO] [1789372166.569417094] [amr_0.rh_node]: [amr_0] Pruned expired reservations for peers: ['amr_2']
[rh_node-32] [INFO] [1789372166.570421276] [amr_2.rh_node]: [amr_2] Pruned expired reservations for peers: ['amr_0']
[rh_node-31] [INFO] [1789372166.588383503] [amr_1.rh_node]: [amr_1] Pruned expired reservations for peers: ['amr_2', 'amr_0']
[rh_node-34] [INFO] [1789372166.996091423] [amr_4.rh_node]: [amr_4] Pruned expired reservations for peers: ['amr_2', 'amr_0']
[rh_node-33] [INFO] [1789372167.062066331] [amr_3.rh_node]: [amr_3] Pruned expired reservations for peers: ['amr_2', 'amr_0']
[rh_node-30] [INFO] [1789372167.070174387] [amr_0.rh_node]: [amr_0] Pruned expired reservations for peers: ['amr_2']
[rh_node-32] [INFO] [1789372167.070193457] [amr_2.rh_node]: [amr_2] Pruned expired reservations for peers: ['amr_0']
[rh_node-31] [INFO] [1789372167.089265411] [amr_1.rh_node]: [amr_1] Pruned expired reservations for peers: ['amr_2', 'amr_0']
[rh_node-34] [INFO] [1789372167.496766625] [amr_4.rh_node]: [amr_4] Pruned expired reservations for peers: ['amr_2', 'amr_0']
[rh_node-33] [INFO] [1789372167.563132961] [amr_3.rh_node]: [amr_3] Pruned expired reservations for peers: ['amr_2', 'amr_0']
[rh_node-32] [INFO] [1789372167.570112807] [amr_2.rh_node]: [amr_2] Pruned expired reservations for peers: ['amr_0']
[rh_node-30] [INFO] [1789372167.570686222] [amr_0.rh_node]: [amr_0] Pruned expired reservations for peers: ['amr_2']
[rh_node-31] [INFO] [1789372167.589944594] [amr_1.rh_node]: [amr_1] Pruned expired reservations for peers: ['amr_2', 'amr_0']
[rh_node-34] [INFO] [1789372167.996747284] [amr_4.rh_node]: [amr_4] Pruned expired reservations for peers: ['amr_2', 'amr_0']
[rh_node-33] [INFO] [1789372168.062284883] [amr_3.rh_node]: [amr_3] Pruned expired reservations for peers: ['amr_2', 'amr_0']
[rh_node-30] [INFO] [1789372168.069447420] [amr_0.rh_node]: [amr_0] Pruned expired reservations for peers: ['amr_2']
[rh_node-32] [INFO] [1789372168.070707602] [amr_2.rh_node]: [amr_2] Pruned expired reservations for peers: ['amr_0']
[rh_node-31] [INFO] [1789372168.087898209] [amr_1.rh_node]: [amr_1] Pruned expired reservations for peers: ['amr_2', 'amr_0']
[rh_node-34] [INFO] [1789372168.497022554] [amr_4.rh_node]: [amr_4] Pruned expired reservations for peers: ['amr_2', 'amr_0']
[rh_node-33] [INFO] [1789372168.563464966] [amr_3.rh_node]: [amr_3] Pruned expired reservations for peers: ['amr_2', 'amr_0']
[rh_node-30] [INFO] [1789372168.569754098] [amr_0.rh_node]: [amr_0] Pruned expired reservations for peers: ['amr_2']
[rh_node-32] [INFO] [1789372168.570435205] [amr_2.rh_node]: [amr_2] Pruned expired reservations for peers: ['amr_0']
[rh_node-31] [INFO] [1789372168.588399901] [amr_1.rh_node]: [amr_1] Pruned expired reservations for peers: ['amr_2', 'amr_0']
[rh_node-34] [INFO] [1789372168.997735958] [amr_4.rh_node]: [amr_4] Pruned expired reservations for peers: ['amr_2', 'amr_0']
[rh_node-33] [INFO] [1789372169.062554470] [amr_3.rh_node]: [amr_3] Pruned expired reservations for peers: ['amr_2', 'amr_0']
[rh_node-30] [INFO] [1789372169.069097170] [amr_0.rh_node]: [amr_0] Pruned expired reservations for peers: ['amr_2']
[rh_node-32] [INFO] [1789372169.070716621] [amr_2.rh_node]: [amr_2] Pruned expired reservations for peers: ['amr_0']
[rh_node-31] [INFO] [1789372169.087863016] [amr_1.rh_node]: [amr_1] Pruned expired reservations for peers: ['amr_2', 'amr_0']
[rh_node-34] [INFO] [1789372169.496909622] [amr_4.rh_node]: [amr_4] Pruned expired reservations for peers: ['amr_2', 'amr_0']
[rh_node-33] [INFO] [1789372169.563391166] [amr_3.rh_node]: [amr_3] Pruned expired reservations for peers: ['amr_2', 'amr_0']
[rh_node-30] [INFO] [1789372169.569492204] [amr_0.rh_node]: [amr_0] Pruned expired reservations for peers: ['amr_2']
[rh_node-32] [INFO] [1789372169.572159689] [amr_2.rh_node]: [amr_2] Pruned expired reservations for peers: ['amr_0']
[rh_node-31] [INFO] [1789372169.587894060] [amr_1.rh_node]: [amr_1] Pruned expired reservations for peers: ['amr_2', 'amr_0']
[rh_node-34] [INFO] [1789372169.996127884] [amr_4.rh_node]: [amr_4] Pruned expired reservations for peers: ['amr_2', 'amr_0']
[rh_node-33] [INFO] [1789372170.064231273] [amr_3.rh_node]: [amr_3] Pruned expired reservations for peers: ['amr_2', 'amr_0']
[rh_node-30] [INFO] [1789372170.070322578] [amr_0.rh_node]: [amr_0] Pruned expired reservations for peers: ['amr_2']
[rh_node-32] [INFO] [1789372170.070843063] [amr_2.rh_node]: [amr_2] Pruned expired reservations for peers: ['amr_0']
[rh_node-31] [INFO] [1789372170.089024223] [amr_1.rh_node]: [amr_1] Pruned expired reservations for peers: ['amr_2', 'amr_0']
[rh_node-34] [INFO] [1789372170.496719734] [amr_4.rh_node]: [amr_4] Pruned expired reservations for peers: ['amr_2', 'amr_0']
[rh_node-33] [INFO] [1789372170.562227559] [amr_3.rh_node]: [amr_3] Pruned expired reservations for peers: ['amr_2', 'amr_0']
[rh_node-32] [INFO] [1789372170.570481319] [amr_2.rh_node]: [amr_2] Pruned expired reservations for peers: ['amr_0']
[rh_node-30] [INFO] [1789372170.571008145] [amr_0.rh_node]: [amr_0] Pruned expired reservations for peers: ['amr_2']
[rh_node-31] [INFO] [1789372170.588427976] [amr_1.rh_node]: [amr_1] Pruned expired reservations for peers: ['amr_2', 'amr_0']
[rh_node-34] [INFO] [1789372170.996267768] [amr_4.rh_node]: [amr_4] Pruned expired reservations for peers: ['amr_2', 'amr_0']
[rh_node-33] [INFO] [1789372171.063531211] [amr_3.rh_node]: [amr_3] Pruned expired reservations for peers: ['amr_2', 'amr_0']
[rh_node-30] [INFO] [1789372171.069078770] [amr_0.rh_node]: [amr_0] Pruned expired reservations for peers: ['amr_2']
[rh_node-32] [INFO] [1789372171.071284714] [amr_2.rh_node]: [amr_2] Pruned expired reservations for peers: ['amr_0']
[rh_node-31] [INFO] [1789372171.087731466] [amr_1.rh_node]: [amr_1] Pruned expired reservations for peers: ['amr_2', 'amr_0']
[rh_node-34] [INFO] [1789372171.496362457] [amr_4.rh_node]: [amr_4] Pruned expired reservations for peers: ['amr_2', 'amr_0']
[rh_node-33] [INFO] [1789372171.562456634] [amr_3.rh_node]: [amr_3] Pruned expired reservations for peers: ['amr_2', 'amr_0']
[rh_node-30] [INFO] [1789372171.569700021] [amr_0.rh_node]: [amr_0] Pruned expired reservations for peers: ['amr_2']
[rh_node-32] [INFO] [1789372171.572200833] [amr_2.rh_node]: [amr_2] Pruned expired reservations for peers: ['amr_0']
[rh_node-31] [INFO] [1789372171.587790446] [amr_1.rh_node]: [amr_1] Pruned expired reservations for peers: ['amr_2', 'amr_0']
[rh_node-34] [INFO] [1789372171.997054315] [amr_4.rh_node]: [amr_4] Pruned expired reservations for peers: ['amr_2', 'amr_0']
[rh_node-33] [INFO] [1789372172.062199129] [amr_3.rh_node]: [amr_3] Pruned expired reservations for peers: ['amr_2', 'amr_0']
[rh_node-30] [INFO] [1789372172.069437372] [amr_0.rh_node]: [amr_0] Pruned expired reservations for peers: ['amr_2']
[rh_node-32] [INFO] [1789372172.072061284] [amr_2.rh_node]: [amr_2] Pruned expired reservations for peers: ['amr_0']
[rh_node-31] [INFO] [1789372172.087931459] [amr_1.rh_node]: [amr_1] Pruned expired reservations for peers: ['amr_2', 'amr_0']
[rh_node-34] [INFO] [1789372172.496297901] [amr_4.rh_node]: [amr_4] Pruned expired reservations for peers: ['amr_2', 'amr_0']
[rh_node-33] [INFO] [1789372172.562578343] [amr_3.rh_node]: [amr_3] Pruned expired reservations for peers: ['amr_2', 'amr_0']
[rh_node-30] [INFO] [1789372172.570057317] [amr_0.rh_node]: [amr_0] Pruned expired reservations for peers: ['amr_2']
[rh_node-32] [INFO] [1789372172.571361091] [amr_2.rh_node]: [amr_2] Pruned expired reservations for peers: ['amr_0']
[rh_node-31] [INFO] [1789372172.588440030] [amr_1.rh_node]: [amr_1] Pruned expired reservations for peers: ['amr_2', 'amr_0']
[rh_node-34] [INFO] [1789372172.996130250] [amr_4.rh_node]: [amr_4] Pruned expired reservations for peers: ['amr_2', 'amr_0']
[rh_node-33] [INFO] [1789372173.061982691] [amr_3.rh_node]: [amr_3] Pruned expired reservations for peers: ['amr_2', 'amr_0']
[rh_node-30] [INFO] [1789372173.069377959] [amr_0.rh_node]: [amr_0] Pruned expired reservations for peers: ['amr_2']
[rh_node-32] [INFO] [1789372173.070313058] [amr_2.rh_node]: [amr_2] Pruned expired reservations for peers: ['amr_0']
[rh_node-31] [INFO] [1789372173.089358324] [amr_1.rh_node]: [amr_1] Pruned expired reservations for peers: ['amr_2', 'amr_0']
[rh_node-34] [INFO] [1789372173.496461393] [amr_4.rh_node]: [amr_4] Pruned expired reservations for peers: ['amr_2', 'amr_0']
[rh_node-33] [INFO] [1789372173.563653240] [amr_3.rh_node]: [amr_3] Pruned expired reservations for peers: ['amr_2', 'amr_0']
[rh_node-30] [INFO] [1789372173.570412456] [amr_0.rh_node]: [amr_0] Pruned expired reservations for peers: ['amr_2']
[rh_node-32] [INFO] [1789372173.570537633] [amr_2.rh_node]: [amr_2] Pruned expired reservations for peers: ['amr_0']
[rh_node-31] [INFO] [1789372173.587925840] [amr_1.rh_node]: [amr_1] Pruned expired reservations for peers: ['amr_2', 'amr_0']
[rh_node-34] [INFO] [1789372173.996180879] [amr_4.rh_node]: [amr_4] Pruned expired reservations for peers: ['amr_2', 'amr_0']
[rh_node-33] [INFO] [1789372174.062820811] [amr_3.rh_node]: [amr_3] Pruned expired reservations for peers: ['amr_2', 'amr_0']
[rh_node-30] [INFO] [1789372174.069656414] [amr_0.rh_node]: [amr_0] Pruned expired reservations for peers: ['amr_2']
[rh_node-32] [INFO] [1789372174.070922647] [amr_2.rh_node]: [amr_2] Pruned expired reservations for peers: ['amr_0']
[rh_node-31] [INFO] [1789372174.087837126] [amr_1.rh_node]: [amr_1] Pruned expired reservations for peers: ['amr_2', 'amr_0']
[rh_node-34] [INFO] [1789372174.496291742] [amr_4.rh_node]: [amr_4] Pruned expired reservations for peers: ['amr_2', 'amr_0']
[rh_node-33] [INFO] [1789372174.561601317] [amr_3.rh_node]: [amr_3] Pruned expired reservations for peers: ['amr_2', 'amr_0']
[rh_node-32] [INFO] [1789372174.570225450] [amr_2.rh_node]: [amr_2] Pruned expired reservations for peers: ['amr_0']
[rh_node-30] [INFO] [1789372174.570378640] [amr_0.rh_node]: [amr_0] Pruned expired reservations for peers: ['amr_2']
[rh_node-31] [INFO] [1789372174.588396040] [amr_1.rh_node]: [amr_1] Pruned expired reservations for peers: ['amr_2', 'amr_0']
[rh_node-34] [INFO] [1789372174.996555973] [amr_4.rh_node]: [amr_4] Pruned expired reservations for peers: ['amr_2', 'amr_0']
[rh_node-33] [INFO] [1789372175.062801532] [amr_3.rh_node]: [amr_3] Pruned expired reservations for peers: ['amr_2', 'amr_0']
[rh_node-30] [INFO] [1789372175.069632028] [amr_0.rh_node]: [amr_0] Pruned expired reservations for peers: ['amr_2']
[rh_node-32] [INFO] [1789372175.072041341] [amr_2.rh_node]: [amr_2] Pruned expired reservations for peers: ['amr_0']
[rh_node-31] [INFO] [1789372175.089924058] [amr_1.rh_node]: [amr_1] Pruned expired reservations for peers: ['amr_2', 'amr_0']
[rh_node-34] [INFO] [1789372175.496371980] [amr_4.rh_node]: [amr_4] Pruned expired reservations for peers: ['amr_2', 'amr_0']
[rh_node-33] [INFO] [1789372175.562663698] [amr_3.rh_node]: [amr_3] Pruned expired reservations for peers: ['amr_2', 'amr_0']
[rh_node-30] [INFO] [1789372175.569222897] [amr_0.rh_node]: [amr_0] Pruned expired reservations for peers: ['amr_2']
[rh_node-32] [INFO] [1789372175.570712826] [amr_2.rh_node]: [amr_2] Pruned expired reservations for peers: ['amr_0']
[rh_node-31] [INFO] [1789372175.587938258] [amr_1.rh_node]: [amr_1] Pruned expired reservations for peers: ['amr_2', 'amr_0']
[rh_node-34] [INFO] [1789372175.996736377] [amr_4.rh_node]: [amr_4] Pruned expired reservations for peers: ['amr_2', 'amr_0']
[rh_node-33] [INFO] [1789372176.062687135] [amr_3.rh_node]: [amr_3] Pruned expired reservations for peers: ['amr_2', 'amr_0']
[rh_node-30] [INFO] [1789372176.069232166] [amr_0.rh_node]: [amr_0] Pruned expired reservations for peers: ['amr_2']
[rh_node-32] [INFO] [1789372176.072197165] [amr_2.rh_node]: [amr_2] Pruned expired reservations for peers: ['amr_0']
[rh_node-31] [INFO] [1789372176.087773952] [amr_1.rh_node]: [amr_1] Pruned expired reservations for peers: ['amr_2', 'amr_0']
[rh_node-34] [INFO] [1789372176.497320977] [amr_4.rh_node]: [amr_4] Pruned expired reservations for peers: ['amr_2', 'amr_0']
[rh_node-33] [INFO] [1789372176.562753146] [amr_3.rh_node]: [amr_3] Pruned expired reservations for peers: ['amr_2', 'amr_0']
[rh_node-30] [INFO] [1789372176.568973790] [amr_0.rh_node]: [amr_0] Pruned expired reservations for peers: ['amr_2']
[rh_node-32] [INFO] [1789372176.570252556] [amr_2.rh_node]: [amr_2] Pruned expired reservations for peers: ['amr_0']
[rh_node-31] [INFO] [1789372176.588326785] [amr_1.rh_node]: [amr_1] Pruned expired reservations for peers: ['amr_2', 'amr_0']
[rh_node-34] [INFO] [1789372176.996594183] [amr_4.rh_node]: [amr_4] Pruned expired reservations for peers: ['amr_2', 'amr_0']
[rh_node-33] [INFO] [1789372177.062360472] [amr_3.rh_node]: [amr_3] Pruned expired reservations for peers: ['amr_2', 'amr_0']
[rh_node-30] [INFO] [1789372177.070187617] [amr_0.rh_node]: [amr_0] Pruned expired reservations for peers: ['amr_2']
[rh_node-32] [INFO] [1789372177.070264528] [amr_2.rh_node]: [amr_2] Pruned expired reservations for peers: ['amr_0']
[rh_node-31] [INFO] [1789372177.088254427] [amr_1.rh_node]: [amr_1] Pruned expired reservations for peers: ['amr_2', 'amr_0']
[rh_node-34] [INFO] [1789372177.496261300] [amr_4.rh_node]: [amr_4] Pruned expired reservations for peers: ['amr_2', 'amr_0']
[rh_node-33] [INFO] [1789372177.563282580] [amr_3.rh_node]: [amr_3] Pruned expired reservations for peers: ['amr_2', 'amr_0']
[rh_node-30] [INFO] [1789372177.568995127] [amr_0.rh_node]: [amr_0] Pruned expired reservations for peers: ['amr_2']
[rh_node-32] [INFO] [1789372177.570396272] [amr_2.rh_node]: [amr_2] Pruned expired reservations for peers: ['amr_0']
[rh_node-31] [INFO] [1789372177.588441151] [amr_1.rh_node]: [amr_1] Pruned expired reservations for peers: ['amr_2', 'amr_0']
[rh_node-34] [INFO] [1789372177.996616561] [amr_4.rh_node]: [amr_4] Pruned expired reservations for peers: ['amr_2', 'amr_0']
[rh_node-33] [INFO] [1789372178.063461652] [amr_3.rh_node]: [amr_3] Pruned expired reservations for peers: ['amr_2', 'amr_0']
[rh_node-30] [INFO] [1789372178.069569494] [amr_0.rh_node]: [amr_0] Pruned expired reservations for peers: ['amr_2']
[rh_node-32] [INFO] [1789372178.071359745] [amr_2.rh_node]: [amr_2] Pruned expired reservations for peers: ['amr_0']
[rh_node-31] [INFO] [1789372178.087979144] [amr_1.rh_node]: [amr_1] Pruned expired reservations for peers: ['amr_2', 'amr_0']
[rh_node-34] [INFO] [1789372178.496738334] [amr_4.rh_node]: [amr_4] Pruned expired reservations for peers: ['amr_2', 'amr_0']
[rh_node-33] [INFO] [1789372178.562628063] [amr_3.rh_node]: [amr_3] Pruned expired reservations for peers: ['amr_2', 'amr_0']
[rh_node-30] [INFO] [1789372178.569304076] [amr_0.rh_node]: [amr_0] Pruned expired reservations for peers: ['amr_2']
[rh_node-32] [INFO] [1789372178.571584885] [amr_2.rh_node]: [amr_2] Pruned expired reservations for peers: ['amr_0']
[rh_node-31] [INFO] [1789372178.588059555] [amr_1.rh_node]: [amr_1] Pruned expired reservations for peers: ['amr_2', 'amr_0']
[rh_node-34] [INFO] [1789372178.997286801] [amr_4.rh_node]: [amr_4] Pruned expired reservations for peers: ['amr_2', 'amr_0']
[rh_node-33] [INFO] [1789372179.062225545] [amr_3.rh_node]: [amr_3] Pruned expired reservations for peers: ['amr_2', 'amr_0']
[rh_node-30] [INFO] [1789372179.069410347] [amr_0.rh_node]: [amr_0] Pruned expired reservations for peers: ['amr_2']
[rh_node-32] [INFO] [1789372179.071089798] [amr_2.rh_node]: [amr_2] Pruned expired reservations for peers: ['amr_0']
[rh_node-31] [INFO] [1789372179.088385363] [amr_1.rh_node]: [amr_1] Pruned expired reservations for peers: ['amr_2', 'amr_0']
[rh_node-34] [INFO] [1789372179.496408684] [amr_4.rh_node]: [amr_4] Pruned expired reservations for peers: ['amr_2', 'amr_0']
[rh_node-33] [INFO] [1789372179.562093710] [amr_3.rh_node]: [amr_3] Pruned expired reservations for peers: ['amr_2', 'amr_0']
[rh_node-30] [INFO] [1789372179.569550055] [amr_0.rh_node]: [amr_0] Pruned expired reservations for peers: ['amr_2']
[rh_node-32] [INFO] [1789372179.571955480] [amr_2.rh_node]: [amr_2] Pruned expired reservations for peers: ['amr_0']
[rh_node-31] [INFO] [1789372179.588117177] [amr_1.rh_node]: [amr_1] Pruned expired reservations for peers: ['amr_2', 'amr_0']
[rh_node-34] [INFO] [1789372179.996615482] [amr_4.rh_node]: [amr_4] Pruned expired reservations for peers: ['amr_2', 'amr_0']
[rh_node-33] [INFO] [1789372180.062993049] [amr_3.rh_node]: [amr_3] Pruned expired reservations for peers: ['amr_2', 'amr_0']
[rh_node-30] [INFO] [1789372180.069756270] [amr_0.rh_node]: [amr_0] Pruned expired reservations for peers: ['amr_2']
[rh_node-32] [INFO] [1789372180.070537670] [amr_2.rh_node]: [amr_2] Pruned expired reservations for peers: ['amr_0']
[rh_node-31] [INFO] [1789372180.088207704] [amr_1.rh_node]: [amr_1] Pruned expired reservations for peers: ['amr_2', 'amr_0']
[rh_node-34] [INFO] [1789372180.496269642] [amr_4.rh_node]: [amr_4] Pruned expired reservations for peers: ['amr_2', 'amr_0']
[rh_node-33] [INFO] [1789372180.561753239] [amr_3.rh_node]: [amr_3] Pruned expired reservations for peers: ['amr_2', 'amr_0']
[rh_node-30] [INFO] [1789372180.569524111] [amr_0.rh_node]: [amr_0] Pruned expired reservations for peers: ['amr_2']
[rh_node-32] [INFO] [1789372180.571097067] [amr_2.rh_node]: [amr_2] Pruned expired reservations for peers: ['amr_0']
[rh_node-31] [INFO] [1789372180.587835002] [amr_1.rh_node]: [amr_1] Pruned expired reservations for peers: ['amr_2', 'amr_0']
[rh_node-34] [INFO] [1789372180.996602711] [amr_4.rh_node]: [amr_4] Pruned expired reservations for peers: ['amr_2', 'amr_0']
[rh_node-33] [INFO] [1789372181.062313825] [amr_3.rh_node]: [amr_3] Pruned expired reservations for peers: ['amr_2', 'amr_0']
[rh_node-30] [INFO] [1789372181.069579225] [amr_0.rh_node]: [amr_0] Pruned expired reservations for peers: ['amr_2']
[rh_node-32] [INFO] [1789372181.071588926] [amr_2.rh_node]: [amr_2] Pruned expired reservations for peers: ['amr_0']
[rh_node-31] [INFO] [1789372181.087751751] [amr_1.rh_node]: [amr_1] Pruned expired reservations for peers: ['amr_2', 'amr_0']
[rh_node-34] [INFO] [1789372181.496800771] [amr_4.rh_node]: [amr_4] Pruned expired reservations for peers: ['amr_2', 'amr_0']
[rh_node-33] [INFO] [1789372181.561647674] [amr_3.rh_node]: [amr_3] Pruned expired reservations for peers: ['amr_2', 'amr_0']
[rh_node-30] [INFO] [1789372181.568883886] [amr_0.rh_node]: [amr_0] Pruned expired reservations for peers: ['amr_2']
[rh_node-32] [INFO] [1789372181.570793810] [amr_2.rh_node]: [amr_2] Pruned expired reservations for peers: ['amr_0']
[rh_node-31] [INFO] [1789372181.590952240] [amr_1.rh_node]: [amr_1] Pruned expired reservations for peers: ['amr_2', 'amr_0']
[rh_node-34] [INFO] [1789372181.996531045] [amr_4.rh_node]: [amr_4] Pruned expired reservations for peers: ['amr_2', 'amr_0']
[rh_node-33] [INFO] [1789372182.062126413] [amr_3.rh_node]: [amr_3] Pruned expired reservations for peers: ['amr_2', 'amr_0']
[rh_node-32] [INFO] [1789372182.070031629] [amr_2.rh_node]: [amr_2] Pruned expired reservations for peers: ['amr_0']
[rh_node-30] [INFO] [1789372182.070844582] [amr_0.rh_node]: [amr_0] Pruned expired reservations for peers: ['amr_2']
[rh_node-31] [INFO] [1789372182.088273629] [amr_1.rh_node]: [amr_1] Pruned expired reservations for peers: ['amr_2', 'amr_0']
[rh_node-34] [INFO] [1789372182.497093828] [amr_4.rh_node]: [amr_4] Pruned expired reservations for peers: ['amr_2', 'amr_0']
[rh_node-33] [INFO] [1789372182.561743406] [amr_3.rh_node]: [amr_3] Pruned expired reservations for peers: ['amr_2', 'amr_0']
[rh_node-30] [INFO] [1789372182.569170161] [amr_0.rh_node]: [amr_0] Pruned expired reservations for peers: ['amr_2']
[rh_node-32] [INFO] [1789372182.571611473] [amr_2.rh_node]: [amr_2] Pruned expired reservations for peers: ['amr_0']
[rh_node-31] [INFO] [1789372182.588325316] [amr_1.rh_node]: [amr_1] Pruned expired reservations for peers: ['amr_2', 'amr_0']
[rh_node-34] [INFO] [1789372182.996192051] [amr_4.rh_node]: [amr_4] Pruned expired reservations for peers: ['amr_2', 'amr_0']
[rh_node-33] [INFO] [1789372183.061885209] [amr_3.rh_node]: [amr_3] Pruned expired reservations for peers: ['amr_2', 'amr_0']
[rh_node-30] [INFO] [1789372183.069652638] [amr_0.rh_node]: [amr_0] Pruned expired reservations for peers: ['amr_2']
[rh_node-32] [INFO] [1789372183.070533771] [amr_2.rh_node]: [amr_2] Pruned expired reservations for peers: ['amr_0']
[rh_node-31] [INFO] [1789372183.088575175] [amr_1.rh_node]: [amr_1] Pruned expired reservations for peers: ['amr_2', 'amr_0']
[rh_node-34] [INFO] [1789372183.497647814] [amr_4.rh_node]: [amr_4] Pruned expired reservations for peers: ['amr_2', 'amr_0']
[rh_node-33] [INFO] [1789372183.562798379] [amr_3.rh_node]: [amr_3] Pruned expired reservations for peers: ['amr_2', 'amr_0']
[rh_node-30] [INFO] [1789372183.569314503] [amr_0.rh_node]: [amr_0] Pruned expired reservations for peers: ['amr_2']
[rh_node-32] [INFO] [1789372183.570623180] [amr_2.rh_node]: [amr_2] Pruned expired reservations for peers: ['amr_0']
[rh_node-31] [INFO] [1789372183.588162897] [amr_1.rh_node]: [amr_1] Pruned expired reservations for peers: ['amr_2', 'amr_0']
[rh_node-34] [INFO] [1789372183.996242317] [amr_4.rh_node]: [amr_4] Pruned expired reservations for peers: ['amr_2', 'amr_0']
[rh_node-33] [INFO] [1789372184.062669304] [amr_3.rh_node]: [amr_3] Pruned expired reservations for peers: ['amr_2', 'amr_0']
[rh_node-30] [INFO] [1789372184.069175646] [amr_0.rh_node]: [amr_0] Pruned expired reservations for peers: ['amr_2']
[rh_node-32] [INFO] [1789372184.071146614] [amr_2.rh_node]: [amr_2] Pruned expired reservations for peers: ['amr_0']
[rh_node-31] [INFO] [1789372184.087767949] [amr_1.rh_node]: [amr_1] Pruned expired reservations for peers: ['amr_2', 'amr_0']
[rh_node-34] [INFO] [1789372184.496760695] [amr_4.rh_node]: [amr_4] Pruned expired reservations for peers: ['amr_2', 'amr_0']
[rh_node-33] [INFO] [1789372184.564449673] [amr_3.rh_node]: [amr_3] Pruned expired reservations for peers: ['amr_2', 'amr_0']
[rh_node-30] [INFO] [1789372184.570420827] [amr_0.rh_node]: [amr_0] Pruned expired reservations for peers: ['amr_2']
[rh_node-32] [INFO] [1789372184.570675033] [amr_2.rh_node]: [amr_2] Pruned expired reservations for peers: ['amr_0']
[rh_node-31] [INFO] [1789372184.587709070] [amr_1.rh_node]: [amr_1] Pruned expired reservations for peers: ['amr_2', 'amr_0']
[rh_node-34] [INFO] [1789372184.996315680] [amr_4.rh_node]: [amr_4] Pruned expired reservations for peers: ['amr_2', 'amr_0']
[rh_node-33] [INFO] [1789372185.062323989] [amr_3.rh_node]: [amr_3] Pruned expired reservations for peers: ['amr_2', 'amr_0']
[rh_node-30] [INFO] [1789372185.069647777] [amr_0.rh_node]: [amr_0] Pruned expired reservations for peers: ['amr_2']
[rh_node-32] [INFO] [1789372185.070582841] [amr_2.rh_node]: [amr_2] Pruned expired reservations for peers: ['amr_0']
[rh_node-31] [INFO] [1789372185.089060800] [amr_1.rh_node]: [amr_1] Pruned expired reservations for peers: ['amr_2', 'amr_0']
[rh_node-34] [INFO] [1789372185.496273762] [amr_4.rh_node]: [amr_4] Pruned expired reservations for peers: ['amr_2', 'amr_0']
[rh_node-33] [INFO] [1789372185.562369873] [amr_3.rh_node]: [amr_3] Pruned expired reservations for peers: ['amr_2', 'amr_0']
[rh_node-30] [INFO] [1789372185.569410974] [amr_0.rh_node]: [amr_0] Pruned expired reservations for peers: ['amr_2']
[rh_node-32] [INFO] [1789372185.571824883] [amr_2.rh_node]: [amr_2] Pruned expired reservations for peers: ['amr_0']
[rh_node-31] [INFO] [1789372185.587715746] [amr_1.rh_node]: [amr_1] Pruned expired reservations for peers: ['amr_2', 'amr_0']
[rh_node-34] [INFO] [1789372185.998185863] [amr_4.rh_node]: [amr_4] Pruned expired reservations for peers: ['amr_2', 'amr_0']
[rh_node-33] [INFO] [1789372186.063467619] [amr_3.rh_node]: [amr_3] Pruned expired reservations for peers: ['amr_2', 'amr_0']
[rh_node-30] [INFO] [1789372186.069090867] [amr_0.rh_node]: [amr_0] Pruned expired reservations for peers: ['amr_2']
[rh_node-32] [INFO] [1789372186.071631966] [amr_2.rh_node]: [amr_2] Pruned expired reservations for peers: ['amr_0']
[rh_node-31] [INFO] [1789372186.087726570] [amr_1.rh_node]: [amr_1] Pruned expired reservations for peers: ['amr_2', 'amr_0']
[rh_node-34] [INFO] [1789372186.496396422] [amr_4.rh_node]: [amr_4] Pruned expired reservations for peers: ['amr_2', 'amr_0']
[rh_node-33] [INFO] [1789372186.562036264] [amr_3.rh_node]: [amr_3] Pruned expired reservations for peers: ['amr_2', 'amr_0']
[rh_node-30] [INFO] [1789372186.569135789] [amr_0.rh_node]: [amr_0] Pruned expired reservations for peers: ['amr_2']
[rh_node-32] [INFO] [1789372186.570098985] [amr_2.rh_node]: [amr_2] Pruned expired reservations for peers: ['amr_0']
[rh_node-31] [INFO] [1789372186.588082204] [amr_1.rh_node]: [amr_1] Pruned expired reservations for peers: ['amr_2', 'amr_0']
[rh_node-34] [INFO] [1789372186.996604164] [amr_4.rh_node]: [amr_4] Pruned expired reservations for peers: ['amr_2', 'amr_0']
[rh_node-33] [INFO] [1789372187.062119317] [amr_3.rh_node]: [amr_3] Pruned expired reservations for peers: ['amr_2', 'amr_0']
[rh_node-30] [INFO] [1789372187.069327799] [amr_0.rh_node]: [amr_0] Pruned expired reservations for peers: ['amr_2']
[rh_node-32] [INFO] [1789372187.071918287] [amr_2.rh_node]: [amr_2] Pruned expired reservations for peers: ['amr_0']
[rh_node-31] [INFO] [1789372187.088145820] [amr_1.rh_node]: [amr_1] Pruned expired reservations for peers: ['amr_2', 'amr_0']
[rh_node-34] [INFO] [1789372187.496401676] [amr_4.rh_node]: [amr_4] Pruned expired reservations for peers: ['amr_2', 'amr_0']
[rh_node-33] [INFO] [1789372187.561818870] [amr_3.rh_node]: [amr_3] Pruned expired reservations for peers: ['amr_2', 'amr_0']
[rh_node-30] [INFO] [1789372187.569385927] [amr_0.rh_node]: [amr_0] Pruned expired reservations for peers: ['amr_2']
[rh_node-32] [INFO] [1789372187.572294530] [amr_2.rh_node]: [amr_2] Pruned expired reservations for peers: ['amr_0']
[rh_node-31] [INFO] [1789372187.587686752] [amr_1.rh_node]: [amr_1] Pruned expired reservations for peers: ['amr_2', 'amr_0']
[rh_node-34] [INFO] [1789372187.996646859] [amr_4.rh_node]: [amr_4] Pruned expired reservations for peers: ['amr_2', 'amr_0']
[rh_node-33] [INFO] [1789372188.062235054] [amr_3.rh_node]: [amr_3] Pruned expired reservations for peers: ['amr_2', 'amr_0']
[rh_node-30] [INFO] [1789372188.069469143] [amr_0.rh_node]: [amr_0] Pruned expired reservations for peers: ['amr_2']
[rh_node-32] [INFO] [1789372188.071142338] [amr_2.rh_node]: [amr_2] Pruned expired reservations for peers: ['amr_0']
[rh_node-31] [INFO] [1789372188.087782601] [amr_1.rh_node]: [amr_1] Pruned expired reservations for peers: ['amr_2', 'amr_0']
[rh_node-34] [INFO] [1789372188.496745859] [amr_4.rh_node]: [amr_4] Pruned expired reservations for peers: ['amr_2', 'amr_0']
[rh_node-33] [INFO] [1789372188.562694693] [amr_3.rh_node]: [amr_3] Pruned expired reservations for peers: ['amr_2', 'amr_0']
[rh_node-30] [INFO] [1789372188.569421559] [amr_0.rh_node]: [amr_0] Pruned expired reservations for peers: ['amr_2']
[rh_node-32] [INFO] [1789372188.570507219] [amr_2.rh_node]: [amr_2] Pruned expired reservations for peers: ['amr_0']
[rh_node-31] [INFO] [1789372188.587718776] [amr_1.rh_node]: [amr_1] Pruned expired reservations for peers: ['amr_2', 'amr_0']
[rh_node-34] [INFO] [1789372188.996134373] [amr_4.rh_node]: [amr_4] Pruned expired reservations for peers: ['amr_2', 'amr_0']
[rh_node-33] [INFO] [1789372189.063371889] [amr_3.rh_node]: [amr_3] Pruned expired reservations for peers: ['amr_2', 'amr_0']
[rh_node-30] [INFO] [1789372189.069628929] [amr_0.rh_node]: [amr_0] Pruned expired reservations for peers: ['amr_2']
[rh_node-32] [INFO] [1789372189.069993386] [amr_2.rh_node]: [amr_2] Pruned expired reservations for peers: ['amr_0']
[rh_node-31] [INFO] [1789372189.088285530] [amr_1.rh_node]: [amr_1] Pruned expired reservations for peers: ['amr_2', 'amr_0']
[rh_node-34] [INFO] [1789372189.497129200] [amr_4.rh_node]: [amr_4] Pruned expired reservations for peers: ['amr_2', 'amr_0']
[rh_node-33] [INFO] [1789372189.561649094] [amr_3.rh_node]: [amr_3] Pruned expired reservations for peers: ['amr_2', 'amr_0']
[rh_node-32] [INFO] [1789372189.570160719] [amr_2.rh_node]: [amr_2] Pruned expired reservations for peers: ['amr_0']
[rh_node-30] [INFO] [1789372189.570575198] [amr_0.rh_node]: [amr_0] Pruned expired reservations for peers: ['amr_2']
[rh_node-31] [INFO] [1789372189.588989711] [amr_1.rh_node]: [amr_1] Pruned expired reservations for peers: ['amr_2', 'amr_0']
[rh_node-34] [INFO] [1789372189.996166248] [amr_4.rh_node]: [amr_4] Pruned expired reservations for peers: ['amr_2', 'amr_0']
[rh_node-33] [INFO] [1789372190.062073069] [amr_3.rh_node]: [amr_3] Pruned expired reservations for peers: ['amr_2', 'amr_0']
[rh_node-30] [INFO] [1789372190.069399465] [amr_0.rh_node]: [amr_0] Pruned expired reservations for peers: ['amr_2']
[rh_node-32] [INFO] [1789372190.071169311] [amr_2.rh_node]: [amr_2] Pruned expired reservations for peers: ['amr_0']
[rh_node-31] [INFO] [1789372190.087998335] [amr_1.rh_node]: [amr_1] Pruned expired reservations for peers: ['amr_2', 'amr_0']
[rh_node-34] [INFO] [1789372190.496303399] [amr_4.rh_node]: [amr_4] Pruned expired reservations for peers: ['amr_2', 'amr_0']
[rh_node-33] [INFO] [1789372190.562982362] [amr_3.rh_node]: [amr_3] Pruned expired reservations for peers: ['amr_2', 'amr_0']
[rh_node-32] [INFO] [1789372190.570216962] [amr_2.rh_node]: [amr_2] Pruned expired reservations for peers: ['amr_0']
[rh_node-30] [INFO] [1789372190.570741043] [amr_0.rh_node]: [amr_0] Pruned expired reservations for peers: ['amr_2']
[rh_node-31] [INFO] [1789372190.587846838] [amr_1.rh_node]: [amr_1] Pruned expired reservations for peers: ['amr_2', 'amr_0']
[rh_node-34] [INFO] [1789372190.996632894] [amr_4.rh_node]: [amr_4] Pruned expired reservations for peers: ['amr_2', 'amr_0']
[rh_node-33] [INFO] [1789372191.062716296] [amr_3.rh_node]: [amr_3] Pruned expired reservations for peers: ['amr_2', 'amr_0']
[rh_node-30] [INFO] [1789372191.069821282] [amr_0.rh_node]: [amr_0] Pruned expired reservations for peers: ['amr_2']
[rh_node-32] [INFO] [1789372191.070511342] [amr_2.rh_node]: [amr_2] Pruned expired reservations for peers: ['amr_0']
[rh_node-31] [INFO] [1789372191.088132353] [amr_1.rh_node]: [amr_1] Pruned expired reservations for peers: ['amr_2', 'amr_0']
[rh_node-34] [INFO] [1789372191.496687388] [amr_4.rh_node]: [amr_4] Pruned expired reservations for peers: ['amr_2', 'amr_0']
[rh_node-33] [INFO] [1789372191.561987965] [amr_3.rh_node]: [amr_3] Pruned expired reservations for peers: ['amr_2', 'amr_0']
[rh_node-30] [INFO] [1789372191.570484690] [amr_0.rh_node]: [amr_0] Pruned expired reservations for peers: ['amr_2']
[rh_node-32] [INFO] [1789372191.571682067] [amr_2.rh_node]: [amr_2] Pruned expired reservations for peers: ['amr_0']
[rh_node-31] [INFO] [1789372191.588009313] [amr_1.rh_node]: [amr_1] Pruned expired reservations for peers: ['amr_2', 'amr_0']
[rh_node-34] [INFO] [1789372191.996645478] [amr_4.rh_node]: [amr_4] Pruned expired reservations for peers: ['amr_2', 'amr_0']
[rh_node-33] [INFO] [1789372192.062214991] [amr_3.rh_node]: [amr_3] Pruned expired reservations for peers: ['amr_2', 'amr_0']
[rh_node-32] [INFO] [1789372192.070224674] [amr_2.rh_node]: [amr_2] Pruned expired reservations for peers: ['amr_0']
[rh_node-30] [INFO] [1789372192.070311267] [amr_0.rh_node]: [amr_0] Pruned expired reservations for peers: ['amr_2']
[rh_node-31] [INFO] [1789372192.087715057] [amr_1.rh_node]: [amr_1] Pruned expired reservations for peers: ['amr_2', 'amr_0']
[rh_node-34] [INFO] [1789372192.496455491] [amr_4.rh_node]: [amr_4] Pruned expired reservations for peers: ['amr_2', 'amr_0']
[rh_node-33] [INFO] [1789372192.562348893] [amr_3.rh_node]: [amr_3] Pruned expired reservations for peers: ['amr_2', 'amr_0']
[rh_node-30] [INFO] [1789372192.569491440] [amr_0.rh_node]: [amr_0] Pruned expired reservations for peers: ['amr_2']
[rh_node-32] [INFO] [1789372192.571240065] [amr_2.rh_node]: [amr_2] Pruned expired reservations for peers: ['amr_0']
[rh_node-31] [INFO] [1789372192.587939093] [amr_1.rh_node]: [amr_1] Pruned expired reservations for peers: ['amr_2', 'amr_0']
[rh_node-34] [INFO] [1789372192.996313228] [amr_4.rh_node]: [amr_4] Pruned expired reservations for peers: ['amr_2', 'amr_0']
[rh_node-33] [INFO] [1789372193.063269208] [amr_3.rh_node]: [amr_3] Pruned expired reservations for peers: ['amr_2', 'amr_0']
[rh_node-30] [INFO] [1789372193.070521251] [amr_0.rh_node]: [amr_0] Pruned expired reservations for peers: ['amr_2']
[rh_node-32] [INFO] [1789372193.071287799] [amr_2.rh_node]: [amr_2] Pruned expired reservations for peers: ['amr_0']
[rh_node-31] [INFO] [1789372193.088473849] [amr_1.rh_node]: [amr_1] Pruned expired reservations for peers: ['amr_2', 'amr_0']
[rh_node-34] [INFO] [1789372193.497636029] [amr_4.rh_node]: [amr_4] Pruned expired reservations for peers: ['amr_2', 'amr_0']
[rh_node-33] [INFO] [1789372193.562909594] [amr_3.rh_node]: [amr_3] Pruned expired reservations for peers: ['amr_2', 'amr_0']
[rh_node-30] [INFO] [1789372193.569140394] [amr_0.rh_node]: [amr_0] Pruned expired reservations for peers: ['amr_2']
[rh_node-32] [INFO] [1789372193.570415726] [amr_2.rh_node]: [amr_2] Pruned expired reservations for peers: ['amr_0']
[rh_node-31] [INFO] [1789372193.588942665] [amr_1.rh_node]: [amr_1] Pruned expired reservations for peers: ['amr_2', 'amr_0']
[rh_node-34] [INFO] [1789372193.996461300] [amr_4.rh_node]: [amr_4] Pruned expired reservations for peers: ['amr_2', 'amr_1', 'amr_0']
[rh_node-33] [INFO] [1789372194.063274093] [amr_3.rh_node]: [amr_3] Pruned expired reservations for peers: ['amr_2', 'amr_1', 'amr_0']
[rh_node-30] [INFO] [1789372194.069261715] [amr_0.rh_node]: [amr_0] Pruned expired reservations for peers: ['amr_2', 'amr_1']
[rh_node-32] [INFO] [1789372194.071811649] [amr_2.rh_node]: [amr_2] Pruned expired reservations for peers: ['amr_1', 'amr_0']
[rh_node-31] [INFO] [1789372194.088071053] [amr_1.rh_node]: [amr_1] Pruned expired reservations for peers: ['amr_2', 'amr_0']
[rh_node-34] [INFO] [1789372194.497816077] [amr_4.rh_node]: [amr_4] Pruned expired reservations for peers: ['amr_2', 'amr_1', 'amr_0']
[rh_node-33] [INFO] [1789372194.562406061] [amr_3.rh_node]: [amr_3] Pruned expired reservations for peers: ['amr_2', 'amr_1', 'amr_0']
[rh_node-30] [INFO] [1789372194.570483139] [amr_0.rh_node]: [amr_0] Pruned expired reservations for peers: ['amr_2', 'amr_1']
[rh_node-32] [INFO] [1789372194.570646376] [amr_2.rh_node]: [amr_2] Pruned expired reservations for peers: ['amr_1', 'amr_0']
[rh_node-31] [INFO] [1789372194.587853034] [amr_1.rh_node]: [amr_1] Pruned expired reservations for peers: ['amr_2', 'amr_0']
[rh_node-34] [INFO] [1789372194.996183977] [amr_4.rh_node]: [amr_4] Pruned expired reservations for peers: ['amr_2', 'amr_1', 'amr_0']
[rh_node-33] [INFO] [1789372195.062215894] [amr_3.rh_node]: [amr_3] Pruned expired reservations for peers: ['amr_2', 'amr_1', 'amr_0']
[rh_node-30] [INFO] [1789372195.069179387] [amr_0.rh_node]: [amr_0] Pruned expired reservations for peers: ['amr_2', 'amr_1']
[rh_node-32] [INFO] [1789372195.072239229] [amr_2.rh_node]: [amr_2] Pruned expired reservations for peers: ['amr_1', 'amr_0']
[rh_node-31] [INFO] [1789372195.087684770] [amr_1.rh_node]: [amr_1] Pruned expired reservations for peers: ['amr_2', 'amr_0']
[rh_node-34] [INFO] [1789372195.496408928] [amr_4.rh_node]: [amr_4] Pruned expired reservations for peers: ['amr_2', 'amr_1', 'amr_0']
[rh_node-33] [INFO] [1789372195.561649597] [amr_3.rh_node]: [amr_3] Pruned expired reservations for peers: ['amr_2', 'amr_1', 'amr_0']
[rh_node-30] [INFO] [1789372195.570682365] [amr_0.rh_node]: [amr_0] Pruned expired reservations for peers: ['amr_2', 'amr_1']
[rh_node-32] [INFO] [1789372195.571384629] [amr_2.rh_node]: [amr_2] Pruned expired reservations for peers: ['amr_1', 'amr_0']
[rh_node-31] [INFO] [1789372195.587653640] [amr_1.rh_node]: [amr_1] Pruned expired reservations for peers: ['amr_2', 'amr_0']
[rh_node-34] [INFO] [1789372195.996595635] [amr_4.rh_node]: [amr_4] Pruned expired reservations for peers: ['amr_2', 'amr_1', 'amr_0']
[rh_node-33] [INFO] [1789372196.062537860] [amr_3.rh_node]: [amr_3] Pruned expired reservations for peers: ['amr_2', 'amr_1', 'amr_0']
[rh_node-30] [INFO] [1789372196.069560090] [amr_0.rh_node]: [amr_0] Pruned expired reservations for peers: ['amr_2', 'amr_1']
[rh_node-32] [INFO] [1789372196.070328965] [amr_2.rh_node]: [amr_2] Pruned expired reservations for peers: ['amr_1', 'amr_0']
[rh_node-31] [INFO] [1789372196.087964099] [amr_1.rh_node]: [amr_1] Pruned expired reservations for peers: ['amr_2', 'amr_0']
[rh_node-34] [INFO] [1789372196.497724116] [amr_4.rh_node]: [amr_4] Pruned expired reservations for peers: ['amr_2', 'amr_1', 'amr_0']
[rh_node-33] [INFO] [1789372196.563848431] [amr_3.rh_node]: [amr_3] Pruned expired reservations for peers: ['amr_2', 'amr_1', 'amr_0']
[rh_node-30] [INFO] [1789372196.568967623] [amr_0.rh_node]: [amr_0] Pruned expired reservations for peers: ['amr_2', 'amr_1']
[rh_node-32] [INFO] [1789372196.570528386] [amr_2.rh_node]: [amr_2] Pruned expired reservations for peers: ['amr_1', 'amr_0']
[rh_node-31] [INFO] [1789372196.587630087] [amr_1.rh_node]: [amr_1] Pruned expired reservations for peers: ['amr_2', 'amr_0']
[rh_node-34] [INFO] [1789372196.996849452] [amr_4.rh_node]: [amr_4] Pruned expired reservations for peers: ['amr_2', 'amr_1', 'amr_0']
[rh_node-33] [INFO] [1789372197.062042337] [amr_3.rh_node]: [amr_3] Pruned expired reservations for peers: ['amr_2', 'amr_1', 'amr_0']
[rh_node-30] [INFO] [1789372197.070048701] [amr_0.rh_node]: [amr_0] Pruned expired reservations for peers: ['amr_2', 'amr_1']
[rh_node-32] [INFO] [1789372197.070226350] [amr_2.rh_node]: [amr_2] Pruned expired reservations for peers: ['amr_1', 'amr_0']
[rh_node-31] [INFO] [1789372197.087793175] [amr_1.rh_node]: [amr_1] Pruned expired reservations for peers: ['amr_2', 'amr_0']
[rh_node-34] [INFO] [1789372197.496829595] [amr_4.rh_node]: [amr_4] Pruned expired reservations for peers: ['amr_2', 'amr_1', 'amr_0']
[rh_node-33] [INFO] [1789372197.562565185] [amr_3.rh_node]: [amr_3] Pruned expired reservations for peers: ['amr_2', 'amr_1', 'amr_0']
[rh_node-32] [INFO] [1789372197.570526933] [amr_2.rh_node]: [amr_2] Pruned expired reservations for peers: ['amr_1', 'amr_0']
[rh_node-30] [INFO] [1789372197.570990906] [amr_0.rh_node]: [amr_0] Pruned expired reservations for peers: ['amr_2', 'amr_1']
[rh_node-31] [INFO] [1789372197.587692335] [amr_1.rh_node]: [amr_1] Pruned expired reservations for peers: ['amr_2', 'amr_0']
[rh_node-34] [INFO] [1789372197.996192192] [amr_4.rh_node]: [amr_4] Pruned expired reservations for peers: ['amr_2', 'amr_1', 'amr_0']
[rh_node-33] [INFO] [1789372198.062007364] [amr_3.rh_node]: [amr_3] Pruned expired reservations for peers: ['amr_2', 'amr_1', 'amr_0']
[rh_node-30] [INFO] [1789372198.069723194] [amr_0.rh_node]: [amr_0] Pruned expired reservations for peers: ['amr_2', 'amr_1']
[rh_node-32] [INFO] [1789372198.070455274] [amr_2.rh_node]: [amr_2] Pruned expired reservations for peers: ['amr_1', 'amr_0']
[rh_node-31] [INFO] [1789372198.088168463] [amr_1.rh_node]: [amr_1] Pruned expired reservations for peers: ['amr_2', 'amr_0']
[rh_node-34] [INFO] [1789372198.496340914] [amr_4.rh_node]: [amr_4] Pruned expired reservations for peers: ['amr_2', 'amr_1', 'amr_0']
[rh_node-33] [INFO] [1789372198.562935899] [amr_3.rh_node]: [amr_3] Pruned expired reservations for peers: ['amr_2', 'amr_1', 'amr_0']
[rh_node-30] [INFO] [1789372198.569274960] [amr_0.rh_node]: [amr_0] Pruned expired reservations for peers: ['amr_2', 'amr_1']
[rh_node-32] [INFO] [1789372198.571287829] [amr_2.rh_node]: [amr_2] Pruned expired reservations for peers: ['amr_1', 'amr_0']
[rh_node-31] [INFO] [1789372198.587655070] [amr_1.rh_node]: [amr_1] Pruned expired reservations for peers: ['amr_2', 'amr_0']
[rh_node-34] [INFO] [1789372198.996645893] [amr_4.rh_node]: [amr_4] Pruned expired reservations for peers: ['amr_2', 'amr_1', 'amr_0']
[rh_node-33] [INFO] [1789372199.062533397] [amr_3.rh_node]: [amr_3] Pruned expired reservations for peers: ['amr_2', 'amr_1', 'amr_0']
[rh_node-30] [INFO] [1789372199.069691167] [amr_0.rh_node]: [amr_0] Pruned expired reservations for peers: ['amr_2', 'amr_1']
[rh_node-32] [INFO] [1789372199.070986450] [amr_2.rh_node]: [amr_2] Pruned expired reservations for peers: ['amr_1', 'amr_0']
[rh_node-31] [INFO] [1789372199.087609153] [amr_1.rh_node]: [amr_1] Pruned expired reservations for peers: ['amr_2', 'amr_0']
[rh_node-34] [INFO] [1789372199.496440597] [amr_4.rh_node]: [amr_4] Pruned expired reservations for peers: ['amr_2', 'amr_1', 'amr_0']
[rh_node-33] [INFO] [1789372199.562855438] [amr_3.rh_node]: [amr_3] Pruned expired reservations for peers: ['amr_2', 'amr_1', 'amr_0']
[rh_node-30] [INFO] [1789372199.570439094] [amr_0.rh_node]: [amr_0] Pruned expired reservations for peers: ['amr_2', 'amr_1']
[rh_node-32] [INFO] [1789372199.572304091] [amr_2.rh_node]: [amr_2] Pruned expired reservations for peers: ['amr_1', 'amr_0']
[rh_node-31] [INFO] [1789372199.587946214] [amr_1.rh_node]: [amr_1] Pruned expired reservations for peers: ['amr_2', 'amr_0']
[rh_node-34] [INFO] [1789372199.999371392] [amr_4.rh_node]: [amr_4] Pruned expired reservations for peers: ['amr_2', 'amr_1', 'amr_0']
[rh_node-33] [INFO] [1789372200.061930176] [amr_3.rh_node]: [amr_3] Pruned expired reservations for peers: ['amr_2', 'amr_1', 'amr_0']
[rh_node-30] [INFO] [1789372200.069548360] [amr_0.rh_node]: [amr_0] Pruned expired reservations for peers: ['amr_2', 'amr_1']
[rh_node-32] [INFO] [1789372200.070584479] [amr_2.rh_node]: [amr_2] Pruned expired reservations for peers: ['amr_1', 'amr_0']
[rh_node-31] [INFO] [1789372200.088265560] [amr_1.rh_node]: [amr_1] Pruned expired reservations for peers: ['amr_2', 'amr_0']
[rh_node-34] [INFO] [1789372200.497739220] [amr_4.rh_node]: [amr_4] Pruned expired reservations for peers: ['amr_2', 'amr_1', 'amr_0']
[rh_node-33] [INFO] [1789372200.562731309] [amr_3.rh_node]: [amr_3] Pruned expired reservations for peers: ['amr_2', 'amr_1', 'amr_0']
[rh_node-30] [INFO] [1789372200.570347938] [amr_0.rh_node]: [amr_0] Pruned expired reservations for peers: ['amr_2', 'amr_1']
[rh_node-32] [INFO] [1789372200.570759755] [amr_2.rh_node]: [amr_2] Pruned expired reservations for peers: ['amr_1', 'amr_0']
[rh_node-31] [INFO] [1789372200.587515108] [amr_1.rh_node]: [amr_1] Pruned expired reservations for peers: ['amr_2', 'amr_0']
[rh_node-34] [INFO] [1789372200.996982072] [amr_4.rh_node]: [amr_4] Pruned expired reservations for peers: ['amr_2', 'amr_1', 'amr_0']
[rh_node-33] [INFO] [1789372201.062598563] [amr_3.rh_node]: [amr_3] Pruned expired reservations for peers: ['amr_2', 'amr_1', 'amr_0']
[rh_node-30] [INFO] [1789372201.069142764] [amr_0.rh_node]: [amr_0] Pruned expired reservations for peers: ['amr_2', 'amr_1']
[rh_node-32] [INFO] [1789372201.070942022] [amr_2.rh_node]: [amr_2] Pruned expired reservations for peers: ['amr_1', 'amr_0']
[rh_node-31] [INFO] [1789372201.088096133] [amr_1.rh_node]: [amr_1] Pruned expired reservations for peers: ['amr_2', 'amr_0']
[rh_node-34] [INFO] [1789372201.496380386] [amr_4.rh_node]: [amr_4] Pruned expired reservations for peers: ['amr_2', 'amr_1', 'amr_0']
[rh_node-33] [INFO] [1789372201.561861669] [amr_3.rh_node]: [amr_3] Pruned expired reservations for peers: ['amr_2', 'amr_1', 'amr_0']
[rh_node-30] [INFO] [1789372201.569997748] [amr_0.rh_node]: [amr_0] Pruned expired reservations for peers: ['amr_2', 'amr_1']
[rh_node-32] [INFO] [1789372201.571320134] [amr_2.rh_node]: [amr_2] Pruned expired reservations for peers: ['amr_1', 'amr_0']
[rh_node-31] [INFO] [1789372201.588156793] [amr_1.rh_node]: [amr_1] Pruned expired reservations for peers: ['amr_2', 'amr_0']
[rh_node-34] [INFO] [1789372201.997253930] [amr_4.rh_node]: [amr_4] Pruned expired reservations for peers: ['amr_2', 'amr_1', 'amr_0']
[rh_node-33] [INFO] [1789372202.063662879] [amr_3.rh_node]: [amr_3] Pruned expired reservations for peers: ['amr_2', 'amr_1', 'amr_0']
[rh_node-30] [INFO] [1789372202.069281811] [amr_0.rh_node]: [amr_0] Pruned expired reservations for peers: ['amr_2', 'amr_1']
[rh_node-32] [INFO] [1789372202.071594863] [amr_2.rh_node]: [amr_2] Pruned expired reservations for peers: ['amr_1', 'amr_0']
[rh_node-31] [INFO] [1789372202.087799251] [amr_1.rh_node]: [amr_1] Pruned expired reservations for peers: ['amr_2', 'amr_0']
[rh_node-34] [INFO] [1789372202.496314845] [amr_4.rh_node]: [amr_4] Pruned expired reservations for peers: ['amr_2', 'amr_1', 'amr_0']
[rh_node-33] [INFO] [1789372202.563261137] [amr_3.rh_node]: [amr_3] Pruned expired reservations for peers: ['amr_2', 'amr_1', 'amr_0']
[rh_node-30] [INFO] [1789372202.569907116] [amr_0.rh_node]: [amr_0] Pruned expired reservations for peers: ['amr_2', 'amr_1']
[rh_node-32] [INFO] [1789372202.570077931] [amr_2.rh_node]: [amr_2] Pruned expired reservations for peers: ['amr_1', 'amr_0']
[rh_node-31] [INFO] [1789372202.588105398] [amr_1.rh_node]: [amr_1] Pruned expired reservations for peers: ['amr_2', 'amr_0']
[rh_node-34] [INFO] [1789372202.997178476] [amr_4.rh_node]: [amr_4] Pruned expired reservations for peers: ['amr_2', 'amr_1', 'amr_0']
[rh_node-33] [INFO] [1789372203.063113587] [amr_3.rh_node]: [amr_3] Pruned expired reservations for peers: ['amr_2', 'amr_1', 'amr_0']
[rh_node-30] [INFO] [1789372203.069250198] [amr_0.rh_node]: [amr_0] Pruned expired reservations for peers: ['amr_2', 'amr_1']
[rh_node-32] [INFO] [1789372203.072075505] [amr_2.rh_node]: [amr_2] Pruned expired reservations for peers: ['amr_1', 'amr_0']
[rh_node-31] [INFO] [1789372203.088056040] [amr_1.rh_node]: [amr_1] Pruned expired reservations for peers: ['amr_2', 'amr_0']
[rh_node-34] [INFO] [1789372203.498144951] [amr_4.rh_node]: [amr_4] Pruned expired reservations for peers: ['amr_2', 'amr_1', 'amr_0']
[rh_node-33] [INFO] [1789372203.561640485] [amr_3.rh_node]: [amr_3] Pruned expired reservations for peers: ['amr_2', 'amr_1', 'amr_0']
[rh_node-30] [INFO] [1789372203.569631855] [amr_0.rh_node]: [amr_0] Pruned expired reservations for peers: ['amr_2', 'amr_1']
[rh_node-32] [INFO] [1789372203.572050736] [amr_2.rh_node]: [amr_2] Pruned expired reservations for peers: ['amr_1', 'amr_0']
[rh_node-31] [INFO] [1789372203.587763485] [amr_1.rh_node]: [amr_1] Pruned expired reservations for peers: ['amr_2', 'amr_0']
[rh_node-34] [INFO] [1789372203.996181341] [amr_4.rh_node]: [amr_4] Pruned expired reservations for peers: ['amr_2', 'amr_1', 'amr_0']
[rh_node-33] [INFO] [1789372204.062023289] [amr_3.rh_node]: [amr_3] Pruned expired reservations for peers: ['amr_2', 'amr_1', 'amr_0']
[rh_node-30] [INFO] [1789372204.069267660] [amr_0.rh_node]: [amr_0] Pruned expired reservations for peers: ['amr_2', 'amr_1']
[rh_node-32] [INFO] [1789372204.071823966] [amr_2.rh_node]: [amr_2] Pruned expired reservations for peers: ['amr_1', 'amr_0']
[rh_node-31] [INFO] [1789372204.088229948] [amr_1.rh_node]: [amr_1] Pruned expired reservations for peers: ['amr_2', 'amr_0']
[rh_node-34] [INFO] [1789372204.496518504] [amr_4.rh_node]: [amr_4] Pruned expired reservations for peers: ['amr_2', 'amr_1', 'amr_0']
[rh_node-33] [INFO] [1789372204.562238731] [amr_3.rh_node]: [amr_3] Pruned expired reservations for peers: ['amr_2', 'amr_1', 'amr_0']
[rh_node-30] [INFO] [1789372204.569261019] [amr_0.rh_node]: [amr_0] Pruned expired reservations for peers: ['amr_2', 'amr_1']
[rh_node-32] [INFO] [1789372204.570519009] [amr_2.rh_node]: [amr_2] Pruned expired reservations for peers: ['amr_1', 'amr_0']
[rh_node-31] [INFO] [1789372204.587605786] [amr_1.rh_node]: [amr_1] Pruned expired reservations for peers: ['amr_2', 'amr_0']
[rh_node-34] [INFO] [1789372204.996303539] [amr_4.rh_node]: [amr_4] Pruned expired reservations for peers: ['amr_2', 'amr_1', 'amr_0']
[rh_node-33] [INFO] [1789372205.061763839] [amr_3.rh_node]: [amr_3] Pruned expired reservations for peers: ['amr_2', 'amr_1', 'amr_0']
[rh_node-30] [INFO] [1789372205.069632202] [amr_0.rh_node]: [amr_0] Pruned expired reservations for peers: ['amr_2', 'amr_1']
[rh_node-32] [INFO] [1789372205.070505398] [amr_2.rh_node]: [amr_2] Pruned expired reservations for peers: ['amr_1', 'amr_0']
[rh_node-31] [INFO] [1789372205.088147217] [amr_1.rh_node]: [amr_1] Pruned expired reservations for peers: ['amr_2', 'amr_0']
[rh_node-34] [INFO] [1789372205.496759191] [amr_4.rh_node]: [amr_4] Pruned expired reservations for peers: ['amr_2', 'amr_1', 'amr_0']
[rh_node-33] [INFO] [1789372205.561750827] [amr_3.rh_node]: [amr_3] Pruned expired reservations for peers: ['amr_2', 'amr_1', 'amr_0']
[rh_node-30] [INFO] [1789372205.569177370] [amr_0.rh_node]: [amr_0] Pruned expired reservations for peers: ['amr_2', 'amr_1']
[rh_node-32] [INFO] [1789372205.570237424] [amr_2.rh_node]: [amr_2] Pruned expired reservations for peers: ['amr_1', 'amr_0']
[rh_node-31] [INFO] [1789372205.587892258] [amr_1.rh_node]: [amr_1] Pruned expired reservations for peers: ['amr_2', 'amr_0']
[rh_node-34] [INFO] [1789372205.996843335] [amr_4.rh_node]: [amr_4] Pruned expired reservations for peers: ['amr_2', 'amr_1', 'amr_0']
[rh_node-33] [INFO] [1789372206.062570502] [amr_3.rh_node]: [amr_3] Pruned expired reservations for peers: ['amr_2', 'amr_1', 'amr_0']
[rh_node-32] [INFO] [1789372206.070086745] [amr_2.rh_node]: [amr_2] Pruned expired reservations for peers: ['amr_1', 'amr_0']
[rh_node-30] [INFO] [1789372206.071755517] [amr_0.rh_node]: [amr_0] Pruned expired reservations for peers: ['amr_2', 'amr_1']
[rh_node-31] [INFO] [1789372206.087992272] [amr_1.rh_node]: [amr_1] Pruned expired reservations for peers: ['amr_2', 'amr_0']
[rh_node-34] [INFO] [1789372206.497115798] [amr_4.rh_node]: [amr_4] Pruned expired reservations for peers: ['amr_2', 'amr_1', 'amr_0']
[rh_node-33] [INFO] [1789372206.561703403] [amr_3.rh_node]: [amr_3] Pruned expired reservations for peers: ['amr_2', 'amr_1', 'amr_0']
[rh_node-30] [INFO] [1789372206.569342195] [amr_0.rh_node]: [amr_0] Pruned expired reservations for peers: ['amr_2', 'amr_1']
[rh_node-32] [INFO] [1789372206.571268402] [amr_2.rh_node]: [amr_2] Pruned expired reservations for peers: ['amr_1', 'amr_0']
[rh_node-31] [INFO] [1789372206.589574902] [amr_1.rh_node]: [amr_1] Pruned expired reservations for peers: ['amr_2', 'amr_0']
[rh_node-34] [INFO] [1789372206.996887414] [amr_4.rh_node]: [amr_4] Pruned expired reservations for peers: ['amr_2', 'amr_1', 'amr_0']
[rh_node-33] [INFO] [1789372207.062634334] [amr_3.rh_node]: [amr_3] Pruned expired reservations for peers: ['amr_2', 'amr_1', 'amr_0']
[rh_node-30] [INFO] [1789372207.069544218] [amr_0.rh_node]: [amr_0] Pruned expired reservations for peers: ['amr_2', 'amr_1']
[rh_node-32] [INFO] [1789372207.070304992] [amr_2.rh_node]: [amr_2] Pruned expired reservations for peers: ['amr_1', 'amr_0']
[rh_node-31] [INFO] [1789372207.087720699] [amr_1.rh_node]: [amr_1] Pruned expired reservations for peers: ['amr_2', 'amr_0']
[rh_node-34] [INFO] [1789372207.496456540] [amr_4.rh_node]: [amr_4] Pruned expired reservations for peers: ['amr_2', 'amr_1', 'amr_0']
[rh_node-33] [INFO] [1789372207.562009537] [amr_3.rh_node]: [amr_3] Pruned expired reservations for peers: ['amr_2', 'amr_1', 'amr_0']
[rh_node-32] [INFO] [1789372207.570067213] [amr_2.rh_node]: [amr_2] Pruned expired reservations for peers: ['amr_1', 'amr_0']
[rh_node-30] [INFO] [1789372207.570306710] [amr_0.rh_node]: [amr_0] Pruned expired reservations for peers: ['amr_2', 'amr_1']
[rh_node-31] [INFO] [1789372207.587750246] [amr_1.rh_node]: [amr_1] Pruned expired reservations for peers: ['amr_2', 'amr_0']
[rh_node-34] [INFO] [1789372207.997850683] [amr_4.rh_node]: [amr_4] Pruned expired reservations for peers: ['amr_2', 'amr_1', 'amr_0']
[rh_node-33] [INFO] [1789372208.062298746] [amr_3.rh_node]: [amr_3] Pruned expired reservations for peers: ['amr_2', 'amr_1', 'amr_0']
[rh_node-30] [INFO] [1789372208.070839043] [amr_0.rh_node]: [amr_0] Pruned expired reservations for peers: ['amr_2', 'amr_1']
[rh_node-32] [INFO] [1789372208.071131449] [amr_2.rh_node]: [amr_2] Pruned expired reservations for peers: ['amr_1', 'amr_0']
[rh_node-31] [INFO] [1789372208.087702204] [amr_1.rh_node]: [amr_1] Pruned expired reservations for peers: ['amr_2', 'amr_0']
[rh_node-34] [INFO] [1789372208.496282678] [amr_4.rh_node]: [amr_4] Pruned expired reservations for peers: ['amr_2', 'amr_1', 'amr_0']
[rh_node-33] [INFO] [1789372208.562682975] [amr_3.rh_node]: [amr_3] Pruned expired reservations for peers: ['amr_2', 'amr_1', 'amr_0']
[rh_node-32] [INFO] [1789372208.570068390] [amr_2.rh_node]: [amr_2] Pruned expired reservations for peers: ['amr_1', 'amr_0']
[rh_node-30] [INFO] [1789372208.571687433] [amr_0.rh_node]: [amr_0] Pruned expired reservations for peers: ['amr_2', 'amr_1']
[rh_node-31] [INFO] [1789372208.589407291] [amr_1.rh_node]: [amr_1] Pruned expired reservations for peers: ['amr_2', 'amr_0']
[rh_node-34] [INFO] [1789372208.996851594] [amr_4.rh_node]: [amr_4] Pruned expired reservations for peers: ['amr_2', 'amr_1', 'amr_0']
[rh_node-33] [INFO] [1789372209.063904859] [amr_3.rh_node]: [amr_3] Pruned expired reservations for peers: ['amr_2', 'amr_1', 'amr_0']
[rh_node-30] [INFO] [1789372209.069202729] [amr_0.rh_node]: [amr_0] Pruned expired reservations for peers: ['amr_2', 'amr_1']
[rh_node-32] [INFO] [1789372209.070683122] [amr_2.rh_node]: [amr_2] Pruned expired reservations for peers: ['amr_1', 'amr_0']
[rh_node-31] [INFO] [1789372209.088077452] [amr_1.rh_node]: [amr_1] Pruned expired reservations for peers: ['amr_2', 'amr_0']
[rh_node-34] [INFO] [1789372209.496284829] [amr_4.rh_node]: [amr_4] Pruned expired reservations for peers: ['amr_2', 'amr_1', 'amr_0']
[rh_node-33] [INFO] [1789372209.562193804] [amr_3.rh_node]: [amr_3] Pruned expired reservations for peers: ['amr_2', 'amr_1', 'amr_0']
[rh_node-30] [INFO] [1789372209.569723373] [amr_0.rh_node]: [amr_0] Pruned expired reservations for peers: ['amr_2', 'amr_1']
[rh_node-32] [INFO] [1789372209.570787930] [amr_2.rh_node]: [amr_2] Pruned expired reservations for peers: ['amr_1', 'amr_0']
[rh_node-31] [INFO] [1789372209.587681225] [amr_1.rh_node]: [amr_1] Pruned expired reservations for peers: ['amr_2', 'amr_0']
[rh_node-34] [INFO] [1789372209.997291953] [amr_4.rh_node]: [amr_4] Pruned expired reservations for peers: ['amr_2', 'amr_1', 'amr_0']
[rh_node-33] [INFO] [1789372210.062467561] [amr_3.rh_node]: [amr_3] Pruned expired reservations for peers: ['amr_2', 'amr_1', 'amr_0']
[rh_node-30] [INFO] [1789372210.069579298] [amr_0.rh_node]: [amr_0] Pruned expired reservations for peers: ['amr_2', 'amr_1']
[rh_node-32] [INFO] [1789372210.070135096] [amr_2.rh_node]: [amr_2] Pruned expired reservations for peers: ['amr_1', 'amr_0']
[rh_node-31] [INFO] [1789372210.087739183] [amr_1.rh_node]: [amr_1] Pruned expired reservations for peers: ['amr_2', 'amr_0']
[rh_node-34] [INFO] [1789372210.497217430] [amr_4.rh_node]: [amr_4] Pruned expired reservations for peers: ['amr_2', 'amr_1', 'amr_0']
[rh_node-33] [INFO] [1789372210.561499933] [amr_3.rh_node]: [amr_3] Pruned expired reservations for peers: ['amr_2', 'amr_1', 'amr_0']
[rh_node-30] [INFO] [1789372210.569064015] [amr_0.rh_node]: [amr_0] Pruned expired reservations for peers: ['amr_2', 'amr_1']
[rh_node-32] [INFO] [1789372210.570679750] [amr_2.rh_node]: [amr_2] Pruned expired reservations for peers: ['amr_1', 'amr_0']
[rh_node-31] [INFO] [1789372210.587739068] [amr_1.rh_node]: [amr_1] Pruned expired reservations for peers: ['amr_2', 'amr_0']
[rh_node-34] [INFO] [1789372210.997512723] [amr_4.rh_node]: [amr_4] Pruned expired reservations for peers: ['amr_2', 'amr_1', 'amr_0']
[rh_node-33] [INFO] [1789372211.062428056] [amr_3.rh_node]: [amr_3] Pruned expired reservations for peers: ['amr_2', 'amr_1', 'amr_0']
[rh_node-30] [INFO] [1789372211.070323504] [amr_0.rh_node]: [amr_0] Pruned expired reservations for peers: ['amr_2', 'amr_1']
[rh_node-32] [INFO] [1789372211.070607139] [amr_2.rh_node]: [amr_2] Pruned expired reservations for peers: ['amr_1', 'amr_0']
[rh_node-31] [INFO] [1789372211.087623697] [amr_1.rh_node]: [amr_1] Pruned expired reservations for peers: ['amr_2', 'amr_0']
[rh_node-34] [INFO] [1789372211.499086338] [amr_4.rh_node]: [amr_4] Pruned expired reservations for peers: ['amr_2', 'amr_1', 'amr_0']
[rh_node-33] [INFO] [1789372211.561722791] [amr_3.rh_node]: [amr_3] Pruned expired reservations for peers: ['amr_2', 'amr_1', 'amr_0']
[rh_node-30] [INFO] [1789372211.571058021] [amr_0.rh_node]: [amr_0] Pruned expired reservations for peers: ['amr_2', 'amr_1']
[rh_node-32] [INFO] [1789372211.573791130] [amr_2.rh_node]: [amr_2] Pruned expired reservations for peers: ['amr_1', 'amr_0']
[rh_node-31] [INFO] [1789372211.588879154] [amr_1.rh_node]: [amr_1] Pruned expired reservations for peers: ['amr_2', 'amr_0']
[rh_node-34] [INFO] [1789372211.997908564] [amr_4.rh_node]: [amr_4] Pruned expired reservations for peers: ['amr_2', 'amr_1', 'amr_0']
[rh_node-33] [INFO] [1789372212.063725492] [amr_3.rh_node]: [amr_3] Pruned expired reservations for peers: ['amr_2', 'amr_1', 'amr_0']
[rh_node-30] [INFO] [1789372212.069720069] [amr_0.rh_node]: [amr_0] Pruned expired reservations for peers: ['amr_2', 'amr_1']
[rh_node-32] [INFO] [1789372212.072448934] [amr_2.rh_node]: [amr_2] Pruned expired reservations for peers: ['amr_1', 'amr_0']
[rh_node-31] [INFO] [1789372212.087675124] [amr_1.rh_node]: [amr_1] Pruned expired reservations for peers: ['amr_2', 'amr_0']
[rh_node-34] [INFO] [1789372212.497063774] [amr_4.rh_node]: [amr_4] Pruned expired reservations for peers: ['amr_2', 'amr_1', 'amr_0']
[rh_node-33] [INFO] [1789372212.562559080] [amr_3.rh_node]: [amr_3] Pruned expired reservations for peers: ['amr_2', 'amr_1', 'amr_0']
[rh_node-30] [INFO] [1789372212.569639479] [amr_0.rh_node]: [amr_0] Pruned expired reservations for peers: ['amr_2', 'amr_1']
[rh_node-32] [INFO] [1789372212.571747606] [amr_2.rh_node]: [amr_2] Pruned expired reservations for peers: ['amr_1', 'amr_0']
[rh_node-31] [INFO] [1789372212.588074222] [amr_1.rh_node]: [amr_1] Pruned expired reservations for peers: ['amr_2', 'amr_0']
[rh_node-34] [INFO] [1789372212.996155823] [amr_4.rh_node]: [amr_4] Pruned expired reservations for peers: ['amr_2', 'amr_1', 'amr_0']
[rh_node-33] [INFO] [1789372213.062366356] [amr_3.rh_node]: [amr_3] Pruned expired reservations for peers: ['amr_2', 'amr_1', 'amr_0']
[rh_node-30] [INFO] [1789372213.069404594] [amr_0.rh_node]: [amr_0] Pruned expired reservations for peers: ['amr_2', 'amr_1']
[rh_node-32] [INFO] [1789372213.071114210] [amr_2.rh_node]: [amr_2] Pruned expired reservations for peers: ['amr_1', 'amr_0']
[rh_node-31] [INFO] [1789372213.088099080] [amr_1.rh_node]: [amr_1] Pruned expired reservations for peers: ['amr_2', 'amr_0']
[rh_node-34] [INFO] [1789372213.496584398] [amr_4.rh_node]: [amr_4] Pruned expired reservations for peers: ['amr_2', 'amr_1', 'amr_0']
[rh_node-33] [INFO] [1789372213.562058848] [amr_3.rh_node]: [amr_3] Pruned expired reservations for peers: ['amr_2', 'amr_1', 'amr_0']
[rh_node-30] [INFO] [1789372213.569007219] [amr_0.rh_node]: [amr_0] Pruned expired reservations for peers: ['amr_2', 'amr_1']
[rh_node-32] [INFO] [1789372213.570491223] [amr_2.rh_node]: [amr_2] Pruned expired reservations for peers: ['amr_1', 'amr_0']
[rh_node-31] [INFO] [1789372213.587688351] [amr_1.rh_node]: [amr_1] Pruned expired reservations for peers: ['amr_2', 'amr_0']
[rh_node-34] [INFO] [1789372213.997760073] [amr_4.rh_node]: [amr_4] Pruned expired reservations for peers: ['amr_2', 'amr_1', 'amr_0']
[rh_node-33] [INFO] [1789372214.063073899] [amr_3.rh_node]: [amr_3] Pruned expired reservations for peers: ['amr_2', 'amr_1', 'amr_0']
[rh_node-30] [INFO] [1789372214.069520971] [amr_0.rh_node]: [amr_0] Pruned expired reservations for peers: ['amr_2', 'amr_1']
[rh_node-32] [INFO] [1789372214.070925136] [amr_2.rh_node]: [amr_2] Pruned expired reservations for peers: ['amr_1', 'amr_0']
[rh_node-31] [INFO] [1789372214.087673852] [amr_1.rh_node]: [amr_1] Pruned expired reservations for peers: ['amr_2', 'amr_0']
[rh_node-34] [INFO] [1789372214.496691081] [amr_4.rh_node]: [amr_4] Pruned expired reservations for peers: ['amr_2', 'amr_1', 'amr_0']
[rh_node-33] [INFO] [1789372214.563039069] [amr_3.rh_node]: [amr_3] Pruned expired reservations for peers: ['amr_2', 'amr_1', 'amr_0']
[rh_node-30] [INFO] [1789372214.569418810] [amr_0.rh_node]: [amr_0] Pruned expired reservations for peers: ['amr_2', 'amr_1']
[rh_node-32] [INFO] [1789372214.571140348] [amr_2.rh_node]: [amr_2] Pruned expired reservations for peers: ['amr_1', 'amr_0']
[rh_node-31] [INFO] [1789372214.587652850] [amr_1.rh_node]: [amr_1] Pruned expired reservations for peers: ['amr_2', 'amr_0']
[rh_node-34] [INFO] [1789372214.996178767] [amr_4.rh_node]: [amr_4] Pruned expired reservations for peers: ['amr_2', 'amr_1', 'amr_0']
[rh_node-33] [INFO] [1789372215.061814150] [amr_3.rh_node]: [amr_3] Pruned expired reservations for peers: ['amr_2', 'amr_1', 'amr_0']
[rh_node-30] [INFO] [1789372215.069009745] [amr_0.rh_node]: [amr_0] Pruned expired reservations for peers: ['amr_2', 'amr_1']
[rh_node-32] [INFO] [1789372215.070367983] [amr_2.rh_node]: [amr_2] Pruned expired reservations for peers: ['amr_1', 'amr_0']
[rh_node-31] [INFO] [1789372215.087863198] [amr_1.rh_node]: [amr_1] Pruned expired reservations for peers: ['amr_2', 'amr_0']
[rh_node-34] [INFO] [1789372215.496404882] [amr_4.rh_node]: [amr_4] Pruned expired reservations for peers: ['amr_2', 'amr_1', 'amr_0']
[rh_node-33] [INFO] [1789372215.563279887] [amr_3.rh_node]: [amr_3] Pruned expired reservations for peers: ['amr_2', 'amr_1', 'amr_0']
[rh_node-30] [INFO] [1789372215.569368865] [amr_0.rh_node]: [amr_0] Pruned expired reservations for peers: ['amr_2', 'amr_1']
[rh_node-32] [INFO] [1789372215.571933568] [amr_2.rh_node]: [amr_2] Pruned expired reservations for peers: ['amr_1', 'amr_0']
[rh_node-31] [INFO] [1789372215.587604527] [amr_1.rh_node]: [amr_1] Pruned expired reservations for peers: ['amr_2', 'amr_0']
[rh_node-34] [INFO] [1789372215.998412508] [amr_4.rh_node]: [amr_4] Pruned expired reservations for peers: ['amr_2', 'amr_1', 'amr_0']
[rh_node-33] [INFO] [1789372216.062306901] [amr_3.rh_node]: [amr_3] Pruned expired reservations for peers: ['amr_2', 'amr_1', 'amr_0']
[rh_node-30] [INFO] [1789372216.068943536] [amr_0.rh_node]: [amr_0] Pruned expired reservations for peers: ['amr_2', 'amr_1']
[rh_node-32] [INFO] [1789372216.071103432] [amr_2.rh_node]: [amr_2] Pruned expired reservations for peers: ['amr_1', 'amr_0']
[rh_node-31] [INFO] [1789372216.088423701] [amr_1.rh_node]: [amr_1] Pruned expired reservations for peers: ['amr_2', 'amr_0']
[rh_node-34] [INFO] [1789372216.496683175] [amr_4.rh_node]: [amr_4] Pruned expired reservations for peers: ['amr_2', 'amr_1', 'amr_0']
[rh_node-33] [INFO] [1789372216.561445066] [amr_3.rh_node]: [amr_3] Pruned expired reservations for peers: ['amr_2', 'amr_1', 'amr_0']
[rh_node-30] [INFO] [1789372216.569570737] [amr_0.rh_node]: [amr_0] Pruned expired reservations for peers: ['amr_2', 'amr_1']
[rh_node-32] [INFO] [1789372216.570740402] [amr_2.rh_node]: [amr_2] Pruned expired reservations for peers: ['amr_1', 'amr_0']
[rh_node-31] [INFO] [1789372216.588756057] [amr_1.rh_node]: [amr_1] Pruned expired reservations for peers: ['amr_2', 'amr_0']
[rh_node-34] [INFO] [1789372216.996619892] [amr_4.rh_node]: [amr_4] Pruned expired reservations for peers: ['amr_2', 'amr_1', 'amr_0']
[rh_node-33] [INFO] [1789372217.062289432] [amr_3.rh_node]: [amr_3] Pruned expired reservations for peers: ['amr_2', 'amr_1', 'amr_0']
[rh_node-32] [INFO] [1789372217.070138445] [amr_2.rh_node]: [amr_2] Pruned expired reservations for peers: ['amr_1', 'amr_0']
[rh_node-30] [INFO] [1789372217.070845089] [amr_0.rh_node]: [amr_0] Pruned expired reservations for peers: ['amr_2', 'amr_1']
[rh_node-31] [INFO] [1789372217.088074416] [amr_1.rh_node]: [amr_1] Pruned expired reservations for peers: ['amr_2', 'amr_0']
[rh_node-34] [INFO] [1789372217.496690938] [amr_4.rh_node]: [amr_4] Pruned expired reservations for peers: ['amr_2', 'amr_1', 'amr_0']
[rh_node-33] [INFO] [1789372217.561538169] [amr_3.rh_node]: [amr_3] Pruned expired reservations for peers: ['amr_2', 'amr_1', 'amr_0']
[rh_node-30] [INFO] [1789372217.569701621] [amr_0.rh_node]: [amr_0] Pruned expired reservations for peers: ['amr_2', 'amr_1']
[rh_node-32] [INFO] [1789372217.571611179] [amr_2.rh_node]: [amr_2] Pruned expired reservations for peers: ['amr_1', 'amr_0']
[rh_node-31] [INFO] [1789372217.587728553] [amr_1.rh_node]: [amr_1] Pruned expired reservations for peers: ['amr_2', 'amr_0']
[rh_node-34] [INFO] [1789372217.997074397] [amr_4.rh_node]: [amr_4] Pruned expired reservations for peers: ['amr_2', 'amr_1', 'amr_0']
[rh_node-33] [INFO] [1789372218.063995652] [amr_3.rh_node]: [amr_3] Pruned expired reservations for peers: ['amr_2', 'amr_1', 'amr_0']
[rh_node-32] [INFO] [1789372218.070736129] [amr_2.rh_node]: [amr_2] Pruned expired reservations for peers: ['amr_1', 'amr_0']
[rh_node-30] [INFO] [1789372218.071061747] [amr_0.rh_node]: [amr_0] Pruned expired reservations for peers: ['amr_2', 'amr_1']
[rh_node-31] [INFO] [1789372218.088277245] [amr_1.rh_node]: [amr_1] Pruned expired reservations for peers: ['amr_2', 'amr_0']
[rh_node-34] [INFO] [1789372218.496319392] [amr_4.rh_node]: [amr_4] Pruned expired reservations for peers: ['amr_2', 'amr_1', 'amr_0']
[rh_node-33] [INFO] [1789372218.562185858] [amr_3.rh_node]: [amr_3] Pruned expired reservations for peers: ['amr_2', 'amr_1', 'amr_0']
[rh_node-30] [INFO] [1789372218.569056093] [amr_0.rh_node]: [amr_0] Pruned expired reservations for peers: ['amr_2', 'amr_1']
[rh_node-32] [INFO] [1789372218.570387091] [amr_2.rh_node]: [amr_2] Pruned expired reservations for peers: ['amr_1', 'amr_0']
[rh_node-31] [INFO] [1789372218.587560206] [amr_1.rh_node]: [amr_1] Pruned expired reservations for peers: ['amr_2', 'amr_0']
[rh_node-34] [INFO] [1789372218.996463170] [amr_4.rh_node]: [amr_4] Pruned expired reservations for peers: ['amr_2', 'amr_1', 'amr_0']
[rh_node-33] [INFO] [1789372219.062912172] [amr_3.rh_node]: [amr_3] Pruned expired reservations for peers: ['amr_2', 'amr_1', 'amr_0']
[rh_node-30] [INFO] [1789372219.069465045] [amr_0.rh_node]: [amr_0] Pruned expired reservations for peers: ['amr_2', 'amr_1']
[rh_node-32] [INFO] [1789372219.070666291] [amr_2.rh_node]: [amr_2] Pruned expired reservations for peers: ['amr_1', 'amr_0']
[rh_node-31] [INFO] [1789372219.087718065] [amr_1.rh_node]: [amr_1] Pruned expired reservations for peers: ['amr_2', 'amr_0']
[rh_node-34] [INFO] [1789372219.497366581] [amr_4.rh_node]: [amr_4] Pruned expired reservations for peers: ['amr_2', 'amr_1', 'amr_0']
[rh_node-33] [INFO] [1789372219.562876594] [amr_3.rh_node]: [amr_3] Pruned expired reservations for peers: ['amr_2', 'amr_1', 'amr_0']
[rh_node-32] [INFO] [1789372219.570400669] [amr_2.rh_node]: [amr_2] Pruned expired reservations for peers: ['amr_1', 'amr_0']
[rh_node-30] [INFO] [1789372219.570407011] [amr_0.rh_node]: [amr_0] Pruned expired reservations for peers: ['amr_2', 'amr_1']
[rh_node-31] [INFO] [1789372219.587967011] [amr_1.rh_node]: [amr_1] Pruned expired reservations for peers: ['amr_2', 'amr_0']
[rh_node-34] [INFO] [1789372219.997771134] [amr_4.rh_node]: [amr_4] Pruned expired reservations for peers: ['amr_2', 'amr_1', 'amr_0']
[rh_node-33] [INFO] [1789372220.062159820] [amr_3.rh_node]: [amr_3] Pruned expired reservations for peers: ['amr_2', 'amr_1', 'amr_0']
[rh_node-30] [INFO] [1789372220.069278267] [amr_0.rh_node]: [amr_0] Pruned expired reservations for peers: ['amr_2', 'amr_1']
[rh_node-32] [INFO] [1789372220.071077038] [amr_2.rh_node]: [amr_2] Pruned expired reservations for peers: ['amr_1', 'amr_0']
[rh_node-31] [INFO] [1789372220.088088408] [amr_1.rh_node]: [amr_1] Pruned expired reservations for peers: ['amr_2', 'amr_0']
[rh_node-34] [INFO] [1789372220.496366642] [amr_4.rh_node]: [amr_4] Pruned expired reservations for peers: ['amr_2', 'amr_1', 'amr_0']
[rh_node-33] [INFO] [1789372220.562272673] [amr_3.rh_node]: [amr_3] Pruned expired reservations for peers: ['amr_2', 'amr_1', 'amr_0']
[rh_node-30] [INFO] [1789372220.570545548] [amr_0.rh_node]: [amr_0] Pruned expired reservations for peers: ['amr_2', 'amr_1']
[rh_node-32] [INFO] [1789372220.570733412] [amr_2.rh_node]: [amr_2] Pruned expired reservations for peers: ['amr_1', 'amr_0']
[rh_node-31] [INFO] [1789372220.588091953] [amr_1.rh_node]: [amr_1] Pruned expired reservations for peers: ['amr_2', 'amr_0']
[rh_node-34] [INFO] [1789372220.996538210] [amr_4.rh_node]: [amr_4] Pruned expired reservations for peers: ['amr_2', 'amr_1', 'amr_0']
[rh_node-33] [INFO] [1789372221.062302623] [amr_3.rh_node]: [amr_3] Pruned expired reservations for peers: ['amr_2', 'amr_1', 'amr_0']
[rh_node-30] [INFO] [1789372221.069422360] [amr_0.rh_node]: [amr_0] Pruned expired reservations for peers: ['amr_2', 'amr_1']
[rh_node-32] [INFO] [1789372221.071213302] [amr_2.rh_node]: [amr_2] Pruned expired reservations for peers: ['amr_1', 'amr_0']
[rh_node-31] [INFO] [1789372221.088054728] [amr_1.rh_node]: [amr_1] Pruned expired reservations for peers: ['amr_2', 'amr_0']
[rh_node-34] [INFO] [1789372221.496894766] [amr_4.rh_node]: [amr_4] Pruned expired reservations for peers: ['amr_2', 'amr_1', 'amr_0']
[rh_node-33] [INFO] [1789372221.562763351] [amr_3.rh_node]: [amr_3] Pruned expired reservations for peers: ['amr_2', 'amr_1', 'amr_0']
[rh_node-30] [INFO] [1789372221.569651007] [amr_0.rh_node]: [amr_0] Pruned expired reservations for peers: ['amr_2', 'amr_1']
[rh_node-32] [INFO] [1789372221.571480195] [amr_2.rh_node]: [amr_2] Pruned expired reservations for peers: ['amr_1', 'amr_0']
[rh_node-31] [INFO] [1789372221.588056862] [amr_1.rh_node]: [amr_1] Pruned expired reservations for peers: ['amr_2', 'amr_0']
[rh_node-34] [INFO] [1789372221.997455470] [amr_4.rh_node]: [amr_4] Pruned expired reservations for peers: ['amr_2', 'amr_1', 'amr_0']
[rh_node-33] [INFO] [1789372222.062148245] [amr_3.rh_node]: [amr_3] Pruned expired reservations for peers: ['amr_2', 'amr_1', 'amr_0']
[rh_node-30] [INFO] [1789372222.069448510] [amr_0.rh_node]: [amr_0] Pruned expired reservations for peers: ['amr_2', 'amr_1']
[rh_node-32] [INFO] [1789372222.070874270] [amr_2.rh_node]: [amr_2] Pruned expired reservations for peers: ['amr_1', 'amr_0']
[rh_node-31] [INFO] [1789372222.087759501] [amr_1.rh_node]: [amr_1] Pruned expired reservations for peers: ['amr_2', 'amr_0']
[rh_node-34] [INFO] [1789372222.496859343] [amr_4.rh_node]: [amr_4] Pruned expired reservations for peers: ['amr_2', 'amr_1', 'amr_0']
[rh_node-33] [INFO] [1789372222.562096002] [amr_3.rh_node]: [amr_3] Pruned expired reservations for peers: ['amr_2', 'amr_1', 'amr_0']
[rh_node-30] [INFO] [1789372222.570411547] [amr_0.rh_node]: [amr_0] Pruned expired reservations for peers: ['amr_2', 'amr_1']
[rh_node-32] [INFO] [1789372222.571263178] [amr_2.rh_node]: [amr_2] Pruned expired reservations for peers: ['amr_1', 'amr_0']
[rh_node-31] [INFO] [1789372222.587812424] [amr_1.rh_node]: [amr_1] Pruned expired reservations for peers: ['amr_2', 'amr_0']
[rh_node-34] [INFO] [1789372222.997854364] [amr_4.rh_node]: [amr_4] Pruned expired reservations for peers: ['amr_2', 'amr_1', 'amr_0']
[rh_node-33] [INFO] [1789372223.062446190] [amr_3.rh_node]: [amr_3] Pruned expired reservations for peers: ['amr_2', 'amr_1', 'amr_0']
[rh_node-30] [INFO] [1789372223.070417619] [amr_0.rh_node]: [amr_0] Pruned expired reservations for peers: ['amr_2', 'amr_1']
[rh_node-32] [INFO] [1789372223.070687950] [amr_2.rh_node]: [amr_2] Pruned expired reservations for peers: ['amr_1', 'amr_0']
[rh_node-31] [INFO] [1789372223.087896453] [amr_1.rh_node]: [amr_1] Pruned expired reservations for peers: ['amr_2', 'amr_0']
[rh_node-34] [INFO] [1789372223.496674771] [amr_4.rh_node]: [amr_4] Pruned expired reservations for peers: ['amr_2', 'amr_1', 'amr_0']
[rh_node-33] [INFO] [1789372223.568225400] [amr_3.rh_node]: [amr_3] Pruned expired reservations for peers: ['amr_2', 'amr_1', 'amr_0']
[rh_node-32] [INFO] [1789372223.571710079] [amr_2.rh_node]: [amr_2] Pruned expired reservations for peers: ['amr_1', 'amr_0']
[rh_node-30] [INFO] [1789372223.572214371] [amr_0.rh_node]: [amr_0] Pruned expired reservations for peers: ['amr_2', 'amr_1']
[rh_node-31] [INFO] [1789372223.587863429] [amr_1.rh_node]: [amr_1] Pruned expired reservations for peers: ['amr_2', 'amr_0']
[rh_node-34] [INFO] [1789372223.997522037] [amr_4.rh_node]: [amr_4] Pruned expired reservations for peers: ['amr_2', 'amr_1', 'amr_0']
[rh_node-33] [INFO] [1789372224.062794627] [amr_3.rh_node]: [amr_3] Pruned expired reservations for peers: ['amr_2', 'amr_1', 'amr_0']
[rh_node-30] [INFO] [1789372224.069238811] [amr_0.rh_node]: [amr_0] Pruned expired reservations for peers: ['amr_2', 'amr_1']
[rh_node-32] [INFO] [1789372224.070346841] [amr_2.rh_node]: [amr_2] Pruned expired reservations for peers: ['amr_1', 'amr_0']
[rh_node-31] [INFO] [1789372224.088962304] [amr_1.rh_node]: [amr_1] Pruned expired reservations for peers: ['amr_2', 'amr_0']
[rh_node-34] [INFO] [1789372224.496837848] [amr_4.rh_node]: [amr_4] Pruned expired reservations for peers: ['amr_2', 'amr_1', 'amr_0']
[rh_node-33] [INFO] [1789372224.562738000] [amr_3.rh_node]: [amr_3] Pruned expired reservations for peers: ['amr_2', 'amr_1', 'amr_0']
[rh_node-30] [INFO] [1789372224.570189234] [amr_0.rh_node]: [amr_0] Pruned expired reservations for peers: ['amr_2', 'amr_1']
[rh_node-32] [INFO] [1789372224.570311299] [amr_2.rh_node]: [amr_2] Pruned expired reservations for peers: ['amr_1', 'amr_0']
[rh_node-31] [INFO] [1789372224.587535655] [amr_1.rh_node]: [amr_1] Pruned expired reservations for peers: ['amr_2', 'amr_0']
[rh_node-34] [INFO] [1789372224.996591615] [amr_4.rh_node]: [amr_4] Pruned expired reservations for peers: ['amr_2', 'amr_1', 'amr_0']
[rh_node-33] [INFO] [1789372225.061408973] [amr_3.rh_node]: [amr_3] Pruned expired reservations for peers: ['amr_2', 'amr_1', 'amr_0']
[rh_node-30] [INFO] [1789372225.069434457] [amr_0.rh_node]: [amr_0] Pruned expired reservations for peers: ['amr_2', 'amr_1']
[rh_node-32] [INFO] [1789372225.073206221] [amr_2.rh_node]: [amr_2] Pruned expired reservations for peers: ['amr_1', 'amr_0']
[rh_node-31] [INFO] [1789372225.087642134] [amr_1.rh_node]: [amr_1] Pruned expired reservations for peers: ['amr_2', 'amr_0']
[rh_node-34] [INFO] [1789372225.496358108] [amr_4.rh_node]: [amr_4] Pruned expired reservations for peers: ['amr_2', 'amr_1', 'amr_0']
[rh_node-33] [INFO] [1789372225.561492647] [amr_3.rh_node]: [amr_3] Pruned expired reservations for peers: ['amr_2', 'amr_1', 'amr_0']
[rh_node-30] [INFO] [1789372225.569393546] [amr_0.rh_node]: [amr_0] Pruned expired reservations for peers: ['amr_2', 'amr_1']
[rh_node-32] [INFO] [1789372225.570824251] [amr_2.rh_node]: [amr_2] Pruned expired reservations for peers: ['amr_1', 'amr_0']
[rh_node-31] [INFO] [1789372225.588318258] [amr_1.rh_node]: [amr_1] Pruned expired reservations for peers: ['amr_2', 'amr_0']
[rh_node-34] [INFO] [1789372225.996739594] [amr_4.rh_node]: [amr_4] Pruned expired reservations for peers: ['amr_2', 'amr_1', 'amr_0']
[rh_node-33] [INFO] [1789372226.063219891] [amr_3.rh_node]: [amr_3] Pruned expired reservations for peers: ['amr_2', 'amr_1', 'amr_0']
[rh_node-32] [INFO] [1789372226.070162306] [amr_2.rh_node]: [amr_2] Pruned expired reservations for peers: ['amr_1', 'amr_0']
[rh_node-30] [INFO] [1789372226.070319479] [amr_0.rh_node]: [amr_0] Pruned expired reservations for peers: ['amr_2', 'amr_1']
[rh_node-31] [INFO] [1789372226.088007557] [amr_1.rh_node]: [amr_1] Pruned expired reservations for peers: ['amr_2', 'amr_0']
[rh_node-34] [INFO] [1789372226.497174877] [amr_4.rh_node]: [amr_4] Pruned expired reservations for peers: ['amr_2', 'amr_1', 'amr_0']
[rh_node-33] [INFO] [1789372226.561455831] [amr_3.rh_node]: [amr_3] Pruned expired reservations for peers: ['amr_2', 'amr_1', 'amr_0']
[rh_node-30] [INFO] [1789372226.570301120] [amr_0.rh_node]: [amr_0] Pruned expired reservations for peers: ['amr_2', 'amr_1']
[rh_node-32] [INFO] [1789372226.570874432] [amr_2.rh_node]: [amr_2] Pruned expired reservations for peers: ['amr_1', 'amr_0']
[rh_node-31] [INFO] [1789372226.588004642] [amr_1.rh_node]: [amr_1] Pruned expired reservations for peers: ['amr_2', 'amr_0']
[rh_node-34] [INFO] [1789372226.999357563] [amr_4.rh_node]: [amr_4] Pruned expired reservations for peers: ['amr_2', 'amr_1', 'amr_0']
[rh_node-33] [INFO] [1789372227.063129918] [amr_3.rh_node]: [amr_3] Pruned expired reservations for peers: ['amr_2', 'amr_1', 'amr_0']
[rh_node-30] [INFO] [1789372227.069076548] [amr_0.rh_node]: [amr_0] Pruned expired reservations for peers: ['amr_2', 'amr_1']
[rh_node-32] [INFO] [1789372227.071420660] [amr_2.rh_node]: [amr_2] Pruned expired reservations for peers: ['amr_1', 'amr_0']
[rh_node-31] [INFO] [1789372227.087762425] [amr_1.rh_node]: [amr_1] Pruned expired reservations for peers: ['amr_2', 'amr_0']
[rh_node-34] [INFO] [1789372227.497626668] [amr_4.rh_node]: [amr_4] Pruned expired reservations for peers: ['amr_2', 'amr_1', 'amr_0']
[rh_node-33] [INFO] [1789372227.561915394] [amr_3.rh_node]: [amr_3] Pruned expired reservations for peers: ['amr_2', 'amr_1', 'amr_0']
[rh_node-30] [INFO] [1789372227.569308317] [amr_0.rh_node]: [amr_0] Pruned expired reservations for peers: ['amr_2', 'amr_1']
[rh_node-32] [INFO] [1789372227.572230644] [amr_2.rh_node]: [amr_2] Pruned expired reservations for peers: ['amr_1', 'amr_0']
[rh_node-31] [INFO] [1789372227.588263192] [amr_1.rh_node]: [amr_1] Pruned expired reservations for peers: ['amr_2', 'amr_0']
[rh_node-34] [INFO] [1789372227.996737239] [amr_4.rh_node]: [amr_4] Pruned expired reservations for peers: ['amr_2', 'amr_1', 'amr_0']
[rh_node-33] [INFO] [1789372228.062136496] [amr_3.rh_node]: [amr_3] Pruned expired reservations for peers: ['amr_2', 'amr_1', 'amr_0']
[rh_node-30] [INFO] [1789372228.070280916] [amr_0.rh_node]: [amr_0] Pruned expired reservations for peers: ['amr_2', 'amr_1']
[rh_node-32] [INFO] [1789372228.070411917] [amr_2.rh_node]: [amr_2] Pruned expired reservations for peers: ['amr_1', 'amr_0']
[rh_node-31] [INFO] [1789372228.087696287] [amr_1.rh_node]: [amr_1] Pruned expired reservations for peers: ['amr_2', 'amr_0']
[rh_node-34] [INFO] [1789372228.496590318] [amr_4.rh_node]: [amr_4] Pruned expired reservations for peers: ['amr_2', 'amr_1', 'amr_0']
[rh_node-33] [INFO] [1789372228.562776615] [amr_3.rh_node]: [amr_3] Pruned expired reservations for peers: ['amr_2', 'amr_1', 'amr_0']
[rh_node-30] [INFO] [1789372228.569499868] [amr_0.rh_node]: [amr_0] Pruned expired reservations for peers: ['amr_2', 'amr_1']
[rh_node-32] [INFO] [1789372228.571201979] [amr_2.rh_node]: [amr_2] Pruned expired reservations for peers: ['amr_1', 'amr_0']
[rh_node-31] [INFO] [1789372228.588304581] [amr_1.rh_node]: [amr_1] Pruned expired reservations for peers: ['amr_2', 'amr_0']
[rh_node-34] [INFO] [1789372228.997226475] [amr_4.rh_node]: [amr_4] Pruned expired reservations for peers: ['amr_2', 'amr_1', 'amr_0']
[rh_node-33] [INFO] [1789372229.062786817] [amr_3.rh_node]: [amr_3] Pruned expired reservations for peers: ['amr_2', 'amr_1', 'amr_0']
[rh_node-30] [INFO] [1789372229.069609942] [amr_0.rh_node]: [amr_0] Pruned expired reservations for peers: ['amr_2', 'amr_1']
[rh_node-32] [INFO] [1789372229.071163102] [amr_2.rh_node]: [amr_2] Pruned expired reservations for peers: ['amr_1', 'amr_0']
[rh_node-31] [INFO] [1789372229.089062107] [amr_1.rh_node]: [amr_1] Pruned expired reservations for peers: ['amr_2', 'amr_0']
[rh_node-34] [INFO] [1789372229.497606705] [amr_4.rh_node]: [amr_4] Pruned expired reservations for peers: ['amr_2', 'amr_1', 'amr_0']
[rh_node-33] [INFO] [1789372229.562156292] [amr_3.rh_node]: [amr_3] Pruned expired reservations for peers: ['amr_2', 'amr_1', 'amr_0']
[rh_node-30] [INFO] [1789372229.569177490] [amr_0.rh_node]: [amr_0] Pruned expired reservations for peers: ['amr_2', 'amr_1']
[rh_node-32] [INFO] [1789372229.570537686] [amr_2.rh_node]: [amr_2] Pruned expired reservations for peers: ['amr_1', 'amr_0']
[rh_node-31] [INFO] [1789372229.588231626] [amr_1.rh_node]: [amr_1] Pruned expired reservations for peers: ['amr_2', 'amr_0']
[rh_node-34] [INFO] [1789372229.996323006] [amr_4.rh_node]: [amr_4] Pruned expired reservations for peers: ['amr_2', 'amr_1', 'amr_0']
[rh_node-33] [INFO] [1789372230.061987628] [amr_3.rh_node]: [amr_3] Pruned expired reservations for peers: ['amr_2', 'amr_1', 'amr_0']
[rh_node-30] [INFO] [1789372230.068993869] [amr_0.rh_node]: [amr_0] Pruned expired reservations for peers: ['amr_2', 'amr_1']
[rh_node-32] [INFO] [1789372230.070906248] [amr_2.rh_node]: [amr_2] Pruned expired reservations for peers: ['amr_1', 'amr_0']
[rh_node-31] [INFO] [1789372230.087774861] [amr_1.rh_node]: [amr_1] Pruned expired reservations for peers: ['amr_2', 'amr_0']
[rh_node-34] [INFO] [1789372230.496873788] [amr_4.rh_node]: [amr_4] Pruned expired reservations for peers: ['amr_2', 'amr_1', 'amr_0']
[rh_node-33] [INFO] [1789372230.562077549] [amr_3.rh_node]: [amr_3] Pruned expired reservations for peers: ['amr_2', 'amr_1', 'amr_0']
[rh_node-30] [INFO] [1789372230.569650161] [amr_0.rh_node]: [amr_0] Pruned expired reservations for peers: ['amr_2', 'amr_1']
[rh_node-32] [INFO] [1789372230.571503462] [amr_2.rh_node]: [amr_2] Pruned expired reservations for peers: ['amr_1', 'amr_0']
[rh_node-31] [INFO] [1789372230.588887743] [amr_1.rh_node]: [amr_1] Pruned expired reservations for peers: ['amr_2', 'amr_0']
[rh_node-34] [INFO] [1789372230.997639375] [amr_4.rh_node]: [amr_4] Pruned expired reservations for peers: ['amr_2', 'amr_1', 'amr_0']
[rh_node-33] [INFO] [1789372231.062221404] [amr_3.rh_node]: [amr_3] Pruned expired reservations for peers: ['amr_2', 'amr_1', 'amr_0']
[rh_node-30] [INFO] [1789372231.069473614] [amr_0.rh_node]: [amr_0] Pruned expired reservations for peers: ['amr_2', 'amr_1']
[rh_node-32] [INFO] [1789372231.070623234] [amr_2.rh_node]: [amr_2] Pruned expired reservations for peers: ['amr_1', 'amr_0']
[rh_node-31] [INFO] [1789372231.087741348] [amr_1.rh_node]: [amr_1] Pruned expired reservations for peers: ['amr_2', 'amr_0']
[rh_node-34] [INFO] [1789372231.496475776] [amr_4.rh_node]: [amr_4] Pruned expired reservations for peers: ['amr_2', 'amr_1', 'amr_0']
[rh_node-33] [INFO] [1789372231.562110591] [amr_3.rh_node]: [amr_3] Pruned expired reservations for peers: ['amr_2', 'amr_1', 'amr_0']
[rh_node-32] [INFO] [1789372231.570364019] [amr_2.rh_node]: [amr_2] Pruned expired reservations for peers: ['amr_1', 'amr_0']
[rh_node-30] [INFO] [1789372231.570469149] [amr_0.rh_node]: [amr_0] Pruned expired reservations for peers: ['amr_2', 'amr_1']
[rh_node-31] [INFO] [1789372231.587751164] [amr_1.rh_node]: [amr_1] Pruned expired reservations for peers: ['amr_2', 'amr_0']
[rh_node-34] [INFO] [1789372231.996661598] [amr_4.rh_node]: [amr_4] Pruned expired reservations for peers: ['amr_2', 'amr_1', 'amr_0']
[rh_node-33] [INFO] [1789372232.062958242] [amr_3.rh_node]: [amr_3] Pruned expired reservations for peers: ['amr_2', 'amr_1', 'amr_0']
[rh_node-30] [INFO] [1789372232.069507678] [amr_0.rh_node]: [amr_0] Pruned expired reservations for peers: ['amr_2', 'amr_1']
[rh_node-32] [INFO] [1789372232.072782953] [amr_2.rh_node]: [amr_2] Pruned expired reservations for peers: ['amr_1', 'amr_0']
[rh_node-31] [INFO] [1789372232.088212984] [amr_1.rh_node]: [amr_1] Pruned expired reservations for peers: ['amr_2', 'amr_0']
[rh_node-34] [INFO] [1789372232.496362925] [amr_4.rh_node]: [amr_4] Pruned expired reservations for peers: ['amr_2', 'amr_1', 'amr_0']
[rh_node-33] [INFO] [1789372232.562085828] [amr_3.rh_node]: [amr_3] Pruned expired reservations for peers: ['amr_2', 'amr_1', 'amr_0']
[rh_node-30] [INFO] [1789372232.570290879] [amr_0.rh_node]: [amr_0] Pruned expired reservations for peers: ['amr_2', 'amr_1']
[rh_node-32] [INFO] [1789372232.571168026] [amr_2.rh_node]: [amr_2] Pruned expired reservations for peers: ['amr_1', 'amr_0']
[rh_node-31] [INFO] [1789372232.589920229] [amr_1.rh_node]: [amr_1] Pruned expired reservations for peers: ['amr_2', 'amr_0']
[rh_node-34] [INFO] [1789372232.996832898] [amr_4.rh_node]: [amr_4] Pruned expired reservations for peers: ['amr_2', 'amr_1', 'amr_0']
[rh_node-33] [INFO] [1789372233.062318787] [amr_3.rh_node]: [amr_3] Pruned expired reservations for peers: ['amr_2', 'amr_1', 'amr_0']
[rh_node-32] [INFO] [1789372233.069962448] [amr_2.rh_node]: [amr_2] Pruned expired reservations for peers: ['amr_1', 'amr_0']
[rh_node-30] [INFO] [1789372233.070475688] [amr_0.rh_node]: [amr_0] Pruned expired reservations for peers: ['amr_2', 'amr_1']
[rh_node-31] [INFO] [1789372233.087703791] [amr_1.rh_node]: [amr_1] Pruned expired reservations for peers: ['amr_2', 'amr_0']
[rh_node-34] [INFO] [1789372233.497955915] [amr_4.rh_node]: [amr_4] Pruned expired reservations for peers: ['amr_2', 'amr_1', 'amr_0']
[rh_node-33] [INFO] [1789372233.561748540] [amr_3.rh_node]: [amr_3] Pruned expired reservations for peers: ['amr_2', 'amr_1', 'amr_0']
[rh_node-30] [INFO] [1789372233.569193200] [amr_0.rh_node]: [amr_0] Pruned expired reservations for peers: ['amr_2', 'amr_1']
[rh_node-32] [INFO] [1789372233.570186309] [amr_2.rh_node]: [amr_2] Pruned expired reservations for peers: ['amr_1', 'amr_0']
[rh_node-31] [INFO] [1789372233.587541509] [amr_1.rh_node]: [amr_1] Pruned expired reservations for peers: ['amr_2', 'amr_0']
[rh_node-34] [INFO] [1789372233.997225609] [amr_4.rh_node]: [amr_4] Pruned expired reservations for peers: ['amr_2', 'amr_1', 'amr_0']
[rh_node-33] [INFO] [1789372234.062760718] [amr_3.rh_node]: [amr_3] Pruned expired reservations for peers: ['amr_2', 'amr_1', 'amr_0']
[rh_node-32] [INFO] [1789372234.069971881] [amr_2.rh_node]: [amr_2] Pruned expired reservations for peers: ['amr_1', 'amr_0']
[rh_node-30] [INFO] [1789372234.070138880] [amr_0.rh_node]: [amr_0] Pruned expired reservations for peers: ['amr_2', 'amr_1']
[rh_node-31] [INFO] [1789372234.088106364] [amr_1.rh_node]: [amr_1] Pruned expired reservations for peers: ['amr_2', 'amr_0']
[rh_node-34] [INFO] [1789372234.497029650] [amr_4.rh_node]: [amr_4] Pruned expired reservations for peers: ['amr_2', 'amr_1', 'amr_0']
[rh_node-33] [INFO] [1789372234.562039924] [amr_3.rh_node]: [amr_3] Pruned expired reservations for peers: ['amr_2', 'amr_1', 'amr_0']
[rh_node-30] [INFO] [1789372234.570427951] [amr_0.rh_node]: [amr_0] Pruned expired reservations for peers: ['amr_2', 'amr_1']
[rh_node-32] [INFO] [1789372234.570637296] [amr_2.rh_node]: [amr_2] Pruned expired reservations for peers: ['amr_1', 'amr_0']
[rh_node-31] [INFO] [1789372234.587754357] [amr_1.rh_node]: [amr_1] Pruned expired reservations for peers: ['amr_2', 'amr_0']
[rh_node-34] [INFO] [1789372234.996137277] [amr_4.rh_node]: [amr_4] Pruned expired reservations for peers: ['amr_2', 'amr_1', 'amr_0']
[rh_node-33] [INFO] [1789372235.061780347] [amr_3.rh_node]: [amr_3] Pruned expired reservations for peers: ['amr_2', 'amr_1', 'amr_0']
[rh_node-32] [INFO] [1789372235.070440783] [amr_2.rh_node]: [amr_2] Pruned expired reservations for peers: ['amr_1', 'amr_0']
[rh_node-30] [INFO] [1789372235.070847460] [amr_0.rh_node]: [amr_0] Pruned expired reservations for peers: ['amr_2', 'amr_1']
[rh_node-31] [INFO] [1789372235.087644969] [amr_1.rh_node]: [amr_1] Pruned expired reservations for peers: ['amr_2', 'amr_0']
[rh_node-34] [INFO] [1789372235.496965523] [amr_4.rh_node]: [amr_4] Pruned expired reservations for peers: ['amr_2', 'amr_1', 'amr_0']
[rh_node-33] [INFO] [1789372235.561561630] [amr_3.rh_node]: [amr_3] Pruned expired reservations for peers: ['amr_2', 'amr_1', 'amr_0']
[rh_node-30] [INFO] [1789372235.569395286] [amr_0.rh_node]: [amr_0] Pruned expired reservations for peers: ['amr_2', 'amr_1']
[rh_node-32] [INFO] [1789372235.572200144] [amr_2.rh_node]: [amr_2] Pruned expired reservations for peers: ['amr_1', 'amr_0']
[rh_node-31] [INFO] [1789372235.588061469] [amr_1.rh_node]: [amr_1] Pruned expired reservations for peers: ['amr_2', 'amr_0']
[rh_node-34] [INFO] [1789372235.996405682] [amr_4.rh_node]: [amr_4] Pruned expired reservations for peers: ['amr_2', 'amr_1', 'amr_0']
[rh_node-33] [INFO] [1789372236.062929816] [amr_3.rh_node]: [amr_3] Pruned expired reservations for peers: ['amr_2', 'amr_1', 'amr_0']
[rh_node-30] [INFO] [1789372236.069897775] [amr_0.rh_node]: [amr_0] Pruned expired reservations for peers: ['amr_2', 'amr_1']
[rh_node-32] [INFO] [1789372236.070115494] [amr_2.rh_node]: [amr_2] Pruned expired reservations for peers: ['amr_1', 'amr_0']
[rh_node-31] [INFO] [1789372236.088033694] [amr_1.rh_node]: [amr_1] Pruned expired reservations for peers: ['amr_2', 'amr_0']
[rh_node-34] [INFO] [1789372236.496775661] [amr_4.rh_node]: [amr_4] Pruned expired reservations for peers: ['amr_2', 'amr_1', 'amr_0']
[rh_node-33] [INFO] [1789372236.561834834] [amr_3.rh_node]: [amr_3] Pruned expired reservations for peers: ['amr_2', 'amr_1', 'amr_0']
[rh_node-30] [INFO] [1789372236.569755399] [amr_0.rh_node]: [amr_0] Pruned expired reservations for peers: ['amr_2', 'amr_1']
[rh_node-32] [INFO] [1789372236.570186451] [amr_2.rh_node]: [amr_2] Pruned expired reservations for peers: ['amr_1', 'amr_0']
[rh_node-31] [INFO] [1789372236.588057124] [amr_1.rh_node]: [amr_1] Pruned expired reservations for peers: ['amr_2', 'amr_0']
[rh_node-34] [INFO] [1789372236.997632722] [amr_4.rh_node]: [amr_4] Pruned expired reservations for peers: ['amr_2', 'amr_1', 'amr_0']
[rh_node-33] [INFO] [1789372237.062029411] [amr_3.rh_node]: [amr_3] Pruned expired reservations for peers: ['amr_2', 'amr_1', 'amr_0']
[rh_node-30] [INFO] [1789372237.069469863] [amr_0.rh_node]: [amr_0] Pruned expired reservations for peers: ['amr_2', 'amr_1']
[rh_node-32] [INFO] [1789372237.070604159] [amr_2.rh_node]: [amr_2] Pruned expired reservations for peers: ['amr_1', 'amr_0']
[rh_node-31] [INFO] [1789372237.088082968] [amr_1.rh_node]: [amr_1] Pruned expired reservations for peers: ['amr_2', 'amr_0']
[rh_node-34] [INFO] [1789372237.496691828] [amr_4.rh_node]: [amr_4] Pruned expired reservations for peers: ['amr_2', 'amr_1', 'amr_0']
[rh_node-33] [INFO] [1789372237.561368255] [amr_3.rh_node]: [amr_3] Pruned expired reservations for peers: ['amr_2', 'amr_1', 'amr_0']
[rh_node-32] [INFO] [1789372237.570099701] [amr_2.rh_node]: [amr_2] Pruned expired reservations for peers: ['amr_1', 'amr_0']
[rh_node-30] [INFO] [1789372237.570745550] [amr_0.rh_node]: [amr_0] Pruned expired reservations for peers: ['amr_2', 'amr_1']
[rh_node-31] [INFO] [1789372237.588974220] [amr_1.rh_node]: [amr_1] Pruned expired reservations for peers: ['amr_2', 'amr_0']
[rh_node-34] [INFO] [1789372237.996585952] [amr_4.rh_node]: [amr_4] Pruned expired reservations for peers: ['amr_2', 'amr_1', 'amr_0']
[rh_node-33] [INFO] [1789372238.061714891] [amr_3.rh_node]: [amr_3] Pruned expired reservations for peers: ['amr_2', 'amr_1', 'amr_0']
[rh_node-30] [INFO] [1789372238.069621666] [amr_0.rh_node]: [amr_0] Pruned expired reservations for peers: ['amr_2', 'amr_1']
[rh_node-32] [INFO] [1789372238.071194112] [amr_2.rh_node]: [amr_2] Pruned expired reservations for peers: ['amr_1', 'amr_0']
[rh_node-31] [INFO] [1789372238.087816956] [amr_1.rh_node]: [amr_1] Pruned expired reservations for peers: ['amr_2', 'amr_0']
[rh_node-34] [INFO] [1789372238.496656386] [amr_4.rh_node]: [amr_4] Pruned expired reservations for peers: ['amr_2', 'amr_1', 'amr_0']
[rh_node-33] [INFO] [1789372238.561679846] [amr_3.rh_node]: [amr_3] Pruned expired reservations for peers: ['amr_2', 'amr_1', 'amr_0']
[rh_node-32] [INFO] [1789372238.570258084] [amr_2.rh_node]: [amr_2] Pruned expired reservations for peers: ['amr_1', 'amr_0']
[rh_node-30] [INFO] [1789372238.570822622] [amr_0.rh_node]: [amr_0] Pruned expired reservations for peers: ['amr_2', 'amr_1']
[rh_node-31] [INFO] [1789372238.587867092] [amr_1.rh_node]: [amr_1] Pruned expired reservations for peers: ['amr_2', 'amr_0']
[rh_node-34] [INFO] [1789372238.996446089] [amr_4.rh_node]: [amr_4] Pruned expired reservations for peers: ['amr_2', 'amr_1', 'amr_0']
[rh_node-33] [INFO] [1789372239.062513468] [amr_3.rh_node]: [amr_3] Pruned expired reservations for peers: ['amr_2', 'amr_1', 'amr_0']
[rh_node-30] [INFO] [1789372239.070235034] [amr_0.rh_node]: [amr_0] Pruned expired reservations for peers: ['amr_2', 'amr_1']
[rh_node-32] [INFO] [1789372239.071386913] [amr_2.rh_node]: [amr_2] Pruned expired reservations for peers: ['amr_1', 'amr_0']
[rh_node-31] [INFO] [1789372239.087644129] [amr_1.rh_node]: [amr_1] Pruned expired reservations for peers: ['amr_2', 'amr_0']
[rh_node-34] [INFO] [1789372239.496717417] [amr_4.rh_node]: [amr_4] Pruned expired reservations for peers: ['amr_2', 'amr_1', 'amr_0']
[rh_node-33] [INFO] [1789372239.561364051] [amr_3.rh_node]: [amr_3] Pruned expired reservations for peers: ['amr_2', 'amr_1', 'amr_0']
[rh_node-30] [INFO] [1789372239.569764424] [amr_0.rh_node]: [amr_0] Pruned expired reservations for peers: ['amr_2', 'amr_1']
[rh_node-32] [INFO] [1789372239.569925253] [amr_2.rh_node]: [amr_2] Pruned expired reservations for peers: ['amr_1', 'amr_0']
[rh_node-31] [INFO] [1789372239.588262049] [amr_1.rh_node]: [amr_1] Pruned expired reservations for peers: ['amr_2', 'amr_0']
[rh_node-34] [INFO] [1789372239.997585585] [amr_4.rh_node]: [amr_4] Pruned expired reservations for peers: ['amr_2', 'amr_1', 'amr_0']
[rh_node-33] [INFO] [1789372240.061728623] [amr_3.rh_node]: [amr_3] Pruned expired reservations for peers: ['amr_2', 'amr_1', 'amr_0']
[rh_node-30] [INFO] [1789372240.069277842] [amr_0.rh_node]: [amr_0] Pruned expired reservations for peers: ['amr_2', 'amr_1']
[rh_node-32] [INFO] [1789372240.072303190] [amr_2.rh_node]: [amr_2] Pruned expired reservations for peers: ['amr_1', 'amr_0']
[rh_node-31] [INFO] [1789372240.087680848] [amr_1.rh_node]: [amr_1] Pruned expired reservations for peers: ['amr_2', 'amr_0']
[rh_node-34] [INFO] [1789372240.496564865] [amr_4.rh_node]: [amr_4] Pruned expired reservations for peers: ['amr_2', 'amr_1', 'amr_0']
[rh_node-33] [INFO] [1789372240.561957815] [amr_3.rh_node]: [amr_3] Pruned expired reservations for peers: ['amr_2', 'amr_1', 'amr_0']
[rh_node-30] [INFO] [1789372240.569671205] [amr_0.rh_node]: [amr_0] Pruned expired reservations for peers: ['amr_2', 'amr_1']
[rh_node-32] [INFO] [1789372240.570769131] [amr_2.rh_node]: [amr_2] Pruned expired reservations for peers: ['amr_1', 'amr_0']
[rh_node-31] [INFO] [1789372240.588106017] [amr_1.rh_node]: [amr_1] Pruned expired reservations for peers: ['amr_2', 'amr_0']
[rh_node-34] [INFO] [1789372240.996331310] [amr_4.rh_node]: [amr_4] Pruned expired reservations for peers: ['amr_2', 'amr_1', 'amr_0']
[rh_node-33] [INFO] [1789372241.063492855] [amr_3.rh_node]: [amr_3] Pruned expired reservations for peers: ['amr_2', 'amr_1', 'amr_0']
[rh_node-30] [INFO] [1789372241.069587629] [amr_0.rh_node]: [amr_0] Pruned expired reservations for peers: ['amr_2', 'amr_1']
[rh_node-32] [INFO] [1789372241.071610572] [amr_2.rh_node]: [amr_2] Pruned expired reservations for peers: ['amr_1', 'amr_0']
[rh_node-31] [INFO] [1789372241.088017988] [amr_1.rh_node]: [amr_1] Pruned expired reservations for peers: ['amr_2', 'amr_0']
[rh_node-34] [INFO] [1789372241.496368075] [amr_4.rh_node]: [amr_4] Pruned expired reservations for peers: ['amr_2', 'amr_1', 'amr_0']
[rh_node-33] [INFO] [1789372241.561489092] [amr_3.rh_node]: [amr_3] Pruned expired reservations for peers: ['amr_2', 'amr_1', 'amr_0']
[rh_node-30] [INFO] [1789372241.569058543] [amr_0.rh_node]: [amr_0] Pruned expired reservations for peers: ['amr_2', 'amr_1']
[rh_node-32] [INFO] [1789372241.571610380] [amr_2.rh_node]: [amr_2] Pruned expired reservations for peers: ['amr_1', 'amr_0']
[rh_node-31] [INFO] [1789372241.587710673] [amr_1.rh_node]: [amr_1] Pruned expired reservations for peers: ['amr_2', 'amr_0']
[rh_node-34] [INFO] [1789372241.996246602] [amr_4.rh_node]: [amr_4] Pruned expired reservations for peers: ['amr_2', 'amr_1', 'amr_0']
[rh_node-33] [INFO] [1789372242.062077069] [amr_3.rh_node]: [amr_3] Pruned expired reservations for peers: ['amr_2', 'amr_1', 'amr_0']
[rh_node-30] [INFO] [1789372242.069424617] [amr_0.rh_node]: [amr_0] Pruned expired reservations for peers: ['amr_2', 'amr_1']
[rh_node-32] [INFO] [1789372242.070743352] [amr_2.rh_node]: [amr_2] Pruned expired reservations for peers: ['amr_1', 'amr_0']
[rh_node-31] [INFO] [1789372242.087812131] [amr_1.rh_node]: [amr_1] Pruned expired reservations for peers: ['amr_2', 'amr_0']
[rh_node-34] [INFO] [1789372242.496384816] [amr_4.rh_node]: [amr_4] Pruned expired reservations for peers: ['amr_2', 'amr_1', 'amr_0']
[rh_node-33] [INFO] [1789372242.563862930] [amr_3.rh_node]: [amr_3] Pruned expired reservations for peers: ['amr_2', 'amr_1', 'amr_0']
[rh_node-30] [INFO] [1789372242.570262265] [amr_0.rh_node]: [amr_0] Pruned expired reservations for peers: ['amr_2', 'amr_1']
[rh_node-32] [INFO] [1789372242.570765438] [amr_2.rh_node]: [amr_2] Pruned expired reservations for peers: ['amr_1', 'amr_0']
[rh_node-31] [INFO] [1789372242.587707736] [amr_1.rh_node]: [amr_1] Pruned expired reservations for peers: ['amr_2', 'amr_0']
[rh_node-34] [INFO] [1789372242.996141421] [amr_4.rh_node]: [amr_4] Pruned expired reservations for peers: ['amr_2', 'amr_1', 'amr_0']
[rh_node-33] [INFO] [1789372243.062099326] [amr_3.rh_node]: [amr_3] Pruned expired reservations for peers: ['amr_2', 'amr_1', 'amr_0']
[rh_node-30] [INFO] [1789372243.069167983] [amr_0.rh_node]: [amr_0] Pruned expired reservations for peers: ['amr_2', 'amr_1']
[rh_node-32] [INFO] [1789372243.072910949] [amr_2.rh_node]: [amr_2] Pruned expired reservations for peers: ['amr_1', 'amr_0']
[rh_node-31] [INFO] [1789372243.088519011] [amr_1.rh_node]: [amr_1] Pruned expired reservations for peers: ['amr_2', 'amr_0']
[rh_node-34] [INFO] [1789372243.496416145] [amr_4.rh_node]: [amr_4] Pruned expired reservations for peers: ['amr_2', 'amr_1', 'amr_0']
[rh_node-33] [INFO] [1789372243.562066543] [amr_3.rh_node]: [amr_3] Pruned expired reservations for peers: ['amr_2', 'amr_1', 'amr_0']
[rh_node-32] [INFO] [1789372243.570006223] [amr_2.rh_node]: [amr_2] Pruned expired reservations for peers: ['amr_1', 'amr_0']
[rh_node-30] [INFO] [1789372243.570651228] [amr_0.rh_node]: [amr_0] Pruned expired reservations for peers: ['amr_2', 'amr_1']
[rh_node-31] [INFO] [1789372243.587712975] [amr_1.rh_node]: [amr_1] Pruned expired reservations for peers: ['amr_2', 'amr_0']
[rh_node-34] [INFO] [1789372243.997332581] [amr_4.rh_node]: [amr_4] Pruned expired reservations for peers: ['amr_2', 'amr_1', 'amr_0']
[rh_node-33] [INFO] [1789372244.061667045] [amr_3.rh_node]: [amr_3] Pruned expired reservations for peers: ['amr_2', 'amr_1', 'amr_0']
[rh_node-30] [INFO] [1789372244.070816934] [amr_0.rh_node]: [amr_0] Pruned expired reservations for peers: ['amr_2', 'amr_1']
[rh_node-32] [INFO] [1789372244.071134054] [amr_2.rh_node]: [amr_2] Pruned expired reservations for peers: ['amr_1', 'amr_0']
[rh_node-31] [INFO] [1789372244.087724172] [amr_1.rh_node]: [amr_1] Pruned expired reservations for peers: ['amr_2', 'amr_0']
[rh_node-34] [INFO] [1789372244.496951862] [amr_4.rh_node]: [amr_4] Pruned expired reservations for peers: ['amr_2', 'amr_1', 'amr_0']
[rh_node-33] [INFO] [1789372244.561852490] [amr_3.rh_node]: [amr_3] Pruned expired reservations for peers: ['amr_2', 'amr_1', 'amr_0']
[rh_node-32] [INFO] [1789372244.570693394] [amr_2.rh_node]: [amr_2] Pruned expired reservations for peers: ['amr_1', 'amr_0']
[rh_node-30] [INFO] [1789372244.570963060] [amr_0.rh_node]: [amr_0] Pruned expired reservations for peers: ['amr_2', 'amr_1']
[rh_node-31] [INFO] [1789372244.589557799] [amr_1.rh_node]: [amr_1] Pruned expired reservations for peers: ['amr_2', 'amr_0']
