[INFO] [launch]: All log files can be found below /home/raghav/.ros/log/2026-09-14-13-40-27-413633-Raze-233246
[INFO] [launch]: Default logging verbosity is set to INFO
[INFO] [launch.user]: [FLEET] Spawning 10 robots into world "warehouse_m9_v2" (headless=True)
[INFO] [launch.user]: [M8B Fleet Bringup] Starting 10 CBBA nodes (bundle cap: 8, profile: NORMAL, compute_mode: ADAPTIVE)
[INFO] [launch.user]: [M8B Fleet Bringup] Starting 10 M8B RH nodes (compute_mode: ADAPTIVE, adaptive: True, h=10, w=4, replan_rate=2.0Hz)
[INFO] [gazebo-1]: process started with pid [233290]
[INFO] [parameter_bridge-2]: process started with pid [233291]
[INFO] [warehouse_visualizer-3]: process started with pid [233292]
[INFO] [robot_state_publisher-4]: process started with pid [233294]
[INFO] [create-5]: process started with pid [233295]
[INFO] [parameter_bridge-6]: process started with pid [233296]
[INFO] [static_transform_publisher-7]: process started with pid [233297]
[INFO] [robot_state_publisher-8]: process started with pid [233298]
[INFO] [create-9]: process started with pid [233299]
[INFO] [parameter_bridge-10]: process started with pid [233300]
[INFO] [static_transform_publisher-11]: process started with pid [233301]
[INFO] [robot_state_publisher-12]: process started with pid [233302]
[INFO] [create-13]: process started with pid [233303]
[INFO] [parameter_bridge-14]: process started with pid [233304]
[INFO] [static_transform_publisher-15]: process started with pid [233305]
[INFO] [robot_state_publisher-16]: process started with pid [233306]
[INFO] [create-17]: process started with pid [233307]
[INFO] [parameter_bridge-18]: process started with pid [233310]
[INFO] [static_transform_publisher-19]: process started with pid [233313]
[INFO] [robot_state_publisher-20]: process started with pid [233314]
[INFO] [create-21]: process started with pid [233316]
[INFO] [parameter_bridge-22]: process started with pid [233322]
[INFO] [static_transform_publisher-23]: process started with pid [233327]
[INFO] [robot_state_publisher-24]: process started with pid [233328]
[INFO] [create-25]: process started with pid [233364]
[INFO] [parameter_bridge-26]: process started with pid [233374]
[INFO] [static_transform_publisher-27]: process started with pid [233379]
[INFO] [robot_state_publisher-28]: process started with pid [233401]
[INFO] [create-29]: process started with pid [233414]
[INFO] [parameter_bridge-30]: process started with pid [233416]
[INFO] [static_transform_publisher-31]: process started with pid [233418]
[INFO] [robot_state_publisher-32]: process started with pid [233435]
[INFO] [create-33]: process started with pid [233450]
[INFO] [parameter_bridge-34]: process started with pid [233457]
[INFO] [static_transform_publisher-35]: process started with pid [233467]
[INFO] [robot_state_publisher-36]: process started with pid [233484]
[INFO] [create-37]: process started with pid [233490]
[INFO] [parameter_bridge-38]: process started with pid [233501]
[INFO] [static_transform_publisher-39]: process started with pid [233507]
[INFO] [robot_state_publisher-40]: process started with pid [233518]
[INFO] [create-41]: process started with pid [233537]
[INFO] [parameter_bridge-42]: process started with pid [233572]
[INFO] [static_transform_publisher-43]: process started with pid [233586]
[INFO] [task_manager-44]: process started with pid [233595]
[INFO] [cbba_node-45]: process started with pid [233606]
[INFO] [cbba_node-46]: process started with pid [233617]
[INFO] [cbba_node-47]: process started with pid [233633]
[INFO] [cbba_node-48]: process started with pid [233655]
[INFO] [cbba_node-49]: process started with pid [233658]
[INFO] [cbba_node-50]: process started with pid [233671]
[INFO] [cbba_node-51]: process started with pid [233672]
[INFO] [cbba_node-52]: process started with pid [233678]
[INFO] [cbba_node-53]: process started with pid [233679]
[INFO] [cbba_node-54]: process started with pid [233694]
[INFO] [rh_node-55]: process started with pid [233695]
[INFO] [rh_node-56]: process started with pid [233706]
[INFO] [rh_node-57]: process started with pid [233722]
[INFO] [rh_node-58]: process started with pid [233724]
[INFO] [rh_node-59]: process started with pid [233726]
[INFO] [rh_node-60]: process started with pid [233734]
[INFO] [rh_node-61]: process started with pid [233746]
[INFO] [rh_node-62]: process started with pid [233753]
[INFO] [rh_node-63]: process started with pid [233760]
[INFO] [rh_node-64]: process started with pid [233765]
[robot_state_publisher-4] [INFO] [1789373429.593654925] [amr_0.robot_state_publisher]: Robot initialized
[create-5] [INFO] [1789373429.607654240] [amr_0_spawner]: Requesting list of world names.
[static_transform_publisher-11] [INFO] [1789373429.757393056] [amr_1_map_to_odom]: Spinning until stopped - publishing transform
[static_transform_publisher-11] translation: ('1.500000', '10.000000', '0.000000')
[static_transform_publisher-11] rotation: ('0.000000', '0.000000', '0.000000', '1.000000')
[static_transform_publisher-11] from 'map' to 'amr_1/odom'
[robot_state_publisher-12] [INFO] [1789373429.746185412] [amr_2.robot_state_publisher]: Robot initialized
[create-13] [INFO] [1789373429.749341071] [amr_2_spawner]: Requesting list of world names.
[parameter_bridge-14] [INFO] [1789373429.665411334] [amr_2_bridge]: Creating ROS->GZ Bridge: [/amr_2/cmd_vel (geometry_msgs/msg/Twist) -> /amr_2/cmd_vel (gz.msgs.Twist)] (Lazy 0)
[parameter_bridge-14] [INFO] [1789373429.687001387] [amr_2_bridge]: Creating GZ->ROS Bridge: [/amr_2/odom (gz.msgs.Odometry) -> /amr_2/odom (nav_msgs/msg/Odometry)] (Lazy 0)
[parameter_bridge-14] [INFO] [1789373429.693864383] [amr_2_bridge]: Creating GZ->ROS Bridge: [/amr_2/scan (gz.msgs.LaserScan) -> /amr_2/scan (sensor_msgs/msg/LaserScan)] (Lazy 0)
[parameter_bridge-14] [INFO] [1789373429.701417463] [amr_2_bridge]: Creating GZ->ROS Bridge: [/amr_2/tf (gz.msgs.Pose_V) -> /amr_2/tf (tf2_msgs/msg/TFMessage)] (Lazy 0)
[parameter_bridge-14] [INFO] [1789373429.708827496] [amr_2_bridge]: Creating GZ->ROS Bridge: [/amr_2/joint_states (gz.msgs.Model) -> /amr_2/joint_states (sensor_msgs/msg/JointState)] (Lazy 0)
[robot_state_publisher-20] [INFO] [1789373429.637827099] [amr_4.robot_state_publisher]: Robot initialized
[static_transform_publisher-31] [INFO] [1789373429.658099662] [amr_6_map_to_odom]: Spinning until stopped - publishing transform
[static_transform_publisher-31] translation: ('30.500000', '10.000000', '0.000000')
[static_transform_publisher-31] rotation: ('0.000000', '0.000000', '1.000000', '0.000001')
[static_transform_publisher-31] from 'map' to 'amr_6/odom'
[robot_state_publisher-8] [INFO] [1789373429.779242774] [amr_1.robot_state_publisher]: Robot initialized
[static_transform_publisher-7] [INFO] [1789373429.952203130] [amr_0_map_to_odom]: Spinning until stopped - publishing transform
[static_transform_publisher-7] translation: ('1.500000', '4.500000', '0.000000')
[static_transform_publisher-7] rotation: ('0.000000', '0.000000', '0.000000', '1.000000')
[static_transform_publisher-7] from 'map' to 'amr_0/odom'
[create-9] [INFO] [1789373430.311405093] [amr_1_spawner]: Requesting list of world names.
[parameter_bridge-10] [INFO] [1789373430.461586440] [amr_1_bridge]: Creating ROS->GZ Bridge: [/amr_1/cmd_vel (geometry_msgs/msg/Twist) -> /amr_1/cmd_vel (gz.msgs.Twist)] (Lazy 0)
[parameter_bridge-10] [INFO] [1789373430.471551447] [amr_1_bridge]: Creating GZ->ROS Bridge: [/amr_1/odom (gz.msgs.Odometry) -> /amr_1/odom (nav_msgs/msg/Odometry)] (Lazy 0)
[parameter_bridge-10] [INFO] [1789373430.515824465] [amr_1_bridge]: Creating GZ->ROS Bridge: [/amr_1/scan (gz.msgs.LaserScan) -> /amr_1/scan (sensor_msgs/msg/LaserScan)] (Lazy 0)
[parameter_bridge-6] [INFO] [1789373430.521733226] [amr_0_bridge]: Creating ROS->GZ Bridge: [/amr_0/cmd_vel (geometry_msgs/msg/Twist) -> /amr_0/cmd_vel (gz.msgs.Twist)] (Lazy 0)
[parameter_bridge-6] [INFO] [1789373430.526545040] [amr_0_bridge]: Creating GZ->ROS Bridge: [/amr_0/odom (gz.msgs.Odometry) -> /amr_0/odom (nav_msgs/msg/Odometry)] (Lazy 0)
[parameter_bridge-6] [INFO] [1789373430.543922689] [amr_0_bridge]: Creating GZ->ROS Bridge: [/amr_0/scan (gz.msgs.LaserScan) -> /amr_0/scan (sensor_msgs/msg/LaserScan)] (Lazy 0)
[parameter_bridge-6] [INFO] [1789373430.555365398] [amr_0_bridge]: Creating GZ->ROS Bridge: [/amr_0/tf (gz.msgs.Pose_V) -> /amr_0/tf (tf2_msgs/msg/TFMessage)] (Lazy 0)
[parameter_bridge-6] [INFO] [1789373430.558121612] [amr_0_bridge]: Creating GZ->ROS Bridge: [/amr_0/joint_states (gz.msgs.Model) -> /amr_0/joint_states (sensor_msgs/msg/JointState)] (Lazy 0)
[parameter_bridge-10] [INFO] [1789373430.570414494] [amr_1_bridge]: Creating GZ->ROS Bridge: [/amr_1/tf (gz.msgs.Pose_V) -> /amr_1/tf (tf2_msgs/msg/TFMessage)] (Lazy 0)
[parameter_bridge-10] [INFO] [1789373430.605446996] [amr_1_bridge]: Creating GZ->ROS Bridge: [/amr_1/joint_states (gz.msgs.Model) -> /amr_1/joint_states (sensor_msgs/msg/JointState)] (Lazy 0)
[robot_state_publisher-16] [INFO] [1789373430.623733273] [amr_3.robot_state_publisher]: Robot initialized
[create-29] [INFO] [1789373430.685637000] [amr_6_spawner]: Requesting list of world names.
[parameter_bridge-42] [INFO] [1789373430.723147701] [amr_9_bridge]: Creating ROS->GZ Bridge: [/amr_9/cmd_vel (geometry_msgs/msg/Twist) -> /amr_9/cmd_vel (gz.msgs.Twist)] (Lazy 0)
[parameter_bridge-42] [INFO] [1789373430.736445375] [amr_9_bridge]: Creating GZ->ROS Bridge: [/amr_9/odom (gz.msgs.Odometry) -> /amr_9/odom (nav_msgs/msg/Odometry)] (Lazy 0)
[parameter_bridge-42] [INFO] [1789373430.750610293] [amr_9_bridge]: Creating GZ->ROS Bridge: [/amr_9/scan (gz.msgs.LaserScan) -> /amr_9/scan (sensor_msgs/msg/LaserScan)] (Lazy 0)
[robot_state_publisher-28] [INFO] [1789373430.780158206] [amr_6.robot_state_publisher]: Robot initialized
[parameter_bridge-42] [INFO] [1789373430.910737097] [amr_9_bridge]: Creating GZ->ROS Bridge: [/amr_9/tf (gz.msgs.Pose_V) -> /amr_9/tf (tf2_msgs/msg/TFMessage)] (Lazy 0)
[parameter_bridge-42] [INFO] [1789373430.932437417] [amr_9_bridge]: Creating GZ->ROS Bridge: [/amr_9/joint_states (gz.msgs.Model) -> /amr_9/joint_states (sensor_msgs/msg/JointState)] (Lazy 0)
[static_transform_publisher-23] [INFO] [1789373431.028701658] [amr_4_map_to_odom]: Spinning until stopped - publishing transform
[static_transform_publisher-23] translation: ('1.500000', '27.500000', '0.000000')
[static_transform_publisher-23] rotation: ('0.000000', '0.000000', '0.000000', '1.000000')
[static_transform_publisher-23] from 'map' to 'amr_4/odom'
[parameter_bridge-2] [INFO] [1789373431.054530932] [clock_bridge]: Creating GZ->ROS Bridge: [/clock (gz.msgs.Clock) -> /clock (rosgraph_msgs/msg/Clock)] (Lazy 0)
[static_transform_publisher-19] [INFO] [1789373431.087487402] [amr_3_map_to_odom]: Spinning until stopped - publishing transform
[static_transform_publisher-19] translation: ('1.500000', '22.000000', '0.000000')
[static_transform_publisher-19] rotation: ('0.000000', '0.000000', '0.000000', '1.000000')
[static_transform_publisher-19] from 'map' to 'amr_3/odom'
[create-21] [INFO] [1789373431.121175513] [amr_4_spawner]: Requesting list of world names.
[robot_state_publisher-32] [INFO] [1789373431.197791070] [amr_7.robot_state_publisher]: Robot initialized
[cbba_node-45] [INFO] [1789373431.380616586] [amr_0.cbba_node]: CBBA Node initialized for amr_0 (bundle cap: 8)
[parameter_bridge-18] [INFO] [1789373431.446407582] [amr_3_bridge]: Creating ROS->GZ Bridge: [/amr_3/cmd_vel (geometry_msgs/msg/Twist) -> /amr_3/cmd_vel (gz.msgs.Twist)] (Lazy 0)
[parameter_bridge-18] [INFO] [1789373431.452423553] [amr_3_bridge]: Creating GZ->ROS Bridge: [/amr_3/odom (gz.msgs.Odometry) -> /amr_3/odom (nav_msgs/msg/Odometry)] (Lazy 0)
[parameter_bridge-26] [INFO] [1789373431.454999267] [amr_5_bridge]: Creating ROS->GZ Bridge: [/amr_5/cmd_vel (geometry_msgs/msg/Twist) -> /amr_5/cmd_vel (gz.msgs.Twist)] (Lazy 0)
[create-25] [INFO] [1789373431.463724928] [amr_5_spawner]: Requesting list of world names.
[create-17] [INFO] [1789373431.466281681] [amr_3_spawner]: Requesting list of world names.
[static_transform_publisher-27] [INFO] [1789373431.472088697] [amr_5_map_to_odom]: Spinning until stopped - publishing transform
[static_transform_publisher-27] translation: ('30.500000', '4.500000', '0.000000')
[static_transform_publisher-27] rotation: ('0.000000', '0.000000', '1.000000', '0.000001')
[static_transform_publisher-27] from 'map' to 'amr_5/odom'
[parameter_bridge-26] [INFO] [1789373431.476484402] [amr_5_bridge]: Creating GZ->ROS Bridge: [/amr_5/odom (gz.msgs.Odometry) -> /amr_5/odom (nav_msgs/msg/Odometry)] (Lazy 0)
[static_transform_publisher-15] [INFO] [1789373431.492746135] [amr_2_map_to_odom]: Spinning until stopped - publishing transform
[static_transform_publisher-15] translation: ('1.500000', '16.000000', '0.000000')
[static_transform_publisher-15] rotation: ('0.000000', '0.000000', '0.000000', '1.000000')
[static_transform_publisher-15] from 'map' to 'amr_2/odom'
[robot_state_publisher-36] [INFO] [1789373431.549390792] [amr_8.robot_state_publisher]: Robot initialized
[parameter_bridge-18] [INFO] [1789373431.591031175] [amr_3_bridge]: Creating GZ->ROS Bridge: [/amr_3/scan (gz.msgs.LaserScan) -> /amr_3/scan (sensor_msgs/msg/LaserScan)] (Lazy 0)
[parameter_bridge-18] [INFO] [1789373431.605281082] [amr_3_bridge]: Creating GZ->ROS Bridge: [/amr_3/tf (gz.msgs.Pose_V) -> /amr_3/tf (tf2_msgs/msg/TFMessage)] (Lazy 0)
[parameter_bridge-34] [INFO] [1789373431.618000067] [amr_7_bridge]: Creating ROS->GZ Bridge: [/amr_7/cmd_vel (geometry_msgs/msg/Twist) -> /amr_7/cmd_vel (gz.msgs.Twist)] (Lazy 0)
[parameter_bridge-34] [INFO] [1789373431.628940013] [amr_7_bridge]: Creating GZ->ROS Bridge: [/amr_7/odom (gz.msgs.Odometry) -> /amr_7/odom (nav_msgs/msg/Odometry)] (Lazy 0)
[parameter_bridge-18] [INFO] [1789373431.636701773] [amr_3_bridge]: Creating GZ->ROS Bridge: [/amr_3/joint_states (gz.msgs.Model) -> /amr_3/joint_states (sensor_msgs/msg/JointState)] (Lazy 0)
[robot_state_publisher-24] [INFO] [1789373431.649405098] [amr_5.robot_state_publisher]: Robot initialized
[parameter_bridge-34] [INFO] [1789373431.683570238] [amr_7_bridge]: Creating GZ->ROS Bridge: [/amr_7/scan (gz.msgs.LaserScan) -> /amr_7/scan (sensor_msgs/msg/LaserScan)] (Lazy 0)
[static_transform_publisher-43] [INFO] [1789373431.684418478] [amr_9_map_to_odom]: Spinning until stopped - publishing transform
[static_transform_publisher-43] translation: ('30.500000', '27.500000', '0.000000')
[static_transform_publisher-43] rotation: ('0.000000', '0.000000', '1.000000', '0.000001')
[static_transform_publisher-43] from 'map' to 'amr_9/odom'
[create-41] [INFO] [1789373431.773911258] [amr_9_spawner]: Requesting list of world names.
[parameter_bridge-34] [INFO] [1789373431.792477568] [amr_7_bridge]: Creating GZ->ROS Bridge: [/amr_7/tf (gz.msgs.Pose_V) -> /amr_7/tf (tf2_msgs/msg/TFMessage)] (Lazy 0)
[static_transform_publisher-35] [INFO] [1789373431.841767638] [amr_7_map_to_odom]: Spinning until stopped - publishing transform
[static_transform_publisher-35] translation: ('30.500000', '16.000000', '0.000000')
[static_transform_publisher-35] rotation: ('0.000000', '0.000000', '1.000000', '0.000001')
[static_transform_publisher-35] from 'map' to 'amr_7/odom'
[parameter_bridge-26] [INFO] [1789373431.854360560] [amr_5_bridge]: Creating GZ->ROS Bridge: [/amr_5/scan (gz.msgs.LaserScan) -> /amr_5/scan (sensor_msgs/msg/LaserScan)] (Lazy 0)
[robot_state_publisher-40] [INFO] [1789373431.888101047] [amr_9.robot_state_publisher]: Robot initialized
[parameter_bridge-22] [INFO] [1789373431.922576363] [amr_4_bridge]: Creating ROS->GZ Bridge: [/amr_4/cmd_vel (geometry_msgs/msg/Twist) -> /amr_4/cmd_vel (gz.msgs.Twist)] (Lazy 0)
[cbba_node-46] [INFO] [1789373431.941185137] [amr_1.cbba_node]: CBBA Node initialized for amr_1 (bundle cap: 8)
[parameter_bridge-26] [INFO] [1789373431.943354080] [amr_5_bridge]: Creating GZ->ROS Bridge: [/amr_5/tf (gz.msgs.Pose_V) -> /amr_5/tf (tf2_msgs/msg/TFMessage)] (Lazy 0)
[static_transform_publisher-39] [INFO] [1789373431.946780904] [amr_8_map_to_odom]: Spinning until stopped - publishing transform
[static_transform_publisher-39] translation: ('30.500000', '22.000000', '0.000000')
[static_transform_publisher-39] rotation: ('0.000000', '0.000000', '1.000000', '0.000001')
[static_transform_publisher-39] from 'map' to 'amr_8/odom'
[create-29] [INFO] [1789373431.950667388] [amr_6_spawner]: Waiting messages on topic [amr_6/robot_description].
[parameter_bridge-22] [INFO] [1789373431.957374913] [amr_4_bridge]: Creating GZ->ROS Bridge: [/amr_4/odom (gz.msgs.Odometry) -> /amr_4/odom (nav_msgs/msg/Odometry)] (Lazy 0)
[create-33] [INFO] [1789373431.964054601] [amr_7_spawner]: Requesting list of world names.
[parameter_bridge-34] [INFO] [1789373431.969026457] [amr_7_bridge]: Creating GZ->ROS Bridge: [/amr_7/joint_states (gz.msgs.Model) -> /amr_7/joint_states (sensor_msgs/msg/JointState)] (Lazy 0)
[create-25] [INFO] [1789373431.974394433] [amr_5_spawner]: Waiting messages on topic [amr_5/robot_description].
[parameter_bridge-26] [INFO] [1789373431.987371826] [amr_5_bridge]: Creating GZ->ROS Bridge: [/amr_5/joint_states (gz.msgs.Model) -> /amr_5/joint_states (sensor_msgs/msg/JointState)] (Lazy 0)
[parameter_bridge-38] [INFO] [1789373432.050153415] [amr_8_bridge]: Creating ROS->GZ Bridge: [/amr_8/cmd_vel (geometry_msgs/msg/Twist) -> /amr_8/cmd_vel (gz.msgs.Twist)] (Lazy 0)
[parameter_bridge-38] [INFO] [1789373432.054932514] [amr_8_bridge]: Creating GZ->ROS Bridge: [/amr_8/odom (gz.msgs.Odometry) -> /amr_8/odom (nav_msgs/msg/Odometry)] (Lazy 0)
[parameter_bridge-38] [INFO] [1789373432.058889714] [amr_8_bridge]: Creating GZ->ROS Bridge: [/amr_8/scan (gz.msgs.LaserScan) -> /amr_8/scan (sensor_msgs/msg/LaserScan)] (Lazy 0)
[parameter_bridge-38] [INFO] [1789373432.064438140] [amr_8_bridge]: Creating GZ->ROS Bridge: [/amr_8/tf (gz.msgs.Pose_V) -> /amr_8/tf (tf2_msgs/msg/TFMessage)] (Lazy 0)
[parameter_bridge-22] [INFO] [1789373432.066959138] [amr_4_bridge]: Creating GZ->ROS Bridge: [/amr_4/scan (gz.msgs.LaserScan) -> /amr_4/scan (sensor_msgs/msg/LaserScan)] (Lazy 0)
[parameter_bridge-38] [INFO] [1789373432.069280004] [amr_8_bridge]: Creating GZ->ROS Bridge: [/amr_8/joint_states (gz.msgs.Model) -> /amr_8/joint_states (sensor_msgs/msg/JointState)] (Lazy 0)
[create-13] [INFO] [1789373432.082984537] [amr_2_spawner]: Waiting messages on topic [amr_2/robot_description].
[parameter_bridge-22] [INFO] [1789373432.110685177] [amr_4_bridge]: Creating GZ->ROS Bridge: [/amr_4/tf (gz.msgs.Pose_V) -> /amr_4/tf (tf2_msgs/msg/TFMessage)] (Lazy 0)
[parameter_bridge-30] [INFO] [1789373432.132883511] [amr_6_bridge]: Creating ROS->GZ Bridge: [/amr_6/cmd_vel (geometry_msgs/msg/Twist) -> /amr_6/cmd_vel (gz.msgs.Twist)] (Lazy 0)
[parameter_bridge-30] [INFO] [1789373432.140078665] [amr_6_bridge]: Creating GZ->ROS Bridge: [/amr_6/odom (gz.msgs.Odometry) -> /amr_6/odom (nav_msgs/msg/Odometry)] (Lazy 0)
[parameter_bridge-30] [INFO] [1789373432.145617026] [amr_6_bridge]: Creating GZ->ROS Bridge: [/amr_6/scan (gz.msgs.LaserScan) -> /amr_6/scan (sensor_msgs/msg/LaserScan)] (Lazy 0)
[parameter_bridge-30] [INFO] [1789373432.155692539] [amr_6_bridge]: Creating GZ->ROS Bridge: [/amr_6/tf (gz.msgs.Pose_V) -> /amr_6/tf (tf2_msgs/msg/TFMessage)] (Lazy 0)
[parameter_bridge-30] [INFO] [1789373432.159329139] [amr_6_bridge]: Creating GZ->ROS Bridge: [/amr_6/joint_states (gz.msgs.Model) -> /amr_6/joint_states (sensor_msgs/msg/JointState)] (Lazy 0)
[parameter_bridge-22] [INFO] [1789373432.163840313] [amr_4_bridge]: Creating GZ->ROS Bridge: [/amr_4/joint_states (gz.msgs.Model) -> /amr_4/joint_states (sensor_msgs/msg/JointState)] (Lazy 0)
[warehouse_visualizer-3] [INFO] [1789373432.265290773] [warehouse_visualizer]: WarehouseVisualizerNode started. Publishing to /warehouse_markers.
[create-21] [INFO] [1789373432.358851922] [amr_4_spawner]: Waiting messages on topic [amr_4/robot_description].
[create-5] [INFO] [1789373432.382927213] [amr_0_spawner]: Waiting messages on topic [amr_0/robot_description].
[create-37] [INFO] [1789373432.387114834] [amr_8_spawner]: Requesting list of world names.
[rh_node-59] [INFO] [1789373432.391739457] [amr_4.rh_node]: [amr_4] Loaded custom grid from /home/raghav/SIH26123AMR/config/maps/warehouse_m9_v2.yaml (64x64)
[create-17] [INFO] [1789373432.491608872] [amr_3_spawner]: Waiting messages on topic [amr_3/robot_description].
[rh_node-56] [INFO] [1789373432.497734163] [amr_1.rh_node]: [amr_1] Loaded custom grid from /home/raghav/SIH26123AMR/config/maps/warehouse_m9_v2.yaml (64x64)
[rh_node-59] [INFO] [1789373432.509870796] [amr_4.rh_node]: Rolling-Horizon Planner initialized for amr_4 (h=10, w=4, heuristic=PRIORITY_FIRST)
[rh_node-58] [INFO] [1789373432.594733507] [amr_3.rh_node]: [amr_3] Loaded custom grid from /home/raghav/SIH26123AMR/config/maps/warehouse_m9_v2.yaml (64x64)
[create-33] [INFO] [1789373432.616402389] [amr_7_spawner]: Waiting messages on topic [amr_7/robot_description].
[rh_node-63] [INFO] [1789373432.634096948] [amr_8.rh_node]: [amr_8] Loaded custom grid from /home/raghav/SIH26123AMR/config/maps/warehouse_m9_v2.yaml (64x64)
[create-37] [INFO] [1789373432.685920205] [amr_8_spawner]: Waiting messages on topic [amr_8/robot_description].
[create-13] [INFO] [1789373432.776419277] [amr_2_spawner]: Entity creation successful.
[create-17] [INFO] [1789373432.776436924] [amr_3_spawner]: Entity creation successful.
[create-41] [INFO] [1789373432.793990175] [amr_9_spawner]: Waiting messages on topic [amr_9/robot_description].
[rh_node-64] [INFO] [1789373432.817323589] [amr_9.rh_node]: [amr_9] Loaded custom grid from /home/raghav/SIH26123AMR/config/maps/warehouse_m9_v2.yaml (64x64)
[create-9] [INFO] [1789373432.822168564] [amr_1_spawner]: Waiting messages on topic [amr_1/robot_description].
[task_manager-44] [INFO] [1789373432.825683262] [amr_task_manager]: Loaded 30 tasks from workload: /home/raghav/SIH26123AMR/config/workloads/workload_30_tasks_m9_v2.yaml
[create-21] [INFO] [1789373432.830087628] [amr_4_spawner]: Entity creation successful.
[create-5] [INFO] [1789373432.862708022] [amr_0_spawner]: Entity creation successful.
[rh_node-62] [INFO] [1789373432.877565217] [amr_7.rh_node]: [amr_7] Loaded custom grid from /home/raghav/SIH26123AMR/config/maps/warehouse_m9_v2.yaml (64x64)
[create-29] [INFO] [1789373432.958844729] [amr_6_spawner]: Waiting messages on topic [amr_6/robot_description].
[create-25] [INFO] [1789373432.974533531] [amr_5_spawner]: Waiting messages on topic [amr_5/robot_description].
[gazebo-1] [1;33mWarning [Utils.cc:132][0m [/sdf/model[@name="amr"]/link[@name="amr_3/base_footprint"]/sensor[@name="amr_3_lidar"]/gz_frame_id:<urdf-string>:L0]: XML Element[gz_frame_id], child of element[sensor], not defined in SDF. Copying[gz_frame_id] as children of [sensor].
[rh_node-63] [INFO] [1789373433.138001302] [amr_8.rh_node]: Rolling-Horizon Planner initialized for amr_8 (h=10, w=4, heuristic=PRIORITY_FIRST)
[gazebo-1] [1;33mWarning [Utils.cc:132][0m [/sdf/model[@name="amr"]/link[@name="amr_2/base_footprint"]/sensor[@name="amr_2_lidar"]/gz_frame_id:<urdf-string>:L0]: XML Element[gz_frame_id], child of element[sensor], not defined in SDF. Copying[gz_frame_id] as children of [sensor].
[task_manager-44] [INFO] [1789373433.139267444] [amr_task_manager]: Task Manager Node initialized.
[cbba_node-53] [INFO] [1789373433.171831444] [amr_8.cbba_node]: CBBA Node initialized for amr_8 (bundle cap: 8)
[create-29] [INFO] [1789373433.205607350] [amr_6_spawner]: Entity creation successful.
[cbba_node-54] [INFO] [1789373433.232781494] [amr_9.cbba_node]: CBBA Node initialized for amr_9 (bundle cap: 8)
[cbba_node-50] [INFO] [1789373433.236378823] [amr_5.cbba_node]: CBBA Node initialized for amr_5 (bundle cap: 8)
[INFO] [create-13]: process has finished cleanly [pid 233303]
[rh_node-58] [INFO] [1789373433.333821530] [amr_3.rh_node]: Rolling-Horizon Planner initialized for amr_3 (h=10, w=4, heuristic=PRIORITY_FIRST)
[INFO] [create-5]: process has finished cleanly [pid 233295]
[INFO] [create-17]: process has finished cleanly [pid 233307]
[gazebo-1] [1;33mWarning [Utils.cc:132][0m [/sdf/model[@name="amr"]/link[@name="amr_4/base_footprint"]/sensor[@name="amr_4_lidar"]/gz_frame_id:<urdf-string>:L0]: XML Element[gz_frame_id], child of element[sensor], not defined in SDF. Copying[gz_frame_id] as children of [sensor].
[rh_node-55] [INFO] [1789373433.402821897] [amr_0.rh_node]: [amr_0] Loaded custom grid from /home/raghav/SIH26123AMR/config/maps/warehouse_m9_v2.yaml (64x64)
[rh_node-61] [INFO] [1789373433.422680211] [amr_6.rh_node]: [amr_6] Loaded custom grid from /home/raghav/SIH26123AMR/config/maps/warehouse_m9_v2.yaml (64x64)
[create-33] [INFO] [1789373433.426758477] [amr_7_spawner]: Entity creation successful.
[rh_node-60] [INFO] [1789373433.430396801] [amr_5.rh_node]: [amr_5] Loaded custom grid from /home/raghav/SIH26123AMR/config/maps/warehouse_m9_v2.yaml (64x64)
[rh_node-64] [INFO] [1789373433.464750801] [amr_9.rh_node]: Rolling-Horizon Planner initialized for amr_9 (h=10, w=4, heuristic=PRIORITY_FIRST)
[rh_node-56] [INFO] [1789373433.467926131] [amr_1.rh_node]: Rolling-Horizon Planner initialized for amr_1 (h=10, w=4, heuristic=PRIORITY_FIRST)
[gazebo-1] [1;33mWarning [Utils.cc:132][0m [/sdf/model[@name="amr"]/link[@name="amr_0/base_footprint"]/sensor[@name="amr_0_lidar"]/gz_frame_id:<urdf-string>:L0]: XML Element[gz_frame_id], child of element[sensor], not defined in SDF. Copying[gz_frame_id] as children of [sensor].
[gazebo-1] [1;33mWarning [Utils.cc:132][0m [/sdf/model[@name="amr"]/link[@name="amr_6/base_footprint"]/sensor[@name="amr_6_lidar"]/gz_frame_id:<urdf-string>:L0]: XML Element[gz_frame_id], child of element[sensor], not defined in SDF. Copying[gz_frame_id] as children of [sensor].
[INFO] [create-29]: process has finished cleanly [pid 233414]
[INFO] [create-33]: process has finished cleanly [pid 233450]
[create-37] [INFO] [1789373433.678763766] [amr_8_spawner]: Entity creation successful.
[create-9] [INFO] [1789373433.680137749] [amr_1_spawner]: Entity creation successful.
[INFO] [create-21]: process has finished cleanly [pid 233316]
[create-41] [INFO] [1789373433.799857418] [amr_9_spawner]: Waiting messages on topic [amr_9/robot_description].
[rh_node-60] [INFO] [1789373433.817314128] [amr_5.rh_node]: Rolling-Horizon Planner initialized for amr_5 (h=10, w=4, heuristic=PRIORITY_FIRST)
[create-25] [INFO] [1789373433.831547629] [amr_5_spawner]: Entity creation successful.
[gazebo-1] [1;33mWarning [Utils.cc:132][0m [/sdf/model[@name="amr"]/link[@name="amr_7/base_footprint"]/sensor[@name="amr_7_lidar"]/gz_frame_id:<urdf-string>:L0]: XML Element[gz_frame_id], child of element[sensor], not defined in SDF. Copying[gz_frame_id] as children of [sensor].
[INFO] [create-37]: process has finished cleanly [pid 233490]
[gazebo-1] [1;33mWarning [Utils.cc:132][0m [/sdf/model[@name="amr"]/link[@name="amr_8/base_footprint"]/sensor[@name="amr_8_lidar"]/gz_frame_id:<urdf-string>:L0]: XML Element[gz_frame_id], child of element[sensor], not defined in SDF. Copying[gz_frame_id] as children of [sensor].
[cbba_node-51] [INFO] [1789373433.956265059] [amr_6.cbba_node]: CBBA Node initialized for amr_6 (bundle cap: 8)
[cbba_node-49] [INFO] [1789373433.978103031] [amr_4.cbba_node]: CBBA Node initialized for amr_4 (bundle cap: 8)
[gazebo-1] [1;33mWarning [Utils.cc:132][0m [/sdf/model[@name="amr"]/link[@name="amr_1/base_footprint"]/sensor[@name="amr_1_lidar"]/gz_frame_id:<urdf-string>:L0]: XML Element[gz_frame_id], child of element[sensor], not defined in SDF. Copying[gz_frame_id] as children of [sensor].
[rh_node-59] [INFO] [1789373434.027875756] [amr_4.rh_node]: [amr_4] Adaptive Compute Mode switched to COMPUTE_MODE_LOW: HOST_CPU_SATURATION (trigger: cpu_utilization_pct=97.40, thresh=85.00)
[rh_node-61] [INFO] [1789373434.081380813] [amr_6.rh_node]: Rolling-Horizon Planner initialized for amr_6 (h=10, w=4, heuristic=PRIORITY_FIRST)
[rh_node-55] [INFO] [1789373434.106679605] [amr_0.rh_node]: Rolling-Horizon Planner initialized for amr_0 (h=10, w=4, heuristic=PRIORITY_FIRST)
[cbba_node-52] [INFO] [1789373434.118673176] [amr_7.cbba_node]: CBBA Node initialized for amr_7 (bundle cap: 8)
[INFO] [create-9]: process has finished cleanly [pid 233299]
[INFO] [create-25]: process has finished cleanly [pid 233364]
[cbba_node-47] [INFO] [1789373434.199577487] [amr_2.cbba_node]: CBBA Node initialized for amr_2 (bundle cap: 8)
[gazebo-1] [1;33mWarning [Utils.cc:132][0m [/sdf/model[@name="amr"]/link[@name="amr_5/base_footprint"]/sensor[@name="amr_5_lidar"]/gz_frame_id:<urdf-string>:L0]: XML Element[gz_frame_id], child of element[sensor], not defined in SDF. Copying[gz_frame_id] as children of [sensor].
[parameter_bridge-38] [INFO] [1789373434.299025192] [amr_8_bridge]: Passing message from ROS geometry_msgs/msg/Twist to Gazebo gz.msgs.Twist (showing msg only once per type)
[rh_node-57] [INFO] [1789373434.378496917] [amr_2.rh_node]: [amr_2] Loaded custom grid from /home/raghav/SIH26123AMR/config/maps/warehouse_m9_v2.yaml (64x64)
[cbba_node-48] [INFO] [1789373434.436069123] [amr_3.cbba_node]: CBBA Node initialized for amr_3 (bundle cap: 8)
[rh_node-62] [INFO] [1789373434.497374002] [amr_7.rh_node]: Rolling-Horizon Planner initialized for amr_7 (h=10, w=4, heuristic=PRIORITY_FIRST)
[rh_node-63] [INFO] [1789373434.642836202] [amr_8.rh_node]: [amr_8] Reached pickup for task 'task_m9_v2_w30_0002'. Moving to dropoff.
[rh_node-63] [INFO] [1789373434.661250258] [amr_8.rh_node]: [amr_8] Adaptive Compute Mode switched to COMPUTE_MODE_LOW: HOST_CPU_SATURATION (trigger: cpu_utilization_pct=97.70, thresh=85.00)
[task_manager-44] [INFO] [1789373434.670068644] [amr_task_manager]: Task 'task_m9_v2_w30_0002' transitioned to IN_PROGRESS
[create-41] [INFO] [1789373434.801174958] [amr_9_spawner]: Waiting messages on topic [amr_9/robot_description].
[rh_node-58] [INFO] [1789373434.847629057] [amr_3.rh_node]: [amr_3] Adaptive Compute Mode switched to COMPUTE_MODE_LOW: HOST_CPU_SATURATION (trigger: cpu_utilization_pct=97.70, thresh=85.00)
[cbba_node-48] [INFO] [1789373434.856609016] [amr_3.cbba_node]: [amr_3] CBBA consensus rate updated to 2.0 Hz (COMPUTE_MODE_LOW)
[rh_node-56] [INFO] [1789373434.975590805] [amr_1.rh_node]: [amr_1] Adaptive Compute Mode switched to COMPUTE_MODE_LOW: HOST_CPU_SATURATION (trigger: cpu_utilization_pct=97.80, thresh=85.00)
[cbba_node-46] [INFO] [1789373434.980473820] [amr_1.cbba_node]: [amr_1] CBBA consensus rate updated to 2.0 Hz (COMPUTE_MODE_LOW)
[rh_node-64] [INFO] [1789373434.980891982] [amr_9.rh_node]: [amr_9] Adaptive Compute Mode switched to COMPUTE_MODE_LOW: HOST_CPU_SATURATION (trigger: cpu_utilization_pct=98.00, thresh=85.00)
[create-41] [INFO] [1789373435.004230647] [amr_9_spawner]: Entity creation successful.
[cbba_node-53] [INFO] [1789373435.014198540] [amr_8.cbba_node]: [amr_8] CBBA consensus rate updated to 2.0 Hz (COMPUTE_MODE_LOW)
[cbba_node-54] [INFO] [1789373435.036225459] [amr_9.cbba_node]: [amr_9] CBBA consensus rate updated to 2.0 Hz (COMPUTE_MODE_LOW)
[rh_node-57] [INFO] [1789373435.094147978] [amr_2.rh_node]: Rolling-Horizon Planner initialized for amr_2 (h=10, w=4, heuristic=PRIORITY_FIRST)
[parameter_bridge-42] [INFO] [1789373435.157074998] [amr_9_bridge]: Passing message from ROS geometry_msgs/msg/Twist to Gazebo gz.msgs.Twist (showing msg only once per type)
[gazebo-1] [1;33mWarning [Utils.cc:132][0m [/sdf/model[@name="amr"]/link[@name="amr_9/base_footprint"]/sensor[@name="amr_9_lidar"]/gz_frame_id:<urdf-string>:L0]: XML Element[gz_frame_id], child of element[sensor], not defined in SDF. Copying[gz_frame_id] as children of [sensor].
[parameter_bridge-6] [INFO] [1789373435.197562144] [amr_0_bridge]: Passing message from ROS geometry_msgs/msg/Twist to Gazebo gz.msgs.Twist (showing msg only once per type)
[cbba_node-50] [INFO] [1789373435.314876864] [amr_5.cbba_node]: [amr_5] CBBA consensus rate updated to 2.0 Hz (COMPUTE_MODE_LOW)
[rh_node-60] [INFO] [1789373435.317304781] [amr_5.rh_node]: [amr_5] Adaptive Compute Mode switched to COMPUTE_MODE_LOW: HOST_CPU_SATURATION (trigger: cpu_utilization_pct=98.20, thresh=85.00)
[INFO] [create-41]: process has finished cleanly [pid 233537]
[parameter_bridge-30] [INFO] [1789373435.380051198] [amr_6_bridge]: Passing message from ROS geometry_msgs/msg/Twist to Gazebo gz.msgs.Twist (showing msg only once per type)
[parameter_bridge-26] [INFO] [1789373435.407132930] [amr_5_bridge]: Passing message from ROS geometry_msgs/msg/Twist to Gazebo gz.msgs.Twist (showing msg only once per type)
[parameter_bridge-10] [INFO] [1789373435.569340990] [amr_1_bridge]: Passing message from ROS geometry_msgs/msg/Twist to Gazebo gz.msgs.Twist (showing msg only once per type)
[cbba_node-51] [INFO] [1789373435.583845833] [amr_6.cbba_node]: [amr_6] CBBA consensus rate updated to 2.0 Hz (COMPUTE_MODE_LOW)
[rh_node-61] [INFO] [1789373435.586608094] [amr_6.rh_node]: [amr_6] Adaptive Compute Mode switched to COMPUTE_MODE_LOW: HOST_CPU_SATURATION (trigger: cpu_utilization_pct=98.00, thresh=85.00)
[rh_node-55] [INFO] [1789373435.598768459] [amr_0.rh_node]: [amr_0] Adaptive Compute Mode switched to COMPUTE_MODE_LOW: HOST_CPU_SATURATION (trigger: cpu_utilization_pct=98.10, thresh=85.00)
[cbba_node-45] [INFO] [1789373435.598842336] [amr_0.cbba_node]: [amr_0] CBBA consensus rate updated to 2.0 Hz (COMPUTE_MODE_LOW)
[parameter_bridge-14] [INFO] [1789373435.684046485] [amr_2_bridge]: Passing message from ROS geometry_msgs/msg/Twist to Gazebo gz.msgs.Twist (showing msg only once per type)
[parameter_bridge-18] [INFO] [1789373435.731915499] [amr_3_bridge]: Passing message from ROS geometry_msgs/msg/Twist to Gazebo gz.msgs.Twist (showing msg only once per type)
[parameter_bridge-34] [INFO] [1789373435.833601070] [amr_7_bridge]: Passing message from ROS geometry_msgs/msg/Twist to Gazebo gz.msgs.Twist (showing msg only once per type)
[parameter_bridge-22] [INFO] [1789373437.115879234] [amr_4_bridge]: Passing message from ROS geometry_msgs/msg/Twist to Gazebo gz.msgs.Twist (showing msg only once per type)
[rh_node-63] [INFO] [1789373437.660603784] [amr_8.rh_node]: [amr_8] Reached pickup for task 'task_m9_v2_w30_0027'. Moving to dropoff.
[task_manager-44] [INFO] [1789373437.663006416] [amr_task_manager]: Task 'task_m9_v2_w30_0027' transitioned to IN_PROGRESS
[cbba_node-49] [INFO] [1789373439.028220400] [amr_4.cbba_node]: [amr_4] CBBA consensus rate updated to 5.0 Hz (COMPUTE_MODE_NORMAL)
[rh_node-59] [INFO] [1789373439.028173652] [amr_4.rh_node]: [amr_4] Adaptive Compute Mode switched to COMPUTE_MODE_NORMAL: COMMUNICATION_AND_CPU_RECOVERED_TO_NOMINAL (trigger: comm_and_cpu_recovered=0.00, thresh=0.80)
[cbba_node-53] [INFO] [1789373439.663245020] [amr_8.cbba_node]: [amr_8] CBBA consensus rate updated to 5.0 Hz (COMPUTE_MODE_NORMAL)
[rh_node-63] [INFO] [1789373439.663515749] [amr_8.rh_node]: [amr_8] Adaptive Compute Mode switched to COMPUTE_MODE_NORMAL: COMMUNICATION_AND_CPU_RECOVERED_TO_NOMINAL (trigger: comm_and_cpu_recovered=0.00, thresh=0.80)
[rh_node-58] [INFO] [1789373439.847278514] [amr_3.rh_node]: [amr_3] Reached pickup for task 'task_m9_v2_w30_0004'. Moving to dropoff.
[task_manager-44] [INFO] [1789373439.848547308] [amr_task_manager]: Task 'task_m9_v2_w30_0004' transitioned to IN_PROGRESS
[cbba_node-48] [INFO] [1789373439.851538545] [amr_3.cbba_node]: [amr_3] CBBA consensus rate updated to 5.0 Hz (COMPUTE_MODE_NORMAL)
[rh_node-58] [INFO] [1789373439.851909045] [amr_3.rh_node]: [amr_3] Adaptive Compute Mode switched to COMPUTE_MODE_NORMAL: COMMUNICATION_AND_CPU_RECOVERED_TO_NOMINAL (trigger: comm_and_cpu_recovered=0.00, thresh=0.80)
[cbba_node-54] [INFO] [1789373439.970030032] [amr_9.cbba_node]: [amr_9] CBBA consensus rate updated to 5.0 Hz (COMPUTE_MODE_NORMAL)
[rh_node-64] [INFO] [1789373439.970604413] [amr_9.rh_node]: [amr_9] Adaptive Compute Mode switched to COMPUTE_MODE_NORMAL: COMMUNICATION_AND_CPU_RECOVERED_TO_NOMINAL (trigger: comm_and_cpu_recovered=0.00, thresh=0.80)
[cbba_node-46] [INFO] [1789373439.977575753] [amr_1.cbba_node]: [amr_1] CBBA consensus rate updated to 5.0 Hz (COMPUTE_MODE_NORMAL)
[rh_node-56] [INFO] [1789373439.978981659] [amr_1.rh_node]: [amr_1] Adaptive Compute Mode switched to COMPUTE_MODE_NORMAL: COMMUNICATION_AND_CPU_RECOVERED_TO_NOMINAL (trigger: comm_and_cpu_recovered=0.00, thresh=0.80)
[rh_node-60] [INFO] [1789373440.312493951] [amr_5.rh_node]: [amr_5] Adaptive Compute Mode switched to COMPUTE_MODE_NORMAL: COMMUNICATION_AND_CPU_RECOVERED_TO_NOMINAL (trigger: comm_and_cpu_recovered=0.00, thresh=0.80)
[cbba_node-50] [INFO] [1789373440.312595333] [amr_5.cbba_node]: [amr_5] CBBA consensus rate updated to 5.0 Hz (COMPUTE_MODE_NORMAL)
[rh_node-58] [INFO] [1789373440.350261049] [amr_3.rh_node]: [amr_3] Reached pickup for task 'task_m9_v2_w30_0004'. Moving to dropoff.
[rh_node-61] [INFO] [1789373440.582507764] [amr_6.rh_node]: [amr_6] Reached pickup for task 'task_m9_v2_w30_0016'. Moving to dropoff.
[task_manager-44] [INFO] [1789373440.584061188] [amr_task_manager]: Task 'task_m9_v2_w30_0016' transitioned to IN_PROGRESS
[cbba_node-51] [INFO] [1789373440.585503393] [amr_6.cbba_node]: [amr_6] CBBA consensus rate updated to 5.0 Hz (COMPUTE_MODE_NORMAL)
[rh_node-61] [INFO] [1789373440.585647094] [amr_6.rh_node]: [amr_6] Adaptive Compute Mode switched to COMPUTE_MODE_NORMAL: COMMUNICATION_AND_CPU_RECOVERED_TO_NOMINAL (trigger: comm_and_cpu_recovered=0.00, thresh=0.80)
[rh_node-55] [INFO] [1789373440.599584083] [amr_0.rh_node]: [amr_0] Adaptive Compute Mode switched to COMPUTE_MODE_NORMAL: COMMUNICATION_AND_CPU_RECOVERED_TO_NOMINAL (trigger: comm_and_cpu_recovered=0.00, thresh=0.80)
[cbba_node-45] [INFO] [1789373440.601956364] [amr_0.cbba_node]: [amr_0] CBBA consensus rate updated to 5.0 Hz (COMPUTE_MODE_NORMAL)
[rh_node-61] [INFO] [1789373441.585438313] [amr_6.rh_node]: [amr_6] Reached pickup for task 'task_m9_v2_w30_0016'. Moving to dropoff.
[task_manager-44] [INFO] [1789373442.475581866] [amr_task_manager]: Task 'task_m9_v2_w30_0008' transitioned to ASSIGNED
[cbba_node-52] [INFO] [1789373442.475600511] [amr_7.cbba_node]: Committed task task_m9_v2_w30_0008 assignment to amr_7
[cbba_node-52] [INFO] [1789373442.476181723] [amr_7.cbba_node]: Committed task task_m9_v2_w30_0018 assignment to amr_7
[cbba_node-52] [INFO] [1789373442.476718009] [amr_7.cbba_node]: Committed task task_m9_v2_w30_0029 assignment to amr_7
[task_manager-44] [INFO] [1789373442.477720479] [amr_task_manager]: Task 'task_m9_v2_w30_0018' transitioned to ASSIGNED
[task_manager-44] [INFO] [1789373442.478599993] [amr_task_manager]: Task 'task_m9_v2_w30_0029' transitioned to ASSIGNED
[cbba_node-50] [INFO] [1789373442.513684600] [amr_5.cbba_node]: Committed task task_m9_v2_w30_0006 assignment to amr_5
[cbba_node-50] [INFO] [1789373442.514218576] [amr_5.cbba_node]: Committed task task_m9_v2_w30_0015 assignment to amr_5
[task_manager-44] [INFO] [1789373442.514340016] [amr_task_manager]: Task 'task_m9_v2_w30_0006' transitioned to ASSIGNED
[cbba_node-50] [INFO] [1789373442.514812190] [amr_5.cbba_node]: Committed task task_m9_v2_w30_0026 assignment to amr_5
[task_manager-44] [INFO] [1789373442.515027840] [amr_task_manager]: Task 'task_m9_v2_w30_0015' transitioned to ASSIGNED
[task_manager-44] [INFO] [1789373442.515600078] [amr_task_manager]: Task 'task_m9_v2_w30_0026' transitioned to ASSIGNED
[task_manager-44] [INFO] [1789373442.551427250] [amr_task_manager]: Task 'task_m9_v2_w30_0003' transitioned to ASSIGNED
[cbba_node-47] [INFO] [1789373442.551747753] [amr_2.cbba_node]: Committed task task_m9_v2_w30_0003 assignment to amr_2
[cbba_node-47] [INFO] [1789373442.552637976] [amr_2.cbba_node]: Committed task task_m9_v2_w30_0012 assignment to amr_2
[task_manager-44] [INFO] [1789373442.552731802] [amr_task_manager]: Task 'task_m9_v2_w30_0012' transitioned to ASSIGNED
[task_manager-44] [INFO] [1789373442.553289919] [amr_task_manager]: Task 'task_m9_v2_w30_0023' transitioned to ASSIGNED
[cbba_node-47] [INFO] [1789373442.553407708] [amr_2.cbba_node]: Committed task task_m9_v2_w30_0023 assignment to amr_2
[cbba_node-54] [INFO] [1789373442.571180874] [amr_9.cbba_node]: Committed task task_m9_v2_w30_0002 assignment to amr_9
[cbba_node-54] [INFO] [1789373442.571721392] [amr_9.cbba_node]: Committed task task_m9_v2_w30_0020 assignment to amr_9
[task_manager-44] [ERROR] [1789373442.571907252] [amr_task_manager]: Rejected transition for task 'task_m9_v2_w30_0002': Invalid task transition from IN_PROGRESS to ASSIGNED for task 'task_m9_v2_w30_0002'
[task_manager-44] [INFO] [1789373442.572602156] [amr_task_manager]: Task 'task_m9_v2_w30_0020' transitioned to ASSIGNED
[cbba_node-46] [INFO] [1789373442.578910835] [amr_1.cbba_node]: Committed task task_m9_v2_w30_0001 assignment to amr_1
[task_manager-44] [INFO] [1789373442.578917674] [amr_task_manager]: Task 'task_m9_v2_w30_0001' transitioned to ASSIGNED
[cbba_node-46] [INFO] [1789373442.579710662] [amr_1.cbba_node]: Committed task task_m9_v2_w30_0011 assignment to amr_1
[task_manager-44] [INFO] [1789373442.580235336] [amr_task_manager]: Task 'task_m9_v2_w30_0011' transitioned to ASSIGNED
[cbba_node-46] [INFO] [1789373442.580622571] [amr_1.cbba_node]: Committed task task_m9_v2_w30_0022 assignment to amr_1
[task_manager-44] [INFO] [1789373442.581341967] [amr_task_manager]: Task 'task_m9_v2_w30_0022' transitioned to ASSIGNED
[cbba_node-51] [INFO] [1789373442.586839615] [amr_6.cbba_node]: Committed task task_m9_v2_w30_0007 assignment to amr_6
[task_manager-44] [INFO] [1789373442.587083875] [amr_task_manager]: Task 'task_m9_v2_w30_0007' transitioned to ASSIGNED
[cbba_node-51] [INFO] [1789373442.587592243] [amr_6.cbba_node]: Committed task task_m9_v2_w30_0016 assignment to amr_6
[task_manager-44] [ERROR] [1789373442.587900648] [amr_task_manager]: Rejected transition for task 'task_m9_v2_w30_0016': Invalid task transition from IN_PROGRESS to ASSIGNED for task 'task_m9_v2_w30_0016'
[task_manager-44] [INFO] [1789373442.588665214] [amr_task_manager]: Task 'task_m9_v2_w30_0028' transitioned to ASSIGNED
[cbba_node-51] [INFO] [1789373442.589978786] [amr_6.cbba_node]: Committed task task_m9_v2_w30_0028 assignment to amr_6
[task_manager-44] [INFO] [1789373442.604124775] [amr_task_manager]: Task 'task_m9_v2_w30_0017' transitioned to ASSIGNED
[cbba_node-45] [INFO] [1789373442.604232661] [amr_0.cbba_node]: Committed task task_m9_v2_w30_0017 assignment to amr_0
[cbba_node-45] [INFO] [1789373442.604866450] [amr_0.cbba_node]: Committed task task_m9_v2_w30_0010 assignment to amr_0
[task_manager-44] [INFO] [1789373442.605042345] [amr_task_manager]: Task 'task_m9_v2_w30_0010' transitioned to ASSIGNED
[cbba_node-45] [INFO] [1789373442.605355729] [amr_0.cbba_node]: Committed task task_m9_v2_w30_0021 assignment to amr_0
[task_manager-44] [INFO] [1789373442.605709517] [amr_task_manager]: Task 'task_m9_v2_w30_0021' transitioned to ASSIGNED
[cbba_node-49] [INFO] [1789373442.629285798] [amr_4.cbba_node]: Committed task task_m9_v2_w30_0005 assignment to amr_4
[task_manager-44] [INFO] [1789373442.629508014] [amr_task_manager]: Task 'task_m9_v2_w30_0005' transitioned to ASSIGNED
[cbba_node-49] [INFO] [1789373442.629871741] [amr_4.cbba_node]: Committed task task_m9_v2_w30_0014 assignment to amr_4
[task_manager-44] [INFO] [1789373442.630218183] [amr_task_manager]: Task 'task_m9_v2_w30_0014' transitioned to ASSIGNED
[cbba_node-49] [INFO] [1789373442.630359500] [amr_4.cbba_node]: Committed task task_m9_v2_w30_0025 assignment to amr_4
[task_manager-44] [INFO] [1789373442.631352007] [amr_task_manager]: Task 'task_m9_v2_w30_0025' transitioned to ASSIGNED
[cbba_node-48] [INFO] [1789373442.652243725] [amr_3.cbba_node]: Committed task task_m9_v2_w30_0004 assignment to amr_3
[task_manager-44] [ERROR] [1789373442.652510201] [amr_task_manager]: Rejected transition for task 'task_m9_v2_w30_0004': Invalid task transition from IN_PROGRESS to ASSIGNED for task 'task_m9_v2_w30_0004'
[cbba_node-48] [INFO] [1789373442.652993486] [amr_3.cbba_node]: Committed task task_m9_v2_w30_0013 assignment to amr_3
[task_manager-44] [INFO] [1789373442.653330209] [amr_task_manager]: Task 'task_m9_v2_w30_0013' transitioned to ASSIGNED
[cbba_node-48] [INFO] [1789373442.653851884] [amr_3.cbba_node]: Committed task task_m9_v2_w30_0024 assignment to amr_3
[task_manager-44] [INFO] [1789373442.653901790] [amr_task_manager]: Task 'task_m9_v2_w30_0024' transitioned to ASSIGNED
[cbba_node-53] [INFO] [1789373442.664358365] [amr_8.cbba_node]: Committed task task_m9_v2_w30_0009 assignment to amr_8
[cbba_node-53] [INFO] [1789373442.665062561] [amr_8.cbba_node]: Committed task task_m9_v2_w30_0019 assignment to amr_8
[task_manager-44] [INFO] [1789373442.665769061] [amr_task_manager]: Task 'task_m9_v2_w30_0009' transitioned to ASSIGNED
[cbba_node-53] [INFO] [1789373442.665805681] [amr_8.cbba_node]: Committed task task_m9_v2_w30_0030 assignment to amr_8
[task_manager-44] [INFO] [1789373442.666670134] [amr_task_manager]: Task 'task_m9_v2_w30_0019' transitioned to ASSIGNED
[task_manager-44] [INFO] [1789373442.668186475] [amr_task_manager]: Task 'task_m9_v2_w30_0030' transitioned to ASSIGNED
[rh_node-58] [INFO] [1789373445.350599663] [amr_3.rh_node]: [amr_3] Reached pickup for task 'task_m9_v2_w30_0004'. Moving to dropoff.
[rh_node-59] [INFO] [1789373469.528074553] [amr_4.rh_node]: [amr_4] Reached pickup for task 'task_m9_v2_w30_0025'. Moving to dropoff.
[task_manager-44] [INFO] [1789373469.529654730] [amr_task_manager]: Task 'task_m9_v2_w30_0025' transitioned to IN_PROGRESS
[rh_node-63] [INFO] [1789373470.164915605] [amr_8.rh_node]: [amr_8] Pruned expired reservations for peers: ['amr_0']
[rh_node-60] [INFO] [1789373470.313020487] [amr_5.rh_node]: [amr_5] Pruned expired reservations for peers: ['amr_0']
[rh_node-58] [INFO] [1789373470.352909736] [amr_3.rh_node]: [amr_3] Pruned expired reservations for peers: ['amr_0']
[rh_node-62] [INFO] [1789373470.462231490] [amr_7.rh_node]: [amr_7] Pruned expired reservations for peers: ['amr_0']
[rh_node-64] [INFO] [1789373470.471106502] [amr_9.rh_node]: [amr_9] Pruned expired reservations for peers: ['amr_0']
[rh_node-56] [INFO] [1789373470.479312308] [amr_1.rh_node]: [amr_1] Pruned expired reservations for peers: ['amr_0']
[rh_node-59] [INFO] [1789373470.530066494] [amr_4.rh_node]: [amr_4] Pruned expired reservations for peers: ['amr_0']
[rh_node-57] [INFO] [1789373470.585505362] [amr_2.rh_node]: [amr_2] Pruned expired reservations for peers: ['amr_0']
[rh_node-61] [INFO] [1789373470.586880129] [amr_6.rh_node]: [amr_6] Pruned expired reservations for peers: ['amr_0']
[rh_node-63] [INFO] [1789373470.664650651] [amr_8.rh_node]: [amr_8] Pruned expired reservations for peers: ['amr_0']
[rh_node-60] [INFO] [1789373470.813820206] [amr_5.rh_node]: [amr_5] Pruned expired reservations for peers: ['amr_0']
[rh_node-58] [INFO] [1789373470.850914418] [amr_3.rh_node]: [amr_3] Pruned expired reservations for peers: ['amr_0']
[rh_node-62] [INFO] [1789373470.963118502] [amr_7.rh_node]: [amr_7] Pruned expired reservations for peers: ['amr_0']
[rh_node-64] [INFO] [1789373470.970669722] [amr_9.rh_node]: [amr_9] Pruned expired reservations for peers: ['amr_0']
[rh_node-56] [INFO] [1789373470.979647299] [amr_1.rh_node]: [amr_1] Pruned expired reservations for peers: ['amr_0']
[rh_node-59] [INFO] [1789373471.031698162] [amr_4.rh_node]: [amr_4] Pruned expired reservations for peers: ['amr_0']
[rh_node-57] [INFO] [1789373471.085201614] [amr_2.rh_node]: [amr_2] Pruned expired reservations for peers: ['amr_0']
[rh_node-61] [INFO] [1789373471.086950639] [amr_6.rh_node]: [amr_6] Pruned expired reservations for peers: ['amr_0']
[rh_node-63] [INFO] [1789373471.164278004] [amr_8.rh_node]: [amr_8] Pruned expired reservations for peers: ['amr_0']
[rh_node-60] [INFO] [1789373471.313311650] [amr_5.rh_node]: [amr_5] Pruned expired reservations for peers: ['amr_0']
[rh_node-58] [INFO] [1789373471.351822820] [amr_3.rh_node]: [amr_3] Pruned expired reservations for peers: ['amr_0']
[rh_node-62] [INFO] [1789373471.463222240] [amr_7.rh_node]: [amr_7] Pruned expired reservations for peers: ['amr_0']
[rh_node-64] [INFO] [1789373471.471554084] [amr_9.rh_node]: [amr_9] Pruned expired reservations for peers: ['amr_0']
[rh_node-56] [INFO] [1789373471.479676589] [amr_1.rh_node]: [amr_1] Pruned expired reservations for peers: ['amr_0']
[rh_node-59] [INFO] [1789373471.530212844] [amr_4.rh_node]: [amr_4] Pruned expired reservations for peers: ['amr_0']
[rh_node-57] [INFO] [1789373471.585739271] [amr_2.rh_node]: [amr_2] Pruned expired reservations for peers: ['amr_0']
[rh_node-61] [INFO] [1789373471.587314125] [amr_6.rh_node]: [amr_6] Pruned expired reservations for peers: ['amr_0']
[rh_node-63] [INFO] [1789373471.664146828] [amr_8.rh_node]: [amr_8] Pruned expired reservations for peers: ['amr_0']
[rh_node-60] [INFO] [1789373471.813044630] [amr_5.rh_node]: [amr_5] Pruned expired reservations for peers: ['amr_0']
[rh_node-58] [INFO] [1789373471.851502466] [amr_3.rh_node]: [amr_3] Pruned expired reservations for peers: ['amr_0']
[rh_node-62] [INFO] [1789373471.962839834] [amr_7.rh_node]: [amr_7] Pruned expired reservations for peers: ['amr_0']
[rh_node-64] [INFO] [1789373471.971051011] [amr_9.rh_node]: [amr_9] Pruned expired reservations for peers: ['amr_0']
[rh_node-56] [INFO] [1789373471.980583840] [amr_1.rh_node]: [amr_1] Pruned expired reservations for peers: ['amr_0']
[rh_node-59] [INFO] [1789373472.029219726] [amr_4.rh_node]: [amr_4] Pruned expired reservations for peers: ['amr_0']
[rh_node-57] [INFO] [1789373472.084910660] [amr_2.rh_node]: [amr_2] Pruned expired reservations for peers: ['amr_0']
[rh_node-61] [INFO] [1789373472.086820153] [amr_6.rh_node]: [amr_6] Pruned expired reservations for peers: ['amr_0']
[rh_node-63] [INFO] [1789373472.164129899] [amr_8.rh_node]: [amr_8] Pruned expired reservations for peers: ['amr_0']
[rh_node-60] [INFO] [1789373472.312885544] [amr_5.rh_node]: [amr_5] Pruned expired reservations for peers: ['amr_0']
[rh_node-58] [INFO] [1789373472.352771922] [amr_3.rh_node]: [amr_3] Pruned expired reservations for peers: ['amr_0']
[rh_node-62] [INFO] [1789373472.462881266] [amr_7.rh_node]: [amr_7] Pruned expired reservations for peers: ['amr_0']
[rh_node-64] [INFO] [1789373472.471472738] [amr_9.rh_node]: [amr_9] Pruned expired reservations for peers: ['amr_0']
[rh_node-56] [INFO] [1789373472.479703482] [amr_1.rh_node]: [amr_1] Pruned expired reservations for peers: ['amr_0']
[rh_node-59] [INFO] [1789373472.530005608] [amr_4.rh_node]: [amr_4] Pruned expired reservations for peers: ['amr_0']
[rh_node-57] [INFO] [1789373472.584959403] [amr_2.rh_node]: [amr_2] Pruned expired reservations for peers: ['amr_0']
[rh_node-61] [INFO] [1789373472.587502169] [amr_6.rh_node]: [amr_6] Pruned expired reservations for peers: ['amr_0']
[rh_node-63] [INFO] [1789373472.664220555] [amr_8.rh_node]: [amr_8] Pruned expired reservations for peers: ['amr_0']
[rh_node-60] [INFO] [1789373472.813422943] [amr_5.rh_node]: [amr_5] Pruned expired reservations for peers: ['amr_0']
[rh_node-58] [INFO] [1789373472.851992422] [amr_3.rh_node]: [amr_3] Pruned expired reservations for peers: ['amr_0']
[rh_node-62] [INFO] [1789373472.963022055] [amr_7.rh_node]: [amr_7] Pruned expired reservations for peers: ['amr_0']
[rh_node-64] [INFO] [1789373472.974098036] [amr_9.rh_node]: [amr_9] Pruned expired reservations for peers: ['amr_0']
[rh_node-56] [INFO] [1789373472.979494563] [amr_1.rh_node]: [amr_1] Pruned expired reservations for peers: ['amr_0']
[rh_node-59] [INFO] [1789373473.029729827] [amr_4.rh_node]: [amr_4] Pruned expired reservations for peers: ['amr_0']
[rh_node-57] [INFO] [1789373473.084863118] [amr_2.rh_node]: [amr_2] Pruned expired reservations for peers: ['amr_0']
[rh_node-61] [INFO] [1789373473.086886864] [amr_6.rh_node]: [amr_6] Pruned expired reservations for peers: ['amr_0']
[rh_node-63] [INFO] [1789373473.164282286] [amr_8.rh_node]: [amr_8] Pruned expired reservations for peers: ['amr_0']
[rh_node-60] [INFO] [1789373473.313167635] [amr_5.rh_node]: [amr_5] Pruned expired reservations for peers: ['amr_0']
[rh_node-58] [INFO] [1789373473.351953447] [amr_3.rh_node]: [amr_3] Pruned expired reservations for peers: ['amr_0']
[rh_node-62] [INFO] [1789373473.462718530] [amr_7.rh_node]: [amr_7] Pruned expired reservations for peers: ['amr_0']
[rh_node-64] [INFO] [1789373473.471985759] [amr_9.rh_node]: [amr_9] Pruned expired reservations for peers: ['amr_0']
[rh_node-56] [INFO] [1789373473.479754049] [amr_1.rh_node]: [amr_1] Pruned expired reservations for peers: ['amr_0']
[rh_node-59] [INFO] [1789373473.530166864] [amr_4.rh_node]: [amr_4] Pruned expired reservations for peers: ['amr_0']
[rh_node-57] [INFO] [1789373473.585209641] [amr_2.rh_node]: [amr_2] Pruned expired reservations for peers: ['amr_0']
[rh_node-61] [INFO] [1789373473.586446718] [amr_6.rh_node]: [amr_6] Pruned expired reservations for peers: ['amr_0']
[rh_node-63] [INFO] [1789373473.664242983] [amr_8.rh_node]: [amr_8] Pruned expired reservations for peers: ['amr_0']
[rh_node-60] [INFO] [1789373473.813101054] [amr_5.rh_node]: [amr_5] Pruned expired reservations for peers: ['amr_0']
[rh_node-58] [INFO] [1789373473.851440206] [amr_3.rh_node]: [amr_3] Pruned expired reservations for peers: ['amr_0']
[rh_node-62] [INFO] [1789373473.963065331] [amr_7.rh_node]: [amr_7] Pruned expired reservations for peers: ['amr_0']
[rh_node-64] [INFO] [1789373473.970986279] [amr_9.rh_node]: [amr_9] Pruned expired reservations for peers: ['amr_0']
[rh_node-56] [INFO] [1789373473.981397990] [amr_1.rh_node]: [amr_1] Pruned expired reservations for peers: ['amr_0']
[rh_node-59] [INFO] [1789373474.029284551] [amr_4.rh_node]: [amr_4] Pruned expired reservations for peers: ['amr_0']
[rh_node-57] [INFO] [1789373474.085351564] [amr_2.rh_node]: [amr_2] Pruned expired reservations for peers: ['amr_0']
[rh_node-61] [INFO] [1789373474.086732627] [amr_6.rh_node]: [amr_6] Pruned expired reservations for peers: ['amr_0']
[rh_node-63] [INFO] [1789373474.164345354] [amr_8.rh_node]: [amr_8] Pruned expired reservations for peers: ['amr_0']
[rh_node-60] [INFO] [1789373474.313503612] [amr_5.rh_node]: [amr_5] Pruned expired reservations for peers: ['amr_0']
[rh_node-58] [INFO] [1789373474.353770133] [amr_3.rh_node]: [amr_3] Pruned expired reservations for peers: ['amr_0']
[rh_node-62] [INFO] [1789373474.463082984] [amr_7.rh_node]: [amr_7] Pruned expired reservations for peers: ['amr_0']
[rh_node-64] [INFO] [1789373474.470562101] [amr_9.rh_node]: [amr_9] Pruned expired reservations for peers: ['amr_0']
[rh_node-56] [INFO] [1789373474.479503195] [amr_1.rh_node]: [amr_1] Pruned expired reservations for peers: ['amr_0']
[rh_node-59] [INFO] [1789373474.529933480] [amr_4.rh_node]: [amr_4] Pruned expired reservations for peers: ['amr_0']
[rh_node-57] [INFO] [1789373474.585505141] [amr_2.rh_node]: [amr_2] Pruned expired reservations for peers: ['amr_0']
[rh_node-61] [INFO] [1789373474.588099069] [amr_6.rh_node]: [amr_6] Pruned expired reservations for peers: ['amr_0']
[rh_node-63] [INFO] [1789373474.665920845] [amr_8.rh_node]: [amr_8] Pruned expired reservations for peers: ['amr_0']
[rh_node-60] [INFO] [1789373474.813618208] [amr_5.rh_node]: [amr_5] Pruned expired reservations for peers: ['amr_0']
[rh_node-58] [INFO] [1789373474.851797362] [amr_3.rh_node]: [amr_3] Pruned expired reservations for peers: ['amr_0']
[rh_node-62] [INFO] [1789373474.962795771] [amr_7.rh_node]: [amr_7] Pruned expired reservations for peers: ['amr_0']
[rh_node-64] [INFO] [1789373474.970882657] [amr_9.rh_node]: [amr_9] Pruned expired reservations for peers: ['amr_0']
[rh_node-56] [INFO] [1789373474.979097603] [amr_1.rh_node]: [amr_1] Pruned expired reservations for peers: ['amr_0']
[rh_node-59] [INFO] [1789373475.030279859] [amr_4.rh_node]: [amr_4] Pruned expired reservations for peers: ['amr_0']
[rh_node-57] [INFO] [1789373475.085981744] [amr_2.rh_node]: [amr_2] Pruned expired reservations for peers: ['amr_0']
[rh_node-61] [INFO] [1789373475.089591277] [amr_6.rh_node]: [amr_6] Pruned expired reservations for peers: ['amr_0']
[rh_node-63] [INFO] [1789373475.164419831] [amr_8.rh_node]: [amr_8] Pruned expired reservations for peers: ['amr_0']
[rh_node-60] [INFO] [1789373475.313382938] [amr_5.rh_node]: [amr_5] Pruned expired reservations for peers: ['amr_0']
[rh_node-58] [INFO] [1789373475.351607999] [amr_3.rh_node]: [amr_3] Pruned expired reservations for peers: ['amr_0']
[rh_node-62] [INFO] [1789373475.462861312] [amr_7.rh_node]: [amr_7] Pruned expired reservations for peers: ['amr_0']
[rh_node-64] [INFO] [1789373475.471576596] [amr_9.rh_node]: [amr_9] Pruned expired reservations for peers: ['amr_0']
[rh_node-56] [INFO] [1789373475.480079254] [amr_1.rh_node]: [amr_1] Pruned expired reservations for peers: ['amr_0']
[rh_node-59] [INFO] [1789373475.529874258] [amr_4.rh_node]: [amr_4] Pruned expired reservations for peers: ['amr_0']
[rh_node-57] [INFO] [1789373475.584844516] [amr_2.rh_node]: [amr_2] Pruned expired reservations for peers: ['amr_0']
[rh_node-61] [INFO] [1789373475.589995459] [amr_6.rh_node]: [amr_6] Pruned expired reservations for peers: ['amr_0']
[rh_node-63] [INFO] [1789373475.664258310] [amr_8.rh_node]: [amr_8] Pruned expired reservations for peers: ['amr_0']
[rh_node-60] [INFO] [1789373475.813586686] [amr_5.rh_node]: [amr_5] Pruned expired reservations for peers: ['amr_0']
[rh_node-58] [INFO] [1789373475.851505214] [amr_3.rh_node]: [amr_3] Pruned expired reservations for peers: ['amr_0']
[rh_node-62] [INFO] [1789373475.962747009] [amr_7.rh_node]: [amr_7] Pruned expired reservations for peers: ['amr_0']
[rh_node-64] [INFO] [1789373475.971288547] [amr_9.rh_node]: [amr_9] Pruned expired reservations for peers: ['amr_0']
[rh_node-56] [INFO] [1789373475.981708331] [amr_1.rh_node]: [amr_1] Pruned expired reservations for peers: ['amr_0']
[rh_node-59] [INFO] [1789373476.029744617] [amr_4.rh_node]: [amr_4] Pruned expired reservations for peers: ['amr_0']
[rh_node-57] [INFO] [1789373476.085269580] [amr_2.rh_node]: [amr_2] Pruned expired reservations for peers: ['amr_0']
[rh_node-61] [INFO] [1789373476.087135559] [amr_6.rh_node]: [amr_6] Pruned expired reservations for peers: ['amr_0']
[rh_node-63] [INFO] [1789373476.164321365] [amr_8.rh_node]: [amr_8] Pruned expired reservations for peers: ['amr_0']
[rh_node-60] [INFO] [1789373476.313408191] [amr_5.rh_node]: [amr_5] Pruned expired reservations for peers: ['amr_0']
[rh_node-58] [INFO] [1789373476.351363810] [amr_3.rh_node]: [amr_3] Pruned expired reservations for peers: ['amr_0']
[rh_node-62] [INFO] [1789373476.463086879] [amr_7.rh_node]: [amr_7] Pruned expired reservations for peers: ['amr_0']
[rh_node-64] [INFO] [1789373476.471270562] [amr_9.rh_node]: [amr_9] Pruned expired reservations for peers: ['amr_0']
[rh_node-56] [INFO] [1789373476.479569768] [amr_1.rh_node]: [amr_1] Pruned expired reservations for peers: ['amr_0']
[rh_node-59] [INFO] [1789373476.530230072] [amr_4.rh_node]: [amr_4] Pruned expired reservations for peers: ['amr_0']
[rh_node-57] [INFO] [1789373476.587688914] [amr_2.rh_node]: [amr_2] Pruned expired reservations for peers: ['amr_0']
[rh_node-61] [INFO] [1789373476.594833844] [amr_6.rh_node]: [amr_6] Pruned expired reservations for peers: ['amr_0']
[rh_node-63] [INFO] [1789373476.664811937] [amr_8.rh_node]: [amr_8] Pruned expired reservations for peers: ['amr_0']
[rh_node-60] [INFO] [1789373476.813703543] [amr_5.rh_node]: [amr_5] Pruned expired reservations for peers: ['amr_0']
[rh_node-58] [INFO] [1789373476.851622155] [amr_3.rh_node]: [amr_3] Pruned expired reservations for peers: ['amr_0']
[rh_node-62] [INFO] [1789373476.962855702] [amr_7.rh_node]: [amr_7] Pruned expired reservations for peers: ['amr_0']
[rh_node-64] [INFO] [1789373476.971214045] [amr_9.rh_node]: [amr_9] Pruned expired reservations for peers: ['amr_0']
[rh_node-56] [INFO] [1789373476.979813088] [amr_1.rh_node]: [amr_1] Pruned expired reservations for peers: ['amr_0']
[rh_node-59] [INFO] [1789373477.030178314] [amr_4.rh_node]: [amr_4] Pruned expired reservations for peers: ['amr_0']
[rh_node-57] [INFO] [1789373477.084667733] [amr_2.rh_node]: [amr_2] Pruned expired reservations for peers: ['amr_0']
[rh_node-61] [INFO] [1789373477.087718068] [amr_6.rh_node]: [amr_6] Pruned expired reservations for peers: ['amr_0']
[rh_node-63] [INFO] [1789373477.164285685] [amr_8.rh_node]: [amr_8] Pruned expired reservations for peers: ['amr_0']
[rh_node-60] [INFO] [1789373477.313083274] [amr_5.rh_node]: [amr_5] Pruned expired reservations for peers: ['amr_0']
[rh_node-58] [INFO] [1789373477.352027763] [amr_3.rh_node]: [amr_3] Pruned expired reservations for peers: ['amr_0']
[rh_node-62] [INFO] [1789373477.462765532] [amr_7.rh_node]: [amr_7] Pruned expired reservations for peers: ['amr_0']
[rh_node-64] [INFO] [1789373477.471491410] [amr_9.rh_node]: [amr_9] Pruned expired reservations for peers: ['amr_0']
[rh_node-56] [INFO] [1789373477.479728575] [amr_1.rh_node]: [amr_1] Pruned expired reservations for peers: ['amr_0']
[rh_node-59] [INFO] [1789373477.530256352] [amr_4.rh_node]: [amr_4] Pruned expired reservations for peers: ['amr_0']
[rh_node-57] [INFO] [1789373477.585428310] [amr_2.rh_node]: [amr_2] Pruned expired reservations for peers: ['amr_0']
[rh_node-61] [INFO] [1789373477.588740043] [amr_6.rh_node]: [amr_6] Pruned expired reservations for peers: ['amr_0']
[rh_node-63] [INFO] [1789373477.664016740] [amr_8.rh_node]: [amr_8] Pruned expired reservations for peers: ['amr_0']
[rh_node-60] [INFO] [1789373477.813570312] [amr_5.rh_node]: [amr_5] Pruned expired reservations for peers: ['amr_0']
[rh_node-58] [INFO] [1789373477.851385228] [amr_3.rh_node]: [amr_3] Pruned expired reservations for peers: ['amr_0']
[rh_node-62] [INFO] [1789373477.963111220] [amr_7.rh_node]: [amr_7] Pruned expired reservations for peers: ['amr_0']
[rh_node-64] [INFO] [1789373477.971092881] [amr_9.rh_node]: [amr_9] Pruned expired reservations for peers: ['amr_0']
[rh_node-56] [INFO] [1789373477.979431468] [amr_1.rh_node]: [amr_1] Pruned expired reservations for peers: ['amr_0']
[rh_node-59] [INFO] [1789373478.030022978] [amr_4.rh_node]: [amr_4] Pruned expired reservations for peers: ['amr_0']
[rh_node-57] [INFO] [1789373478.085138279] [amr_2.rh_node]: [amr_2] Pruned expired reservations for peers: ['amr_0']
[rh_node-61] [INFO] [1789373478.086120837] [amr_6.rh_node]: [amr_6] Pruned expired reservations for peers: ['amr_0']
[rh_node-63] [INFO] [1789373478.164495222] [amr_8.rh_node]: [amr_8] Pruned expired reservations for peers: ['amr_0']
[rh_node-60] [INFO] [1789373478.313294161] [amr_5.rh_node]: [amr_5] Pruned expired reservations for peers: ['amr_0']
[rh_node-58] [INFO] [1789373478.351872191] [amr_3.rh_node]: [amr_3] Pruned expired reservations for peers: ['amr_0']
[rh_node-62] [INFO] [1789373478.462525821] [amr_7.rh_node]: [amr_7] Pruned expired reservations for peers: ['amr_0']
[rh_node-64] [INFO] [1789373478.470951297] [amr_9.rh_node]: [amr_9] Pruned expired reservations for peers: ['amr_0']
[rh_node-56] [INFO] [1789373478.479801617] [amr_1.rh_node]: [amr_1] Pruned expired reservations for peers: ['amr_0']
[rh_node-59] [INFO] [1789373478.530284690] [amr_4.rh_node]: [amr_4] Pruned expired reservations for peers: ['amr_0']
[rh_node-57] [INFO] [1789373478.585586348] [amr_2.rh_node]: [amr_2] Pruned expired reservations for peers: ['amr_0']
[rh_node-61] [INFO] [1789373478.587789204] [amr_6.rh_node]: [amr_6] Pruned expired reservations for peers: ['amr_0']
[rh_node-63] [INFO] [1789373478.664069483] [amr_8.rh_node]: [amr_8] Pruned expired reservations for peers: ['amr_0']
[rh_node-60] [INFO] [1789373478.813139021] [amr_5.rh_node]: [amr_5] Pruned expired reservations for peers: ['amr_0']
[rh_node-58] [INFO] [1789373478.851585658] [amr_3.rh_node]: [amr_3] Pruned expired reservations for peers: ['amr_0']
[rh_node-62] [INFO] [1789373478.962019191] [amr_7.rh_node]: [amr_7] Pruned expired reservations for peers: ['amr_0']
[rh_node-64] [INFO] [1789373478.974065254] [amr_9.rh_node]: [amr_9] Pruned expired reservations for peers: ['amr_0']
[rh_node-56] [INFO] [1789373478.980263030] [amr_1.rh_node]: [amr_1] Pruned expired reservations for peers: ['amr_0']
[rh_node-59] [INFO] [1789373479.029929560] [amr_4.rh_node]: [amr_4] Pruned expired reservations for peers: ['amr_0']
[rh_node-57] [INFO] [1789373479.084890821] [amr_2.rh_node]: [amr_2] Pruned expired reservations for peers: ['amr_0']
[rh_node-61] [INFO] [1789373479.087216974] [amr_6.rh_node]: [amr_6] Pruned expired reservations for peers: ['amr_0']
[rh_node-63] [INFO] [1789373479.164279610] [amr_8.rh_node]: [amr_8] Pruned expired reservations for peers: ['amr_0']
[rh_node-60] [INFO] [1789373479.313123214] [amr_5.rh_node]: [amr_5] Pruned expired reservations for peers: ['amr_0']
[rh_node-58] [INFO] [1789373479.351466159] [amr_3.rh_node]: [amr_3] Pruned expired reservations for peers: ['amr_0']
[rh_node-62] [INFO] [1789373479.463979537] [amr_7.rh_node]: [amr_7] Pruned expired reservations for peers: ['amr_0']
[rh_node-64] [INFO] [1789373479.472042175] [amr_9.rh_node]: [amr_9] Pruned expired reservations for peers: ['amr_0']
[rh_node-56] [INFO] [1789373479.480202245] [amr_1.rh_node]: [amr_1] Pruned expired reservations for peers: ['amr_0']
[rh_node-59] [INFO] [1789373479.529768862] [amr_4.rh_node]: [amr_4] Pruned expired reservations for peers: ['amr_0']
[rh_node-57] [INFO] [1789373479.584650762] [amr_2.rh_node]: [amr_2] Pruned expired reservations for peers: ['amr_0']
[rh_node-61] [INFO] [1789373479.588409081] [amr_6.rh_node]: [amr_6] Pruned expired reservations for peers: ['amr_0']
[rh_node-63] [INFO] [1789373479.664491130] [amr_8.rh_node]: [amr_8] Pruned expired reservations for peers: ['amr_0']
[rh_node-60] [INFO] [1789373479.813170594] [amr_5.rh_node]: [amr_5] Pruned expired reservations for peers: ['amr_0']
[rh_node-58] [INFO] [1789373479.851578149] [amr_3.rh_node]: [amr_3] Pruned expired reservations for peers: ['amr_0']
[rh_node-62] [INFO] [1789373479.962051239] [amr_7.rh_node]: [amr_7] Pruned expired reservations for peers: ['amr_0']
[rh_node-64] [INFO] [1789373479.971019496] [amr_9.rh_node]: [amr_9] Pruned expired reservations for peers: ['amr_0']
[rh_node-56] [INFO] [1789373479.979457797] [amr_1.rh_node]: [amr_1] Pruned expired reservations for peers: ['amr_0']
[rh_node-59] [INFO] [1789373480.030992842] [amr_4.rh_node]: [amr_4] Pruned expired reservations for peers: ['amr_0']
[rh_node-57] [INFO] [1789373480.085445258] [amr_2.rh_node]: [amr_2] Pruned expired reservations for peers: ['amr_0']
[rh_node-61] [INFO] [1789373480.086321571] [amr_6.rh_node]: [amr_6] Pruned expired reservations for peers: ['amr_0']
[rh_node-63] [INFO] [1789373480.164027804] [amr_8.rh_node]: [amr_8] Pruned expired reservations for peers: ['amr_0']
[rh_node-60] [INFO] [1789373480.313123827] [amr_5.rh_node]: [amr_5] Pruned expired reservations for peers: ['amr_0']
[rh_node-58] [INFO] [1789373480.353202665] [amr_3.rh_node]: [amr_3] Pruned expired reservations for peers: ['amr_0']
[rh_node-62] [INFO] [1789373480.463228824] [amr_7.rh_node]: [amr_7] Pruned expired reservations for peers: ['amr_0']
[rh_node-64] [INFO] [1789373480.471304725] [amr_9.rh_node]: [amr_9] Pruned expired reservations for peers: ['amr_0']
[rh_node-56] [INFO] [1789373480.479179079] [amr_1.rh_node]: [amr_1] Pruned expired reservations for peers: ['amr_0']
[rh_node-59] [INFO] [1789373480.530360122] [amr_4.rh_node]: [amr_4] Pruned expired reservations for peers: ['amr_0']
[rh_node-57] [INFO] [1789373480.585657490] [amr_2.rh_node]: [amr_2] Pruned expired reservations for peers: ['amr_0']
[rh_node-61] [INFO] [1789373480.587784130] [amr_6.rh_node]: [amr_6] Pruned expired reservations for peers: ['amr_0']
[rh_node-63] [INFO] [1789373480.664328438] [amr_8.rh_node]: [amr_8] Pruned expired reservations for peers: ['amr_0']
[rh_node-60] [INFO] [1789373480.813175388] [amr_5.rh_node]: [amr_5] Pruned expired reservations for peers: ['amr_0']
[rh_node-58] [INFO] [1789373480.851431550] [amr_3.rh_node]: [amr_3] Pruned expired reservations for peers: ['amr_0']
[rh_node-62] [INFO] [1789373480.963123502] [amr_7.rh_node]: [amr_7] Pruned expired reservations for peers: ['amr_0']
[rh_node-64] [INFO] [1789373480.971494379] [amr_9.rh_node]: [amr_9] Pruned expired reservations for peers: ['amr_0']
[rh_node-56] [INFO] [1789373480.980132384] [amr_1.rh_node]: [amr_1] Pruned expired reservations for peers: ['amr_0']
[rh_node-59] [INFO] [1789373481.030108862] [amr_4.rh_node]: [amr_4] Pruned expired reservations for peers: ['amr_0']
[rh_node-57] [INFO] [1789373481.085548253] [amr_2.rh_node]: [amr_2] Pruned expired reservations for peers: ['amr_0']
[rh_node-61] [INFO] [1789373481.086881504] [amr_6.rh_node]: [amr_6] Pruned expired reservations for peers: ['amr_0']
[rh_node-63] [INFO] [1789373481.163790394] [amr_8.rh_node]: [amr_8] Pruned expired reservations for peers: ['amr_0']
[rh_node-60] [INFO] [1789373481.312891058] [amr_5.rh_node]: [amr_5] Pruned expired reservations for peers: ['amr_0']
[rh_node-58] [INFO] [1789373481.351207745] [amr_3.rh_node]: [amr_3] Pruned expired reservations for peers: ['amr_0']
[rh_node-62] [INFO] [1789373481.463541208] [amr_7.rh_node]: [amr_7] Pruned expired reservations for peers: ['amr_0']
[rh_node-64] [INFO] [1789373481.470963651] [amr_9.rh_node]: [amr_9] Pruned expired reservations for peers: ['amr_0']
[rh_node-56] [INFO] [1789373481.479561954] [amr_1.rh_node]: [amr_1] Pruned expired reservations for peers: ['amr_0']
[rh_node-59] [INFO] [1789373481.529972722] [amr_4.rh_node]: [amr_4] Pruned expired reservations for peers: ['amr_0']
[rh_node-57] [INFO] [1789373481.585436256] [amr_2.rh_node]: [amr_2] Pruned expired reservations for peers: ['amr_0']
[rh_node-61] [INFO] [1789373481.589265400] [amr_6.rh_node]: [amr_6] Pruned expired reservations for peers: ['amr_0']
[rh_node-63] [INFO] [1789373481.664888947] [amr_8.rh_node]: [amr_8] Pruned expired reservations for peers: ['amr_0']
[rh_node-60] [INFO] [1789373481.813292957] [amr_5.rh_node]: [amr_5] Pruned expired reservations for peers: ['amr_0']
[rh_node-58] [INFO] [1789373481.851545881] [amr_3.rh_node]: [amr_3] Pruned expired reservations for peers: ['amr_0']
[rh_node-62] [INFO] [1789373481.962633759] [amr_7.rh_node]: [amr_7] Pruned expired reservations for peers: ['amr_0']
[rh_node-64] [INFO] [1789373481.971071782] [amr_9.rh_node]: [amr_9] Pruned expired reservations for peers: ['amr_0']
[rh_node-56] [INFO] [1789373481.979607553] [amr_1.rh_node]: [amr_1] Pruned expired reservations for peers: ['amr_0']
[rh_node-59] [INFO] [1789373482.030464152] [amr_4.rh_node]: [amr_4] Pruned expired reservations for peers: ['amr_0']
[rh_node-57] [INFO] [1789373482.085128081] [amr_2.rh_node]: [amr_2] Pruned expired reservations for peers: ['amr_0']
[rh_node-61] [INFO] [1789373482.087892315] [amr_6.rh_node]: [amr_6] Pruned expired reservations for peers: ['amr_0']
[rh_node-63] [INFO] [1789373482.164822796] [amr_8.rh_node]: [amr_8] Pruned expired reservations for peers: ['amr_0']
[rh_node-60] [INFO] [1789373482.313064063] [amr_5.rh_node]: [amr_5] Pruned expired reservations for peers: ['amr_0']
[rh_node-58] [INFO] [1789373482.353040323] [amr_3.rh_node]: [amr_3] Pruned expired reservations for peers: ['amr_0']
[rh_node-62] [INFO] [1789373482.463047245] [amr_7.rh_node]: [amr_7] Pruned expired reservations for peers: ['amr_0']
[rh_node-64] [INFO] [1789373482.470860782] [amr_9.rh_node]: [amr_9] Pruned expired reservations for peers: ['amr_0']
[rh_node-56] [INFO] [1789373482.480136100] [amr_1.rh_node]: [amr_1] Pruned expired reservations for peers: ['amr_0']
[rh_node-59] [INFO] [1789373482.529707516] [amr_4.rh_node]: [amr_4] Pruned expired reservations for peers: ['amr_0']
[rh_node-57] [INFO] [1789373482.585416012] [amr_2.rh_node]: [amr_2] Pruned expired reservations for peers: ['amr_0']
[rh_node-61] [INFO] [1789373482.586622807] [amr_6.rh_node]: [amr_6] Pruned expired reservations for peers: ['amr_0']
[rh_node-63] [INFO] [1789373482.664716227] [amr_8.rh_node]: [amr_8] Pruned expired reservations for peers: ['amr_0']
[rh_node-60] [INFO] [1789373482.813260489] [amr_5.rh_node]: [amr_5] Pruned expired reservations for peers: ['amr_0']
[rh_node-58] [INFO] [1789373482.852358672] [amr_3.rh_node]: [amr_3] Pruned expired reservations for peers: ['amr_0']
[rh_node-62] [INFO] [1789373482.963414584] [amr_7.rh_node]: [amr_7] Pruned expired reservations for peers: ['amr_0']
[rh_node-64] [INFO] [1789373482.971279343] [amr_9.rh_node]: [amr_9] Pruned expired reservations for peers: ['amr_0']
[rh_node-56] [INFO] [1789373482.979530240] [amr_1.rh_node]: [amr_1] Pruned expired reservations for peers: ['amr_0']
[rh_node-59] [INFO] [1789373483.031662330] [amr_4.rh_node]: [amr_4] Pruned expired reservations for peers: ['amr_0']
[rh_node-57] [INFO] [1789373483.085238191] [amr_2.rh_node]: [amr_2] Pruned expired reservations for peers: ['amr_0']
[rh_node-61] [INFO] [1789373483.086693686] [amr_6.rh_node]: [amr_6] Pruned expired reservations for peers: ['amr_0']
[rh_node-63] [INFO] [1789373483.164093933] [amr_8.rh_node]: [amr_8] Pruned expired reservations for peers: ['amr_0']
[rh_node-60] [INFO] [1789373483.313228238] [amr_5.rh_node]: [amr_5] Pruned expired reservations for peers: ['amr_0']
[rh_node-58] [INFO] [1789373483.351714975] [amr_3.rh_node]: [amr_3] Pruned expired reservations for peers: ['amr_0']
[rh_node-62] [INFO] [1789373483.462638691] [amr_7.rh_node]: [amr_7] Pruned expired reservations for peers: ['amr_0']
[rh_node-64] [INFO] [1789373483.471190428] [amr_9.rh_node]: [amr_9] Pruned expired reservations for peers: ['amr_0']
[rh_node-56] [INFO] [1789373483.479686397] [amr_1.rh_node]: [amr_1] Pruned expired reservations for peers: ['amr_0']
[rh_node-59] [INFO] [1789373483.530472350] [amr_4.rh_node]: [amr_4] Pruned expired reservations for peers: ['amr_0']
[rh_node-57] [INFO] [1789373483.585065284] [amr_2.rh_node]: [amr_2] Pruned expired reservations for peers: ['amr_0']
[rh_node-61] [INFO] [1789373483.589266968] [amr_6.rh_node]: [amr_6] Pruned expired reservations for peers: ['amr_0']
[rh_node-63] [INFO] [1789373483.664540416] [amr_8.rh_node]: [amr_8] Pruned expired reservations for peers: ['amr_0']
[rh_node-60] [INFO] [1789373483.813288243] [amr_5.rh_node]: [amr_5] Pruned expired reservations for peers: ['amr_0']
[rh_node-58] [INFO] [1789373483.851717155] [amr_3.rh_node]: [amr_3] Pruned expired reservations for peers: ['amr_0']
[rh_node-62] [INFO] [1789373483.963145431] [amr_7.rh_node]: [amr_7] Pruned expired reservations for peers: ['amr_0']
[rh_node-64] [INFO] [1789373483.971170658] [amr_9.rh_node]: [amr_9] Pruned expired reservations for peers: ['amr_0']
[rh_node-56] [INFO] [1789373483.979354949] [amr_1.rh_node]: [amr_1] Pruned expired reservations for peers: ['amr_0']
[rh_node-59] [INFO] [1789373484.030498732] [amr_4.rh_node]: [amr_4] Pruned expired reservations for peers: ['amr_0']
[rh_node-57] [INFO] [1789373484.086029085] [amr_2.rh_node]: [amr_2] Pruned expired reservations for peers: ['amr_0']
[rh_node-61] [INFO] [1789373484.087445209] [amr_6.rh_node]: [amr_6] Pruned expired reservations for peers: ['amr_0']
[rh_node-63] [INFO] [1789373484.163923455] [amr_8.rh_node]: [amr_8] Pruned expired reservations for peers: ['amr_0']
[rh_node-60] [INFO] [1789373484.313139358] [amr_5.rh_node]: [amr_5] Pruned expired reservations for peers: ['amr_0']
[rh_node-58] [INFO] [1789373484.352352708] [amr_3.rh_node]: [amr_3] Pruned expired reservations for peers: ['amr_0']
[rh_node-62] [INFO] [1789373484.464059151] [amr_7.rh_node]: [amr_7] Pruned expired reservations for peers: ['amr_0']
[rh_node-64] [INFO] [1789373484.471530439] [amr_9.rh_node]: [amr_9] Pruned expired reservations for peers: ['amr_0']
[rh_node-56] [INFO] [1789373484.480109319] [amr_1.rh_node]: [amr_1] Pruned expired reservations for peers: ['amr_0']
[rh_node-59] [INFO] [1789373484.529974430] [amr_4.rh_node]: [amr_4] Pruned expired reservations for peers: ['amr_0']
[rh_node-57] [INFO] [1789373484.585181019] [amr_2.rh_node]: [amr_2] Pruned expired reservations for peers: ['amr_0']
[rh_node-61] [INFO] [1789373484.587274069] [amr_6.rh_node]: [amr_6] Pruned expired reservations for peers: ['amr_0']
[rh_node-63] [INFO] [1789373484.664201974] [amr_8.rh_node]: [amr_8] Pruned expired reservations for peers: ['amr_0']
[rh_node-60] [INFO] [1789373484.813521235] [amr_5.rh_node]: [amr_5] Pruned expired reservations for peers: ['amr_0']
[rh_node-58] [INFO] [1789373484.851441042] [amr_3.rh_node]: [amr_3] Pruned expired reservations for peers: ['amr_0']
[rh_node-62] [INFO] [1789373484.962117221] [amr_7.rh_node]: [amr_7] Pruned expired reservations for peers: ['amr_0']
[rh_node-64] [INFO] [1789373484.971698930] [amr_9.rh_node]: [amr_9] Pruned expired reservations for peers: ['amr_0']
[rh_node-56] [INFO] [1789373484.981586888] [amr_1.rh_node]: [amr_1] Pruned expired reservations for peers: ['amr_0']
[rh_node-59] [INFO] [1789373485.030036813] [amr_4.rh_node]: [amr_4] Pruned expired reservations for peers: ['amr_0']
[rh_node-57] [INFO] [1789373485.085213044] [amr_2.rh_node]: [amr_2] Pruned expired reservations for peers: ['amr_0']
[rh_node-61] [INFO] [1789373485.088231549] [amr_6.rh_node]: [amr_6] Pruned expired reservations for peers: ['amr_0']
[rh_node-63] [INFO] [1789373485.164506216] [amr_8.rh_node]: [amr_8] Pruned expired reservations for peers: ['amr_0']
[rh_node-60] [INFO] [1789373485.313291923] [amr_5.rh_node]: [amr_5] Pruned expired reservations for peers: ['amr_0']
[rh_node-58] [INFO] [1789373485.353460442] [amr_3.rh_node]: [amr_3] Pruned expired reservations for peers: ['amr_0']
[rh_node-62] [INFO] [1789373485.462891517] [amr_7.rh_node]: [amr_7] Pruned expired reservations for peers: ['amr_0']
[rh_node-64] [INFO] [1789373485.471675472] [amr_9.rh_node]: [amr_9] Pruned expired reservations for peers: ['amr_0']
[rh_node-56] [INFO] [1789373485.479979760] [amr_1.rh_node]: [amr_1] Pruned expired reservations for peers: ['amr_0']
[rh_node-59] [INFO] [1789373485.530115655] [amr_4.rh_node]: [amr_4] Pruned expired reservations for peers: ['amr_0']
[rh_node-57] [INFO] [1789373485.585717314] [amr_2.rh_node]: [amr_2] Pruned expired reservations for peers: ['amr_0']
[rh_node-61] [INFO] [1789373485.590036359] [amr_6.rh_node]: [amr_6] Pruned expired reservations for peers: ['amr_0']
[rh_node-63] [INFO] [1789373485.665872785] [amr_8.rh_node]: [amr_8] Pruned expired reservations for peers: ['amr_0']
[rh_node-60] [INFO] [1789373485.813223565] [amr_5.rh_node]: [amr_5] Pruned expired reservations for peers: ['amr_0']
[rh_node-58] [INFO] [1789373485.851417735] [amr_3.rh_node]: [amr_3] Pruned expired reservations for peers: ['amr_0']
[rh_node-62] [INFO] [1789373485.962712281] [amr_7.rh_node]: [amr_7] Pruned expired reservations for peers: ['amr_0']
[rh_node-64] [INFO] [1789373485.971049871] [amr_9.rh_node]: [amr_9] Pruned expired reservations for peers: ['amr_0']
[rh_node-56] [INFO] [1789373485.982773696] [amr_1.rh_node]: [amr_1] Pruned expired reservations for peers: ['amr_0']
[rh_node-59] [INFO] [1789373486.031536596] [amr_4.rh_node]: [amr_4] Pruned expired reservations for peers: ['amr_0']
[rh_node-57] [INFO] [1789373486.085407365] [amr_2.rh_node]: [amr_2] Pruned expired reservations for peers: ['amr_0']
[rh_node-61] [INFO] [1789373486.087735833] [amr_6.rh_node]: [amr_6] Pruned expired reservations for peers: ['amr_0']
[rh_node-63] [INFO] [1789373486.164425274] [amr_8.rh_node]: [amr_8] Pruned expired reservations for peers: ['amr_0']
[rh_node-60] [INFO] [1789373486.313208141] [amr_5.rh_node]: [amr_5] Pruned expired reservations for peers: ['amr_0']
[rh_node-58] [INFO] [1789373486.353211464] [amr_3.rh_node]: [amr_3] Pruned expired reservations for peers: ['amr_0']
[rh_node-62] [INFO] [1789373486.462758259] [amr_7.rh_node]: [amr_7] Pruned expired reservations for peers: ['amr_0']
[rh_node-64] [INFO] [1789373486.471194228] [amr_9.rh_node]: [amr_9] Pruned expired reservations for peers: ['amr_0']
[rh_node-56] [INFO] [1789373486.480330185] [amr_1.rh_node]: [amr_1] Pruned expired reservations for peers: ['amr_0']
[rh_node-59] [INFO] [1789373486.530559867] [amr_4.rh_node]: [amr_4] Pruned expired reservations for peers: ['amr_0']
[rh_node-57] [INFO] [1789373486.585784142] [amr_2.rh_node]: [amr_2] Pruned expired reservations for peers: ['amr_0']
[rh_node-61] [INFO] [1789373486.587278284] [amr_6.rh_node]: [amr_6] Pruned expired reservations for peers: ['amr_0']
[rh_node-63] [INFO] [1789373486.664097978] [amr_8.rh_node]: [amr_8] Pruned expired reservations for peers: ['amr_0']
[rh_node-60] [INFO] [1789373486.813383036] [amr_5.rh_node]: [amr_5] Pruned expired reservations for peers: ['amr_0']
[rh_node-58] [INFO] [1789373486.851362140] [amr_3.rh_node]: [amr_3] Pruned expired reservations for peers: ['amr_0']
[rh_node-62] [INFO] [1789373486.962204315] [amr_7.rh_node]: [amr_7] Pruned expired reservations for peers: ['amr_0']
[rh_node-64] [INFO] [1789373486.971495375] [amr_9.rh_node]: [amr_9] Pruned expired reservations for peers: ['amr_0']
[rh_node-56] [INFO] [1789373486.979450755] [amr_1.rh_node]: [amr_1] Pruned expired reservations for peers: ['amr_0']
[rh_node-59] [INFO] [1789373487.031052392] [amr_4.rh_node]: [amr_4] Pruned expired reservations for peers: ['amr_0']
[rh_node-57] [INFO] [1789373487.085705665] [amr_2.rh_node]: [amr_2] Pruned expired reservations for peers: ['amr_0']
[rh_node-61] [INFO] [1789373487.087722312] [amr_6.rh_node]: [amr_6] Pruned expired reservations for peers: ['amr_0']
[rh_node-63] [INFO] [1789373487.164946104] [amr_8.rh_node]: [amr_8] Pruned expired reservations for peers: ['amr_0']
[rh_node-60] [INFO] [1789373487.313911956] [amr_5.rh_node]: [amr_5] Pruned expired reservations for peers: ['amr_0']
[rh_node-58] [INFO] [1789373487.352162635] [amr_3.rh_node]: [amr_3] Pruned expired reservations for peers: ['amr_0']
[rh_node-62] [INFO] [1789373487.462325123] [amr_7.rh_node]: [amr_7] Pruned expired reservations for peers: ['amr_0']
[rh_node-64] [INFO] [1789373487.471683660] [amr_9.rh_node]: [amr_9] Pruned expired reservations for peers: ['amr_0']
[rh_node-56] [INFO] [1789373487.479672283] [amr_1.rh_node]: [amr_1] Pruned expired reservations for peers: ['amr_0']
[rh_node-59] [INFO] [1789373487.529497474] [amr_4.rh_node]: [amr_4] Pruned expired reservations for peers: ['amr_0']
[rh_node-57] [INFO] [1789373487.585447234] [amr_2.rh_node]: [amr_2] Pruned expired reservations for peers: ['amr_0']
[rh_node-61] [INFO] [1789373487.587082032] [amr_6.rh_node]: [amr_6] Pruned expired reservations for peers: ['amr_0']
[rh_node-63] [INFO] [1789373487.664671375] [amr_8.rh_node]: [amr_8] Pruned expired reservations for peers: ['amr_0']
[rh_node-60] [INFO] [1789373487.814087777] [amr_5.rh_node]: [amr_5] Pruned expired reservations for peers: ['amr_0']
[rh_node-58] [INFO] [1789373487.851515358] [amr_3.rh_node]: [amr_3] Pruned expired reservations for peers: ['amr_0']
[rh_node-62] [INFO] [1789373487.963205593] [amr_7.rh_node]: [amr_7] Pruned expired reservations for peers: ['amr_0']
[rh_node-64] [INFO] [1789373487.973152283] [amr_9.rh_node]: [amr_9] Pruned expired reservations for peers: ['amr_0']
[rh_node-56] [INFO] [1789373487.979979951] [amr_1.rh_node]: [amr_1] Pruned expired reservations for peers: ['amr_0']
[rh_node-59] [INFO] [1789373488.030522632] [amr_4.rh_node]: [amr_4] Pruned expired reservations for peers: ['amr_0']
[rh_node-57] [INFO] [1789373488.085710668] [amr_2.rh_node]: [amr_2] Pruned expired reservations for peers: ['amr_0']
[rh_node-61] [INFO] [1789373488.088801328] [amr_6.rh_node]: [amr_6] Pruned expired reservations for peers: ['amr_0']
[rh_node-63] [INFO] [1789373488.164168803] [amr_8.rh_node]: [amr_8] Pruned expired reservations for peers: ['amr_0']
[rh_node-60] [INFO] [1789373488.312806556] [amr_5.rh_node]: [amr_5] Pruned expired reservations for peers: ['amr_0']
[rh_node-58] [INFO] [1789373488.352194198] [amr_3.rh_node]: [amr_3] Pruned expired reservations for peers: ['amr_0']
[rh_node-62] [INFO] [1789373488.463571679] [amr_7.rh_node]: [amr_7] Pruned expired reservations for peers: ['amr_0']
[rh_node-64] [INFO] [1789373488.471668981] [amr_9.rh_node]: [amr_9] Pruned expired reservations for peers: ['amr_0']
[rh_node-56] [INFO] [1789373488.479646154] [amr_1.rh_node]: [amr_1] Pruned expired reservations for peers: ['amr_0']
[rh_node-59] [INFO] [1789373488.532952500] [amr_4.rh_node]: [amr_4] Pruned expired reservations for peers: ['amr_0']
[rh_node-57] [INFO] [1789373488.585380076] [amr_2.rh_node]: [amr_2] Pruned expired reservations for peers: ['amr_0']
[rh_node-61] [INFO] [1789373488.587598279] [amr_6.rh_node]: [amr_6] Pruned expired reservations for peers: ['amr_0']
[rh_node-63] [INFO] [1789373488.664761855] [amr_8.rh_node]: [amr_8] Pruned expired reservations for peers: ['amr_0']
[rh_node-60] [INFO] [1789373488.813713684] [amr_5.rh_node]: [amr_5] Pruned expired reservations for peers: ['amr_0']
[rh_node-58] [INFO] [1789373488.851315055] [amr_3.rh_node]: [amr_3] Pruned expired reservations for peers: ['amr_0']
[rh_node-62] [INFO] [1789373488.962638007] [amr_7.rh_node]: [amr_7] Pruned expired reservations for peers: ['amr_0']
[rh_node-64] [INFO] [1789373488.971591092] [amr_9.rh_node]: [amr_9] Pruned expired reservations for peers: ['amr_0']
[rh_node-56] [INFO] [1789373488.979649911] [amr_1.rh_node]: [amr_1] Pruned expired reservations for peers: ['amr_0']
[rh_node-59] [INFO] [1789373489.030630341] [amr_4.rh_node]: [amr_4] Pruned expired reservations for peers: ['amr_0']
[rh_node-61] [INFO] [1789373489.087609026] [amr_6.rh_node]: [amr_6] Pruned expired reservations for peers: ['amr_0']
[rh_node-57] [INFO] [1789373489.088624839] [amr_2.rh_node]: [amr_2] Pruned expired reservations for peers: ['amr_0']
[rh_node-63] [INFO] [1789373489.163912025] [amr_8.rh_node]: [amr_8] Pruned expired reservations for peers: ['amr_0']
[rh_node-60] [INFO] [1789373489.313283063] [amr_5.rh_node]: [amr_5] Pruned expired reservations for peers: ['amr_0']
[rh_node-58] [INFO] [1789373489.352677269] [amr_3.rh_node]: [amr_3] Pruned expired reservations for peers: ['amr_0']
[rh_node-62] [INFO] [1789373489.462987764] [amr_7.rh_node]: [amr_7] Pruned expired reservations for peers: ['amr_0']
[rh_node-64] [INFO] [1789373489.470950464] [amr_9.rh_node]: [amr_9] Pruned expired reservations for peers: ['amr_0']
[rh_node-56] [INFO] [1789373489.479967038] [amr_1.rh_node]: [amr_1] Pruned expired reservations for peers: ['amr_0']
[rh_node-59] [INFO] [1789373489.529798925] [amr_4.rh_node]: [amr_4] Pruned expired reservations for peers: ['amr_0']
[rh_node-57] [INFO] [1789373489.585660508] [amr_2.rh_node]: [amr_2] Pruned expired reservations for peers: ['amr_0']
[rh_node-61] [INFO] [1789373489.587779241] [amr_6.rh_node]: [amr_6] Pruned expired reservations for peers: ['amr_0']
[rh_node-63] [INFO] [1789373489.664303376] [amr_8.rh_node]: [amr_8] Pruned expired reservations for peers: ['amr_0']
[rh_node-60] [INFO] [1789373489.813614326] [amr_5.rh_node]: [amr_5] Pruned expired reservations for peers: ['amr_0']
[rh_node-58] [INFO] [1789373489.852013539] [amr_3.rh_node]: [amr_3] Pruned expired reservations for peers: ['amr_0']
[rh_node-62] [INFO] [1789373489.962730369] [amr_7.rh_node]: [amr_7] Pruned expired reservations for peers: ['amr_0']
[rh_node-64] [INFO] [1789373489.971149317] [amr_9.rh_node]: [amr_9] Pruned expired reservations for peers: ['amr_0']
[rh_node-56] [INFO] [1789373489.979702732] [amr_1.rh_node]: [amr_1] Pruned expired reservations for peers: ['amr_0']
[rh_node-59] [INFO] [1789373490.030276283] [amr_4.rh_node]: [amr_4] Pruned expired reservations for peers: ['amr_0']
[rh_node-57] [INFO] [1789373490.085181799] [amr_2.rh_node]: [amr_2] Pruned expired reservations for peers: ['amr_0']
[rh_node-61] [INFO] [1789373490.087330315] [amr_6.rh_node]: [amr_6] Pruned expired reservations for peers: ['amr_0']
[rh_node-63] [INFO] [1789373490.164414840] [amr_8.rh_node]: [amr_8] Pruned expired reservations for peers: ['amr_0']
[rh_node-60] [INFO] [1789373490.313454619] [amr_5.rh_node]: [amr_5] Pruned expired reservations for peers: ['amr_0']
[rh_node-58] [INFO] [1789373490.351207144] [amr_3.rh_node]: [amr_3] Pruned expired reservations for peers: ['amr_0']
[rh_node-62] [INFO] [1789373490.462733696] [amr_7.rh_node]: [amr_7] Pruned expired reservations for peers: ['amr_0']
[rh_node-64] [INFO] [1789373490.471216868] [amr_9.rh_node]: [amr_9] Pruned expired reservations for peers: ['amr_0']
[rh_node-56] [INFO] [1789373490.479492466] [amr_1.rh_node]: [amr_1] Pruned expired reservations for peers: ['amr_0']
[rh_node-59] [INFO] [1789373490.530080347] [amr_4.rh_node]: [amr_4] Pruned expired reservations for peers: ['amr_0']
[rh_node-57] [INFO] [1789373490.585023596] [amr_2.rh_node]: [amr_2] Pruned expired reservations for peers: ['amr_0']
[rh_node-61] [INFO] [1789373490.587521811] [amr_6.rh_node]: [amr_6] Pruned expired reservations for peers: ['amr_0']
[rh_node-63] [INFO] [1789373490.664279434] [amr_8.rh_node]: [amr_8] Pruned expired reservations for peers: ['amr_0']
[rh_node-60] [INFO] [1789373490.813307072] [amr_5.rh_node]: [amr_5] Pruned expired reservations for peers: ['amr_0']
[rh_node-58] [INFO] [1789373490.851647141] [amr_3.rh_node]: [amr_3] Pruned expired reservations for peers: ['amr_0']
[rh_node-62] [INFO] [1789373490.963136798] [amr_7.rh_node]: [amr_7] Pruned expired reservations for peers: ['amr_0']
[rh_node-64] [INFO] [1789373490.971106428] [amr_9.rh_node]: [amr_9] Pruned expired reservations for peers: ['amr_0']
[rh_node-56] [INFO] [1789373490.979609187] [amr_1.rh_node]: [amr_1] Pruned expired reservations for peers: ['amr_0']
[rh_node-59] [INFO] [1789373491.030200758] [amr_4.rh_node]: [amr_4] Pruned expired reservations for peers: ['amr_0']
[rh_node-57] [INFO] [1789373491.084924128] [amr_2.rh_node]: [amr_2] Pruned expired reservations for peers: ['amr_0']
[rh_node-61] [INFO] [1789373491.087553782] [amr_6.rh_node]: [amr_6] Pruned expired reservations for peers: ['amr_0']
[rh_node-63] [INFO] [1789373491.164587936] [amr_8.rh_node]: [amr_8] Pruned expired reservations for peers: ['amr_0']
[rh_node-60] [INFO] [1789373491.313525615] [amr_5.rh_node]: [amr_5] Pruned expired reservations for peers: ['amr_0']
[rh_node-58] [INFO] [1789373491.351571444] [amr_3.rh_node]: [amr_3] Pruned expired reservations for peers: ['amr_0']
[rh_node-62] [INFO] [1789373491.463052608] [amr_7.rh_node]: [amr_7] Pruned expired reservations for peers: ['amr_0']
[rh_node-64] [INFO] [1789373491.471340693] [amr_9.rh_node]: [amr_9] Pruned expired reservations for peers: ['amr_0']
[rh_node-56] [INFO] [1789373491.481173741] [amr_1.rh_node]: [amr_1] Pruned expired reservations for peers: ['amr_0']
[rh_node-59] [INFO] [1789373491.531255208] [amr_4.rh_node]: [amr_4] Pruned expired reservations for peers: ['amr_0']
[rh_node-57] [INFO] [1789373491.585544463] [amr_2.rh_node]: [amr_2] Pruned expired reservations for peers: ['amr_0']
[rh_node-61] [INFO] [1789373491.586719504] [amr_6.rh_node]: [amr_6] Pruned expired reservations for peers: ['amr_0']
[rh_node-63] [INFO] [1789373491.665230518] [amr_8.rh_node]: [amr_8] Pruned expired reservations for peers: ['amr_0']
[rh_node-60] [INFO] [1789373491.814352037] [amr_5.rh_node]: [amr_5] Pruned expired reservations for peers: ['amr_0']
[rh_node-58] [INFO] [1789373491.851402467] [amr_3.rh_node]: [amr_3] Pruned expired reservations for peers: ['amr_0']
[rh_node-62] [INFO] [1789373491.962593550] [amr_7.rh_node]: [amr_7] Pruned expired reservations for peers: ['amr_0']
[rh_node-64] [INFO] [1789373491.971475968] [amr_9.rh_node]: [amr_9] Pruned expired reservations for peers: ['amr_0']
[rh_node-56] [INFO] [1789373491.981121242] [amr_1.rh_node]: [amr_1] Pruned expired reservations for peers: ['amr_0']
[rh_node-59] [INFO] [1789373492.030189304] [amr_4.rh_node]: [amr_4] Pruned expired reservations for peers: ['amr_0']
[rh_node-57] [INFO] [1789373492.085315058] [amr_2.rh_node]: [amr_2] Pruned expired reservations for peers: ['amr_0']
[rh_node-61] [INFO] [1789373492.087209741] [amr_6.rh_node]: [amr_6] Pruned expired reservations for peers: ['amr_0']
[rh_node-63] [INFO] [1789373492.165484367] [amr_8.rh_node]: [amr_8] Pruned expired reservations for peers: ['amr_0']
[rh_node-60] [INFO] [1789373492.313620377] [amr_5.rh_node]: [amr_5] Pruned expired reservations for peers: ['amr_0']
[rh_node-58] [INFO] [1789373492.352112860] [amr_3.rh_node]: [amr_3] Pruned expired reservations for peers: ['amr_0']
[rh_node-62] [INFO] [1789373492.468390517] [amr_7.rh_node]: [amr_7] Pruned expired reservations for peers: ['amr_0']
[rh_node-64] [INFO] [1789373492.473885981] [amr_9.rh_node]: [amr_9] Pruned expired reservations for peers: ['amr_0']
[rh_node-56] [INFO] [1789373492.480766055] [amr_1.rh_node]: [amr_1] Pruned expired reservations for peers: ['amr_0']
[rh_node-59] [INFO] [1789373492.530649753] [amr_4.rh_node]: [amr_4] Pruned expired reservations for peers: ['amr_0']
[rh_node-57] [INFO] [1789373492.585434904] [amr_2.rh_node]: [amr_2] Pruned expired reservations for peers: ['amr_0']
[rh_node-61] [INFO] [1789373492.587090945] [amr_6.rh_node]: [amr_6] Pruned expired reservations for peers: ['amr_0']
[rh_node-63] [INFO] [1789373492.664363907] [amr_8.rh_node]: [amr_8] Pruned expired reservations for peers: ['amr_0']
[rh_node-60] [INFO] [1789373492.813528031] [amr_5.rh_node]: [amr_5] Pruned expired reservations for peers: ['amr_0']
[rh_node-58] [INFO] [1789373492.851045222] [amr_3.rh_node]: [amr_3] Pruned expired reservations for peers: ['amr_0']
[rh_node-62] [INFO] [1789373492.962761583] [amr_7.rh_node]: [amr_7] Pruned expired reservations for peers: ['amr_0']
[rh_node-64] [INFO] [1789373492.971142146] [amr_9.rh_node]: [amr_9] Pruned expired reservations for peers: ['amr_0']
[rh_node-56] [INFO] [1789373492.979676260] [amr_1.rh_node]: [amr_1] Pruned expired reservations for peers: ['amr_0']
[rh_node-59] [INFO] [1789373493.030283330] [amr_4.rh_node]: [amr_4] Pruned expired reservations for peers: ['amr_0']
[rh_node-57] [INFO] [1789373493.085092386] [amr_2.rh_node]: [amr_2] Pruned expired reservations for peers: ['amr_0']
[rh_node-61] [INFO] [1789373493.086838671] [amr_6.rh_node]: [amr_6] Pruned expired reservations for peers: ['amr_0']
[rh_node-63] [INFO] [1789373493.164165599] [amr_8.rh_node]: [amr_8] Pruned expired reservations for peers: ['amr_0']
[rh_node-60] [INFO] [1789373493.313044767] [amr_5.rh_node]: [amr_5] Pruned expired reservations for peers: ['amr_0']
[rh_node-58] [INFO] [1789373493.351424791] [amr_3.rh_node]: [amr_3] Pruned expired reservations for peers: ['amr_0']
[rh_node-62] [INFO] [1789373493.463542663] [amr_7.rh_node]: [amr_7] Pruned expired reservations for peers: ['amr_0']
[rh_node-64] [INFO] [1789373493.471825561] [amr_9.rh_node]: [amr_9] Pruned expired reservations for peers: ['amr_0']
[rh_node-56] [INFO] [1789373493.479704457] [amr_1.rh_node]: [amr_1] Pruned expired reservations for peers: ['amr_0']
[rh_node-59] [INFO] [1789373493.529743315] [amr_4.rh_node]: [amr_4] Pruned expired reservations for peers: ['amr_0']
[rh_node-57] [INFO] [1789373493.585372716] [amr_2.rh_node]: [amr_2] Pruned expired reservations for peers: ['amr_0']
[rh_node-61] [INFO] [1789373493.589030860] [amr_6.rh_node]: [amr_6] Pruned expired reservations for peers: ['amr_0']
[rh_node-63] [INFO] [1789373493.664836141] [amr_8.rh_node]: [amr_8] Pruned expired reservations for peers: ['amr_0']
[rh_node-60] [INFO] [1789373493.815209019] [amr_5.rh_node]: [amr_5] Pruned expired reservations for peers: ['amr_0']
[rh_node-58] [INFO] [1789373493.851640517] [amr_3.rh_node]: [amr_3] Pruned expired reservations for peers: ['amr_0']
[rh_node-62] [INFO] [1789373493.962959201] [amr_7.rh_node]: [amr_7] Pruned expired reservations for peers: ['amr_0']
[rh_node-64] [INFO] [1789373493.971070256] [amr_9.rh_node]: [amr_9] Pruned expired reservations for peers: ['amr_0']
[rh_node-56] [INFO] [1789373493.978943000] [amr_1.rh_node]: [amr_1] Pruned expired reservations for peers: ['amr_0']
[rh_node-59] [INFO] [1789373494.030979456] [amr_4.rh_node]: [amr_4] Pruned expired reservations for peers: ['amr_0']
[rh_node-57] [INFO] [1789373494.085313832] [amr_2.rh_node]: [amr_2] Pruned expired reservations for peers: ['amr_0']
[rh_node-61] [INFO] [1789373494.087087804] [amr_6.rh_node]: [amr_6] Pruned expired reservations for peers: ['amr_0']
[rh_node-63] [INFO] [1789373494.164043483] [amr_8.rh_node]: [amr_8] Pruned expired reservations for peers: ['amr_0']
[rh_node-60] [INFO] [1789373494.314014344] [amr_5.rh_node]: [amr_5] Pruned expired reservations for peers: ['amr_0']
[rh_node-58] [INFO] [1789373494.351239244] [amr_3.rh_node]: [amr_3] Pruned expired reservations for peers: ['amr_0']
[rh_node-62] [INFO] [1789373494.462036098] [amr_7.rh_node]: [amr_7] Pruned expired reservations for peers: ['amr_0']
[rh_node-64] [INFO] [1789373494.471775595] [amr_9.rh_node]: [amr_9] Pruned expired reservations for peers: ['amr_0']
[rh_node-56] [INFO] [1789373494.481290878] [amr_1.rh_node]: [amr_1] Pruned expired reservations for peers: ['amr_0']
[rh_node-59] [INFO] [1789373494.530184950] [amr_4.rh_node]: [amr_4] Pruned expired reservations for peers: ['amr_0']
[rh_node-57] [INFO] [1789373494.585154178] [amr_2.rh_node]: [amr_2] Pruned expired reservations for peers: ['amr_0']
[rh_node-61] [INFO] [1789373494.587848098] [amr_6.rh_node]: [amr_6] Pruned expired reservations for peers: ['amr_0']
[rh_node-63] [INFO] [1789373494.664322398] [amr_8.rh_node]: [amr_8] Pruned expired reservations for peers: ['amr_0']
[rh_node-60] [INFO] [1789373494.813794250] [amr_5.rh_node]: [amr_5] Pruned expired reservations for peers: ['amr_0']
[rh_node-58] [INFO] [1789373494.851628129] [amr_3.rh_node]: [amr_3] Pruned expired reservations for peers: ['amr_0']
[rh_node-62] [INFO] [1789373494.962525107] [amr_7.rh_node]: [amr_7] Pruned expired reservations for peers: ['amr_0']
[rh_node-64] [INFO] [1789373494.971465465] [amr_9.rh_node]: [amr_9] Pruned expired reservations for peers: ['amr_0']
[rh_node-56] [INFO] [1789373494.980186327] [amr_1.rh_node]: [amr_1] Pruned expired reservations for peers: ['amr_0']
[rh_node-59] [INFO] [1789373495.030225140] [amr_4.rh_node]: [amr_4] Pruned expired reservations for peers: ['amr_0']
[rh_node-57] [INFO] [1789373495.085090869] [amr_2.rh_node]: [amr_2] Pruned expired reservations for peers: ['amr_0']
[rh_node-61] [INFO] [1789373495.087374702] [amr_6.rh_node]: [amr_6] Pruned expired reservations for peers: ['amr_0']
[rh_node-63] [INFO] [1789373495.164239086] [amr_8.rh_node]: [amr_8] Pruned expired reservations for peers: ['amr_0']
[rh_node-60] [INFO] [1789373495.313576061] [amr_5.rh_node]: [amr_5] Pruned expired reservations for peers: ['amr_0']
[rh_node-58] [INFO] [1789373495.353222163] [amr_3.rh_node]: [amr_3] Pruned expired reservations for peers: ['amr_0']
[rh_node-62] [INFO] [1789373495.462911245] [amr_7.rh_node]: [amr_7] Pruned expired reservations for peers: ['amr_0']
[rh_node-64] [INFO] [1789373495.471784547] [amr_9.rh_node]: [amr_9] Pruned expired reservations for peers: ['amr_0']
[rh_node-56] [INFO] [1789373495.479298728] [amr_1.rh_node]: [amr_1] Pruned expired reservations for peers: ['amr_0']
[rh_node-59] [INFO] [1789373495.531613826] [amr_4.rh_node]: [amr_4] Pruned expired reservations for peers: ['amr_0']
[rh_node-57] [INFO] [1789373495.585148749] [amr_2.rh_node]: [amr_2] Pruned expired reservations for peers: ['amr_0']
[rh_node-61] [INFO] [1789373495.589150323] [amr_6.rh_node]: [amr_6] Pruned expired reservations for peers: ['amr_0']
[rh_node-63] [INFO] [1789373495.664123747] [amr_8.rh_node]: [amr_8] Pruned expired reservations for peers: ['amr_0']
[rh_node-60] [INFO] [1789373495.813547512] [amr_5.rh_node]: [amr_5] Pruned expired reservations for peers: ['amr_0']
[rh_node-58] [INFO] [1789373495.851345740] [amr_3.rh_node]: [amr_3] Pruned expired reservations for peers: ['amr_0']
[rh_node-62] [INFO] [1789373495.962997377] [amr_7.rh_node]: [amr_7] Pruned expired reservations for peers: ['amr_0']
[rh_node-64] [INFO] [1789373495.971483202] [amr_9.rh_node]: [amr_9] Pruned expired reservations for peers: ['amr_0']
[rh_node-56] [INFO] [1789373495.979504799] [amr_1.rh_node]: [amr_1] Pruned expired reservations for peers: ['amr_0']
[rh_node-59] [INFO] [1789373496.030218370] [amr_4.rh_node]: [amr_4] Pruned expired reservations for peers: ['amr_0']
[rh_node-57] [INFO] [1789373496.085480657] [amr_2.rh_node]: [amr_2] Pruned expired reservations for peers: ['amr_0']
[rh_node-61] [INFO] [1789373496.087877444] [amr_6.rh_node]: [amr_6] Pruned expired reservations for peers: ['amr_0']
[rh_node-63] [INFO] [1789373496.163748936] [amr_8.rh_node]: [amr_8] Pruned expired reservations for peers: ['amr_0']
[rh_node-60] [INFO] [1789373496.314633796] [amr_5.rh_node]: [amr_5] Pruned expired reservations for peers: ['amr_0']
[rh_node-58] [INFO] [1789373496.351567251] [amr_3.rh_node]: [amr_3] Pruned expired reservations for peers: ['amr_0']
[rh_node-62] [INFO] [1789373496.462040852] [amr_7.rh_node]: [amr_7] Pruned expired reservations for peers: ['amr_0']
[rh_node-64] [INFO] [1789373496.471402311] [amr_9.rh_node]: [amr_9] Pruned expired reservations for peers: ['amr_0']
[rh_node-56] [INFO] [1789373496.481381555] [amr_1.rh_node]: [amr_1] Pruned expired reservations for peers: ['amr_0']
[rh_node-59] [INFO] [1789373496.530255259] [amr_4.rh_node]: [amr_4] Pruned expired reservations for peers: ['amr_0']
[rh_node-57] [INFO] [1789373496.585006511] [amr_2.rh_node]: [amr_2] Pruned expired reservations for peers: ['amr_0']
[rh_node-61] [INFO] [1789373496.588316293] [amr_6.rh_node]: [amr_6] Pruned expired reservations for peers: ['amr_0']
[rh_node-63] [INFO] [1789373496.664418791] [amr_8.rh_node]: [amr_8] Pruned expired reservations for peers: ['amr_0']
[rh_node-60] [INFO] [1789373496.814011171] [amr_5.rh_node]: [amr_5] Pruned expired reservations for peers: ['amr_0']
[rh_node-58] [INFO] [1789373496.851472299] [amr_3.rh_node]: [amr_3] Pruned expired reservations for peers: ['amr_0']
[rh_node-62] [INFO] [1789373496.961875123] [amr_7.rh_node]: [amr_7] Pruned expired reservations for peers: ['amr_0']
[rh_node-64] [INFO] [1789373496.971134321] [amr_9.rh_node]: [amr_9] Pruned expired reservations for peers: ['amr_0']
[rh_node-56] [INFO] [1789373496.979442949] [amr_1.rh_node]: [amr_1] Pruned expired reservations for peers: ['amr_0']
[rh_node-59] [INFO] [1789373497.029890903] [amr_4.rh_node]: [amr_4] Pruned expired reservations for peers: ['amr_0']
[rh_node-57] [INFO] [1789373497.085027049] [amr_2.rh_node]: [amr_2] Pruned expired reservations for peers: ['amr_0']
[rh_node-61] [INFO] [1789373497.087264685] [amr_6.rh_node]: [amr_6] Pruned expired reservations for peers: ['amr_0']
[rh_node-63] [INFO] [1789373497.164677958] [amr_8.rh_node]: [amr_8] Pruned expired reservations for peers: ['amr_0']
[rh_node-60] [INFO] [1789373497.313298944] [amr_5.rh_node]: [amr_5] Pruned expired reservations for peers: ['amr_0']
[rh_node-58] [INFO] [1789373497.351792638] [amr_3.rh_node]: [amr_3] Pruned expired reservations for peers: ['amr_0']
[rh_node-62] [INFO] [1789373497.463057824] [amr_7.rh_node]: [amr_7] Pruned expired reservations for peers: ['amr_0']
[rh_node-64] [INFO] [1789373497.471630642] [amr_9.rh_node]: [amr_9] Pruned expired reservations for peers: ['amr_0']
[rh_node-56] [INFO] [1789373497.479620528] [amr_1.rh_node]: [amr_1] Pruned expired reservations for peers: ['amr_0']
[rh_node-59] [INFO] [1789373497.530306093] [amr_4.rh_node]: [amr_4] Pruned expired reservations for peers: ['amr_0']
[rh_node-57] [INFO] [1789373497.585391287] [amr_2.rh_node]: [amr_2] Pruned expired reservations for peers: ['amr_0']
[rh_node-61] [INFO] [1789373497.587704326] [amr_6.rh_node]: [amr_6] Pruned expired reservations for peers: ['amr_0']
[rh_node-63] [INFO] [1789373497.664343137] [amr_8.rh_node]: [amr_8] Pruned expired reservations for peers: ['amr_0']
[rh_node-60] [INFO] [1789373497.813891774] [amr_5.rh_node]: [amr_5] Pruned expired reservations for peers: ['amr_0']
[rh_node-58] [INFO] [1789373497.851289674] [amr_3.rh_node]: [amr_3] Pruned expired reservations for peers: ['amr_0']
[rh_node-62] [INFO] [1789373497.962835931] [amr_7.rh_node]: [amr_7] Pruned expired reservations for peers: ['amr_0']
[rh_node-64] [INFO] [1789373497.971233728] [amr_9.rh_node]: [amr_9] Pruned expired reservations for peers: ['amr_0']
[rh_node-56] [INFO] [1789373497.979011528] [amr_1.rh_node]: [amr_1] Pruned expired reservations for peers: ['amr_0']
[rh_node-59] [INFO] [1789373498.030115547] [amr_4.rh_node]: [amr_4] Pruned expired reservations for peers: ['amr_0']
[rh_node-57] [INFO] [1789373498.085099730] [amr_2.rh_node]: [amr_2] Pruned expired reservations for peers: ['amr_0']
[rh_node-61] [INFO] [1789373498.087010212] [amr_6.rh_node]: [amr_6] Pruned expired reservations for peers: ['amr_0']
[rh_node-63] [INFO] [1789373498.164208541] [amr_8.rh_node]: [amr_8] Pruned expired reservations for peers: ['amr_0']
[rh_node-60] [INFO] [1789373498.313655804] [amr_5.rh_node]: [amr_5] Pruned expired reservations for peers: ['amr_0']
[rh_node-58] [INFO] [1789373498.351618099] [amr_3.rh_node]: [amr_3] Pruned expired reservations for peers: ['amr_0']
[rh_node-62] [INFO] [1789373498.462997490] [amr_7.rh_node]: [amr_7] Pruned expired reservations for peers: ['amr_0']
[rh_node-64] [INFO] [1789373498.474593108] [amr_9.rh_node]: [amr_9] Pruned expired reservations for peers: ['amr_0']
[rh_node-56] [INFO] [1789373498.479742439] [amr_1.rh_node]: [amr_1] Pruned expired reservations for peers: ['amr_0']
[rh_node-59] [INFO] [1789373498.531366230] [amr_4.rh_node]: [amr_4] Pruned expired reservations for peers: ['amr_0']
[rh_node-57] [INFO] [1789373498.584797413] [amr_2.rh_node]: [amr_2] Pruned expired reservations for peers: ['amr_0']
[rh_node-61] [INFO] [1789373498.587620881] [amr_6.rh_node]: [amr_6] Pruned expired reservations for peers: ['amr_0']
[rh_node-63] [INFO] [1789373498.664427412] [amr_8.rh_node]: [amr_8] Pruned expired reservations for peers: ['amr_0']
[rh_node-60] [INFO] [1789373498.813893472] [amr_5.rh_node]: [amr_5] Pruned expired reservations for peers: ['amr_0']
[rh_node-58] [INFO] [1789373498.851644615] [amr_3.rh_node]: [amr_3] Pruned expired reservations for peers: ['amr_0']
[rh_node-62] [INFO] [1789373498.962565969] [amr_7.rh_node]: [amr_7] Pruned expired reservations for peers: ['amr_0']
[rh_node-64] [INFO] [1789373498.971182085] [amr_9.rh_node]: [amr_9] Pruned expired reservations for peers: ['amr_0']
[rh_node-56] [INFO] [1789373498.979902267] [amr_1.rh_node]: [amr_1] Pruned expired reservations for peers: ['amr_0']
[rh_node-59] [INFO] [1789373499.030226540] [amr_4.rh_node]: [amr_4] Pruned expired reservations for peers: ['amr_0']
[rh_node-57] [INFO] [1789373499.085243147] [amr_2.rh_node]: [amr_2] Pruned expired reservations for peers: ['amr_0']
[rh_node-61] [INFO] [1789373499.087589423] [amr_6.rh_node]: [amr_6] Pruned expired reservations for peers: ['amr_0']
[rh_node-63] [INFO] [1789373499.164400334] [amr_8.rh_node]: [amr_8] Pruned expired reservations for peers: ['amr_0']
[rh_node-60] [INFO] [1789373499.314731303] [amr_5.rh_node]: [amr_5] Pruned expired reservations for peers: ['amr_0']
[rh_node-58] [INFO] [1789373499.353904135] [amr_3.rh_node]: [amr_3] Pruned expired reservations for peers: ['amr_0']
[rh_node-62] [INFO] [1789373499.462744563] [amr_7.rh_node]: [amr_7] Pruned expired reservations for peers: ['amr_0']
[rh_node-64] [INFO] [1789373499.471282847] [amr_9.rh_node]: [amr_9] Pruned expired reservations for peers: ['amr_0']
[rh_node-56] [INFO] [1789373499.479732929] [amr_1.rh_node]: [amr_1] Pruned expired reservations for peers: ['amr_0']
[rh_node-59] [INFO] [1789373499.530079637] [amr_4.rh_node]: [amr_4] Pruned expired reservations for peers: ['amr_0']
[rh_node-57] [INFO] [1789373499.585130114] [amr_2.rh_node]: [amr_2] Pruned expired reservations for peers: ['amr_0']
[rh_node-61] [INFO] [1789373499.588226510] [amr_6.rh_node]: [amr_6] Pruned expired reservations for peers: ['amr_0']
[rh_node-63] [INFO] [1789373499.664032781] [amr_8.rh_node]: [amr_8] Pruned expired reservations for peers: ['amr_0']
[rh_node-60] [INFO] [1789373499.813270697] [amr_5.rh_node]: [amr_5] Pruned expired reservations for peers: ['amr_0']
[rh_node-58] [INFO] [1789373499.851987892] [amr_3.rh_node]: [amr_3] Pruned expired reservations for peers: ['amr_0']
[rh_node-62] [INFO] [1789373499.962073568] [amr_7.rh_node]: [amr_7] Pruned expired reservations for peers: ['amr_0']
[rh_node-64] [INFO] [1789373499.971246620] [amr_9.rh_node]: [amr_9] Pruned expired reservations for peers: ['amr_0']
[rh_node-56] [INFO] [1789373499.980645358] [amr_1.rh_node]: [amr_1] Pruned expired reservations for peers: ['amr_0']
[rh_node-59] [INFO] [1789373500.030712803] [amr_4.rh_node]: [amr_4] Pruned expired reservations for peers: ['amr_0']
[rh_node-57] [INFO] [1789373500.085528441] [amr_2.rh_node]: [amr_2] Pruned expired reservations for peers: ['amr_0']
[rh_node-61] [INFO] [1789373500.087918058] [amr_6.rh_node]: [amr_6] Pruned expired reservations for peers: ['amr_0']
[rh_node-63] [INFO] [1789373500.164497737] [amr_8.rh_node]: [amr_8] Pruned expired reservations for peers: ['amr_0']
[rh_node-60] [INFO] [1789373500.313917255] [amr_5.rh_node]: [amr_5] Pruned expired reservations for peers: ['amr_0']
[rh_node-58] [INFO] [1789373500.352472908] [amr_3.rh_node]: [amr_3] Pruned expired reservations for peers: ['amr_0']
[rh_node-62] [INFO] [1789373500.463008787] [amr_7.rh_node]: [amr_7] Pruned expired reservations for peers: ['amr_0']
[rh_node-64] [INFO] [1789373500.473736727] [amr_9.rh_node]: [amr_9] Pruned expired reservations for peers: ['amr_0']
[rh_node-56] [INFO] [1789373500.480086054] [amr_1.rh_node]: [amr_1] Pruned expired reservations for peers: ['amr_0']
[rh_node-59] [INFO] [1789373500.530308352] [amr_4.rh_node]: [amr_4] Pruned expired reservations for peers: ['amr_0']
[rh_node-57] [INFO] [1789373500.585631086] [amr_2.rh_node]: [amr_2] Pruned expired reservations for peers: ['amr_0']
[rh_node-61] [INFO] [1789373500.589487017] [amr_6.rh_node]: [amr_6] Pruned expired reservations for peers: ['amr_0']
[rh_node-63] [INFO] [1789373500.664453024] [amr_8.rh_node]: [amr_8] Pruned expired reservations for peers: ['amr_0']
[rh_node-60] [INFO] [1789373500.813459690] [amr_5.rh_node]: [amr_5] Pruned expired reservations for peers: ['amr_0']
[rh_node-58] [INFO] [1789373500.851517857] [amr_3.rh_node]: [amr_3] Pruned expired reservations for peers: ['amr_0']
[rh_node-62] [INFO] [1789373500.963776713] [amr_7.rh_node]: [amr_7] Pruned expired reservations for peers: ['amr_0']
[rh_node-64] [INFO] [1789373500.971146959] [amr_9.rh_node]: [amr_9] Pruned expired reservations for peers: ['amr_0']
[rh_node-56] [INFO] [1789373500.979393403] [amr_1.rh_node]: [amr_1] Pruned expired reservations for peers: ['amr_0']
[rh_node-59] [INFO] [1789373501.030286435] [amr_4.rh_node]: [amr_4] Pruned expired reservations for peers: ['amr_0']
[rh_node-57] [INFO] [1789373501.085694501] [amr_2.rh_node]: [amr_2] Pruned expired reservations for peers: ['amr_0']
[rh_node-61] [INFO] [1789373501.087785067] [amr_6.rh_node]: [amr_6] Pruned expired reservations for peers: ['amr_0']
[rh_node-63] [INFO] [1789373501.164635010] [amr_8.rh_node]: [amr_8] Pruned expired reservations for peers: ['amr_0']
[rh_node-60] [INFO] [1789373501.313961768] [amr_5.rh_node]: [amr_5] Pruned expired reservations for peers: ['amr_0']
[rh_node-58] [INFO] [1789373501.351644443] [amr_3.rh_node]: [amr_3] Pruned expired reservations for peers: ['amr_0']
[rh_node-62] [INFO] [1789373501.463328986] [amr_7.rh_node]: [amr_7] Pruned expired reservations for peers: ['amr_0']
[rh_node-64] [INFO] [1789373501.471270128] [amr_9.rh_node]: [amr_9] Pruned expired reservations for peers: ['amr_0']
[rh_node-56] [INFO] [1789373501.479047906] [amr_1.rh_node]: [amr_1] Pruned expired reservations for peers: ['amr_0']
[rh_node-59] [INFO] [1789373501.530476179] [amr_4.rh_node]: [amr_4] Pruned expired reservations for peers: ['amr_0']
[rh_node-57] [INFO] [1789373501.584676987] [amr_2.rh_node]: [amr_2] Pruned expired reservations for peers: ['amr_0']
[rh_node-61] [INFO] [1789373501.586679236] [amr_6.rh_node]: [amr_6] Pruned expired reservations for peers: ['amr_0']
[rh_node-63] [INFO] [1789373501.664573657] [amr_8.rh_node]: [amr_8] Pruned expired reservations for peers: ['amr_0']
[rh_node-60] [INFO] [1789373501.813847344] [amr_5.rh_node]: [amr_5] Pruned expired reservations for peers: ['amr_0']
[rh_node-58] [INFO] [1789373501.851609834] [amr_3.rh_node]: [amr_3] Pruned expired reservations for peers: ['amr_0']
[rh_node-62] [INFO] [1789373501.962589499] [amr_7.rh_node]: [amr_7] Pruned expired reservations for peers: ['amr_0']
[rh_node-64] [INFO] [1789373501.971634588] [amr_9.rh_node]: [amr_9] Pruned expired reservations for peers: ['amr_0']
[rh_node-56] [INFO] [1789373501.979368908] [amr_1.rh_node]: [amr_1] Pruned expired reservations for peers: ['amr_0']
[rh_node-59] [INFO] [1789373502.031621604] [amr_4.rh_node]: [amr_4] Pruned expired reservations for peers: ['amr_0']
[rh_node-57] [INFO] [1789373502.085697519] [amr_2.rh_node]: [amr_2] Pruned expired reservations for peers: ['amr_0']
[rh_node-61] [INFO] [1789373502.087200874] [amr_6.rh_node]: [amr_6] Pruned expired reservations for peers: ['amr_0']
[rh_node-63] [INFO] [1789373502.164257540] [amr_8.rh_node]: [amr_8] Pruned expired reservations for peers: ['amr_0']
[rh_node-60] [INFO] [1789373502.313499788] [amr_5.rh_node]: [amr_5] Pruned expired reservations for peers: ['amr_0']
[rh_node-58] [INFO] [1789373502.351193137] [amr_3.rh_node]: [amr_3] Pruned expired reservations for peers: ['amr_0']
[rh_node-62] [INFO] [1789373502.462689991] [amr_7.rh_node]: [amr_7] Pruned expired reservations for peers: ['amr_0']
[rh_node-64] [INFO] [1789373502.471568712] [amr_9.rh_node]: [amr_9] Pruned expired reservations for peers: ['amr_0']
[rh_node-56] [INFO] [1789373502.479734097] [amr_1.rh_node]: [amr_1] Pruned expired reservations for peers: ['amr_0']
[rh_node-59] [INFO] [1789373502.530084282] [amr_4.rh_node]: [amr_4] Pruned expired reservations for peers: ['amr_0']
[rh_node-57] [INFO] [1789373502.585213031] [amr_2.rh_node]: [amr_2] Pruned expired reservations for peers: ['amr_0']
[rh_node-61] [INFO] [1789373502.587716682] [amr_6.rh_node]: [amr_6] Pruned expired reservations for peers: ['amr_0']
[rh_node-63] [INFO] [1789373502.664103406] [amr_8.rh_node]: [amr_8] Pruned expired reservations for peers: ['amr_0']
[rh_node-60] [INFO] [1789373502.814637637] [amr_5.rh_node]: [amr_5] Pruned expired reservations for peers: ['amr_0']
[rh_node-58] [INFO] [1789373502.851621508] [amr_3.rh_node]: [amr_3] Pruned expired reservations for peers: ['amr_0']
[rh_node-62] [INFO] [1789373502.962560034] [amr_7.rh_node]: [amr_7] Pruned expired reservations for peers: ['amr_0']
[rh_node-64] [INFO] [1789373502.971277599] [amr_9.rh_node]: [amr_9] Pruned expired reservations for peers: ['amr_0']
[rh_node-56] [INFO] [1789373502.979511798] [amr_1.rh_node]: [amr_1] Pruned expired reservations for peers: ['amr_0']
[rh_node-59] [INFO] [1789373503.029994085] [amr_4.rh_node]: [amr_4] Pruned expired reservations for peers: ['amr_0']
[rh_node-57] [INFO] [1789373503.085422563] [amr_2.rh_node]: [amr_2] Pruned expired reservations for peers: ['amr_0']
[rh_node-61] [INFO] [1789373503.086782664] [amr_6.rh_node]: [amr_6] Pruned expired reservations for peers: ['amr_0']
[rh_node-63] [INFO] [1789373503.163823545] [amr_8.rh_node]: [amr_8] Pruned expired reservations for peers: ['amr_0']
[rh_node-60] [INFO] [1789373503.313583424] [amr_5.rh_node]: [amr_5] Pruned expired reservations for peers: ['amr_0']
[rh_node-58] [INFO] [1789373503.352513291] [amr_3.rh_node]: [amr_3] Pruned expired reservations for peers: ['amr_0']
[rh_node-62] [INFO] [1789373503.462995733] [amr_7.rh_node]: [amr_7] Pruned expired reservations for peers: ['amr_0']
[rh_node-64] [INFO] [1789373503.471632885] [amr_9.rh_node]: [amr_9] Pruned expired reservations for peers: ['amr_0']
[rh_node-56] [INFO] [1789373503.481102244] [amr_1.rh_node]: [amr_1] Pruned expired reservations for peers: ['amr_0']
[rh_node-59] [INFO] [1789373503.530552806] [amr_4.rh_node]: [amr_4] Pruned expired reservations for peers: ['amr_0']
[rh_node-57] [INFO] [1789373503.585771751] [amr_2.rh_node]: [amr_2] Pruned expired reservations for peers: ['amr_0']
[rh_node-61] [INFO] [1789373503.587263113] [amr_6.rh_node]: [amr_6] Pruned expired reservations for peers: ['amr_0']
[rh_node-63] [INFO] [1789373503.665113977] [amr_8.rh_node]: [amr_8] Pruned expired reservations for peers: ['amr_0']
[rh_node-60] [INFO] [1789373503.813086448] [amr_5.rh_node]: [amr_5] Pruned expired reservations for peers: ['amr_0']
[rh_node-58] [INFO] [1789373503.851184585] [amr_3.rh_node]: [amr_3] Pruned expired reservations for peers: ['amr_0']
[rh_node-62] [INFO] [1789373503.962830112] [amr_7.rh_node]: [amr_7] Pruned expired reservations for peers: ['amr_0']
[rh_node-64] [INFO] [1789373503.971511821] [amr_9.rh_node]: [amr_9] Pruned expired reservations for peers: ['amr_0']
[rh_node-56] [INFO] [1789373503.979814857] [amr_1.rh_node]: [amr_1] Pruned expired reservations for peers: ['amr_0']
[rh_node-59] [INFO] [1789373504.030369119] [amr_4.rh_node]: [amr_4] Pruned expired reservations for peers: ['amr_0']
[rh_node-57] [INFO] [1789373504.085466907] [amr_2.rh_node]: [amr_2] Pruned expired reservations for peers: ['amr_0']
[rh_node-61] [INFO] [1789373504.087244173] [amr_6.rh_node]: [amr_6] Pruned expired reservations for peers: ['amr_0']
[rh_node-63] [INFO] [1789373504.164105663] [amr_8.rh_node]: [amr_8] Pruned expired reservations for peers: ['amr_0']
[rh_node-60] [INFO] [1789373504.314174399] [amr_5.rh_node]: [amr_5] Pruned expired reservations for peers: ['amr_0']
[rh_node-58] [INFO] [1789373504.351874696] [amr_3.rh_node]: [amr_3] Pruned expired reservations for peers: ['amr_0']
[rh_node-62] [INFO] [1789373504.463350256] [amr_7.rh_node]: [amr_7] Pruned expired reservations for peers: ['amr_0']
[rh_node-64] [INFO] [1789373504.471590880] [amr_9.rh_node]: [amr_9] Pruned expired reservations for peers: ['amr_0']
[rh_node-56] [INFO] [1789373504.479214238] [amr_1.rh_node]: [amr_1] Pruned expired reservations for peers: ['amr_0']
[rh_node-59] [INFO] [1789373504.531506504] [amr_4.rh_node]: [amr_4] Pruned expired reservations for peers: ['amr_0']
[rh_node-57] [INFO] [1789373504.585851296] [amr_2.rh_node]: [amr_2] Pruned expired reservations for peers: ['amr_0']
[rh_node-61] [INFO] [1789373504.586871407] [amr_6.rh_node]: [amr_6] Pruned expired reservations for peers: ['amr_0']
[rh_node-63] [INFO] [1789373504.664228126] [amr_8.rh_node]: [amr_8] Pruned expired reservations for peers: ['amr_0']
[rh_node-60] [INFO] [1789373504.813831524] [amr_5.rh_node]: [amr_5] Pruned expired reservations for peers: ['amr_0']
[rh_node-58] [INFO] [1789373504.851313712] [amr_3.rh_node]: [amr_3] Pruned expired reservations for peers: ['amr_0']
[rh_node-62] [INFO] [1789373504.963193305] [amr_7.rh_node]: [amr_7] Pruned expired reservations for peers: ['amr_0']
[rh_node-64] [INFO] [1789373504.971544681] [amr_9.rh_node]: [amr_9] Pruned expired reservations for peers: ['amr_0']
[rh_node-56] [INFO] [1789373504.979621149] [amr_1.rh_node]: [amr_1] Pruned expired reservations for peers: ['amr_0']
[rh_node-59] [INFO] [1789373505.029996171] [amr_4.rh_node]: [amr_4] Pruned expired reservations for peers: ['amr_0']
[rh_node-57] [INFO] [1789373505.085675493] [amr_2.rh_node]: [amr_2] Pruned expired reservations for peers: ['amr_0']
[rh_node-61] [INFO] [1789373505.087342051] [amr_6.rh_node]: [amr_6] Pruned expired reservations for peers: ['amr_0']
[rh_node-63] [INFO] [1789373505.164449421] [amr_8.rh_node]: [amr_8] Pruned expired reservations for peers: ['amr_0']
[rh_node-60] [INFO] [1789373505.313299170] [amr_5.rh_node]: [amr_5] Pruned expired reservations for peers: ['amr_0']
[rh_node-58] [INFO] [1789373505.351534411] [amr_3.rh_node]: [amr_3] Pruned expired reservations for peers: ['amr_0']
[rh_node-62] [INFO] [1789373505.463110336] [amr_7.rh_node]: [amr_7] Pruned expired reservations for peers: ['amr_0']
[rh_node-64] [INFO] [1789373505.471315387] [amr_9.rh_node]: [amr_9] Pruned expired reservations for peers: ['amr_0']
[rh_node-56] [INFO] [1789373505.481395170] [amr_1.rh_node]: [amr_1] Pruned expired reservations for peers: ['amr_0']
[rh_node-59] [INFO] [1789373505.529942075] [amr_4.rh_node]: [amr_4] Pruned expired reservations for peers: ['amr_0']
[rh_node-57] [INFO] [1789373505.585830891] [amr_2.rh_node]: [amr_2] Pruned expired reservations for peers: ['amr_0']
[rh_node-61] [INFO] [1789373505.590033568] [amr_6.rh_node]: [amr_6] Pruned expired reservations for peers: ['amr_0']
[rh_node-63] [INFO] [1789373505.665456707] [amr_8.rh_node]: [amr_8] Pruned expired reservations for peers: ['amr_0']
[rh_node-60] [INFO] [1789373505.813353823] [amr_5.rh_node]: [amr_5] Pruned expired reservations for peers: ['amr_0']
[rh_node-58] [INFO] [1789373505.851467827] [amr_3.rh_node]: [amr_3] Pruned expired reservations for peers: ['amr_0']
[rh_node-62] [INFO] [1789373505.963128660] [amr_7.rh_node]: [amr_7] Pruned expired reservations for peers: ['amr_0']
[rh_node-64] [INFO] [1789373505.971556097] [amr_9.rh_node]: [amr_9] Pruned expired reservations for peers: ['amr_0']
[rh_node-56] [INFO] [1789373505.979636377] [amr_1.rh_node]: [amr_1] Pruned expired reservations for peers: ['amr_0']
[rh_node-59] [INFO] [1789373506.030215877] [amr_4.rh_node]: [amr_4] Pruned expired reservations for peers: ['amr_0']
[rh_node-57] [INFO] [1789373506.084977927] [amr_2.rh_node]: [amr_2] Pruned expired reservations for peers: ['amr_0']
[rh_node-61] [INFO] [1789373506.087263579] [amr_6.rh_node]: [amr_6] Pruned expired reservations for peers: ['amr_0']
[rh_node-63] [INFO] [1789373506.163494717] [amr_8.rh_node]: [amr_8] Reached pickup for task 'task_m9_v2_w30_0009'. Moving to dropoff.
[task_manager-44] [INFO] [1789373506.164533757] [amr_task_manager]: Task 'task_m9_v2_w30_0009' transitioned to IN_PROGRESS
[rh_node-63] [INFO] [1789373506.166204219] [amr_8.rh_node]: [amr_8] Pruned expired reservations for peers: ['amr_0']
[rh_node-60] [INFO] [1789373506.317586193] [amr_5.rh_node]: [amr_5] Pruned expired reservations for peers: ['amr_0']
[rh_node-58] [INFO] [1789373506.351146145] [amr_3.rh_node]: [amr_3] Pruned expired reservations for peers: ['amr_0']
[rh_node-62] [INFO] [1789373506.462277209] [amr_7.rh_node]: [amr_7] Pruned expired reservations for peers: ['amr_0']
[rh_node-64] [INFO] [1789373506.471294000] [amr_9.rh_node]: [amr_9] Pruned expired reservations for peers: ['amr_0']
[rh_node-56] [INFO] [1789373506.481804916] [amr_1.rh_node]: [amr_1] Pruned expired reservations for peers: ['amr_0']
[rh_node-59] [INFO] [1789373506.530200607] [amr_4.rh_node]: [amr_4] Pruned expired reservations for peers: ['amr_0']
[rh_node-57] [INFO] [1789373506.587092244] [amr_2.rh_node]: [amr_2] Pruned expired reservations for peers: ['amr_0']
[rh_node-61] [INFO] [1789373506.587879720] [amr_6.rh_node]: [amr_6] Pruned expired reservations for peers: ['amr_0']
[rh_node-63] [INFO] [1789373506.665511998] [amr_8.rh_node]: [amr_8] Pruned expired reservations for peers: ['amr_0']
[rh_node-60] [INFO] [1789373506.814002925] [amr_5.rh_node]: [amr_5] Pruned expired reservations for peers: ['amr_0']
[rh_node-58] [INFO] [1789373506.851357222] [amr_3.rh_node]: [amr_3] Pruned expired reservations for peers: ['amr_0']
[rh_node-62] [INFO] [1789373506.962762486] [amr_7.rh_node]: [amr_7] Pruned expired reservations for peers: ['amr_0']
[rh_node-64] [INFO] [1789373506.971750828] [amr_9.rh_node]: [amr_9] Pruned expired reservations for peers: ['amr_0']
[rh_node-56] [INFO] [1789373506.980603983] [amr_1.rh_node]: [amr_1] Pruned expired reservations for peers: ['amr_0']
[rh_node-59] [INFO] [1789373507.029991495] [amr_4.rh_node]: [amr_4] Pruned expired reservations for peers: ['amr_0']
[rh_node-57] [INFO] [1789373507.084972694] [amr_2.rh_node]: [amr_2] Pruned expired reservations for peers: ['amr_0']
[rh_node-61] [INFO] [1789373507.088666909] [amr_6.rh_node]: [amr_6] Pruned expired reservations for peers: ['amr_0']
[rh_node-63] [INFO] [1789373507.165291747] [amr_8.rh_node]: [amr_8] Pruned expired reservations for peers: ['amr_0']
[rh_node-60] [INFO] [1789373507.313725412] [amr_5.rh_node]: [amr_5] Pruned expired reservations for peers: ['amr_0']
[rh_node-58] [INFO] [1789373507.351631327] [amr_3.rh_node]: [amr_3] Pruned expired reservations for peers: ['amr_0']
[rh_node-62] [INFO] [1789373507.462805372] [amr_7.rh_node]: [amr_7] Pruned expired reservations for peers: ['amr_0']
[rh_node-64] [INFO] [1789373507.471642909] [amr_9.rh_node]: [amr_9] Pruned expired reservations for peers: ['amr_0']
[rh_node-56] [INFO] [1789373507.480003661] [amr_1.rh_node]: [amr_1] Pruned expired reservations for peers: ['amr_0']
[rh_node-59] [INFO] [1789373507.530121985] [amr_4.rh_node]: [amr_4] Pruned expired reservations for peers: ['amr_0']
[rh_node-57] [INFO] [1789373507.585464265] [amr_2.rh_node]: [amr_2] Pruned expired reservations for peers: ['amr_0']
[rh_node-61] [INFO] [1789373507.587302468] [amr_6.rh_node]: [amr_6] Pruned expired reservations for peers: ['amr_0']
[rh_node-63] [INFO] [1789373507.665139716] [amr_8.rh_node]: [amr_8] Pruned expired reservations for peers: ['amr_0']
[rh_node-60] [INFO] [1789373507.813124511] [amr_5.rh_node]: [amr_5] Pruned expired reservations for peers: ['amr_0']
[rh_node-58] [INFO] [1789373507.851778272] [amr_3.rh_node]: [amr_3] Pruned expired reservations for peers: ['amr_0']
[rh_node-62] [INFO] [1789373507.963816352] [amr_7.rh_node]: [amr_7] Pruned expired reservations for peers: ['amr_0']
[rh_node-64] [INFO] [1789373507.971553973] [amr_9.rh_node]: [amr_9] Pruned expired reservations for peers: ['amr_0']
[rh_node-56] [INFO] [1789373507.979889313] [amr_1.rh_node]: [amr_1] Pruned expired reservations for peers: ['amr_0']
[rh_node-59] [INFO] [1789373508.030205885] [amr_4.rh_node]: [amr_4] Pruned expired reservations for peers: ['amr_0']
[rh_node-57] [INFO] [1789373508.085825979] [amr_2.rh_node]: [amr_2] Pruned expired reservations for peers: ['amr_0']
[rh_node-61] [INFO] [1789373508.087837820] [amr_6.rh_node]: [amr_6] Pruned expired reservations for peers: ['amr_0']
[rh_node-63] [INFO] [1789373508.164983315] [amr_8.rh_node]: [amr_8] Pruned expired reservations for peers: ['amr_0']
[rh_node-60] [INFO] [1789373508.313742495] [amr_5.rh_node]: [amr_5] Pruned expired reservations for peers: ['amr_0']
[rh_node-58] [INFO] [1789373508.351352181] [amr_3.rh_node]: [amr_3] Pruned expired reservations for peers: ['amr_0']
[rh_node-62] [INFO] [1789373508.463104504] [amr_7.rh_node]: [amr_7] Pruned expired reservations for peers: ['amr_0']
[rh_node-64] [INFO] [1789373508.471350896] [amr_9.rh_node]: [amr_9] Pruned expired reservations for peers: ['amr_0']
[rh_node-56] [INFO] [1789373508.479831439] [amr_1.rh_node]: [amr_1] Pruned expired reservations for peers: ['amr_0']
[rh_node-59] [INFO] [1789373508.530002932] [amr_4.rh_node]: [amr_4] Pruned expired reservations for peers: ['amr_0']
[rh_node-57] [INFO] [1789373508.585614075] [amr_2.rh_node]: [amr_2] Pruned expired reservations for peers: ['amr_0']
[rh_node-61] [INFO] [1789373508.586784509] [amr_6.rh_node]: [amr_6] Pruned expired reservations for peers: ['amr_0']
[rh_node-63] [INFO] [1789373508.666636099] [amr_8.rh_node]: [amr_8] Pruned expired reservations for peers: ['amr_0']
[rh_node-60] [INFO] [1789373508.813669538] [amr_5.rh_node]: [amr_5] Pruned expired reservations for peers: ['amr_0']
[rh_node-58] [INFO] [1789373508.851258723] [amr_3.rh_node]: [amr_3] Pruned expired reservations for peers: ['amr_0']
[rh_node-62] [INFO] [1789373508.962159433] [amr_7.rh_node]: [amr_7] Pruned expired reservations for peers: ['amr_0']
[rh_node-64] [INFO] [1789373508.971177853] [amr_9.rh_node]: [amr_9] Pruned expired reservations for peers: ['amr_0']
[rh_node-56] [INFO] [1789373508.979096062] [amr_1.rh_node]: [amr_1] Pruned expired reservations for peers: ['amr_0']
[rh_node-59] [INFO] [1789373509.030175570] [amr_4.rh_node]: [amr_4] Pruned expired reservations for peers: ['amr_0']
[rh_node-57] [INFO] [1789373509.084659026] [amr_2.rh_node]: [amr_2] Pruned expired reservations for peers: ['amr_0']
[rh_node-61] [INFO] [1789373509.087629979] [amr_6.rh_node]: [amr_6] Pruned expired reservations for peers: ['amr_0']
[rh_node-63] [INFO] [1789373509.164913703] [amr_8.rh_node]: [amr_8] Pruned expired reservations for peers: ['amr_0']
[rh_node-60] [INFO] [1789373509.313212703] [amr_5.rh_node]: [amr_5] Pruned expired reservations for peers: ['amr_0']
[rh_node-58] [INFO] [1789373509.351672020] [amr_3.rh_node]: [amr_3] Pruned expired reservations for peers: ['amr_0']
[rh_node-62] [INFO] [1789373509.462379262] [amr_7.rh_node]: [amr_7] Pruned expired reservations for peers: ['amr_0']
[rh_node-64] [INFO] [1789373509.471476741] [amr_9.rh_node]: [amr_9] Pruned expired reservations for peers: ['amr_0']
[rh_node-56] [INFO] [1789373509.479418581] [amr_1.rh_node]: [amr_1] Pruned expired reservations for peers: ['amr_0']
[rh_node-59] [INFO] [1789373509.530399717] [amr_4.rh_node]: [amr_4] Pruned expired reservations for peers: ['amr_0']
[rh_node-57] [INFO] [1789373509.585431607] [amr_2.rh_node]: [amr_2] Pruned expired reservations for peers: ['amr_0']
[rh_node-61] [INFO] [1789373509.587662998] [amr_6.rh_node]: [amr_6] Pruned expired reservations for peers: ['amr_0']
[rh_node-63] [INFO] [1789373509.665254390] [amr_8.rh_node]: [amr_8] Pruned expired reservations for peers: ['amr_0']
[rh_node-60] [INFO] [1789373509.813560452] [amr_5.rh_node]: [amr_5] Pruned expired reservations for peers: ['amr_0']
[rh_node-58] [INFO] [1789373509.851190071] [amr_3.rh_node]: [amr_3] Pruned expired reservations for peers: ['amr_0']
[rh_node-62] [INFO] [1789373509.962895826] [amr_7.rh_node]: [amr_7] Pruned expired reservations for peers: ['amr_0']
[rh_node-64] [INFO] [1789373509.971214318] [amr_9.rh_node]: [amr_9] Pruned expired reservations for peers: ['amr_0']
[rh_node-56] [INFO] [1789373509.980533801] [amr_1.rh_node]: [amr_1] Pruned expired reservations for peers: ['amr_0']
[rh_node-59] [INFO] [1789373510.030408054] [amr_4.rh_node]: [amr_4] Pruned expired reservations for peers: ['amr_0']
[rh_node-57] [INFO] [1789373510.085540352] [amr_2.rh_node]: [amr_2] Pruned expired reservations for peers: ['amr_0']
[rh_node-61] [INFO] [1789373510.087955500] [amr_6.rh_node]: [amr_6] Pruned expired reservations for peers: ['amr_0']
[rh_node-63] [INFO] [1789373510.168915873] [amr_8.rh_node]: [amr_8] Pruned expired reservations for peers: ['amr_0']
[rh_node-60] [INFO] [1789373510.315547881] [amr_5.rh_node]: [amr_5] Pruned expired reservations for peers: ['amr_0']
[rh_node-58] [INFO] [1789373510.352798968] [amr_3.rh_node]: [amr_3] Pruned expired reservations for peers: ['amr_0']
[rh_node-62] [INFO] [1789373510.463411641] [amr_7.rh_node]: [amr_7] Pruned expired reservations for peers: ['amr_0']
[rh_node-64] [INFO] [1789373510.471368323] [amr_9.rh_node]: [amr_9] Pruned expired reservations for peers: ['amr_0']
[rh_node-56] [INFO] [1789373510.480129322] [amr_1.rh_node]: [amr_1] Pruned expired reservations for peers: ['amr_0']
[rh_node-59] [INFO] [1789373510.530179333] [amr_4.rh_node]: [amr_4] Pruned expired reservations for peers: ['amr_0']
[rh_node-57] [INFO] [1789373510.586315121] [amr_2.rh_node]: [amr_2] Pruned expired reservations for peers: ['amr_0']
[rh_node-61] [INFO] [1789373510.587848969] [amr_6.rh_node]: [amr_6] Pruned expired reservations for peers: ['amr_0']
[rh_node-63] [INFO] [1789373510.666546421] [amr_8.rh_node]: [amr_8] Pruned expired reservations for peers: ['amr_0']
[rh_node-60] [INFO] [1789373510.813687678] [amr_5.rh_node]: [amr_5] Pruned expired reservations for peers: ['amr_0']
[rh_node-58] [INFO] [1789373510.851325562] [amr_3.rh_node]: [amr_3] Pruned expired reservations for peers: ['amr_0']
[rh_node-62] [INFO] [1789373510.965086231] [amr_7.rh_node]: [amr_7] Pruned expired reservations for peers: ['amr_0']
[rh_node-64] [INFO] [1789373510.971663641] [amr_9.rh_node]: [amr_9] Pruned expired reservations for peers: ['amr_0']
[rh_node-56] [INFO] [1789373510.979800985] [amr_1.rh_node]: [amr_1] Pruned expired reservations for peers: ['amr_0']
[rh_node-59] [INFO] [1789373511.029976561] [amr_4.rh_node]: [amr_4] Pruned expired reservations for peers: ['amr_0']
[rh_node-57] [INFO] [1789373511.085531182] [amr_2.rh_node]: [amr_2] Pruned expired reservations for peers: ['amr_0']
[rh_node-61] [INFO] [1789373511.087783864] [amr_6.rh_node]: [amr_6] Pruned expired reservations for peers: ['amr_0']
[rh_node-63] [INFO] [1789373511.164952077] [amr_8.rh_node]: [amr_8] Pruned expired reservations for peers: ['amr_0']
[rh_node-60] [INFO] [1789373511.313348668] [amr_5.rh_node]: [amr_5] Pruned expired reservations for peers: ['amr_0']
[rh_node-58] [INFO] [1789373511.352578288] [amr_3.rh_node]: [amr_3] Pruned expired reservations for peers: ['amr_0']
[rh_node-62] [INFO] [1789373511.462093503] [amr_7.rh_node]: [amr_7] Pruned expired reservations for peers: ['amr_0']
[rh_node-64] [INFO] [1789373511.471006256] [amr_9.rh_node]: [amr_9] Pruned expired reservations for peers: ['amr_0']
[rh_node-56] [INFO] [1789373511.479693427] [amr_1.rh_node]: [amr_1] Pruned expired reservations for peers: ['amr_0']
[rh_node-59] [INFO] [1789373511.531001340] [amr_4.rh_node]: [amr_4] Pruned expired reservations for peers: ['amr_0']
[rh_node-61] [INFO] [1789373511.587972308] [amr_6.rh_node]: [amr_6] Pruned expired reservations for peers: ['amr_0']
[rh_node-57] [INFO] [1789373511.588558870] [amr_2.rh_node]: [amr_2] Pruned expired reservations for peers: ['amr_0']
[rh_node-63] [INFO] [1789373511.665341827] [amr_8.rh_node]: [amr_8] Pruned expired reservations for peers: ['amr_0']
[rh_node-60] [INFO] [1789373511.813515916] [amr_5.rh_node]: [amr_5] Pruned expired reservations for peers: ['amr_0']
[rh_node-58] [INFO] [1789373511.851573407] [amr_3.rh_node]: [amr_3] Pruned expired reservations for peers: ['amr_0']
[rh_node-62] [INFO] [1789373511.963076406] [amr_7.rh_node]: [amr_7] Pruned expired reservations for peers: ['amr_0']
[rh_node-64] [INFO] [1789373511.971358957] [amr_9.rh_node]: [amr_9] Pruned expired reservations for peers: ['amr_0']
[rh_node-56] [INFO] [1789373511.979202502] [amr_1.rh_node]: [amr_1] Pruned expired reservations for peers: ['amr_0']
[rh_node-59] [INFO] [1789373512.029690574] [amr_4.rh_node]: [amr_4] Pruned expired reservations for peers: ['amr_0']
[rh_node-57] [INFO] [1789373512.084662393] [amr_2.rh_node]: [amr_2] Pruned expired reservations for peers: ['amr_0']
[rh_node-61] [INFO] [1789373512.087000793] [amr_6.rh_node]: [amr_6] Pruned expired reservations for peers: ['amr_0']
[rh_node-63] [INFO] [1789373512.165478872] [amr_8.rh_node]: [amr_8] Pruned expired reservations for peers: ['amr_0']
[rh_node-60] [INFO] [1789373512.313436086] [amr_5.rh_node]: [amr_5] Pruned expired reservations for peers: ['amr_0']
[rh_node-58] [INFO] [1789373512.352684813] [amr_3.rh_node]: [amr_3] Pruned expired reservations for peers: ['amr_0']
[rh_node-62] [INFO] [1789373512.462185967] [amr_7.rh_node]: [amr_7] Pruned expired reservations for peers: ['amr_0']
[rh_node-64] [INFO] [1789373512.471361947] [amr_9.rh_node]: [amr_9] Pruned expired reservations for peers: ['amr_0']
[rh_node-56] [INFO] [1789373512.479488444] [amr_1.rh_node]: [amr_1] Pruned expired reservations for peers: ['amr_0']
[rh_node-59] [INFO] [1789373512.530030267] [amr_4.rh_node]: [amr_4] Pruned expired reservations for peers: ['amr_0']
[rh_node-57] [INFO] [1789373512.585394078] [amr_2.rh_node]: [amr_2] Pruned expired reservations for peers: ['amr_0']
[rh_node-61] [INFO] [1789373512.587723626] [amr_6.rh_node]: [amr_6] Pruned expired reservations for peers: ['amr_0']
[rh_node-63] [INFO] [1789373512.665534059] [amr_8.rh_node]: [amr_8] Pruned expired reservations for peers: ['amr_0']
[rh_node-60] [INFO] [1789373512.813302488] [amr_5.rh_node]: [amr_5] Pruned expired reservations for peers: ['amr_0']
[rh_node-58] [INFO] [1789373512.851446820] [amr_3.rh_node]: [amr_3] Pruned expired reservations for peers: ['amr_0']
[rh_node-62] [INFO] [1789373512.965085078] [amr_7.rh_node]: [amr_7] Pruned expired reservations for peers: ['amr_0']
[rh_node-64] [INFO] [1789373512.971511988] [amr_9.rh_node]: [amr_9] Pruned expired reservations for peers: ['amr_0']
[rh_node-56] [INFO] [1789373512.979945319] [amr_1.rh_node]: [amr_1] Pruned expired reservations for peers: ['amr_0']
[rh_node-59] [INFO] [1789373513.029836382] [amr_4.rh_node]: [amr_4] Pruned expired reservations for peers: ['amr_0']
[rh_node-57] [INFO] [1789373513.085663625] [amr_2.rh_node]: [amr_2] Pruned expired reservations for peers: ['amr_0']
[rh_node-61] [INFO] [1789373513.086733031] [amr_6.rh_node]: [amr_6] Pruned expired reservations for peers: ['amr_0']
[rh_node-63] [INFO] [1789373513.164993391] [amr_8.rh_node]: [amr_8] Pruned expired reservations for peers: ['amr_0']
[rh_node-60] [INFO] [1789373513.315302138] [amr_5.rh_node]: [amr_5] Pruned expired reservations for peers: ['amr_0']
[rh_node-58] [INFO] [1789373513.352787764] [amr_3.rh_node]: [amr_3] Pruned expired reservations for peers: ['amr_0']
[rh_node-62] [INFO] [1789373513.463245510] [amr_7.rh_node]: [amr_7] Pruned expired reservations for peers: ['amr_0']
[rh_node-64] [INFO] [1789373513.471216127] [amr_9.rh_node]: [amr_9] Pruned expired reservations for peers: ['amr_0']
[rh_node-56] [INFO] [1789373513.479535401] [amr_1.rh_node]: [amr_1] Pruned expired reservations for peers: ['amr_0']
[rh_node-59] [INFO] [1789373513.530193623] [amr_4.rh_node]: [amr_4] Pruned expired reservations for peers: ['amr_0']
[rh_node-57] [INFO] [1789373513.585450514] [amr_2.rh_node]: [amr_2] Pruned expired reservations for peers: ['amr_0']
[rh_node-61] [INFO] [1789373513.587537981] [amr_6.rh_node]: [amr_6] Pruned expired reservations for peers: ['amr_0']
[rh_node-63] [INFO] [1789373513.665945739] [amr_8.rh_node]: [amr_8] Pruned expired reservations for peers: ['amr_0']
[rh_node-60] [INFO] [1789373513.813394989] [amr_5.rh_node]: [amr_5] Pruned expired reservations for peers: ['amr_0']
[rh_node-58] [INFO] [1789373513.851673210] [amr_3.rh_node]: [amr_3] Pruned expired reservations for peers: ['amr_0']
[rh_node-62] [INFO] [1789373513.961984220] [amr_7.rh_node]: [amr_7] Pruned expired reservations for peers: ['amr_0']
[rh_node-64] [INFO] [1789373513.971563596] [amr_9.rh_node]: [amr_9] Pruned expired reservations for peers: ['amr_0']
[rh_node-56] [INFO] [1789373513.980040976] [amr_1.rh_node]: [amr_1] Pruned expired reservations for peers: ['amr_0']
[rh_node-59] [INFO] [1789373514.030275686] [amr_4.rh_node]: [amr_4] Pruned expired reservations for peers: ['amr_0']
[rh_node-57] [INFO] [1789373514.084966226] [amr_2.rh_node]: [amr_2] Pruned expired reservations for peers: ['amr_0']
[rh_node-61] [INFO] [1789373514.087679177] [amr_6.rh_node]: [amr_6] Pruned expired reservations for peers: ['amr_0']
[rh_node-63] [INFO] [1789373514.164966147] [amr_8.rh_node]: [amr_8] Pruned expired reservations for peers: ['amr_0']
[rh_node-60] [INFO] [1789373514.313146911] [amr_5.rh_node]: [amr_5] Pruned expired reservations for peers: ['amr_0']
[rh_node-58] [INFO] [1789373514.351222732] [amr_3.rh_node]: [amr_3] Pruned expired reservations for peers: ['amr_0']
[rh_node-62] [INFO] [1789373514.462831922] [amr_7.rh_node]: [amr_7] Pruned expired reservations for peers: ['amr_0']
[rh_node-64] [INFO] [1789373514.471227092] [amr_9.rh_node]: [amr_9] Pruned expired reservations for peers: ['amr_0']
[rh_node-56] [INFO] [1789373514.479138332] [amr_1.rh_node]: [amr_1] Pruned expired reservations for peers: ['amr_0']
[rh_node-59] [INFO] [1789373514.529588918] [amr_4.rh_node]: [amr_4] Pruned expired reservations for peers: ['amr_0']
[rh_node-57] [INFO] [1789373514.585795690] [amr_2.rh_node]: [amr_2] Pruned expired reservations for peers: ['amr_0']
[rh_node-61] [INFO] [1789373514.588149105] [amr_6.rh_node]: [amr_6] Pruned expired reservations for peers: ['amr_0']
[rh_node-63] [INFO] [1789373514.664970633] [amr_8.rh_node]: [amr_8] Pruned expired reservations for peers: ['amr_0']
[rh_node-60] [INFO] [1789373514.812825379] [amr_5.rh_node]: [amr_5] Pruned expired reservations for peers: ['amr_0']
[rh_node-58] [INFO] [1789373514.851324388] [amr_3.rh_node]: [amr_3] Pruned expired reservations for peers: ['amr_0']
[rh_node-62] [INFO] [1789373514.962966964] [amr_7.rh_node]: [amr_7] Pruned expired reservations for peers: ['amr_0']
[rh_node-64] [INFO] [1789373514.971444566] [amr_9.rh_node]: [amr_9] Pruned expired reservations for peers: ['amr_0']
[rh_node-56] [INFO] [1789373514.979057936] [amr_1.rh_node]: [amr_1] Pruned expired reservations for peers: ['amr_0']
[rh_node-59] [INFO] [1789373515.029995908] [amr_4.rh_node]: [amr_4] Pruned expired reservations for peers: ['amr_0']
[rh_node-57] [INFO] [1789373515.085211980] [amr_2.rh_node]: [amr_2] Pruned expired reservations for peers: ['amr_0']
[rh_node-61] [INFO] [1789373515.087279923] [amr_6.rh_node]: [amr_6] Pruned expired reservations for peers: ['amr_0']
[rh_node-63] [INFO] [1789373515.165221992] [amr_8.rh_node]: [amr_8] Pruned expired reservations for peers: ['amr_0']
[rh_node-60] [INFO] [1789373515.313886011] [amr_5.rh_node]: [amr_5] Pruned expired reservations for peers: ['amr_0']
[rh_node-58] [INFO] [1789373515.351494392] [amr_3.rh_node]: [amr_3] Pruned expired reservations for peers: ['amr_0']
[rh_node-62] [INFO] [1789373515.462047489] [amr_7.rh_node]: [amr_7] Pruned expired reservations for peers: ['amr_0']
[rh_node-64] [INFO] [1789373515.471315143] [amr_9.rh_node]: [amr_9] Pruned expired reservations for peers: ['amr_0']
[rh_node-56] [INFO] [1789373515.478867293] [amr_1.rh_node]: [amr_1] Pruned expired reservations for peers: ['amr_0']
[rh_node-59] [INFO] [1789373515.529503000] [amr_4.rh_node]: [amr_4] Pruned expired reservations for peers: ['amr_0']
[rh_node-57] [INFO] [1789373515.585093657] [amr_2.rh_node]: [amr_2] Pruned expired reservations for peers: ['amr_0']
[rh_node-61] [INFO] [1789373515.588821085] [amr_6.rh_node]: [amr_6] Pruned expired reservations for peers: ['amr_0']
[rh_node-63] [INFO] [1789373515.666725464] [amr_8.rh_node]: [amr_8] Pruned expired reservations for peers: ['amr_0']
[rh_node-60] [INFO] [1789373515.815920377] [amr_5.rh_node]: [amr_5] Pruned expired reservations for peers: ['amr_0']
[rh_node-58] [INFO] [1789373515.851951930] [amr_3.rh_node]: [amr_3] Pruned expired reservations for peers: ['amr_0']
[rh_node-62] [INFO] [1789373515.963095679] [amr_7.rh_node]: [amr_7] Pruned expired reservations for peers: ['amr_0']
[rh_node-64] [INFO] [1789373515.973079823] [amr_9.rh_node]: [amr_9] Pruned expired reservations for peers: ['amr_0']
[rh_node-56] [INFO] [1789373515.979242144] [amr_1.rh_node]: [amr_1] Pruned expired reservations for peers: ['amr_0']
[rh_node-59] [INFO] [1789373516.032446701] [amr_4.rh_node]: [amr_4] Pruned expired reservations for peers: ['amr_0']
[rh_node-57] [INFO] [1789373516.085455788] [amr_2.rh_node]: [amr_2] Pruned expired reservations for peers: ['amr_0']
[rh_node-61] [INFO] [1789373516.088045864] [amr_6.rh_node]: [amr_6] Pruned expired reservations for peers: ['amr_0']
[rh_node-63] [INFO] [1789373516.165445510] [amr_8.rh_node]: [amr_8] Pruned expired reservations for peers: ['amr_0']
[rh_node-60] [INFO] [1789373516.313049235] [amr_5.rh_node]: [amr_5] Pruned expired reservations for peers: ['amr_0']
[rh_node-58] [INFO] [1789373516.351075679] [amr_3.rh_node]: [amr_3] Pruned expired reservations for peers: ['amr_0']
[rh_node-62] [INFO] [1789373516.464642893] [amr_7.rh_node]: [amr_7] Pruned expired reservations for peers: ['amr_0']
[rh_node-64] [INFO] [1789373516.472014853] [amr_9.rh_node]: [amr_9] Pruned expired reservations for peers: ['amr_0']
[rh_node-56] [INFO] [1789373516.479564986] [amr_1.rh_node]: [amr_1] Pruned expired reservations for peers: ['amr_0']
[rh_node-59] [INFO] [1789373516.532239307] [amr_4.rh_node]: [amr_4] Pruned expired reservations for peers: ['amr_0']
[rh_node-57] [INFO] [1789373516.585565688] [amr_2.rh_node]: [amr_2] Pruned expired reservations for peers: ['amr_0']
[rh_node-61] [INFO] [1789373516.587269753] [amr_6.rh_node]: [amr_6] Pruned expired reservations for peers: ['amr_0']
[rh_node-63] [INFO] [1789373516.667125812] [amr_8.rh_node]: [amr_8] Pruned expired reservations for peers: ['amr_0']
[rh_node-60] [INFO] [1789373516.813261848] [amr_5.rh_node]: [amr_5] Pruned expired reservations for peers: ['amr_0']
[rh_node-58] [INFO] [1789373516.851398104] [amr_3.rh_node]: [amr_3] Pruned expired reservations for peers: ['amr_0']
[rh_node-62] [INFO] [1789373516.963108108] [amr_7.rh_node]: [amr_7] Pruned expired reservations for peers: ['amr_0']
[rh_node-64] [INFO] [1789373516.971364753] [amr_9.rh_node]: [amr_9] Pruned expired reservations for peers: ['amr_0']
[rh_node-56] [INFO] [1789373516.980671753] [amr_1.rh_node]: [amr_1] Pruned expired reservations for peers: ['amr_0']
[rh_node-59] [INFO] [1789373517.029809822] [amr_4.rh_node]: [amr_4] Pruned expired reservations for peers: ['amr_0']
[rh_node-57] [INFO] [1789373517.085083272] [amr_2.rh_node]: [amr_2] Pruned expired reservations for peers: ['amr_0']
[rh_node-61] [INFO] [1789373517.086759999] [amr_6.rh_node]: [amr_6] Pruned expired reservations for peers: ['amr_0']
[rh_node-63] [INFO] [1789373517.165298757] [amr_8.rh_node]: [amr_8] Pruned expired reservations for peers: ['amr_0']
[rh_node-60] [INFO] [1789373517.313319451] [amr_5.rh_node]: [amr_5] Pruned expired reservations for peers: ['amr_0']
[rh_node-58] [INFO] [1789373517.351465634] [amr_3.rh_node]: [amr_3] Pruned expired reservations for peers: ['amr_0']
[rh_node-62] [INFO] [1789373517.462454439] [amr_7.rh_node]: [amr_7] Pruned expired reservations for peers: ['amr_0']
[rh_node-64] [INFO] [1789373517.471462113] [amr_9.rh_node]: [amr_9] Pruned expired reservations for peers: ['amr_0']
[rh_node-56] [INFO] [1789373517.481595415] [amr_1.rh_node]: [amr_1] Pruned expired reservations for peers: ['amr_0']
[rh_node-59] [INFO] [1789373517.530598130] [amr_4.rh_node]: [amr_4] Pruned expired reservations for peers: ['amr_0']
[rh_node-57] [INFO] [1789373517.585386410] [amr_2.rh_node]: [amr_2] Pruned expired reservations for peers: ['amr_0']
[rh_node-61] [INFO] [1789373517.587947616] [amr_6.rh_node]: [amr_6] Pruned expired reservations for peers: ['amr_0']
[rh_node-63] [INFO] [1789373517.665370677] [amr_8.rh_node]: [amr_8] Pruned expired reservations for peers: ['amr_0']
[rh_node-60] [INFO] [1789373517.813404055] [amr_5.rh_node]: [amr_5] Pruned expired reservations for peers: ['amr_0']
[rh_node-58] [INFO] [1789373517.851588654] [amr_3.rh_node]: [amr_3] Pruned expired reservations for peers: ['amr_0']
[rh_node-62] [INFO] [1789373517.963392308] [amr_7.rh_node]: [amr_7] Pruned expired reservations for peers: ['amr_0']
[rh_node-64] [INFO] [1789373517.971243120] [amr_9.rh_node]: [amr_9] Pruned expired reservations for peers: ['amr_0']
[rh_node-56] [INFO] [1789373517.979636246] [amr_1.rh_node]: [amr_1] Pruned expired reservations for peers: ['amr_0']
[rh_node-59] [INFO] [1789373518.030035217] [amr_4.rh_node]: [amr_4] Pruned expired reservations for peers: ['amr_0']
[rh_node-57] [INFO] [1789373518.084682749] [amr_2.rh_node]: [amr_2] Pruned expired reservations for peers: ['amr_0']
[rh_node-61] [INFO] [1789373518.087323994] [amr_6.rh_node]: [amr_6] Pruned expired reservations for peers: ['amr_0']
[rh_node-63] [INFO] [1789373518.165750000] [amr_8.rh_node]: [amr_8] Pruned expired reservations for peers: ['amr_0']
[rh_node-60] [INFO] [1789373518.313209206] [amr_5.rh_node]: [amr_5] Pruned expired reservations for peers: ['amr_0']
[rh_node-58] [INFO] [1789373518.352471605] [amr_3.rh_node]: [amr_3] Pruned expired reservations for peers: ['amr_0']
[rh_node-62] [INFO] [1789373518.462718537] [amr_7.rh_node]: [amr_7] Pruned expired reservations for peers: ['amr_0']
[rh_node-64] [INFO] [1789373518.471264934] [amr_9.rh_node]: [amr_9] Pruned expired reservations for peers: ['amr_0']
[rh_node-56] [INFO] [1789373518.479631070] [amr_1.rh_node]: [amr_1] Pruned expired reservations for peers: ['amr_0']
[rh_node-59] [INFO] [1789373518.529814424] [amr_4.rh_node]: [amr_4] Pruned expired reservations for peers: ['amr_0']
[rh_node-57] [INFO] [1789373518.585131889] [amr_2.rh_node]: [amr_2] Pruned expired reservations for peers: ['amr_0']
[rh_node-61] [INFO] [1789373518.588606455] [amr_6.rh_node]: [amr_6] Pruned expired reservations for peers: ['amr_0']
[rh_node-63] [INFO] [1789373518.668984077] [amr_8.rh_node]: [amr_8] Pruned expired reservations for peers: ['amr_0']
[rh_node-60] [INFO] [1789373518.812988063] [amr_5.rh_node]: [amr_5] Pruned expired reservations for peers: ['amr_0']
[rh_node-58] [INFO] [1789373518.851538638] [amr_3.rh_node]: [amr_3] Pruned expired reservations for peers: ['amr_0']
[rh_node-62] [INFO] [1789373518.962913416] [amr_7.rh_node]: [amr_7] Pruned expired reservations for peers: ['amr_0']
[rh_node-64] [INFO] [1789373518.971356547] [amr_9.rh_node]: [amr_9] Pruned expired reservations for peers: ['amr_0']
[rh_node-56] [INFO] [1789373518.981213550] [amr_1.rh_node]: [amr_1] Pruned expired reservations for peers: ['amr_0']
[rh_node-59] [INFO] [1789373519.029668133] [amr_4.rh_node]: [amr_4] Pruned expired reservations for peers: ['amr_0']
[rh_node-57] [INFO] [1789373519.085825719] [amr_2.rh_node]: [amr_2] Pruned expired reservations for peers: ['amr_0']
[rh_node-61] [INFO] [1789373519.088461284] [amr_6.rh_node]: [amr_6] Pruned expired reservations for peers: ['amr_0']
[rh_node-63] [INFO] [1789373519.165217135] [amr_8.rh_node]: [amr_8] Pruned expired reservations for peers: ['amr_0']
[rh_node-60] [INFO] [1789373519.313139178] [amr_5.rh_node]: [amr_5] Pruned expired reservations for peers: ['amr_0']
[rh_node-58] [INFO] [1789373519.352383883] [amr_3.rh_node]: [amr_3] Pruned expired reservations for peers: ['amr_0']
[rh_node-62] [INFO] [1789373519.466219155] [amr_7.rh_node]: [amr_7] Pruned expired reservations for peers: ['amr_0']
[rh_node-64] [INFO] [1789373519.471392902] [amr_9.rh_node]: [amr_9] Pruned expired reservations for peers: ['amr_0']
[rh_node-56] [INFO] [1789373519.480141738] [amr_1.rh_node]: [amr_1] Pruned expired reservations for peers: ['amr_0']
[rh_node-59] [INFO] [1789373519.530583834] [amr_4.rh_node]: [amr_4] Pruned expired reservations for peers: ['amr_0']
[rh_node-57] [INFO] [1789373519.584779493] [amr_2.rh_node]: [amr_2] Pruned expired reservations for peers: ['amr_0']
[rh_node-61] [INFO] [1789373519.587428999] [amr_6.rh_node]: [amr_6] Pruned expired reservations for peers: ['amr_0']
[rh_node-63] [INFO] [1789373519.665544680] [amr_8.rh_node]: [amr_8] Pruned expired reservations for peers: ['amr_0']
[rh_node-60] [INFO] [1789373519.813277918] [amr_5.rh_node]: [amr_5] Pruned expired reservations for peers: ['amr_0']
[rh_node-58] [INFO] [1789373519.851415275] [amr_3.rh_node]: [amr_3] Pruned expired reservations for peers: ['amr_0']
[rh_node-62] [INFO] [1789373519.963044890] [amr_7.rh_node]: [amr_7] Pruned expired reservations for peers: ['amr_0']
[rh_node-64] [INFO] [1789373519.971369906] [amr_9.rh_node]: [amr_9] Pruned expired reservations for peers: ['amr_0']
[rh_node-56] [INFO] [1789373519.979161631] [amr_1.rh_node]: [amr_1] Pruned expired reservations for peers: ['amr_0']
[rh_node-59] [INFO] [1789373520.033200498] [amr_4.rh_node]: [amr_4] Pruned expired reservations for peers: ['amr_0']
[rh_node-57] [INFO] [1789373520.085278830] [amr_2.rh_node]: [amr_2] Pruned expired reservations for peers: ['amr_0']
[rh_node-61] [INFO] [1789373520.087893609] [amr_6.rh_node]: [amr_6] Pruned expired reservations for peers: ['amr_0']
[rh_node-63] [INFO] [1789373520.165286548] [amr_8.rh_node]: [amr_8] Pruned expired reservations for peers: ['amr_0']
[rh_node-60] [INFO] [1789373520.313094474] [amr_5.rh_node]: [amr_5] Pruned expired reservations for peers: ['amr_0']
[rh_node-58] [INFO] [1789373520.351218549] [amr_3.rh_node]: [amr_3] Pruned expired reservations for peers: ['amr_0']
[rh_node-62] [INFO] [1789373520.463173853] [amr_7.rh_node]: [amr_7] Pruned expired reservations for peers: ['amr_0']
[rh_node-64] [INFO] [1789373520.471457871] [amr_9.rh_node]: [amr_9] Pruned expired reservations for peers: ['amr_0']
[rh_node-56] [INFO] [1789373520.479273094] [amr_1.rh_node]: [amr_1] Pruned expired reservations for peers: ['amr_0']
[rh_node-59] [INFO] [1789373520.530072927] [amr_4.rh_node]: [amr_4] Pruned expired reservations for peers: ['amr_0']
[rh_node-57] [INFO] [1789373520.586093920] [amr_2.rh_node]: [amr_2] Pruned expired reservations for peers: ['amr_0']
[rh_node-61] [INFO] [1789373520.587132875] [amr_6.rh_node]: [amr_6] Pruned expired reservations for peers: ['amr_0']
[rh_node-63] [INFO] [1789373520.665323242] [amr_8.rh_node]: [amr_8] Pruned expired reservations for peers: ['amr_0']
[rh_node-60] [INFO] [1789373520.813130430] [amr_5.rh_node]: [amr_5] Pruned expired reservations for peers: ['amr_0']
[rh_node-58] [INFO] [1789373520.851388159] [amr_3.rh_node]: [amr_3] Pruned expired reservations for peers: ['amr_0']
[rh_node-62] [INFO] [1789373520.963857287] [amr_7.rh_node]: [amr_7] Pruned expired reservations for peers: ['amr_0']
[rh_node-64] [INFO] [1789373520.971534640] [amr_9.rh_node]: [amr_9] Pruned expired reservations for peers: ['amr_0']
[rh_node-56] [INFO] [1789373520.979719917] [amr_1.rh_node]: [amr_1] Pruned expired reservations for peers: ['amr_0']
[rh_node-59] [INFO] [1789373521.030144295] [amr_4.rh_node]: [amr_4] Pruned expired reservations for peers: ['amr_0']
[rh_node-57] [INFO] [1789373521.085292254] [amr_2.rh_node]: [amr_2] Pruned expired reservations for peers: ['amr_0']
[rh_node-61] [INFO] [1789373521.088038275] [amr_6.rh_node]: [amr_6] Pruned expired reservations for peers: ['amr_0']
[rh_node-63] [INFO] [1789373521.165441565] [amr_8.rh_node]: [amr_8] Pruned expired reservations for peers: ['amr_0']
[rh_node-60] [INFO] [1789373521.313180758] [amr_5.rh_node]: [amr_5] Pruned expired reservations for peers: ['amr_0']
[rh_node-58] [INFO] [1789373521.351618676] [amr_3.rh_node]: [amr_3] Pruned expired reservations for peers: ['amr_0']
[rh_node-62] [INFO] [1789373521.462914220] [amr_7.rh_node]: [amr_7] Pruned expired reservations for peers: ['amr_0']
[rh_node-64] [INFO] [1789373521.472146858] [amr_9.rh_node]: [amr_9] Pruned expired reservations for peers: ['amr_0']
[rh_node-56] [INFO] [1789373521.479320369] [amr_1.rh_node]: [amr_1] Pruned expired reservations for peers: ['amr_0']
[rh_node-59] [INFO] [1789373521.529986738] [amr_4.rh_node]: [amr_4] Pruned expired reservations for peers: ['amr_0']
[rh_node-57] [INFO] [1789373521.585199846] [amr_2.rh_node]: [amr_2] Pruned expired reservations for peers: ['amr_0']
[rh_node-61] [INFO] [1789373521.587304778] [amr_6.rh_node]: [amr_6] Pruned expired reservations for peers: ['amr_0']
[rh_node-63] [INFO] [1789373521.664984405] [amr_8.rh_node]: [amr_8] Pruned expired reservations for peers: ['amr_0']
[rh_node-60] [INFO] [1789373521.813612347] [amr_5.rh_node]: [amr_5] Pruned expired reservations for peers: ['amr_0']
[rh_node-58] [INFO] [1789373521.851191780] [amr_3.rh_node]: [amr_3] Pruned expired reservations for peers: ['amr_0']
[rh_node-62] [INFO] [1789373521.964294140] [amr_7.rh_node]: [amr_7] Pruned expired reservations for peers: ['amr_0']
[rh_node-64] [INFO] [1789373521.971391060] [amr_9.rh_node]: [amr_9] Pruned expired reservations for peers: ['amr_0']
[rh_node-56] [INFO] [1789373521.979937603] [amr_1.rh_node]: [amr_1] Pruned expired reservations for peers: ['amr_0']
[rh_node-59] [INFO] [1789373522.030156404] [amr_4.rh_node]: [amr_4] Pruned expired reservations for peers: ['amr_0']
[rh_node-57] [INFO] [1789373522.085371451] [amr_2.rh_node]: [amr_2] Pruned expired reservations for peers: ['amr_0']
[rh_node-61] [INFO] [1789373522.086342197] [amr_6.rh_node]: [amr_6] Pruned expired reservations for peers: ['amr_0']
[rh_node-63] [INFO] [1789373522.165706337] [amr_8.rh_node]: [amr_8] Pruned expired reservations for peers: ['amr_0']
[rh_node-60] [INFO] [1789373522.313154251] [amr_5.rh_node]: [amr_5] Pruned expired reservations for peers: ['amr_0']
[rh_node-58] [INFO] [1789373522.353292010] [amr_3.rh_node]: [amr_3] Pruned expired reservations for peers: ['amr_0']
[rh_node-62] [INFO] [1789373522.463605010] [amr_7.rh_node]: [amr_7] Pruned expired reservations for peers: ['amr_0']
[rh_node-64] [INFO] [1789373522.471399331] [amr_9.rh_node]: [amr_9] Pruned expired reservations for peers: ['amr_0']
[rh_node-56] [INFO] [1789373522.479158362] [amr_1.rh_node]: [amr_1] Pruned expired reservations for peers: ['amr_0']
[rh_node-59] [INFO] [1789373522.529964787] [amr_4.rh_node]: [amr_4] Pruned expired reservations for peers: ['amr_0']
[rh_node-57] [INFO] [1789373522.585384569] [amr_2.rh_node]: [amr_2] Pruned expired reservations for peers: ['amr_0']
[rh_node-61] [INFO] [1789373522.587223555] [amr_6.rh_node]: [amr_6] Pruned expired reservations for peers: ['amr_0']
[rh_node-63] [INFO] [1789373522.664952080] [amr_8.rh_node]: [amr_8] Pruned expired reservations for peers: ['amr_0']
[rh_node-60] [INFO] [1789373522.813784480] [amr_5.rh_node]: [amr_5] Pruned expired reservations for peers: ['amr_0']
[rh_node-58] [INFO] [1789373522.851320006] [amr_3.rh_node]: [amr_3] Pruned expired reservations for peers: ['amr_0']
[rh_node-62] [INFO] [1789373522.962989816] [amr_7.rh_node]: [amr_7] Pruned expired reservations for peers: ['amr_0']
[rh_node-64] [INFO] [1789373522.971663625] [amr_9.rh_node]: [amr_9] Pruned expired reservations for peers: ['amr_0']
[rh_node-56] [INFO] [1789373522.978896412] [amr_1.rh_node]: [amr_1] Pruned expired reservations for peers: ['amr_0']
[rh_node-59] [INFO] [1789373523.029928873] [amr_4.rh_node]: [amr_4] Pruned expired reservations for peers: ['amr_0']
[rh_node-57] [INFO] [1789373523.085074749] [amr_2.rh_node]: [amr_2] Pruned expired reservations for peers: ['amr_0']
[rh_node-61] [INFO] [1789373523.087097979] [amr_6.rh_node]: [amr_6] Pruned expired reservations for peers: ['amr_0']
[rh_node-63] [INFO] [1789373523.165320344] [amr_8.rh_node]: [amr_8] Pruned expired reservations for peers: ['amr_0']
[rh_node-60] [INFO] [1789373523.313011774] [amr_5.rh_node]: [amr_5] Pruned expired reservations for peers: ['amr_0']
[rh_node-58] [INFO] [1789373523.351841640] [amr_3.rh_node]: [amr_3] Pruned expired reservations for peers: ['amr_0']
[rh_node-62] [INFO] [1789373523.463088286] [amr_7.rh_node]: [amr_7] Pruned expired reservations for peers: ['amr_0']
[rh_node-64] [INFO] [1789373523.471573130] [amr_9.rh_node]: [amr_9] Pruned expired reservations for peers: ['amr_0']
[rh_node-56] [INFO] [1789373523.479445967] [amr_1.rh_node]: [amr_1] Pruned expired reservations for peers: ['amr_0']
[rh_node-59] [INFO] [1789373523.532001808] [amr_4.rh_node]: [amr_4] Pruned expired reservations for peers: ['amr_0']
[rh_node-57] [INFO] [1789373523.584945750] [amr_2.rh_node]: [amr_2] Pruned expired reservations for peers: ['amr_0']
[rh_node-61] [INFO] [1789373523.588772456] [amr_6.rh_node]: [amr_6] Pruned expired reservations for peers: ['amr_0']
[rh_node-63] [INFO] [1789373523.665410237] [amr_8.rh_node]: [amr_8] Pruned expired reservations for peers: ['amr_0']
[rh_node-60] [INFO] [1789373523.813451401] [amr_5.rh_node]: [amr_5] Pruned expired reservations for peers: ['amr_0']
[rh_node-58] [INFO] [1789373523.851674980] [amr_3.rh_node]: [amr_3] Pruned expired reservations for peers: ['amr_0']
[rh_node-62] [INFO] [1789373523.963175639] [amr_7.rh_node]: [amr_7] Pruned expired reservations for peers: ['amr_0']
[rh_node-64] [INFO] [1789373523.971233384] [amr_9.rh_node]: [amr_9] Pruned expired reservations for peers: ['amr_0']
[rh_node-56] [INFO] [1789373523.979366118] [amr_1.rh_node]: [amr_1] Pruned expired reservations for peers: ['amr_0']
[rh_node-59] [INFO] [1789373524.029669645] [amr_4.rh_node]: [amr_4] Pruned expired reservations for peers: ['amr_0']
[rh_node-57] [INFO] [1789373524.085571714] [amr_2.rh_node]: [amr_2] Pruned expired reservations for peers: ['amr_0']
[rh_node-61] [INFO] [1789373524.087724545] [amr_6.rh_node]: [amr_6] Pruned expired reservations for peers: ['amr_0']
[rh_node-63] [INFO] [1789373524.166166695] [amr_8.rh_node]: [amr_8] Pruned expired reservations for peers: ['amr_0']
[rh_node-60] [INFO] [1789373524.313252554] [amr_5.rh_node]: [amr_5] Pruned expired reservations for peers: ['amr_0']
[rh_node-58] [INFO] [1789373524.351733647] [amr_3.rh_node]: [amr_3] Pruned expired reservations for peers: ['amr_0']
[rh_node-62] [INFO] [1789373524.462615874] [amr_7.rh_node]: [amr_7] Pruned expired reservations for peers: ['amr_0']
[rh_node-64] [INFO] [1789373524.471317369] [amr_9.rh_node]: [amr_9] Pruned expired reservations for peers: ['amr_0']
[rh_node-56] [INFO] [1789373524.481005711] [amr_1.rh_node]: [amr_1] Pruned expired reservations for peers: ['amr_0']
[rh_node-59] [INFO] [1789373524.530092845] [amr_4.rh_node]: [amr_4] Pruned expired reservations for peers: ['amr_0']
[rh_node-57] [INFO] [1789373524.584462477] [amr_2.rh_node]: [amr_2] Pruned expired reservations for peers: ['amr_0']
[rh_node-61] [INFO] [1789373524.587697042] [amr_6.rh_node]: [amr_6] Pruned expired reservations for peers: ['amr_0']
[rh_node-63] [INFO] [1789373524.665456895] [amr_8.rh_node]: [amr_8] Pruned expired reservations for peers: ['amr_0']
[rh_node-60] [INFO] [1789373524.814347773] [amr_5.rh_node]: [amr_5] Pruned expired reservations for peers: ['amr_0']
[rh_node-58] [INFO] [1789373524.851368913] [amr_3.rh_node]: [amr_3] Pruned expired reservations for peers: ['amr_0']
[rh_node-62] [INFO] [1789373524.963320158] [amr_7.rh_node]: [amr_7] Pruned expired reservations for peers: ['amr_0']
[rh_node-64] [INFO] [1789373524.971331138] [amr_9.rh_node]: [amr_9] Pruned expired reservations for peers: ['amr_0']
[rh_node-56] [INFO] [1789373524.979121578] [amr_1.rh_node]: [amr_1] Pruned expired reservations for peers: ['amr_0']
[rh_node-59] [INFO] [1789373525.029774499] [amr_4.rh_node]: [amr_4] Pruned expired reservations for peers: ['amr_0']
[rh_node-57] [INFO] [1789373525.085747145] [amr_2.rh_node]: [amr_2] Pruned expired reservations for peers: ['amr_0']
[rh_node-61] [INFO] [1789373525.086825962] [amr_6.rh_node]: [amr_6] Pruned expired reservations for peers: ['amr_0']
[rh_node-63] [INFO] [1789373525.165052122] [amr_8.rh_node]: [amr_8] Pruned expired reservations for peers: ['amr_0']
[rh_node-60] [INFO] [1789373525.313164790] [amr_5.rh_node]: [amr_5] Pruned expired reservations for peers: ['amr_0']
[rh_node-58] [INFO] [1789373525.352120391] [amr_3.rh_node]: [amr_3] Pruned expired reservations for peers: ['amr_0']
[rh_node-62] [INFO] [1789373525.462514743] [amr_7.rh_node]: [amr_7] Pruned expired reservations for peers: ['amr_0']
[rh_node-64] [INFO] [1789373525.471278781] [amr_9.rh_node]: [amr_9] Pruned expired reservations for peers: ['amr_0']
[rh_node-56] [INFO] [1789373525.479541713] [amr_1.rh_node]: [amr_1] Pruned expired reservations for peers: ['amr_0']
[rh_node-59] [INFO] [1789373525.529889644] [amr_4.rh_node]: [amr_4] Pruned expired reservations for peers: ['amr_0']
[rh_node-57] [INFO] [1789373525.585096320] [amr_2.rh_node]: [amr_2] Pruned expired reservations for peers: ['amr_0']
[rh_node-61] [INFO] [1789373525.586817022] [amr_6.rh_node]: [amr_6] Pruned expired reservations for peers: ['amr_0']
[rh_node-63] [INFO] [1789373525.667664703] [amr_8.rh_node]: [amr_8] Pruned expired reservations for peers: ['amr_0']
[rh_node-60] [INFO] [1789373525.813220599] [amr_5.rh_node]: [amr_5] Pruned expired reservations for peers: ['amr_0']
[rh_node-58] [INFO] [1789373525.851873960] [amr_3.rh_node]: [amr_3] Pruned expired reservations for peers: ['amr_0']
[rh_node-62] [INFO] [1789373525.963259977] [amr_7.rh_node]: [amr_7] Pruned expired reservations for peers: ['amr_0']
[rh_node-64] [INFO] [1789373525.971371066] [amr_9.rh_node]: [amr_9] Pruned expired reservations for peers: ['amr_0']
[rh_node-56] [INFO] [1789373525.980151028] [amr_1.rh_node]: [amr_1] Pruned expired reservations for peers: ['amr_0']
[rh_node-59] [INFO] [1789373526.030789240] [amr_4.rh_node]: [amr_4] Pruned expired reservations for peers: ['amr_0']
[rh_node-57] [INFO] [1789373526.084871364] [amr_2.rh_node]: [amr_2] Pruned expired reservations for peers: ['amr_0']
[rh_node-61] [INFO] [1789373526.086906604] [amr_6.rh_node]: [amr_6] Pruned expired reservations for peers: ['amr_0']
[rh_node-63] [INFO] [1789373526.165125399] [amr_8.rh_node]: [amr_8] Pruned expired reservations for peers: ['amr_0']
[rh_node-60] [INFO] [1789373526.313196443] [amr_5.rh_node]: [amr_5] Pruned expired reservations for peers: ['amr_0']
[rh_node-58] [INFO] [1789373526.353263951] [amr_3.rh_node]: [amr_3] Pruned expired reservations for peers: ['amr_0']
[rh_node-62] [INFO] [1789373526.463280635] [amr_7.rh_node]: [amr_7] Pruned expired reservations for peers: ['amr_0']
[rh_node-64] [INFO] [1789373526.471941875] [amr_9.rh_node]: [amr_9] Pruned expired reservations for peers: ['amr_0']
[rh_node-56] [INFO] [1789373526.479928547] [amr_1.rh_node]: [amr_1] Pruned expired reservations for peers: ['amr_0']
[rh_node-59] [INFO] [1789373526.530118034] [amr_4.rh_node]: [amr_4] Pruned expired reservations for peers: ['amr_0']
[rh_node-57] [INFO] [1789373526.585026621] [amr_2.rh_node]: [amr_2] Pruned expired reservations for peers: ['amr_0']
[rh_node-61] [INFO] [1789373526.587361965] [amr_6.rh_node]: [amr_6] Pruned expired reservations for peers: ['amr_0']
[rh_node-63] [INFO] [1789373526.665035835] [amr_8.rh_node]: [amr_8] Pruned expired reservations for peers: ['amr_0']
[rh_node-60] [INFO] [1789373526.813139153] [amr_5.rh_node]: [amr_5] Pruned expired reservations for peers: ['amr_0']
[rh_node-58] [INFO] [1789373526.851214134] [amr_3.rh_node]: [amr_3] Pruned expired reservations for peers: ['amr_0']
[rh_node-62] [INFO] [1789373526.963832045] [amr_7.rh_node]: [amr_7] Pruned expired reservations for peers: ['amr_0']
[rh_node-64] [INFO] [1789373526.973122267] [amr_9.rh_node]: [amr_9] Pruned expired reservations for peers: ['amr_0']
[rh_node-56] [INFO] [1789373526.978971707] [amr_1.rh_node]: [amr_1] Pruned expired reservations for peers: ['amr_0']
[rh_node-59] [INFO] [1789373527.030072048] [amr_4.rh_node]: [amr_4] Pruned expired reservations for peers: ['amr_0']
[rh_node-57] [INFO] [1789373527.085187932] [amr_2.rh_node]: [amr_2] Pruned expired reservations for peers: ['amr_0']
[rh_node-61] [INFO] [1789373527.086803904] [amr_6.rh_node]: [amr_6] Pruned expired reservations for peers: ['amr_0']
[rh_node-63] [INFO] [1789373527.164398067] [amr_8.rh_node]: [amr_8] Pruned expired reservations for peers: ['amr_0']
[rh_node-60] [INFO] [1789373527.313282133] [amr_5.rh_node]: [amr_5] Pruned expired reservations for peers: ['amr_0']
[rh_node-58] [INFO] [1789373527.351315707] [amr_3.rh_node]: [amr_3] Pruned expired reservations for peers: ['amr_0']
[rh_node-62] [INFO] [1789373527.463068018] [amr_7.rh_node]: [amr_7] Pruned expired reservations for peers: ['amr_0']
[rh_node-64] [INFO] [1789373527.473903245] [amr_9.rh_node]: [amr_9] Pruned expired reservations for peers: ['amr_0']
[rh_node-56] [INFO] [1789373527.479480491] [amr_1.rh_node]: [amr_1] Pruned expired reservations for peers: ['amr_0']
[rh_node-59] [INFO] [1789373527.530063451] [amr_4.rh_node]: [amr_4] Pruned expired reservations for peers: ['amr_0']
[rh_node-57] [INFO] [1789373527.585088935] [amr_2.rh_node]: [amr_2] Pruned expired reservations for peers: ['amr_0']
[rh_node-61] [INFO] [1789373527.587005235] [amr_6.rh_node]: [amr_6] Pruned expired reservations for peers: ['amr_0']
[rh_node-63] [INFO] [1789373527.665272695] [amr_8.rh_node]: [amr_8] Pruned expired reservations for peers: ['amr_0']
[rh_node-60] [INFO] [1789373527.813410298] [amr_5.rh_node]: [amr_5] Pruned expired reservations for peers: ['amr_0']
[rh_node-58] [INFO] [1789373527.851575892] [amr_3.rh_node]: [amr_3] Pruned expired reservations for peers: ['amr_0']
[rh_node-62] [INFO] [1789373527.963381456] [amr_7.rh_node]: [amr_7] Pruned expired reservations for peers: ['amr_0']
[rh_node-64] [INFO] [1789373527.971093427] [amr_9.rh_node]: [amr_9] Pruned expired reservations for peers: ['amr_0']
[rh_node-56] [INFO] [1789373527.979246122] [amr_1.rh_node]: [amr_1] Pruned expired reservations for peers: ['amr_0']
[rh_node-59] [INFO] [1789373528.029970355] [amr_4.rh_node]: [amr_4] Pruned expired reservations for peers: ['amr_0']
[rh_node-57] [INFO] [1789373528.085107772] [amr_2.rh_node]: [amr_2] Pruned expired reservations for peers: ['amr_0']
[rh_node-61] [INFO] [1789373528.087527992] [amr_6.rh_node]: [amr_6] Pruned expired reservations for peers: ['amr_0']
[rh_node-63] [INFO] [1789373528.165518068] [amr_8.rh_node]: [amr_8] Pruned expired reservations for peers: ['amr_0']
[rh_node-60] [INFO] [1789373528.313179447] [amr_5.rh_node]: [amr_5] Pruned expired reservations for peers: ['amr_0']
[rh_node-58] [INFO] [1789373528.351577250] [amr_3.rh_node]: [amr_3] Pruned expired reservations for peers: ['amr_0']
[rh_node-62] [INFO] [1789373528.462309537] [amr_7.rh_node]: [amr_7] Pruned expired reservations for peers: ['amr_0']
[rh_node-64] [INFO] [1789373528.471659303] [amr_9.rh_node]: [amr_9] Pruned expired reservations for peers: ['amr_0']
[rh_node-56] [INFO] [1789373528.479694798] [amr_1.rh_node]: [amr_1] Pruned expired reservations for peers: ['amr_0']
[rh_node-59] [INFO] [1789373528.530053625] [amr_4.rh_node]: [amr_4] Pruned expired reservations for peers: ['amr_0']
[rh_node-57] [INFO] [1789373528.585272623] [amr_2.rh_node]: [amr_2] Pruned expired reservations for peers: ['amr_0']
[rh_node-61] [INFO] [1789373528.588273918] [amr_6.rh_node]: [amr_6] Pruned expired reservations for peers: ['amr_0']
[rh_node-63] [INFO] [1789373528.665507194] [amr_8.rh_node]: [amr_8] Pruned expired reservations for peers: ['amr_0']
[rh_node-60] [INFO] [1789373528.813271186] [amr_5.rh_node]: [amr_5] Pruned expired reservations for peers: ['amr_0']
[rh_node-58] [INFO] [1789373528.851259641] [amr_3.rh_node]: [amr_3] Pruned expired reservations for peers: ['amr_0']
[rh_node-62] [INFO] [1789373528.962960107] [amr_7.rh_node]: [amr_7] Pruned expired reservations for peers: ['amr_0']
[rh_node-64] [INFO] [1789373528.971297238] [amr_9.rh_node]: [amr_9] Pruned expired reservations for peers: ['amr_0']
[rh_node-56] [INFO] [1789373528.981691796] [amr_1.rh_node]: [amr_1] Pruned expired reservations for peers: ['amr_0']
[rh_node-59] [INFO] [1789373529.030401107] [amr_4.rh_node]: [amr_4] Pruned expired reservations for peers: ['amr_0']
[rh_node-57] [INFO] [1789373529.085375036] [amr_2.rh_node]: [amr_2] Pruned expired reservations for peers: ['amr_0']
[rh_node-61] [INFO] [1789373529.086521056] [amr_6.rh_node]: [amr_6] Pruned expired reservations for peers: ['amr_0']
[rh_node-63] [INFO] [1789373529.164733787] [amr_8.rh_node]: [amr_8] Pruned expired reservations for peers: ['amr_0']
[rh_node-60] [INFO] [1789373529.312969629] [amr_5.rh_node]: [amr_5] Pruned expired reservations for peers: ['amr_0']
[rh_node-58] [INFO] [1789373529.351286044] [amr_3.rh_node]: [amr_3] Pruned expired reservations for peers: ['amr_0']
[rh_node-62] [INFO] [1789373529.463594699] [amr_7.rh_node]: [amr_7] Pruned expired reservations for peers: ['amr_0']
[rh_node-64] [INFO] [1789373529.471196861] [amr_9.rh_node]: [amr_9] Pruned expired reservations for peers: ['amr_0']
[rh_node-56] [INFO] [1789373529.479566806] [amr_1.rh_node]: [amr_1] Pruned expired reservations for peers: ['amr_0']
[rh_node-59] [INFO] [1789373529.530341867] [amr_4.rh_node]: [amr_4] Pruned expired reservations for peers: ['amr_0']
[rh_node-57] [INFO] [1789373529.585583487] [amr_2.rh_node]: [amr_2] Pruned expired reservations for peers: ['amr_0']
[rh_node-61] [INFO] [1789373529.586820278] [amr_6.rh_node]: [amr_6] Pruned expired reservations for peers: ['amr_0']
[rh_node-63] [INFO] [1789373529.667859545] [amr_8.rh_node]: [amr_8] Pruned expired reservations for peers: ['amr_0']
[rh_node-60] [INFO] [1789373529.813585933] [amr_5.rh_node]: [amr_5] Pruned expired reservations for peers: ['amr_0']
[rh_node-58] [INFO] [1789373529.851705410] [amr_3.rh_node]: [amr_3] Pruned expired reservations for peers: ['amr_0']
[rh_node-62] [INFO] [1789373529.963851784] [amr_7.rh_node]: [amr_7] Pruned expired reservations for peers: ['amr_0']
[rh_node-64] [INFO] [1789373529.970930786] [amr_9.rh_node]: [amr_9] Pruned expired reservations for peers: ['amr_0']
[rh_node-56] [INFO] [1789373529.979023837] [amr_1.rh_node]: [amr_1] Pruned expired reservations for peers: ['amr_0']
[rh_node-59] [INFO] [1789373530.030597761] [amr_4.rh_node]: [amr_4] Pruned expired reservations for peers: ['amr_0']
[rh_node-57] [INFO] [1789373530.085201209] [amr_2.rh_node]: [amr_2] Pruned expired reservations for peers: ['amr_0']
[rh_node-61] [INFO] [1789373530.086973442] [amr_6.rh_node]: [amr_6] Pruned expired reservations for peers: ['amr_0']
[rh_node-63] [INFO] [1789373530.164077807] [amr_8.rh_node]: [amr_8] Pruned expired reservations for peers: ['amr_0']
[rh_node-60] [INFO] [1789373530.313745492] [amr_5.rh_node]: [amr_5] Pruned expired reservations for peers: ['amr_0']
[rh_node-58] [INFO] [1789373530.351469847] [amr_3.rh_node]: [amr_3] Pruned expired reservations for peers: ['amr_0']
[rh_node-62] [INFO] [1789373530.463190099] [amr_7.rh_node]: [amr_7] Pruned expired reservations for peers: ['amr_0']
[rh_node-64] [INFO] [1789373530.471477759] [amr_9.rh_node]: [amr_9] Pruned expired reservations for peers: ['amr_0']
[rh_node-56] [INFO] [1789373530.479176546] [amr_1.rh_node]: [amr_1] Pruned expired reservations for peers: ['amr_0']
[rh_node-59] [INFO] [1789373530.529822586] [amr_4.rh_node]: [amr_4] Pruned expired reservations for peers: ['amr_0']
[rh_node-57] [INFO] [1789373530.584771888] [amr_2.rh_node]: [amr_2] Pruned expired reservations for peers: ['amr_0']
[rh_node-61] [INFO] [1789373530.587037984] [amr_6.rh_node]: [amr_6] Pruned expired reservations for peers: ['amr_0']
[rh_node-63] [INFO] [1789373530.666086939] [amr_8.rh_node]: [amr_8] Pruned expired reservations for peers: ['amr_0']
[rh_node-60] [INFO] [1789373530.814539397] [amr_5.rh_node]: [amr_5] Pruned expired reservations for peers: ['amr_0']
[rh_node-58] [INFO] [1789373530.851194020] [amr_3.rh_node]: [amr_3] Pruned expired reservations for peers: ['amr_0']
[rh_node-62] [INFO] [1789373530.963036717] [amr_7.rh_node]: [amr_7] Pruned expired reservations for peers: ['amr_0']
[rh_node-64] [INFO] [1789373530.971472842] [amr_9.rh_node]: [amr_9] Pruned expired reservations for peers: ['amr_0']
[rh_node-56] [INFO] [1789373530.979126685] [amr_1.rh_node]: [amr_1] Pruned expired reservations for peers: ['amr_0']
[rh_node-59] [INFO] [1789373531.029844427] [amr_4.rh_node]: [amr_4] Pruned expired reservations for peers: ['amr_0']
[rh_node-57] [INFO] [1789373531.084542132] [amr_2.rh_node]: [amr_2] Pruned expired reservations for peers: ['amr_0']
[rh_node-61] [INFO] [1789373531.086882164] [amr_6.rh_node]: [amr_6] Pruned expired reservations for peers: ['amr_0']
[rh_node-63] [INFO] [1789373531.164922448] [amr_8.rh_node]: [amr_8] Pruned expired reservations for peers: ['amr_0']
[rh_node-60] [INFO] [1789373531.313418249] [amr_5.rh_node]: [amr_5] Pruned expired reservations for peers: ['amr_0']
[rh_node-58] [INFO] [1789373531.353713074] [amr_3.rh_node]: [amr_3] Pruned expired reservations for peers: ['amr_0']
[rh_node-62] [INFO] [1789373531.463012498] [amr_7.rh_node]: [amr_7] Pruned expired reservations for peers: ['amr_0']
[rh_node-64] [INFO] [1789373531.471511106] [amr_9.rh_node]: [amr_9] Pruned expired reservations for peers: ['amr_0']
[rh_node-56] [INFO] [1789373531.479598955] [amr_1.rh_node]: [amr_1] Pruned expired reservations for peers: ['amr_0']
[rh_node-59] [INFO] [1789373531.530101035] [amr_4.rh_node]: [amr_4] Pruned expired reservations for peers: ['amr_0']
[rh_node-57] [INFO] [1789373531.585061756] [amr_2.rh_node]: [amr_2] Pruned expired reservations for peers: ['amr_0']
[rh_node-61] [INFO] [1789373531.589000677] [amr_6.rh_node]: [amr_6] Pruned expired reservations for peers: ['amr_0']
[rh_node-63] [INFO] [1789373531.665151454] [amr_8.rh_node]: [amr_8] Pruned expired reservations for peers: ['amr_0']
[rh_node-60] [INFO] [1789373531.813679694] [amr_5.rh_node]: [amr_5] Pruned expired reservations for peers: ['amr_0']
[rh_node-58] [INFO] [1789373531.851240064] [amr_3.rh_node]: [amr_3] Pruned expired reservations for peers: ['amr_0']
[rh_node-62] [INFO] [1789373531.962429467] [amr_7.rh_node]: [amr_7] Pruned expired reservations for peers: ['amr_0']
[rh_node-64] [INFO] [1789373531.971421638] [amr_9.rh_node]: [amr_9] Pruned expired reservations for peers: ['amr_0']
[rh_node-56] [INFO] [1789373531.979240679] [amr_1.rh_node]: [amr_1] Pruned expired reservations for peers: ['amr_0']
[rh_node-59] [INFO] [1789373532.030317325] [amr_4.rh_node]: [amr_4] Pruned expired reservations for peers: ['amr_0']
[rh_node-57] [INFO] [1789373532.085071240] [amr_2.rh_node]: [amr_2] Pruned expired reservations for peers: ['amr_0']
[rh_node-61] [INFO] [1789373532.086282360] [amr_6.rh_node]: [amr_6] Pruned expired reservations for peers: ['amr_0']
[rh_node-63] [INFO] [1789373532.165018730] [amr_8.rh_node]: [amr_8] Pruned expired reservations for peers: ['amr_0']
[rh_node-60] [INFO] [1789373532.313640528] [amr_5.rh_node]: [amr_5] Pruned expired reservations for peers: ['amr_0']
[rh_node-58] [INFO] [1789373532.352769342] [amr_3.rh_node]: [amr_3] Pruned expired reservations for peers: ['amr_0']
[rh_node-62] [INFO] [1789373532.463249645] [amr_7.rh_node]: [amr_7] Pruned expired reservations for peers: ['amr_0']
[rh_node-64] [INFO] [1789373532.471409650] [amr_9.rh_node]: [amr_9] Pruned expired reservations for peers: ['amr_0']
[rh_node-56] [INFO] [1789373532.479495367] [amr_1.rh_node]: [amr_1] Pruned expired reservations for peers: ['amr_0']
[rh_node-59] [INFO] [1789373532.529924141] [amr_4.rh_node]: [amr_4] Pruned expired reservations for peers: ['amr_0']
[rh_node-57] [INFO] [1789373532.585026199] [amr_2.rh_node]: [amr_2] Pruned expired reservations for peers: ['amr_0']
[rh_node-61] [INFO] [1789373532.586651203] [amr_6.rh_node]: [amr_6] Pruned expired reservations for peers: ['amr_0']
[rh_node-63] [INFO] [1789373532.665756723] [amr_8.rh_node]: [amr_8] Pruned expired reservations for peers: ['amr_0']
[rh_node-60] [INFO] [1789373532.813580847] [amr_5.rh_node]: [amr_5] Pruned expired reservations for peers: ['amr_0']
[rh_node-58] [INFO] [1789373532.851403827] [amr_3.rh_node]: [amr_3] Pruned expired reservations for peers: ['amr_0']
[rh_node-62] [INFO] [1789373532.963658729] [amr_7.rh_node]: [amr_7] Pruned expired reservations for peers: ['amr_0']
[rh_node-64] [INFO] [1789373532.971324991] [amr_9.rh_node]: [amr_9] Pruned expired reservations for peers: ['amr_0']
[rh_node-56] [INFO] [1789373532.978651747] [amr_1.rh_node]: [amr_1] Pruned expired reservations for peers: ['amr_0']
[rh_node-59] [INFO] [1789373533.032256176] [amr_4.rh_node]: [amr_4] Pruned expired reservations for peers: ['amr_0']
[rh_node-57] [INFO] [1789373533.087232983] [amr_2.rh_node]: [amr_2] Pruned expired reservations for peers: ['amr_0']
[rh_node-61] [INFO] [1789373533.087606307] [amr_6.rh_node]: [amr_6] Pruned expired reservations for peers: ['amr_0']
[rh_node-63] [INFO] [1789373533.164845961] [amr_8.rh_node]: [amr_8] Pruned expired reservations for peers: ['amr_0']
[rh_node-60] [INFO] [1789373533.313610668] [amr_5.rh_node]: [amr_5] Pruned expired reservations for peers: ['amr_0']
[rh_node-58] [INFO] [1789373533.351465333] [amr_3.rh_node]: [amr_3] Pruned expired reservations for peers: ['amr_0']
[rh_node-62] [INFO] [1789373533.462892785] [amr_7.rh_node]: [amr_7] Pruned expired reservations for peers: ['amr_0']
[rh_node-64] [INFO] [1789373533.471123534] [amr_9.rh_node]: [amr_9] Pruned expired reservations for peers: ['amr_0']
[rh_node-56] [INFO] [1789373533.481314980] [amr_1.rh_node]: [amr_1] Pruned expired reservations for peers: ['amr_0']
[rh_node-59] [INFO] [1789373533.530148524] [amr_4.rh_node]: [amr_4] Pruned expired reservations for peers: ['amr_0']
[rh_node-57] [INFO] [1789373533.585389978] [amr_2.rh_node]: [amr_2] Pruned expired reservations for peers: ['amr_0']
[rh_node-61] [INFO] [1789373533.586762554] [amr_6.rh_node]: [amr_6] Pruned expired reservations for peers: ['amr_0']
[rh_node-63] [INFO] [1789373533.664886027] [amr_8.rh_node]: [amr_8] Pruned expired reservations for peers: ['amr_0']
[rh_node-60] [INFO] [1789373533.813217405] [amr_5.rh_node]: [amr_5] Pruned expired reservations for peers: ['amr_0']
[rh_node-58] [INFO] [1789373533.851145921] [amr_3.rh_node]: [amr_3] Pruned expired reservations for peers: ['amr_0']
[rh_node-62] [INFO] [1789373533.962396192] [amr_7.rh_node]: [amr_7] Pruned expired reservations for peers: ['amr_0']
[rh_node-64] [INFO] [1789373533.971455741] [amr_9.rh_node]: [amr_9] Pruned expired reservations for peers: ['amr_0']
[rh_node-56] [INFO] [1789373533.979176473] [amr_1.rh_node]: [amr_1] Pruned expired reservations for peers: ['amr_0']
[rh_node-59] [INFO] [1789373534.029697886] [amr_4.rh_node]: [amr_4] Pruned expired reservations for peers: ['amr_0']
[rh_node-57] [INFO] [1789373534.084846137] [amr_2.rh_node]: [amr_2] Pruned expired reservations for peers: ['amr_0']
[rh_node-61] [INFO] [1789373534.086664435] [amr_6.rh_node]: [amr_6] Pruned expired reservations for peers: ['amr_0']
[rh_node-63] [INFO] [1789373534.164854246] [amr_8.rh_node]: [amr_8] Pruned expired reservations for peers: ['amr_0']
[rh_node-60] [INFO] [1789373534.313375220] [amr_5.rh_node]: [amr_5] Pruned expired reservations for peers: ['amr_0']
[rh_node-58] [INFO] [1789373534.353125732] [amr_3.rh_node]: [amr_3] Pruned expired reservations for peers: ['amr_0']
[rh_node-62] [INFO] [1789373534.463054875] [amr_7.rh_node]: [amr_7] Pruned expired reservations for peers: ['amr_0']
[rh_node-64] [INFO] [1789373534.471860195] [amr_9.rh_node]: [amr_9] Pruned expired reservations for peers: ['amr_0']
[rh_node-56] [INFO] [1789373534.479482537] [amr_1.rh_node]: [amr_1] Pruned expired reservations for peers: ['amr_0']
[rh_node-59] [INFO] [1789373534.530615209] [amr_4.rh_node]: [amr_4] Pruned expired reservations for peers: ['amr_0']
[rh_node-57] [INFO] [1789373534.584964476] [amr_2.rh_node]: [amr_2] Pruned expired reservations for peers: ['amr_0']
[rh_node-61] [INFO] [1789373534.588154078] [amr_6.rh_node]: [amr_6] Pruned expired reservations for peers: ['amr_0']
[rh_node-63] [INFO] [1789373534.666279831] [amr_8.rh_node]: [amr_8] Pruned expired reservations for peers: ['amr_0']
[rh_node-60] [INFO] [1789373534.813319456] [amr_5.rh_node]: [amr_5] Pruned expired reservations for peers: ['amr_0']
[rh_node-58] [INFO] [1789373534.851350922] [amr_3.rh_node]: [amr_3] Pruned expired reservations for peers: ['amr_0']
[rh_node-62] [INFO] [1789373534.962565132] [amr_7.rh_node]: [amr_7] Pruned expired reservations for peers: ['amr_0']
[rh_node-64] [INFO] [1789373534.971295697] [amr_9.rh_node]: [amr_9] Pruned expired reservations for peers: ['amr_0']
[rh_node-56] [INFO] [1789373534.979008730] [amr_1.rh_node]: [amr_1] Pruned expired reservations for peers: ['amr_0']
[rh_node-59] [INFO] [1789373535.030099235] [amr_4.rh_node]: [amr_4] Pruned expired reservations for peers: ['amr_0']
[rh_node-57] [INFO] [1789373535.085028555] [amr_2.rh_node]: [amr_2] Pruned expired reservations for peers: ['amr_0']
[rh_node-61] [INFO] [1789373535.086519504] [amr_6.rh_node]: [amr_6] Pruned expired reservations for peers: ['amr_0']
[rh_node-63] [INFO] [1789373535.165107024] [amr_8.rh_node]: [amr_8] Pruned expired reservations for peers: ['amr_0']
[rh_node-60] [INFO] [1789373535.313159484] [amr_5.rh_node]: [amr_5] Pruned expired reservations for peers: ['amr_0']
[rh_node-58] [INFO] [1789373535.351550520] [amr_3.rh_node]: [amr_3] Pruned expired reservations for peers: ['amr_0']
[rh_node-62] [INFO] [1789373535.466090253] [amr_7.rh_node]: [amr_7] Pruned expired reservations for peers: ['amr_0']
[rh_node-64] [INFO] [1789373535.471192363] [amr_9.rh_node]: [amr_9] Pruned expired reservations for peers: ['amr_0']
[rh_node-56] [INFO] [1789373535.479617039] [amr_1.rh_node]: [amr_1] Pruned expired reservations for peers: ['amr_0']
[rh_node-59] [INFO] [1789373535.530085884] [amr_4.rh_node]: [amr_4] Pruned expired reservations for peers: ['amr_0']
[rh_node-57] [INFO] [1789373535.585779554] [amr_2.rh_node]: [amr_2] Pruned expired reservations for peers: ['amr_0']
[rh_node-61] [INFO] [1789373535.587166157] [amr_6.rh_node]: [amr_6] Pruned expired reservations for peers: ['amr_0']
[rh_node-63] [INFO] [1789373535.666057987] [amr_8.rh_node]: [amr_8] Pruned expired reservations for peers: ['amr_0']
[rh_node-60] [INFO] [1789373535.813025901] [amr_5.rh_node]: [amr_5] Pruned expired reservations for peers: ['amr_0']
[rh_node-58] [INFO] [1789373535.851769601] [amr_3.rh_node]: [amr_3] Pruned expired reservations for peers: ['amr_0']
[rh_node-62] [INFO] [1789373535.963120799] [amr_7.rh_node]: [amr_7] Pruned expired reservations for peers: ['amr_0']
[rh_node-64] [INFO] [1789373535.970963861] [amr_9.rh_node]: [amr_9] Pruned expired reservations for peers: ['amr_0']
[rh_node-56] [INFO] [1789373535.979044806] [amr_1.rh_node]: [amr_1] Pruned expired reservations for peers: ['amr_0']
[rh_node-59] [INFO] [1789373536.031081395] [amr_4.rh_node]: [amr_4] Pruned expired reservations for peers: ['amr_0']
[rh_node-57] [INFO] [1789373536.085164455] [amr_2.rh_node]: [amr_2] Pruned expired reservations for peers: ['amr_0']
[rh_node-61] [INFO] [1789373536.087128322] [amr_6.rh_node]: [amr_6] Pruned expired reservations for peers: ['amr_0']
[rh_node-63] [INFO] [1789373536.164689689] [amr_8.rh_node]: [amr_8] Pruned expired reservations for peers: ['amr_0']
[rh_node-60] [INFO] [1789373536.313662335] [amr_5.rh_node]: [amr_5] Pruned expired reservations for peers: ['amr_0']
[rh_node-58] [INFO] [1789373536.353491950] [amr_3.rh_node]: [amr_3] Pruned expired reservations for peers: ['amr_0']
[rh_node-62] [INFO] [1789373536.463082927] [amr_7.rh_node]: [amr_7] Pruned expired reservations for peers: ['amr_0']
[rh_node-64] [INFO] [1789373536.471282673] [amr_9.rh_node]: [amr_9] Pruned expired reservations for peers: ['amr_0']
[rh_node-56] [INFO] [1789373536.479697735] [amr_1.rh_node]: [amr_1] Pruned expired reservations for peers: ['amr_0']
[rh_node-59] [INFO] [1789373536.529883931] [amr_4.rh_node]: [amr_4] Pruned expired reservations for peers: ['amr_0']
[rh_node-57] [INFO] [1789373536.585466896] [amr_2.rh_node]: [amr_2] Pruned expired reservations for peers: ['amr_0']
[rh_node-61] [INFO] [1789373536.586275875] [amr_6.rh_node]: [amr_6] Pruned expired reservations for peers: ['amr_0']
[rh_node-63] [INFO] [1789373536.665971784] [amr_8.rh_node]: [amr_8] Pruned expired reservations for peers: ['amr_0']
[rh_node-60] [INFO] [1789373536.813262406] [amr_5.rh_node]: [amr_5] Pruned expired reservations for peers: ['amr_0']
[rh_node-58] [INFO] [1789373536.851210119] [amr_3.rh_node]: [amr_3] Pruned expired reservations for peers: ['amr_0']
[rh_node-62] [INFO] [1789373536.962582447] [amr_7.rh_node]: [amr_7] Pruned expired reservations for peers: ['amr_0']
[rh_node-64] [INFO] [1789373536.971172108] [amr_9.rh_node]: [amr_9] Pruned expired reservations for peers: ['amr_0']
[rh_node-56] [INFO] [1789373536.979281434] [amr_1.rh_node]: [amr_1] Pruned expired reservations for peers: ['amr_0']
[rh_node-59] [INFO] [1789373537.029815328] [amr_4.rh_node]: [amr_4] Pruned expired reservations for peers: ['amr_0']
[rh_node-57] [INFO] [1789373537.084843277] [amr_2.rh_node]: [amr_2] Pruned expired reservations for peers: ['amr_0']
[rh_node-61] [INFO] [1789373537.087555779] [amr_6.rh_node]: [amr_6] Pruned expired reservations for peers: ['amr_0']
[rh_node-63] [INFO] [1789373537.165494178] [amr_8.rh_node]: [amr_8] Pruned expired reservations for peers: ['amr_0']
[rh_node-60] [INFO] [1789373537.313287613] [amr_5.rh_node]: [amr_5] Pruned expired reservations for peers: ['amr_0']
[rh_node-58] [INFO] [1789373537.351355227] [amr_3.rh_node]: [amr_3] Pruned expired reservations for peers: ['amr_0']
[rh_node-62] [INFO] [1789373537.463896776] [amr_7.rh_node]: [amr_7] Pruned expired reservations for peers: ['amr_0']
[rh_node-64] [INFO] [1789373537.471674966] [amr_9.rh_node]: [amr_9] Pruned expired reservations for peers: ['amr_0']
[rh_node-56] [INFO] [1789373537.479024894] [amr_1.rh_node]: [amr_1] Pruned expired reservations for peers: ['amr_0']
[rh_node-59] [INFO] [1789373537.530559971] [amr_4.rh_node]: [amr_4] Pruned expired reservations for peers: ['amr_0']
[rh_node-57] [INFO] [1789373537.584952440] [amr_2.rh_node]: [amr_2] Pruned expired reservations for peers: ['amr_0']
[rh_node-61] [INFO] [1789373537.587402254] [amr_6.rh_node]: [amr_6] Pruned expired reservations for peers: ['amr_0']
[rh_node-63] [INFO] [1789373537.666688009] [amr_8.rh_node]: [amr_8] Pruned expired reservations for peers: ['amr_0']
[rh_node-60] [INFO] [1789373537.813449308] [amr_5.rh_node]: [amr_5] Pruned expired reservations for peers: ['amr_0']
[rh_node-58] [INFO] [1789373537.851493808] [amr_3.rh_node]: [amr_3] Pruned expired reservations for peers: ['amr_0']
[rh_node-62] [INFO] [1789373537.963756721] [amr_7.rh_node]: [amr_7] Pruned expired reservations for peers: ['amr_0']
[rh_node-64] [INFO] [1789373537.971153962] [amr_9.rh_node]: [amr_9] Pruned expired reservations for peers: ['amr_0']
[rh_node-56] [INFO] [1789373537.979322373] [amr_1.rh_node]: [amr_1] Pruned expired reservations for peers: ['amr_0']
[rh_node-59] [INFO] [1789373538.030240048] [amr_4.rh_node]: [amr_4] Pruned expired reservations for peers: ['amr_0']
[rh_node-57] [INFO] [1789373538.085127535] [amr_2.rh_node]: [amr_2] Pruned expired reservations for peers: ['amr_0']
[rh_node-61] [INFO] [1789373538.086827819] [amr_6.rh_node]: [amr_6] Pruned expired reservations for peers: ['amr_0']
[rh_node-63] [INFO] [1789373538.164461076] [amr_8.rh_node]: [amr_8] Pruned expired reservations for peers: ['amr_0']
[rh_node-60] [INFO] [1789373538.313253049] [amr_5.rh_node]: [amr_5] Pruned expired reservations for peers: ['amr_0']
[rh_node-58] [INFO] [1789373538.351882932] [amr_3.rh_node]: [amr_3] Pruned expired reservations for peers: ['amr_0']
[rh_node-62] [INFO] [1789373538.463122900] [amr_7.rh_node]: [amr_7] Pruned expired reservations for peers: ['amr_0']
[rh_node-64] [INFO] [1789373538.471312384] [amr_9.rh_node]: [amr_9] Pruned expired reservations for peers: ['amr_0']
[rh_node-56] [INFO] [1789373538.481560774] [amr_1.rh_node]: [amr_1] Pruned expired reservations for peers: ['amr_0']
[rh_node-59] [INFO] [1789373538.530815009] [amr_4.rh_node]: [amr_4] Pruned expired reservations for peers: ['amr_0']
[rh_node-57] [INFO] [1789373538.585119557] [amr_2.rh_node]: [amr_2] Pruned expired reservations for peers: ['amr_0']
[rh_node-61] [INFO] [1789373538.587060662] [amr_6.rh_node]: [amr_6] Pruned expired reservations for peers: ['amr_0']
[rh_node-63] [INFO] [1789373538.665250864] [amr_8.rh_node]: [amr_8] Pruned expired reservations for peers: ['amr_0']
[rh_node-60] [INFO] [1789373538.815806948] [amr_5.rh_node]: [amr_5] Pruned expired reservations for peers: ['amr_0']
[rh_node-58] [INFO] [1789373538.851607915] [amr_3.rh_node]: [amr_3] Pruned expired reservations for peers: ['amr_0']
[rh_node-62] [INFO] [1789373538.963209390] [amr_7.rh_node]: [amr_7] Pruned expired reservations for peers: ['amr_0']
[rh_node-64] [INFO] [1789373538.972066184] [amr_9.rh_node]: [amr_9] Pruned expired reservations for peers: ['amr_0']
[rh_node-56] [INFO] [1789373538.979890008] [amr_1.rh_node]: [amr_1] Pruned expired reservations for peers: ['amr_0']
[rh_node-59] [INFO] [1789373539.029793441] [amr_4.rh_node]: [amr_4] Pruned expired reservations for peers: ['amr_0']
[rh_node-57] [INFO] [1789373539.085195123] [amr_2.rh_node]: [amr_2] Pruned expired reservations for peers: ['amr_0']
[rh_node-61] [INFO] [1789373539.089119118] [amr_6.rh_node]: [amr_6] Pruned expired reservations for peers: ['amr_0']
[rh_node-63] [INFO] [1789373539.165012728] [amr_8.rh_node]: [amr_8] Pruned expired reservations for peers: ['amr_0']
[rh_node-60] [INFO] [1789373539.313093668] [amr_5.rh_node]: [amr_5] Pruned expired reservations for peers: ['amr_0']
[rh_node-58] [INFO] [1789373539.351320891] [amr_3.rh_node]: [amr_3] Pruned expired reservations for peers: ['amr_0']
[rh_node-62] [INFO] [1789373539.463328130] [amr_7.rh_node]: [amr_7] Pruned expired reservations for peers: ['amr_0']
[rh_node-64] [INFO] [1789373539.471225293] [amr_9.rh_node]: [amr_9] Pruned expired reservations for peers: ['amr_0']
[rh_node-56] [INFO] [1789373539.479556138] [amr_1.rh_node]: [amr_1] Pruned expired reservations for peers: ['amr_0']
[rh_node-59] [INFO] [1789373539.529358061] [amr_4.rh_node]: [amr_4] Pruned expired reservations for peers: ['amr_0']
[rh_node-57] [INFO] [1789373539.585177677] [amr_2.rh_node]: [amr_2] Pruned expired reservations for peers: ['amr_0']
[rh_node-61] [INFO] [1789373539.586508571] [amr_6.rh_node]: [amr_6] Pruned expired reservations for peers: ['amr_0']
[rh_node-63] [INFO] [1789373539.665107010] [amr_8.rh_node]: [amr_8] Pruned expired reservations for peers: ['amr_0']
[rh_node-60] [INFO] [1789373539.812787362] [amr_5.rh_node]: [amr_5] Pruned expired reservations for peers: ['amr_0']
[rh_node-58] [INFO] [1789373539.851415823] [amr_3.rh_node]: [amr_3] Pruned expired reservations for peers: ['amr_0']
[rh_node-62] [INFO] [1789373539.963246579] [amr_7.rh_node]: [amr_7] Pruned expired reservations for peers: ['amr_0']
[rh_node-64] [INFO] [1789373539.971426418] [amr_9.rh_node]: [amr_9] Pruned expired reservations for peers: ['amr_0']
[rh_node-56] [INFO] [1789373539.980229418] [amr_1.rh_node]: [amr_1] Pruned expired reservations for peers: ['amr_0']
[rh_node-59] [INFO] [1789373540.032850120] [amr_4.rh_node]: [amr_4] Pruned expired reservations for peers: ['amr_0']
[rh_node-57] [INFO] [1789373540.084985349] [amr_2.rh_node]: [amr_2] Pruned expired reservations for peers: ['amr_0']
[rh_node-61] [INFO] [1789373540.086004506] [amr_6.rh_node]: [amr_6] Pruned expired reservations for peers: ['amr_0']
[rh_node-63] [INFO] [1789373540.165003832] [amr_8.rh_node]: [amr_8] Pruned expired reservations for peers: ['amr_0']
[rh_node-60] [INFO] [1789373540.315391114] [amr_5.rh_node]: [amr_5] Pruned expired reservations for peers: ['amr_0']
[rh_node-58] [INFO] [1789373540.352495925] [amr_3.rh_node]: [amr_3] Pruned expired reservations for peers: ['amr_0']
[rh_node-62] [INFO] [1789373540.462673224] [amr_7.rh_node]: [amr_7] Pruned expired reservations for peers: ['amr_0']
[rh_node-64] [INFO] [1789373540.472915639] [amr_9.rh_node]: [amr_9] Pruned expired reservations for peers: ['amr_0']
[rh_node-56] [INFO] [1789373540.479542841] [amr_1.rh_node]: [amr_1] Pruned expired reservations for peers: ['amr_0']
[rh_node-59] [INFO] [1789373540.529869713] [amr_4.rh_node]: [amr_4] Pruned expired reservations for peers: ['amr_0']
[rh_node-57] [INFO] [1789373540.585362847] [amr_2.rh_node]: [amr_2] Pruned expired reservations for peers: ['amr_0']
[rh_node-61] [INFO] [1789373540.588396480] [amr_6.rh_node]: [amr_6] Pruned expired reservations for peers: ['amr_0']
[rh_node-63] [INFO] [1789373540.664941497] [amr_8.rh_node]: [amr_8] Pruned expired reservations for peers: ['amr_0']
[rh_node-60] [INFO] [1789373540.813213646] [amr_5.rh_node]: [amr_5] Pruned expired reservations for peers: ['amr_0']
[rh_node-58] [INFO] [1789373540.851357057] [amr_3.rh_node]: [amr_3] Pruned expired reservations for peers: ['amr_0']
[rh_node-62] [INFO] [1789373540.963188725] [amr_7.rh_node]: [amr_7] Pruned expired reservations for peers: ['amr_0']
[rh_node-64] [INFO] [1789373540.971567523] [amr_9.rh_node]: [amr_9] Pruned expired reservations for peers: ['amr_0']
[rh_node-56] [INFO] [1789373540.979152326] [amr_1.rh_node]: [amr_1] Pruned expired reservations for peers: ['amr_0']
[rh_node-59] [INFO] [1789373541.032151897] [amr_4.rh_node]: [amr_4] Pruned expired reservations for peers: ['amr_0']
[rh_node-57] [INFO] [1789373541.085218990] [amr_2.rh_node]: [amr_2] Pruned expired reservations for peers: ['amr_0']
[rh_node-61] [INFO] [1789373541.087455380] [amr_6.rh_node]: [amr_6] Pruned expired reservations for peers: ['amr_0']
[rh_node-63] [INFO] [1789373541.165108474] [amr_8.rh_node]: [amr_8] Pruned expired reservations for peers: ['amr_0']
[rh_node-60] [INFO] [1789373541.313555386] [amr_5.rh_node]: [amr_5] Pruned expired reservations for peers: ['amr_0']
[rh_node-58] [INFO] [1789373541.352180475] [amr_3.rh_node]: [amr_3] Pruned expired reservations for peers: ['amr_0']
[rh_node-62] [INFO] [1789373541.463574378] [amr_7.rh_node]: [amr_7] Pruned expired reservations for peers: ['amr_0']
[rh_node-64] [INFO] [1789373541.472939940] [amr_9.rh_node]: [amr_9] Pruned expired reservations for peers: ['amr_0']
[rh_node-56] [INFO] [1789373541.481595025] [amr_1.rh_node]: [amr_1] Pruned expired reservations for peers: ['amr_0']
[rh_node-59] [INFO] [1789373541.530071427] [amr_4.rh_node]: [amr_4] Pruned expired reservations for peers: ['amr_0']
[rh_node-57] [INFO] [1789373541.585162190] [amr_2.rh_node]: [amr_2] Pruned expired reservations for peers: ['amr_0']
[rh_node-61] [INFO] [1789373541.587865945] [amr_6.rh_node]: [amr_6] Pruned expired reservations for peers: ['amr_0']
[rh_node-63] [INFO] [1789373541.665920064] [amr_8.rh_node]: [amr_8] Pruned expired reservations for peers: ['amr_0']
[rh_node-60] [INFO] [1789373541.813507624] [amr_5.rh_node]: [amr_5] Pruned expired reservations for peers: ['amr_0']
[rh_node-58] [INFO] [1789373541.851851064] [amr_3.rh_node]: [amr_3] Pruned expired reservations for peers: ['amr_0']
[rh_node-62] [INFO] [1789373541.962753467] [amr_7.rh_node]: [amr_7] Pruned expired reservations for peers: ['amr_0']
[rh_node-64] [INFO] [1789373541.971114586] [amr_9.rh_node]: [amr_9] Pruned expired reservations for peers: ['amr_0']
[rh_node-56] [INFO] [1789373541.980346159] [amr_1.rh_node]: [amr_1] Pruned expired reservations for peers: ['amr_0']
[rh_node-59] [INFO] [1789373542.031764378] [amr_4.rh_node]: [amr_4] Pruned expired reservations for peers: ['amr_0']
[rh_node-57] [INFO] [1789373542.086376028] [amr_2.rh_node]: [amr_2] Pruned expired reservations for peers: ['amr_0']
[rh_node-61] [INFO] [1789373542.087393560] [amr_6.rh_node]: [amr_6] Pruned expired reservations for peers: ['amr_0']
[rh_node-63] [INFO] [1789373542.165051445] [amr_8.rh_node]: [amr_8] Pruned expired reservations for peers: ['amr_0']
[rh_node-60] [INFO] [1789373542.312832752] [amr_5.rh_node]: [amr_5] Pruned expired reservations for peers: ['amr_0']
[rh_node-58] [INFO] [1789373542.351124496] [amr_3.rh_node]: [amr_3] Pruned expired reservations for peers: ['amr_0']
[rh_node-62] [INFO] [1789373542.463018822] [amr_7.rh_node]: [amr_7] Pruned expired reservations for peers: ['amr_0']
[rh_node-64] [INFO] [1789373542.472223176] [amr_9.rh_node]: [amr_9] Pruned expired reservations for peers: ['amr_0']
[rh_node-56] [INFO] [1789373542.479675431] [amr_1.rh_node]: [amr_1] Pruned expired reservations for peers: ['amr_0']
[rh_node-59] [INFO] [1789373542.529701155] [amr_4.rh_node]: [amr_4] Pruned expired reservations for peers: ['amr_0']
[rh_node-57] [INFO] [1789373542.585248848] [amr_2.rh_node]: [amr_2] Pruned expired reservations for peers: ['amr_0']
[rh_node-61] [INFO] [1789373542.586946198] [amr_6.rh_node]: [amr_6] Pruned expired reservations for peers: ['amr_0']
[rh_node-63] [INFO] [1789373542.664929979] [amr_8.rh_node]: [amr_8] Pruned expired reservations for peers: ['amr_0']
[rh_node-60] [INFO] [1789373542.813632230] [amr_5.rh_node]: [amr_5] Pruned expired reservations for peers: ['amr_0']
[rh_node-58] [INFO] [1789373542.851138721] [amr_3.rh_node]: [amr_3] Pruned expired reservations for peers: ['amr_0']
[rh_node-62] [INFO] [1789373542.965598007] [amr_7.rh_node]: [amr_7] Pruned expired reservations for peers: ['amr_0']
[rh_node-64] [INFO] [1789373542.971678936] [amr_9.rh_node]: [amr_9] Pruned expired reservations for peers: ['amr_0']
[rh_node-56] [INFO] [1789373542.979833690] [amr_1.rh_node]: [amr_1] Pruned expired reservations for peers: ['amr_0']
[rh_node-59] [INFO] [1789373543.029602582] [amr_4.rh_node]: [amr_4] Pruned expired reservations for peers: ['amr_0']
[rh_node-57] [INFO] [1789373543.085366175] [amr_2.rh_node]: [amr_2] Pruned expired reservations for peers: ['amr_0']
[rh_node-61] [INFO] [1789373543.087220168] [amr_6.rh_node]: [amr_6] Pruned expired reservations for peers: ['amr_0']
[rh_node-63] [INFO] [1789373543.164771663] [amr_8.rh_node]: [amr_8] Pruned expired reservations for peers: ['amr_0']
[rh_node-60] [INFO] [1789373543.316301691] [amr_5.rh_node]: [amr_5] Pruned expired reservations for peers: ['amr_0']
[rh_node-58] [INFO] [1789373543.351327148] [amr_3.rh_node]: [amr_3] Pruned expired reservations for peers: ['amr_0']
[rh_node-62] [INFO] [1789373543.463194611] [amr_7.rh_node]: [amr_7] Pruned expired reservations for peers: ['amr_0']
[rh_node-64] [INFO] [1789373543.471357159] [amr_9.rh_node]: [amr_9] Pruned expired reservations for peers: ['amr_0']
[rh_node-56] [INFO] [1789373543.479586040] [amr_1.rh_node]: [amr_1] Pruned expired reservations for peers: ['amr_0']
[rh_node-59] [INFO] [1789373543.531875766] [amr_4.rh_node]: [amr_4] Pruned expired reservations for peers: ['amr_0']
[rh_node-57] [INFO] [1789373543.585030700] [amr_2.rh_node]: [amr_2] Pruned expired reservations for peers: ['amr_0']
[rh_node-61] [INFO] [1789373543.586931154] [amr_6.rh_node]: [amr_6] Pruned expired reservations for peers: ['amr_0']
[rh_node-63] [INFO] [1789373543.664409507] [amr_8.rh_node]: [amr_8] Pruned expired reservations for peers: ['amr_0']
[rh_node-60] [INFO] [1789373543.813315238] [amr_5.rh_node]: [amr_5] Pruned expired reservations for peers: ['amr_0']
[rh_node-58] [INFO] [1789373543.851183044] [amr_3.rh_node]: [amr_3] Pruned expired reservations for peers: ['amr_0']
[rh_node-62] [INFO] [1789373543.963367523] [amr_7.rh_node]: [amr_7] Pruned expired reservations for peers: ['amr_0']
[rh_node-64] [INFO] [1789373543.971566488] [amr_9.rh_node]: [amr_9] Pruned expired reservations for peers: ['amr_0']
[rh_node-56] [INFO] [1789373543.979294828] [amr_1.rh_node]: [amr_1] Pruned expired reservations for peers: ['amr_0']
[rh_node-59] [INFO] [1789373544.030563958] [amr_4.rh_node]: [amr_4] Pruned expired reservations for peers: ['amr_0']
[rh_node-57] [INFO] [1789373544.085522560] [amr_2.rh_node]: [amr_2] Pruned expired reservations for peers: ['amr_0']
[rh_node-61] [INFO] [1789373544.086438694] [amr_6.rh_node]: [amr_6] Pruned expired reservations for peers: ['amr_0']
[rh_node-63] [INFO] [1789373544.166805866] [amr_8.rh_node]: [amr_8] Pruned expired reservations for peers: ['amr_0']
[rh_node-60] [INFO] [1789373544.313659106] [amr_5.rh_node]: [amr_5] Pruned expired reservations for peers: ['amr_0']
[rh_node-58] [INFO] [1789373544.351077626] [amr_3.rh_node]: [amr_3] Pruned expired reservations for peers: ['amr_0']
[rh_node-62] [INFO] [1789373544.463308164] [amr_7.rh_node]: [amr_7] Pruned expired reservations for peers: ['amr_0']
[rh_node-64] [INFO] [1789373544.471633287] [amr_9.rh_node]: [amr_9] Pruned expired reservations for peers: ['amr_0']
[rh_node-56] [INFO] [1789373544.479511335] [amr_1.rh_node]: [amr_1] Pruned expired reservations for peers: ['amr_0']
[rh_node-59] [INFO] [1789373544.529918194] [amr_4.rh_node]: [amr_4] Pruned expired reservations for peers: ['amr_0']
[rh_node-57] [INFO] [1789373544.585438826] [amr_2.rh_node]: [amr_2] Pruned expired reservations for peers: ['amr_0']
[rh_node-61] [INFO] [1789373544.587036760] [amr_6.rh_node]: [amr_6] Pruned expired reservations for peers: ['amr_0']
[rh_node-63] [INFO] [1789373544.665182269] [amr_8.rh_node]: [amr_8] Pruned expired reservations for peers: ['amr_0']
[rh_node-60] [INFO] [1789373544.813318391] [amr_5.rh_node]: [amr_5] Pruned expired reservations for peers: ['amr_0']
[rh_node-58] [INFO] [1789373544.851813122] [amr_3.rh_node]: [amr_3] Pruned expired reservations for peers: ['amr_0']
[rh_node-62] [INFO] [1789373544.962910018] [amr_7.rh_node]: [amr_7] Pruned expired reservations for peers: ['amr_0']
[rh_node-64] [INFO] [1789373544.971085156] [amr_9.rh_node]: [amr_9] Pruned expired reservations for peers: ['amr_0']
[rh_node-56] [INFO] [1789373544.980311526] [amr_1.rh_node]: [amr_1] Pruned expired reservations for peers: ['amr_0']
[rh_node-59] [INFO] [1789373545.031638328] [amr_4.rh_node]: [amr_4] Pruned expired reservations for peers: ['amr_0']
[rh_node-57] [INFO] [1789373545.085107053] [amr_2.rh_node]: [amr_2] Pruned expired reservations for peers: ['amr_0']
[rh_node-61] [INFO] [1789373545.086537953] [amr_6.rh_node]: [amr_6] Pruned expired reservations for peers: ['amr_0']
[rh_node-63] [INFO] [1789373545.166139024] [amr_8.rh_node]: [amr_8] Pruned expired reservations for peers: ['amr_0']
[rh_node-60] [INFO] [1789373545.313571695] [amr_5.rh_node]: [amr_5] Pruned expired reservations for peers: ['amr_0']
[rh_node-58] [INFO] [1789373545.350985471] [amr_3.rh_node]: [amr_3] Pruned expired reservations for peers: ['amr_0']
[rh_node-62] [INFO] [1789373545.463401452] [amr_7.rh_node]: [amr_7] Pruned expired reservations for peers: ['amr_0']
[rh_node-64] [INFO] [1789373545.471870539] [amr_9.rh_node]: [amr_9] Pruned expired reservations for peers: ['amr_0']
[rh_node-56] [INFO] [1789373545.480097680] [amr_1.rh_node]: [amr_1] Pruned expired reservations for peers: ['amr_0']
[rh_node-59] [INFO] [1789373545.531039352] [amr_4.rh_node]: [amr_4] Pruned expired reservations for peers: ['amr_0']
[rh_node-57] [INFO] [1789373545.585695498] [amr_2.rh_node]: [amr_2] Pruned expired reservations for peers: ['amr_0']
[rh_node-61] [INFO] [1789373545.586890270] [amr_6.rh_node]: [amr_6] Pruned expired reservations for peers: ['amr_0']
[rh_node-63] [INFO] [1789373545.665297983] [amr_8.rh_node]: [amr_8] Pruned expired reservations for peers: ['amr_0']
[rh_node-60] [INFO] [1789373545.813593456] [amr_5.rh_node]: [amr_5] Pruned expired reservations for peers: ['amr_0']
[rh_node-58] [INFO] [1789373545.851104696] [amr_3.rh_node]: [amr_3] Pruned expired reservations for peers: ['amr_0']
[rh_node-62] [INFO] [1789373545.962381076] [amr_7.rh_node]: [amr_7] Pruned expired reservations for peers: ['amr_0']
[rh_node-64] [INFO] [1789373545.971691207] [amr_9.rh_node]: [amr_9] Pruned expired reservations for peers: ['amr_0']
[rh_node-56] [INFO] [1789373545.979218787] [amr_1.rh_node]: [amr_1] Pruned expired reservations for peers: ['amr_0']
[rh_node-59] [INFO] [1789373546.032580507] [amr_4.rh_node]: [amr_4] Pruned expired reservations for peers: ['amr_0']
[rh_node-57] [INFO] [1789373546.085182911] [amr_2.rh_node]: [amr_2] Pruned expired reservations for peers: ['amr_0']
[rh_node-61] [INFO] [1789373546.087438750] [amr_6.rh_node]: [amr_6] Pruned expired reservations for peers: ['amr_0']
[rh_node-63] [INFO] [1789373546.165422692] [amr_8.rh_node]: [amr_8] Pruned expired reservations for peers: ['amr_0']
[rh_node-60] [INFO] [1789373546.313130377] [amr_5.rh_node]: [amr_5] Pruned expired reservations for peers: ['amr_0']
[rh_node-58] [INFO] [1789373546.351049422] [amr_3.rh_node]: [amr_3] Pruned expired reservations for peers: ['amr_0']
[rh_node-62] [INFO] [1789373546.465269890] [amr_7.rh_node]: [amr_7] Pruned expired reservations for peers: ['amr_0']
[rh_node-64] [INFO] [1789373546.471343412] [amr_9.rh_node]: [amr_9] Pruned expired reservations for peers: ['amr_0']
[rh_node-56] [INFO] [1789373546.479714119] [amr_1.rh_node]: [amr_1] Pruned expired reservations for peers: ['amr_0']
[rh_node-59] [INFO] [1789373546.529936328] [amr_4.rh_node]: [amr_4] Pruned expired reservations for peers: ['amr_0']
[rh_node-57] [INFO] [1789373546.584754317] [amr_2.rh_node]: [amr_2] Pruned expired reservations for peers: ['amr_0']
[rh_node-61] [INFO] [1789373546.587397671] [amr_6.rh_node]: [amr_6] Pruned expired reservations for peers: ['amr_0']
[rh_node-63] [INFO] [1789373546.664962301] [amr_8.rh_node]: [amr_8] Pruned expired reservations for peers: ['amr_0']
[rh_node-60] [INFO] [1789373546.813447054] [amr_5.rh_node]: [amr_5] Pruned expired reservations for peers: ['amr_0']
[rh_node-58] [INFO] [1789373546.851056883] [amr_3.rh_node]: [amr_3] Pruned expired reservations for peers: ['amr_0']
[rh_node-62] [INFO] [1789373546.963325948] [amr_7.rh_node]: [amr_7] Pruned expired reservations for peers: ['amr_0']
[rh_node-64] [INFO] [1789373546.971350859] [amr_9.rh_node]: [amr_9] Pruned expired reservations for peers: ['amr_0']
[rh_node-56] [INFO] [1789373546.981433058] [amr_1.rh_node]: [amr_1] Pruned expired reservations for peers: ['amr_0']
[rh_node-59] [INFO] [1789373547.031931991] [amr_4.rh_node]: [amr_4] Pruned expired reservations for peers: ['amr_0']
[rh_node-57] [INFO] [1789373547.085041639] [amr_2.rh_node]: [amr_2] Pruned expired reservations for peers: ['amr_0']
[rh_node-61] [INFO] [1789373547.087765727] [amr_6.rh_node]: [amr_6] Pruned expired reservations for peers: ['amr_0']
[rh_node-63] [INFO] [1789373547.164984698] [amr_8.rh_node]: [amr_8] Pruned expired reservations for peers: ['amr_0']
[rh_node-60] [INFO] [1789373547.313428636] [amr_5.rh_node]: [amr_5] Pruned expired reservations for peers: ['amr_0']
[rh_node-58] [INFO] [1789373547.352485110] [amr_3.rh_node]: [amr_3] Pruned expired reservations for peers: ['amr_0']
[rh_node-62] [INFO] [1789373547.463263402] [amr_7.rh_node]: [amr_7] Pruned expired reservations for peers: ['amr_0']
[rh_node-64] [INFO] [1789373547.471720721] [amr_9.rh_node]: [amr_9] Pruned expired reservations for peers: ['amr_0']
[rh_node-56] [INFO] [1789373547.479763982] [amr_1.rh_node]: [amr_1] Pruned expired reservations for peers: ['amr_0']
[rh_node-59] [INFO] [1789373547.530439018] [amr_4.rh_node]: [amr_4] Pruned expired reservations for peers: ['amr_0']
[rh_node-57] [INFO] [1789373547.585080881] [amr_2.rh_node]: [amr_2] Pruned expired reservations for peers: ['amr_0']
[rh_node-61] [INFO] [1789373547.587195435] [amr_6.rh_node]: [amr_6] Pruned expired reservations for peers: ['amr_0']
[rh_node-63] [INFO] [1789373547.664943424] [amr_8.rh_node]: [amr_8] Pruned expired reservations for peers: ['amr_0']
[rh_node-60] [INFO] [1789373547.813354133] [amr_5.rh_node]: [amr_5] Pruned expired reservations for peers: ['amr_0']
[rh_node-58] [INFO] [1789373547.850682771] [amr_3.rh_node]: [amr_3] Pruned expired reservations for peers: ['amr_0']
[rh_node-62] [INFO] [1789373547.963319794] [amr_7.rh_node]: [amr_7] Pruned expired reservations for peers: ['amr_0', 'amr_3']
[rh_node-64] [INFO] [1789373547.971579684] [amr_9.rh_node]: [amr_9] Pruned expired reservations for peers: ['amr_0', 'amr_3']
[rh_node-56] [INFO] [1789373547.979513732] [amr_1.rh_node]: [amr_1] Pruned expired reservations for peers: ['amr_0', 'amr_3']
[rh_node-59] [INFO] [1789373548.030003422] [amr_4.rh_node]: [amr_4] Pruned expired reservations for peers: ['amr_0', 'amr_3']
[rh_node-57] [INFO] [1789373548.085604975] [amr_2.rh_node]: [amr_2] Pruned expired reservations for peers: ['amr_0', 'amr_3']
[rh_node-61] [INFO] [1789373548.087457217] [amr_6.rh_node]: [amr_6] Pruned expired reservations for peers: ['amr_0', 'amr_3']
[rh_node-55] [INFO] [1789373548.100666300] [amr_0.rh_node]: [amr_0] Pruned expired reservations for peers: ['amr_3']
[rh_node-63] [INFO] [1789373548.164866267] [amr_8.rh_node]: [amr_8] Pruned expired reservations for peers: ['amr_0', 'amr_3']
[rh_node-60] [INFO] [1789373548.313167772] [amr_5.rh_node]: [amr_5] Pruned expired reservations for peers: ['amr_0', 'amr_3']
[rh_node-58] [INFO] [1789373548.351158966] [amr_3.rh_node]: [amr_3] Pruned expired reservations for peers: ['amr_0']
[rh_node-62] [INFO] [1789373548.463102485] [amr_7.rh_node]: [amr_7] Pruned expired reservations for peers: ['amr_0', 'amr_3']
[rh_node-64] [INFO] [1789373548.471893403] [amr_9.rh_node]: [amr_9] Pruned expired reservations for peers: ['amr_0', 'amr_3']
[rh_node-56] [INFO] [1789373548.479254065] [amr_1.rh_node]: [amr_1] Pruned expired reservations for peers: ['amr_0', 'amr_3']
[rh_node-59] [INFO] [1789373548.530816872] [amr_4.rh_node]: [amr_4] Pruned expired reservations for peers: ['amr_0', 'amr_3']
[rh_node-57] [INFO] [1789373548.585280959] [amr_2.rh_node]: [amr_2] Pruned expired reservations for peers: ['amr_0', 'amr_3']
[rh_node-61] [INFO] [1789373548.587128914] [amr_6.rh_node]: [amr_6] Pruned expired reservations for peers: ['amr_0', 'amr_3']
[rh_node-55] [INFO] [1789373548.600493170] [amr_0.rh_node]: [amr_0] Pruned expired reservations for peers: ['amr_3']
[rh_node-63] [INFO] [1789373548.665027590] [amr_8.rh_node]: [amr_8] Pruned expired reservations for peers: ['amr_0', 'amr_3']
[rh_node-60] [INFO] [1789373548.812785008] [amr_5.rh_node]: [amr_5] Pruned expired reservations for peers: ['amr_0', 'amr_3']
[rh_node-58] [INFO] [1789373548.851120304] [amr_3.rh_node]: [amr_3] Pruned expired reservations for peers: ['amr_0']
[rh_node-62] [INFO] [1789373548.963554165] [amr_7.rh_node]: [amr_7] Pruned expired reservations for peers: ['amr_0', 'amr_3']
[rh_node-64] [INFO] [1789373548.971272125] [amr_9.rh_node]: [amr_9] Pruned expired reservations for peers: ['amr_0', 'amr_3']
[rh_node-56] [INFO] [1789373548.979028781] [amr_1.rh_node]: [amr_1] Pruned expired reservations for peers: ['amr_0', 'amr_3']
[rh_node-59] [INFO] [1789373549.032547090] [amr_4.rh_node]: [amr_4] Pruned expired reservations for peers: ['amr_0', 'amr_3']
[rh_node-57] [INFO] [1789373549.085326758] [amr_2.rh_node]: [amr_2] Pruned expired reservations for peers: ['amr_0', 'amr_3']
[rh_node-61] [INFO] [1789373549.087385008] [amr_6.rh_node]: [amr_6] Pruned expired reservations for peers: ['amr_0', 'amr_3']
[rh_node-55] [INFO] [1789373549.100694219] [amr_0.rh_node]: [amr_0] Pruned expired reservations for peers: ['amr_3']
[rh_node-63] [INFO] [1789373549.165456876] [amr_8.rh_node]: [amr_8] Pruned expired reservations for peers: ['amr_0', 'amr_3']
[rh_node-60] [INFO] [1789373549.313586020] [amr_5.rh_node]: [amr_5] Pruned expired reservations for peers: ['amr_0', 'amr_3']
[rh_node-58] [INFO] [1789373549.351044886] [amr_3.rh_node]: [amr_3] Pruned expired reservations for peers: ['amr_0']
[rh_node-62] [INFO] [1789373549.462688262] [amr_7.rh_node]: [amr_7] Pruned expired reservations for peers: ['amr_0', 'amr_3']
[rh_node-64] [INFO] [1789373549.471590448] [amr_9.rh_node]: [amr_9] Pruned expired reservations for peers: ['amr_0', 'amr_3']
[rh_node-56] [INFO] [1789373549.479646099] [amr_1.rh_node]: [amr_1] Pruned expired reservations for peers: ['amr_0', 'amr_3']
[rh_node-59] [INFO] [1789373549.529927827] [amr_4.rh_node]: [amr_4] Pruned expired reservations for peers: ['amr_0', 'amr_3']
[rh_node-57] [INFO] [1789373549.585685169] [amr_2.rh_node]: [amr_2] Pruned expired reservations for peers: ['amr_0', 'amr_3']
[rh_node-61] [INFO] [1789373549.586966166] [amr_6.rh_node]: [amr_6] Pruned expired reservations for peers: ['amr_0', 'amr_3']
[rh_node-55] [INFO] [1789373549.600354719] [amr_0.rh_node]: [amr_0] Pruned expired reservations for peers: ['amr_3']
[rh_node-63] [INFO] [1789373549.664820319] [amr_8.rh_node]: [amr_8] Pruned expired reservations for peers: ['amr_0', 'amr_3']
[rh_node-60] [INFO] [1789373549.813212541] [amr_5.rh_node]: [amr_5] Pruned expired reservations for peers: ['amr_0', 'amr_3']
[rh_node-58] [INFO] [1789373549.851006627] [amr_3.rh_node]: [amr_3] Pruned expired reservations for peers: ['amr_0']
[rh_node-62] [INFO] [1789373549.965488343] [amr_7.rh_node]: [amr_7] Pruned expired reservations for peers: ['amr_0', 'amr_3']
[rh_node-64] [INFO] [1789373549.972351578] [amr_9.rh_node]: [amr_9] Pruned expired reservations for peers: ['amr_0', 'amr_3']
[rh_node-56] [INFO] [1789373549.979195328] [amr_1.rh_node]: [amr_1] Pruned expired reservations for peers: ['amr_0', 'amr_3']
[rh_node-59] [INFO] [1789373550.029559371] [amr_4.rh_node]: [amr_4] Pruned expired reservations for peers: ['amr_0', 'amr_3']
[rh_node-57] [INFO] [1789373550.085542748] [amr_2.rh_node]: [amr_2] Pruned expired reservations for peers: ['amr_0', 'amr_3']
[rh_node-61] [INFO] [1789373550.087259398] [amr_6.rh_node]: [amr_6] Pruned expired reservations for peers: ['amr_0', 'amr_3']
[rh_node-55] [INFO] [1789373550.101010146] [amr_0.rh_node]: [amr_0] Pruned expired reservations for peers: ['amr_3']
[rh_node-63] [INFO] [1789373550.165089086] [amr_8.rh_node]: [amr_8] Pruned expired reservations for peers: ['amr_0', 'amr_3']
[rh_node-60] [INFO] [1789373550.313640377] [amr_5.rh_node]: [amr_5] Pruned expired reservations for peers: ['amr_0', 'amr_3']
[rh_node-58] [INFO] [1789373550.350898864] [amr_3.rh_node]: [amr_3] Pruned expired reservations for peers: ['amr_0']
[rh_node-62] [INFO] [1789373550.463216011] [amr_7.rh_node]: [amr_7] Pruned expired reservations for peers: ['amr_0', 'amr_3']
[rh_node-64] [INFO] [1789373550.471461291] [amr_9.rh_node]: [amr_9] Pruned expired reservations for peers: ['amr_0', 'amr_3']
[rh_node-56] [INFO] [1789373550.481946279] [amr_1.rh_node]: [amr_1] Pruned expired reservations for peers: ['amr_0', 'amr_3']
[rh_node-59] [INFO] [1789373550.529796056] [amr_4.rh_node]: [amr_4] Pruned expired reservations for peers: ['amr_0', 'amr_3']
[rh_node-57] [INFO] [1789373550.585488871] [amr_2.rh_node]: [amr_2] Pruned expired reservations for peers: ['amr_0', 'amr_3']
[rh_node-61] [INFO] [1789373550.588077642] [amr_6.rh_node]: [amr_6] Pruned expired reservations for peers: ['amr_0', 'amr_3']
[rh_node-55] [INFO] [1789373550.600436351] [amr_0.rh_node]: [amr_0] Pruned expired reservations for peers: ['amr_3']
[rh_node-63] [INFO] [1789373550.666406649] [amr_8.rh_node]: [amr_8] Pruned expired reservations for peers: ['amr_0', 'amr_3']
[rh_node-60] [INFO] [1789373550.813432010] [amr_5.rh_node]: [amr_5] Pruned expired reservations for peers: ['amr_0', 'amr_3']
[rh_node-58] [INFO] [1789373550.851415591] [amr_3.rh_node]: [amr_3] Pruned expired reservations for peers: ['amr_0']
[rh_node-62] [INFO] [1789373550.962966297] [amr_7.rh_node]: [amr_7] Pruned expired reservations for peers: ['amr_0', 'amr_3']
[rh_node-64] [INFO] [1789373550.971281901] [amr_9.rh_node]: [amr_9] Pruned expired reservations for peers: ['amr_0', 'amr_3']
[rh_node-56] [INFO] [1789373550.981141135] [amr_1.rh_node]: [amr_1] Pruned expired reservations for peers: ['amr_0', 'amr_3']
[rh_node-59] [INFO] [1789373551.029772655] [amr_4.rh_node]: [amr_4] Pruned expired reservations for peers: ['amr_0', 'amr_3']
[rh_node-57] [INFO] [1789373551.084830114] [amr_2.rh_node]: [amr_2] Pruned expired reservations for peers: ['amr_0', 'amr_3']
[rh_node-61] [INFO] [1789373551.086588961] [amr_6.rh_node]: [amr_6] Pruned expired reservations for peers: ['amr_0', 'amr_3']
[rh_node-55] [INFO] [1789373551.100146567] [amr_0.rh_node]: [amr_0] Pruned expired reservations for peers: ['amr_3']
[rh_node-63] [INFO] [1789373551.165040189] [amr_8.rh_node]: [amr_8] Pruned expired reservations for peers: ['amr_0', 'amr_3']
[rh_node-60] [INFO] [1789373551.313153918] [amr_5.rh_node]: [amr_5] Pruned expired reservations for peers: ['amr_0', 'amr_3']
[rh_node-58] [INFO] [1789373551.351394955] [amr_3.rh_node]: [amr_3] Pruned expired reservations for peers: ['amr_0']
[rh_node-62] [INFO] [1789373551.469176510] [amr_7.rh_node]: [amr_7] Pruned expired reservations for peers: ['amr_0', 'amr_3']
[rh_node-64] [INFO] [1789373551.472195356] [amr_9.rh_node]: [amr_9] Pruned expired reservations for peers: ['amr_0', 'amr_3']
[rh_node-56] [INFO] [1789373551.479061067] [amr_1.rh_node]: [amr_1] Pruned expired reservations for peers: ['amr_0', 'amr_3']
[rh_node-59] [INFO] [1789373551.529447568] [amr_4.rh_node]: [amr_4] Pruned expired reservations for peers: ['amr_0', 'amr_3']
[rh_node-57] [INFO] [1789373551.584707218] [amr_2.rh_node]: [amr_2] Pruned expired reservations for peers: ['amr_0', 'amr_3']
[rh_node-61] [INFO] [1789373551.586664838] [amr_6.rh_node]: [amr_6] Pruned expired reservations for peers: ['amr_0', 'amr_3']
[rh_node-55] [INFO] [1789373551.600140257] [amr_0.rh_node]: [amr_0] Pruned expired reservations for peers: ['amr_3']
[rh_node-63] [INFO] [1789373551.665092413] [amr_8.rh_node]: [amr_8] Pruned expired reservations for peers: ['amr_0', 'amr_3']
[rh_node-60] [INFO] [1789373551.813298954] [amr_5.rh_node]: [amr_5] Pruned expired reservations for peers: ['amr_0', 'amr_3']
[rh_node-58] [INFO] [1789373551.851088409] [amr_3.rh_node]: [amr_3] Pruned expired reservations for peers: ['amr_0']
[rh_node-62] [INFO] [1789373551.963050996] [amr_7.rh_node]: [amr_7] Pruned expired reservations for peers: ['amr_0', 'amr_3']
[rh_node-64] [INFO] [1789373551.971186397] [amr_9.rh_node]: [amr_9] Pruned expired reservations for peers: ['amr_0', 'amr_3']
[rh_node-56] [INFO] [1789373551.979404236] [amr_1.rh_node]: [amr_1] Pruned expired reservations for peers: ['amr_0', 'amr_3']
[rh_node-59] [INFO] [1789373552.029900691] [amr_4.rh_node]: [amr_4] Pruned expired reservations for peers: ['amr_0', 'amr_3']
[rh_node-57] [INFO] [1789373552.085001743] [amr_2.rh_node]: [amr_2] Pruned expired reservations for peers: ['amr_0', 'amr_3']
[rh_node-61] [INFO] [1789373552.086069930] [amr_6.rh_node]: [amr_6] Pruned expired reservations for peers: ['amr_0', 'amr_3']
[rh_node-55] [INFO] [1789373552.100301892] [amr_0.rh_node]: [amr_0] Pruned expired reservations for peers: ['amr_3']
[rh_node-63] [INFO] [1789373552.164980557] [amr_8.rh_node]: [amr_8] Pruned expired reservations for peers: ['amr_0', 'amr_3']
[rh_node-60] [INFO] [1789373552.313121119] [amr_5.rh_node]: [amr_5] Pruned expired reservations for peers: ['amr_0', 'amr_3']
[rh_node-58] [INFO] [1789373552.351346247] [amr_3.rh_node]: [amr_3] Pruned expired reservations for peers: ['amr_0']
[rh_node-62] [INFO] [1789373552.463418073] [amr_7.rh_node]: [amr_7] Pruned expired reservations for peers: ['amr_0', 'amr_3']
[rh_node-64] [INFO] [1789373552.471901677] [amr_9.rh_node]: [amr_9] Pruned expired reservations for peers: ['amr_0', 'amr_3']
[rh_node-56] [INFO] [1789373552.479521511] [amr_1.rh_node]: [amr_1] Pruned expired reservations for peers: ['amr_0', 'amr_3']
[rh_node-59] [INFO] [1789373552.530292004] [amr_4.rh_node]: [amr_4] Pruned expired reservations for peers: ['amr_0', 'amr_3']
[rh_node-57] [INFO] [1789373552.585478564] [amr_2.rh_node]: [amr_2] Pruned expired reservations for peers: ['amr_0', 'amr_3']
[rh_node-61] [INFO] [1789373552.587100549] [amr_6.rh_node]: [amr_6] Pruned expired reservations for peers: ['amr_0', 'amr_3']
[rh_node-55] [INFO] [1789373552.600800855] [amr_0.rh_node]: [amr_0] Pruned expired reservations for peers: ['amr_3']
[rh_node-63] [INFO] [1789373552.664828917] [amr_8.rh_node]: [amr_8] Pruned expired reservations for peers: ['amr_0', 'amr_3']
[rh_node-60] [INFO] [1789373552.813210222] [amr_5.rh_node]: [amr_5] Pruned expired reservations for peers: ['amr_0', 'amr_3']
[rh_node-58] [INFO] [1789373552.850932167] [amr_3.rh_node]: [amr_3] Pruned expired reservations for peers: ['amr_0']
[rh_node-62] [INFO] [1789373552.963176306] [amr_7.rh_node]: [amr_7] Pruned expired reservations for peers: ['amr_0', 'amr_3']
[rh_node-64] [INFO] [1789373552.972146744] [amr_9.rh_node]: [amr_9] Pruned expired reservations for peers: ['amr_0', 'amr_3']
[rh_node-56] [INFO] [1789373552.979145079] [amr_1.rh_node]: [amr_1] Pruned expired reservations for peers: ['amr_0', 'amr_3']
[rh_node-59] [INFO] [1789373553.029745229] [amr_4.rh_node]: [amr_4] Pruned expired reservations for peers: ['amr_0', 'amr_3']
[rh_node-57] [INFO] [1789373553.085417855] [amr_2.rh_node]: [amr_2] Pruned expired reservations for peers: ['amr_0', 'amr_3']
[rh_node-61] [INFO] [1789373553.086753603] [amr_6.rh_node]: [amr_6] Pruned expired reservations for peers: ['amr_0', 'amr_3']
[rh_node-55] [INFO] [1789373553.099948438] [amr_0.rh_node]: [amr_0] Pruned expired reservations for peers: ['amr_3']
[rh_node-63] [INFO] [1789373553.165469140] [amr_8.rh_node]: [amr_8] Pruned expired reservations for peers: ['amr_0', 'amr_3']
[rh_node-60] [INFO] [1789373553.313244112] [amr_5.rh_node]: [amr_5] Pruned expired reservations for peers: ['amr_0', 'amr_3']
[rh_node-58] [INFO] [1789373553.351779253] [amr_3.rh_node]: [amr_3] Pruned expired reservations for peers: ['amr_0']
[rh_node-62] [INFO] [1789373553.467486112] [amr_7.rh_node]: [amr_7] Pruned expired reservations for peers: ['amr_0', 'amr_3']
[rh_node-64] [INFO] [1789373553.471898408] [amr_9.rh_node]: [amr_9] Pruned expired reservations for peers: ['amr_0', 'amr_3']
[rh_node-56] [INFO] [1789373553.479986350] [amr_1.rh_node]: [amr_1] Pruned expired reservations for peers: ['amr_0', 'amr_3']
[rh_node-59] [INFO] [1789373553.530495615] [amr_4.rh_node]: [amr_4] Pruned expired reservations for peers: ['amr_0', 'amr_3']
[rh_node-57] [INFO] [1789373553.584661021] [amr_2.rh_node]: [amr_2] Pruned expired reservations for peers: ['amr_0', 'amr_3']
[rh_node-61] [INFO] [1789373553.586824492] [amr_6.rh_node]: [amr_6] Pruned expired reservations for peers: ['amr_0', 'amr_3']
[rh_node-55] [INFO] [1789373553.600586662] [amr_0.rh_node]: [amr_0] Pruned expired reservations for peers: ['amr_3']
[rh_node-63] [INFO] [1789373553.665708918] [amr_8.rh_node]: [amr_8] Pruned expired reservations for peers: ['amr_0', 'amr_3']
[rh_node-60] [INFO] [1789373553.813467851] [amr_5.rh_node]: [amr_5] Pruned expired reservations for peers: ['amr_0', 'amr_3']
[rh_node-58] [INFO] [1789373553.851570949] [amr_3.rh_node]: [amr_3] Pruned expired reservations for peers: ['amr_0']
[rh_node-62] [INFO] [1789373553.963088763] [amr_7.rh_node]: [amr_7] Pruned expired reservations for peers: ['amr_0', 'amr_3']
[rh_node-64] [INFO] [1789373553.970924232] [amr_9.rh_node]: [amr_9] Pruned expired reservations for peers: ['amr_0', 'amr_3']
[rh_node-56] [INFO] [1789373553.979093857] [amr_1.rh_node]: [amr_1] Pruned expired reservations for peers: ['amr_0', 'amr_3']
[rh_node-59] [INFO] [1789373554.031348115] [amr_4.rh_node]: [amr_4] Pruned expired reservations for peers: ['amr_0', 'amr_3']
[rh_node-57] [INFO] [1789373554.085057072] [amr_2.rh_node]: [amr_2] Pruned expired reservations for peers: ['amr_0', 'amr_3']
[rh_node-61] [INFO] [1789373554.087465961] [amr_6.rh_node]: [amr_6] Pruned expired reservations for peers: ['amr_0', 'amr_3']
[rh_node-55] [INFO] [1789373554.100565116] [amr_0.rh_node]: [amr_0] Pruned expired reservations for peers: ['amr_3']
[rh_node-63] [INFO] [1789373554.167020755] [amr_8.rh_node]: [amr_8] Pruned expired reservations for peers: ['amr_0', 'amr_3']
[rh_node-60] [INFO] [1789373554.313241319] [amr_5.rh_node]: [amr_5] Pruned expired reservations for peers: ['amr_0', 'amr_3']
[rh_node-58] [INFO] [1789373554.352413788] [amr_3.rh_node]: [amr_3] Pruned expired reservations for peers: ['amr_0']
[rh_node-62] [INFO] [1789373554.462926327] [amr_7.rh_node]: [amr_7] Pruned expired reservations for peers: ['amr_0', 'amr_3']
[rh_node-64] [INFO] [1789373554.470887656] [amr_9.rh_node]: [amr_9] Pruned expired reservations for peers: ['amr_0', 'amr_3']
[rh_node-56] [INFO] [1789373554.478997267] [amr_1.rh_node]: [amr_1] Pruned expired reservations for peers: ['amr_0', 'amr_3']
[rh_node-59] [INFO] [1789373554.530169601] [amr_4.rh_node]: [amr_4] Pruned expired reservations for peers: ['amr_0', 'amr_3']
[rh_node-57] [INFO] [1789373554.584926336] [amr_2.rh_node]: [amr_2] Pruned expired reservations for peers: ['amr_0', 'amr_3']
[rh_node-61] [INFO] [1789373554.587813012] [amr_6.rh_node]: [amr_6] Pruned expired reservations for peers: ['amr_0', 'amr_3']
[rh_node-55] [INFO] [1789373554.600532340] [amr_0.rh_node]: [amr_0] Pruned expired reservations for peers: ['amr_3']
[rh_node-63] [INFO] [1789373554.664842974] [amr_8.rh_node]: [amr_8] Pruned expired reservations for peers: ['amr_0', 'amr_3']
[rh_node-60] [INFO] [1789373554.813433411] [amr_5.rh_node]: [amr_5] Pruned expired reservations for peers: ['amr_0', 'amr_3']
[rh_node-58] [INFO] [1789373554.850953374] [amr_3.rh_node]: [amr_3] Pruned expired reservations for peers: ['amr_0']
[rh_node-62] [INFO] [1789373554.963092514] [amr_7.rh_node]: [amr_7] Pruned expired reservations for peers: ['amr_0', 'amr_3']
[rh_node-64] [INFO] [1789373554.971397914] [amr_9.rh_node]: [amr_9] Pruned expired reservations for peers: ['amr_0', 'amr_3']
[rh_node-56] [INFO] [1789373554.979238717] [amr_1.rh_node]: [amr_1] Pruned expired reservations for peers: ['amr_0', 'amr_3']
[rh_node-59] [INFO] [1789373555.029543895] [amr_4.rh_node]: [amr_4] Pruned expired reservations for peers: ['amr_0', 'amr_3']
[rh_node-57] [INFO] [1789373555.085031846] [amr_2.rh_node]: [amr_2] Pruned expired reservations for peers: ['amr_0', 'amr_3']
[rh_node-61] [INFO] [1789373555.087844148] [amr_6.rh_node]: [amr_6] Pruned expired reservations for peers: ['amr_0', 'amr_3']
[rh_node-55] [INFO] [1789373555.100804786] [amr_0.rh_node]: [amr_0] Pruned expired reservations for peers: ['amr_3']
[rh_node-63] [INFO] [1789373555.164255863] [amr_8.rh_node]: [amr_8] Pruned expired reservations for peers: ['amr_0', 'amr_3']
[rh_node-60] [INFO] [1789373555.314872564] [amr_5.rh_node]: [amr_5] Pruned expired reservations for peers: ['amr_0', 'amr_3']
[rh_node-58] [INFO] [1789373555.352083300] [amr_3.rh_node]: [amr_3] Pruned expired reservations for peers: ['amr_0']
[rh_node-62] [INFO] [1789373555.465906925] [amr_7.rh_node]: [amr_7] Pruned expired reservations for peers: ['amr_0', 'amr_3']
[rh_node-64] [INFO] [1789373555.471749910] [amr_9.rh_node]: [amr_9] Pruned expired reservations for peers: ['amr_0', 'amr_3']
[rh_node-56] [INFO] [1789373555.479808177] [amr_1.rh_node]: [amr_1] Pruned expired reservations for peers: ['amr_0', 'amr_3']
[rh_node-59] [INFO] [1789373555.530042698] [amr_4.rh_node]: [amr_4] Pruned expired reservations for peers: ['amr_0', 'amr_3']
[rh_node-57] [INFO] [1789373555.585272800] [amr_2.rh_node]: [amr_2] Pruned expired reservations for peers: ['amr_0', 'amr_3']
[rh_node-61] [INFO] [1789373555.586899089] [amr_6.rh_node]: [amr_6] Pruned expired reservations for peers: ['amr_0', 'amr_3']
[rh_node-55] [INFO] [1789373555.600324515] [amr_0.rh_node]: [amr_0] Pruned expired reservations for peers: ['amr_3']
[rh_node-63] [INFO] [1789373555.664654585] [amr_8.rh_node]: [amr_8] Pruned expired reservations for peers: ['amr_0', 'amr_3']
[rh_node-60] [INFO] [1789373555.814184313] [amr_5.rh_node]: [amr_5] Pruned expired reservations for peers: ['amr_0', 'amr_3']
[rh_node-58] [INFO] [1789373555.851113139] [amr_3.rh_node]: [amr_3] Pruned expired reservations for peers: ['amr_0']
[rh_node-62] [INFO] [1789373555.962948056] [amr_7.rh_node]: [amr_7] Pruned expired reservations for peers: ['amr_0', 'amr_3']
[rh_node-64] [INFO] [1789373555.971377052] [amr_9.rh_node]: [amr_9] Pruned expired reservations for peers: ['amr_0', 'amr_3']
[rh_node-56] [INFO] [1789373555.979493143] [amr_1.rh_node]: [amr_1] Pruned expired reservations for peers: ['amr_0', 'amr_3']
[rh_node-59] [INFO] [1789373556.030242924] [amr_4.rh_node]: [amr_4] Pruned expired reservations for peers: ['amr_0', 'amr_3']
[rh_node-57] [INFO] [1789373556.085136521] [amr_2.rh_node]: [amr_2] Pruned expired reservations for peers: ['amr_0', 'amr_3']
[rh_node-61] [INFO] [1789373556.089261883] [amr_6.rh_node]: [amr_6] Pruned expired reservations for peers: ['amr_0', 'amr_3']
[rh_node-55] [INFO] [1789373556.100658263] [amr_0.rh_node]: [amr_0] Pruned expired reservations for peers: ['amr_3']
[rh_node-63] [INFO] [1789373556.164625459] [amr_8.rh_node]: [amr_8] Pruned expired reservations for peers: ['amr_0', 'amr_3']
[rh_node-60] [INFO] [1789373556.313233264] [amr_5.rh_node]: [amr_5] Pruned expired reservations for peers: ['amr_0', 'amr_3']
[rh_node-58] [INFO] [1789373556.351050960] [amr_3.rh_node]: [amr_3] Pruned expired reservations for peers: ['amr_0']
[rh_node-62] [INFO] [1789373556.462538878] [amr_7.rh_node]: [amr_7] Pruned expired reservations for peers: ['amr_0', 'amr_3']
[rh_node-64] [INFO] [1789373556.474752043] [amr_9.rh_node]: [amr_9] Pruned expired reservations for peers: ['amr_0', 'amr_3']
[rh_node-56] [INFO] [1789373556.479300995] [amr_1.rh_node]: [amr_1] Pruned expired reservations for peers: ['amr_0', 'amr_3']
[rh_node-59] [INFO] [1789373556.529997697] [amr_4.rh_node]: [amr_4] Pruned expired reservations for peers: ['amr_0', 'amr_3']
[rh_node-57] [INFO] [1789373556.585181941] [amr_2.rh_node]: [amr_2] Pruned expired reservations for peers: ['amr_0', 'amr_3']
[rh_node-61] [INFO] [1789373556.586909797] [amr_6.rh_node]: [amr_6] Pruned expired reservations for peers: ['amr_0', 'amr_3']
[rh_node-55] [INFO] [1789373556.600810166] [amr_0.rh_node]: [amr_0] Pruned expired reservations for peers: ['amr_3']
[rh_node-63] [INFO] [1789373556.664834790] [amr_8.rh_node]: [amr_8] Pruned expired reservations for peers: ['amr_0', 'amr_3']
[rh_node-60] [INFO] [1789373556.813874497] [amr_5.rh_node]: [amr_5] Pruned expired reservations for peers: ['amr_0', 'amr_3']
[rh_node-58] [INFO] [1789373556.851138914] [amr_3.rh_node]: [amr_3] Pruned expired reservations for peers: ['amr_0']
[rh_node-62] [INFO] [1789373556.963420751] [amr_7.rh_node]: [amr_7] Pruned expired reservations for peers: ['amr_0', 'amr_3']
[rh_node-64] [INFO] [1789373556.971782709] [amr_9.rh_node]: [amr_9] Pruned expired reservations for peers: ['amr_0', 'amr_3']
[rh_node-56] [INFO] [1789373556.981711783] [amr_1.rh_node]: [amr_1] Pruned expired reservations for peers: ['amr_0', 'amr_3']
[rh_node-59] [INFO] [1789373557.029677394] [amr_4.rh_node]: [amr_4] Pruned expired reservations for peers: ['amr_0', 'amr_3']
[rh_node-57] [INFO] [1789373557.085563536] [amr_2.rh_node]: [amr_2] Pruned expired reservations for peers: ['amr_0', 'amr_3']
[rh_node-61] [INFO] [1789373557.088159607] [amr_6.rh_node]: [amr_6] Pruned expired reservations for peers: ['amr_0', 'amr_3']
[rh_node-55] [INFO] [1789373557.101672128] [amr_0.rh_node]: [amr_0] Pruned expired reservations for peers: ['amr_3']
[rh_node-63] [INFO] [1789373557.164991496] [amr_8.rh_node]: [amr_8] Pruned expired reservations for peers: ['amr_0', 'amr_3']
[rh_node-60] [INFO] [1789373557.313477225] [amr_5.rh_node]: [amr_5] Pruned expired reservations for peers: ['amr_0', 'amr_3']
[rh_node-58] [INFO] [1789373557.351184705] [amr_3.rh_node]: [amr_3] Pruned expired reservations for peers: ['amr_0']
[rh_node-62] [INFO] [1789373557.463935339] [amr_7.rh_node]: [amr_7] Pruned expired reservations for peers: ['amr_0', 'amr_3']
[rh_node-64] [INFO] [1789373557.471657261] [amr_9.rh_node]: [amr_9] Pruned expired reservations for peers: ['amr_0', 'amr_3']
[rh_node-56] [INFO] [1789373557.479541912] [amr_1.rh_node]: [amr_1] Pruned expired reservations for peers: ['amr_0', 'amr_3']
[rh_node-59] [INFO] [1789373557.530248318] [amr_4.rh_node]: [amr_4] Pruned expired reservations for peers: ['amr_0', 'amr_3']
[rh_node-57] [INFO] [1789373557.585054663] [amr_2.rh_node]: [amr_2] Pruned expired reservations for peers: ['amr_0', 'amr_3']
[rh_node-61] [INFO] [1789373557.587390040] [amr_6.rh_node]: [amr_6] Pruned expired reservations for peers: ['amr_0', 'amr_3']
[rh_node-55] [INFO] [1789373557.600032053] [amr_0.rh_node]: [amr_0] Pruned expired reservations for peers: ['amr_3']
[rh_node-63] [INFO] [1789373557.668396670] [amr_8.rh_node]: [amr_8] Pruned expired reservations for peers: ['amr_0', 'amr_3']
[rh_node-60] [INFO] [1789373557.815221357] [amr_5.rh_node]: [amr_5] Pruned expired reservations for peers: ['amr_0', 'amr_3']
[rh_node-58] [INFO] [1789373557.851001965] [amr_3.rh_node]: [amr_3] Pruned expired reservations for peers: ['amr_0']
[rh_node-62] [INFO] [1789373557.962719461] [amr_7.rh_node]: [amr_7] Pruned expired reservations for peers: ['amr_0', 'amr_3']
[rh_node-64] [INFO] [1789373557.974089408] [amr_9.rh_node]: [amr_9] Pruned expired reservations for peers: ['amr_0', 'amr_3']
[rh_node-56] [INFO] [1789373557.978783217] [amr_1.rh_node]: [amr_1] Pruned expired reservations for peers: ['amr_0', 'amr_3']
[rh_node-59] [INFO] [1789373558.029918955] [amr_4.rh_node]: [amr_4] Pruned expired reservations for peers: ['amr_0', 'amr_3']
[rh_node-57] [INFO] [1789373558.086324913] [amr_2.rh_node]: [amr_2] Pruned expired reservations for peers: ['amr_0', 'amr_3']
[rh_node-61] [INFO] [1789373558.087487903] [amr_6.rh_node]: [amr_6] Pruned expired reservations for peers: ['amr_0', 'amr_3']
[rh_node-55] [INFO] [1789373558.100366802] [amr_0.rh_node]: [amr_0] Pruned expired reservations for peers: ['amr_3']
[rh_node-63] [INFO] [1789373558.164909122] [amr_8.rh_node]: [amr_8] Pruned expired reservations for peers: ['amr_0', 'amr_3']
[rh_node-60] [INFO] [1789373558.313131207] [amr_5.rh_node]: [amr_5] Pruned expired reservations for peers: ['amr_0', 'amr_3']
[rh_node-58] [INFO] [1789373558.351251140] [amr_3.rh_node]: [amr_3] Pruned expired reservations for peers: ['amr_0']
[rh_node-62] [INFO] [1789373558.463582895] [amr_7.rh_node]: [amr_7] Pruned expired reservations for peers: ['amr_0', 'amr_3']
[rh_node-64] [INFO] [1789373558.472400883] [amr_9.rh_node]: [amr_9] Pruned expired reservations for peers: ['amr_0', 'amr_3']
[rh_node-56] [INFO] [1789373558.479157317] [amr_1.rh_node]: [amr_1] Pruned expired reservations for peers: ['amr_0', 'amr_3']
[rh_node-59] [INFO] [1789373558.531122074] [amr_4.rh_node]: [amr_4] Pruned expired reservations for peers: ['amr_0', 'amr_3']
[rh_node-57] [INFO] [1789373558.585264120] [amr_2.rh_node]: [amr_2] Pruned expired reservations for peers: ['amr_0', 'amr_3']
[rh_node-61] [INFO] [1789373558.590271875] [amr_6.rh_node]: [amr_6] Pruned expired reservations for peers: ['amr_0', 'amr_3']
[rh_node-55] [INFO] [1789373558.600344570] [amr_0.rh_node]: [amr_0] Pruned expired reservations for peers: ['amr_3']
[rh_node-63] [INFO] [1789373558.664963783] [amr_8.rh_node]: [amr_8] Pruned expired reservations for peers: ['amr_0', 'amr_3']
[rh_node-60] [INFO] [1789373558.813631381] [amr_5.rh_node]: [amr_5] Pruned expired reservations for peers: ['amr_0', 'amr_3']
[rh_node-58] [INFO] [1789373558.851328384] [amr_3.rh_node]: [amr_3] Pruned expired reservations for peers: ['amr_0']
[rh_node-62] [INFO] [1789373558.962608154] [amr_7.rh_node]: [amr_7] Pruned expired reservations for peers: ['amr_0', 'amr_3']
[rh_node-64] [INFO] [1789373558.971588232] [amr_9.rh_node]: [amr_9] Pruned expired reservations for peers: ['amr_0', 'amr_3']
[rh_node-56] [INFO] [1789373558.979579544] [amr_1.rh_node]: [amr_1] Pruned expired reservations for peers: ['amr_0', 'amr_3']
[rh_node-59] [INFO] [1789373559.029865071] [amr_4.rh_node]: [amr_4] Pruned expired reservations for peers: ['amr_0', 'amr_3']
[rh_node-57] [INFO] [1789373559.085075030] [amr_2.rh_node]: [amr_2] Pruned expired reservations for peers: ['amr_0', 'amr_3']
[rh_node-61] [INFO] [1789373559.086608330] [amr_6.rh_node]: [amr_6] Pruned expired reservations for peers: ['amr_0', 'amr_3']
[rh_node-55] [INFO] [1789373559.100285772] [amr_0.rh_node]: [amr_0] Pruned expired reservations for peers: ['amr_3']
[rh_node-63] [INFO] [1789373559.164215254] [amr_8.rh_node]: [amr_8] Pruned expired reservations for peers: ['amr_0', 'amr_3']
[rh_node-60] [INFO] [1789373559.314953701] [amr_5.rh_node]: [amr_5] Pruned expired reservations for peers: ['amr_0', 'amr_3']
[rh_node-58] [INFO] [1789373559.351130400] [amr_3.rh_node]: [amr_3] Pruned expired reservations for peers: ['amr_0']
[rh_node-62] [INFO] [1789373559.464611205] [amr_7.rh_node]: [amr_7] Pruned expired reservations for peers: ['amr_0', 'amr_3']
[rh_node-64] [INFO] [1789373559.471707478] [amr_9.rh_node]: [amr_9] Pruned expired reservations for peers: ['amr_0', 'amr_3']
[rh_node-56] [INFO] [1789373559.479716232] [amr_1.rh_node]: [amr_1] Pruned expired reservations for peers: ['amr_0', 'amr_3']
[rh_node-59] [INFO] [1789373559.530219730] [amr_4.rh_node]: [amr_4] Pruned expired reservations for peers: ['amr_0', 'amr_3']
[rh_node-57] [INFO] [1789373559.584720465] [amr_2.rh_node]: [amr_2] Pruned expired reservations for peers: ['amr_0', 'amr_3']
[rh_node-61] [INFO] [1789373559.588384388] [amr_6.rh_node]: [amr_6] Pruned expired reservations for peers: ['amr_0', 'amr_3']
[rh_node-55] [INFO] [1789373559.600256007] [amr_0.rh_node]: [amr_0] Pruned expired reservations for peers: ['amr_3']
[rh_node-63] [INFO] [1789373559.664518264] [amr_8.rh_node]: [amr_8] Pruned expired reservations for peers: ['amr_0', 'amr_3']
[rh_node-60] [INFO] [1789373559.813374686] [amr_5.rh_node]: [amr_5] Pruned expired reservations for peers: ['amr_0', 'amr_3']
[rh_node-58] [INFO] [1789373559.851041922] [amr_3.rh_node]: [amr_3] Pruned expired reservations for peers: ['amr_0']
[rh_node-62] [INFO] [1789373559.963000094] [amr_7.rh_node]: [amr_7] Pruned expired reservations for peers: ['amr_0', 'amr_3']
[rh_node-64] [INFO] [1789373559.972470650] [amr_9.rh_node]: [amr_9] Pruned expired reservations for peers: ['amr_0', 'amr_3']
[rh_node-56] [INFO] [1789373559.981187149] [amr_1.rh_node]: [amr_1] Pruned expired reservations for peers: ['amr_0', 'amr_3']
[rh_node-59] [INFO] [1789373560.030660441] [amr_4.rh_node]: [amr_4] Pruned expired reservations for peers: ['amr_0', 'amr_3']
[rh_node-57] [INFO] [1789373560.085084863] [amr_2.rh_node]: [amr_2] Pruned expired reservations for peers: ['amr_0', 'amr_3']
[rh_node-61] [INFO] [1789373560.086389628] [amr_6.rh_node]: [amr_6] Pruned expired reservations for peers: ['amr_0', 'amr_3']
[rh_node-55] [INFO] [1789373560.100696299] [amr_0.rh_node]: [amr_0] Pruned expired reservations for peers: ['amr_3']
[rh_node-63] [INFO] [1789373560.164254406] [amr_8.rh_node]: [amr_8] Pruned expired reservations for peers: ['amr_0', 'amr_3']
[rh_node-60] [INFO] [1789373560.313450173] [amr_5.rh_node]: [amr_5] Pruned expired reservations for peers: ['amr_0', 'amr_3']
[rh_node-58] [INFO] [1789373560.351006142] [amr_3.rh_node]: [amr_3] Pruned expired reservations for peers: ['amr_0']
[rh_node-62] [INFO] [1789373560.464208949] [amr_7.rh_node]: [amr_7] Pruned expired reservations for peers: ['amr_0', 'amr_3']
[rh_node-64] [INFO] [1789373560.471841785] [amr_9.rh_node]: [amr_9] Pruned expired reservations for peers: ['amr_0', 'amr_3']
[rh_node-56] [INFO] [1789373560.482333321] [amr_1.rh_node]: [amr_1] Pruned expired reservations for peers: ['amr_0', 'amr_3']
[rh_node-59] [INFO] [1789373560.529551857] [amr_4.rh_node]: [amr_4] Pruned expired reservations for peers: ['amr_0', 'amr_3']
[rh_node-57] [INFO] [1789373560.585055369] [amr_2.rh_node]: [amr_2] Pruned expired reservations for peers: ['amr_0', 'amr_3']
[rh_node-61] [INFO] [1789373560.589475029] [amr_6.rh_node]: [amr_6] Pruned expired reservations for peers: ['amr_0', 'amr_3']
[rh_node-55] [INFO] [1789373560.601835429] [amr_0.rh_node]: [amr_0] Pruned expired reservations for peers: ['amr_3']
[rh_node-63] [INFO] [1789373560.664871842] [amr_8.rh_node]: [amr_8] Pruned expired reservations for peers: ['amr_0', 'amr_3']
[rh_node-60] [INFO] [1789373560.813638946] [amr_5.rh_node]: [amr_5] Pruned expired reservations for peers: ['amr_0', 'amr_3']
[rh_node-58] [INFO] [1789373560.851165175] [amr_3.rh_node]: [amr_3] Pruned expired reservations for peers: ['amr_0']
[rh_node-62] [INFO] [1789373560.963574969] [amr_7.rh_node]: [amr_7] Pruned expired reservations for peers: ['amr_0', 'amr_3']
[rh_node-64] [INFO] [1789373560.971544341] [amr_9.rh_node]: [amr_9] Pruned expired reservations for peers: ['amr_0', 'amr_3']
[rh_node-56] [INFO] [1789373560.978896607] [amr_1.rh_node]: [amr_1] Pruned expired reservations for peers: ['amr_0', 'amr_3']
[rh_node-59] [INFO] [1789373561.031377978] [amr_4.rh_node]: [amr_4] Pruned expired reservations for peers: ['amr_0', 'amr_3']
[rh_node-57] [INFO] [1789373561.085860172] [amr_2.rh_node]: [amr_2] Pruned expired reservations for peers: ['amr_0', 'amr_3']
[rh_node-61] [INFO] [1789373561.087165401] [amr_6.rh_node]: [amr_6] Pruned expired reservations for peers: ['amr_0', 'amr_3']
[rh_node-55] [INFO] [1789373561.100097946] [amr_0.rh_node]: [amr_0] Pruned expired reservations for peers: ['amr_3']
[rh_node-63] [INFO] [1789373561.165096067] [amr_8.rh_node]: [amr_8] Pruned expired reservations for peers: ['amr_0', 'amr_3']
[rh_node-60] [INFO] [1789373561.313465881] [amr_5.rh_node]: [amr_5] Pruned expired reservations for peers: ['amr_0', 'amr_3']
[rh_node-58] [INFO] [1789373561.351352365] [amr_3.rh_node]: [amr_3] Pruned expired reservations for peers: ['amr_0']
[rh_node-62] [INFO] [1789373561.464284787] [amr_7.rh_node]: [amr_7] Pruned expired reservations for peers: ['amr_0', 'amr_3']
[rh_node-64] [INFO] [1789373561.471279062] [amr_9.rh_node]: [amr_9] Pruned expired reservations for peers: ['amr_0', 'amr_3']
[rh_node-56] [INFO] [1789373561.478947756] [amr_1.rh_node]: [amr_1] Pruned expired reservations for peers: ['amr_0', 'amr_3']
[rh_node-59] [INFO] [1789373561.530569566] [amr_4.rh_node]: [amr_4] Pruned expired reservations for peers: ['amr_0', 'amr_3']
[rh_node-57] [INFO] [1789373561.585472424] [amr_2.rh_node]: [amr_2] Pruned expired reservations for peers: ['amr_0', 'amr_3']
[rh_node-61] [INFO] [1789373561.587248106] [amr_6.rh_node]: [amr_6] Pruned expired reservations for peers: ['amr_0', 'amr_3']
[rh_node-55] [INFO] [1789373561.600651114] [amr_0.rh_node]: [amr_0] Pruned expired reservations for peers: ['amr_3']
[rh_node-63] [INFO] [1789373561.664916661] [amr_8.rh_node]: [amr_8] Pruned expired reservations for peers: ['amr_0', 'amr_3']
[rh_node-60] [INFO] [1789373561.813609214] [amr_5.rh_node]: [amr_5] Pruned expired reservations for peers: ['amr_0', 'amr_3']
[rh_node-58] [INFO] [1789373561.850713331] [amr_3.rh_node]: [amr_3] Pruned expired reservations for peers: ['amr_0']
[rh_node-62] [INFO] [1789373561.962962279] [amr_7.rh_node]: [amr_7] Pruned expired reservations for peers: ['amr_0', 'amr_3']
[rh_node-64] [INFO] [1789373561.971903159] [amr_9.rh_node]: [amr_9] Pruned expired reservations for peers: ['amr_0', 'amr_3']
[rh_node-56] [INFO] [1789373561.979251507] [amr_1.rh_node]: [amr_1] Pruned expired reservations for peers: ['amr_0', 'amr_3']
[rh_node-59] [INFO] [1789373562.030462417] [amr_4.rh_node]: [amr_4] Pruned expired reservations for peers: ['amr_0', 'amr_3']
[rh_node-57] [INFO] [1789373562.085252806] [amr_2.rh_node]: [amr_2] Pruned expired reservations for peers: ['amr_0', 'amr_3']
[rh_node-61] [INFO] [1789373562.087254808] [amr_6.rh_node]: [amr_6] Pruned expired reservations for peers: ['amr_0', 'amr_3']
[rh_node-55] [INFO] [1789373562.100294935] [amr_0.rh_node]: [amr_0] Pruned expired reservations for peers: ['amr_3']
[rh_node-63] [INFO] [1789373562.164718623] [amr_8.rh_node]: [amr_8] Pruned expired reservations for peers: ['amr_0', 'amr_3']
[rh_node-60] [INFO] [1789373562.314027326] [amr_5.rh_node]: [amr_5] Pruned expired reservations for peers: ['amr_0', 'amr_3']
[rh_node-58] [INFO] [1789373562.351162290] [amr_3.rh_node]: [amr_3] Pruned expired reservations for peers: ['amr_0']
[rh_node-62] [INFO] [1789373562.463425061] [amr_7.rh_node]: [amr_7] Pruned expired reservations for peers: ['amr_0', 'amr_3']
[rh_node-64] [INFO] [1789373562.470963465] [amr_9.rh_node]: [amr_9] Pruned expired reservations for peers: ['amr_0', 'amr_3']
[rh_node-56] [INFO] [1789373562.479245140] [amr_1.rh_node]: [amr_1] Pruned expired reservations for peers: ['amr_0', 'amr_3']
[rh_node-59] [INFO] [1789373562.530110027] [amr_4.rh_node]: [amr_4] Pruned expired reservations for peers: ['amr_0', 'amr_3']
[rh_node-57] [INFO] [1789373562.584648583] [amr_2.rh_node]: [amr_2] Pruned expired reservations for peers: ['amr_0', 'amr_3']
[rh_node-61] [INFO] [1789373562.590074326] [amr_6.rh_node]: [amr_6] Pruned expired reservations for peers: ['amr_0', 'amr_3']
[rh_node-55] [INFO] [1789373562.600613168] [amr_0.rh_node]: [amr_0] Pruned expired reservations for peers: ['amr_3']
[rh_node-63] [INFO] [1789373562.664588114] [amr_8.rh_node]: [amr_8] Pruned expired reservations for peers: ['amr_0', 'amr_3']
[rh_node-60] [INFO] [1789373562.813028613] [amr_5.rh_node]: [amr_5] Pruned expired reservations for peers: ['amr_0', 'amr_3']
[rh_node-58] [INFO] [1789373562.851462217] [amr_3.rh_node]: [amr_3] Pruned expired reservations for peers: ['amr_0']
[rh_node-62] [INFO] [1789373562.963573590] [amr_7.rh_node]: [amr_7] Pruned expired reservations for peers: ['amr_0', 'amr_3']
[rh_node-64] [INFO] [1789373562.971431311] [amr_9.rh_node]: [amr_9] Pruned expired reservations for peers: ['amr_0', 'amr_3']
[rh_node-56] [INFO] [1789373562.979353077] [amr_1.rh_node]: [amr_1] Pruned expired reservations for peers: ['amr_0', 'amr_3']
[rh_node-59] [INFO] [1789373563.030249970] [amr_4.rh_node]: [amr_4] Pruned expired reservations for peers: ['amr_0', 'amr_3']
[rh_node-57] [INFO] [1789373563.085091289] [amr_2.rh_node]: [amr_2] Pruned expired reservations for peers: ['amr_0', 'amr_3']
[rh_node-61] [INFO] [1789373563.088403250] [amr_6.rh_node]: [amr_6] Pruned expired reservations for peers: ['amr_0', 'amr_3']
[rh_node-55] [INFO] [1789373563.100731635] [amr_0.rh_node]: [amr_0] Pruned expired reservations for peers: ['amr_3']
[rh_node-63] [INFO] [1789373563.165245724] [amr_8.rh_node]: [amr_8] Pruned expired reservations for peers: ['amr_0', 'amr_3']
[rh_node-60] [INFO] [1789373563.313697202] [amr_5.rh_node]: [amr_5] Pruned expired reservations for peers: ['amr_0', 'amr_3']
[rh_node-58] [INFO] [1789373563.352145726] [amr_3.rh_node]: [amr_3] Pruned expired reservations for peers: ['amr_0']
[rh_node-62] [INFO] [1789373563.464235484] [amr_7.rh_node]: [amr_7] Pruned expired reservations for peers: ['amr_0', 'amr_3']
[rh_node-64] [INFO] [1789373563.473180447] [amr_9.rh_node]: [amr_9] Pruned expired reservations for peers: ['amr_0', 'amr_3']
[rh_node-56] [INFO] [1789373563.478134619] [amr_1.rh_node]: [amr_1] Reached pickup for task 'task_m9_v2_w30_0022'. Moving to dropoff.
[task_manager-44] [INFO] [1789373563.479538042] [amr_task_manager]: Task 'task_m9_v2_w30_0022' transitioned to IN_PROGRESS
[rh_node-56] [INFO] [1789373563.480938024] [amr_1.rh_node]: [amr_1] Pruned expired reservations for peers: ['amr_0', 'amr_3']
[rh_node-59] [INFO] [1789373563.530125393] [amr_4.rh_node]: [amr_4] Pruned expired reservations for peers: ['amr_0', 'amr_3']
[rh_node-57] [INFO] [1789373563.585099505] [amr_2.rh_node]: [amr_2] Pruned expired reservations for peers: ['amr_0', 'amr_3']
[rh_node-61] [INFO] [1789373563.587533796] [amr_6.rh_node]: [amr_6] Pruned expired reservations for peers: ['amr_0', 'amr_3']
[rh_node-55] [INFO] [1789373563.602489122] [amr_0.rh_node]: [amr_0] Pruned expired reservations for peers: ['amr_3']
[rh_node-63] [INFO] [1789373563.665038546] [amr_8.rh_node]: [amr_8] Pruned expired reservations for peers: ['amr_0', 'amr_3']
[rh_node-60] [INFO] [1789373563.813247850] [amr_5.rh_node]: [amr_5] Pruned expired reservations for peers: ['amr_0', 'amr_3']
[rh_node-58] [INFO] [1789373563.850902550] [amr_3.rh_node]: [amr_3] Pruned expired reservations for peers: ['amr_0']
[rh_node-62] [INFO] [1789373563.963433380] [amr_7.rh_node]: [amr_7] Pruned expired reservations for peers: ['amr_0', 'amr_3']
[rh_node-64] [INFO] [1789373563.971315192] [amr_9.rh_node]: [amr_9] Pruned expired reservations for peers: ['amr_0', 'amr_3']
[rh_node-56] [INFO] [1789373563.981257995] [amr_1.rh_node]: [amr_1] Pruned expired reservations for peers: ['amr_0', 'amr_3']
[rh_node-59] [INFO] [1789373564.029250267] [amr_4.rh_node]: [amr_4] Pruned expired reservations for peers: ['amr_0', 'amr_3']
[rh_node-57] [INFO] [1789373564.086455817] [amr_2.rh_node]: [amr_2] Pruned expired reservations for peers: ['amr_0', 'amr_3']
[rh_node-61] [INFO] [1789373564.088600607] [amr_6.rh_node]: [amr_6] Pruned expired reservations for peers: ['amr_0', 'amr_3']
[rh_node-55] [INFO] [1789373564.100534381] [amr_0.rh_node]: [amr_0] Pruned expired reservations for peers: ['amr_3']
[rh_node-63] [INFO] [1789373564.165200362] [amr_8.rh_node]: [amr_8] Pruned expired reservations for peers: ['amr_0', 'amr_3']
[rh_node-60] [INFO] [1789373564.313086701] [amr_5.rh_node]: [amr_5] Pruned expired reservations for peers: ['amr_0', 'amr_3']
[rh_node-58] [INFO] [1789373564.352001343] [amr_3.rh_node]: [amr_3] Pruned expired reservations for peers: ['amr_0']
[rh_node-62] [INFO] [1789373564.463173117] [amr_7.rh_node]: [amr_7] Pruned expired reservations for peers: ['amr_0', 'amr_3']
[rh_node-64] [INFO] [1789373564.470836557] [amr_9.rh_node]: [amr_9] Pruned expired reservations for peers: ['amr_0', 'amr_3']
[rh_node-56] [INFO] [1789373564.480158738] [amr_1.rh_node]: [amr_1] Pruned expired reservations for peers: ['amr_0', 'amr_3']
[rh_node-59] [INFO] [1789373564.529869758] [amr_4.rh_node]: [amr_4] Pruned expired reservations for peers: ['amr_0', 'amr_3']
[rh_node-57] [INFO] [1789373564.585549821] [amr_2.rh_node]: [amr_2] Pruned expired reservations for peers: ['amr_0', 'amr_3']
[rh_node-61] [INFO] [1789373564.586920198] [amr_6.rh_node]: [amr_6] Pruned expired reservations for peers: ['amr_0', 'amr_3']
[rh_node-55] [INFO] [1789373564.600365626] [amr_0.rh_node]: [amr_0] Pruned expired reservations for peers: ['amr_3']
[rh_node-63] [INFO] [1789373564.664550922] [amr_8.rh_node]: [amr_8] Pruned expired reservations for peers: ['amr_0', 'amr_3']
[rh_node-60] [INFO] [1789373564.813670938] [amr_5.rh_node]: [amr_5] Pruned expired reservations for peers: ['amr_0', 'amr_3']
[rh_node-58] [INFO] [1789373564.851215944] [amr_3.rh_node]: [amr_3] Pruned expired reservations for peers: ['amr_0']
[rh_node-62] [INFO] [1789373564.963047410] [amr_7.rh_node]: [amr_7] Pruned expired reservations for peers: ['amr_0', 'amr_3']
[rh_node-64] [INFO] [1789373564.971314291] [amr_9.rh_node]: [amr_9] Pruned expired reservations for peers: ['amr_0', 'amr_3']
[rh_node-56] [INFO] [1789373564.982841153] [amr_1.rh_node]: [amr_1] Pruned expired reservations for peers: ['amr_0', 'amr_3']
[rh_node-59] [INFO] [1789373565.029836008] [amr_4.rh_node]: [amr_4] Pruned expired reservations for peers: ['amr_0', 'amr_3']
[rh_node-57] [INFO] [1789373565.085417775] [amr_2.rh_node]: [amr_2] Pruned expired reservations for peers: ['amr_0', 'amr_3']
[rh_node-61] [INFO] [1789373565.088729370] [amr_6.rh_node]: [amr_6] Pruned expired reservations for peers: ['amr_0', 'amr_3']
[rh_node-55] [INFO] [1789373565.100035394] [amr_0.rh_node]: [amr_0] Pruned expired reservations for peers: ['amr_3']
[rh_node-63] [INFO] [1789373565.164603721] [amr_8.rh_node]: [amr_8] Pruned expired reservations for peers: ['amr_0', 'amr_3']
[rh_node-60] [INFO] [1789373565.313781686] [amr_5.rh_node]: [amr_5] Pruned expired reservations for peers: ['amr_0', 'amr_3']
[rh_node-58] [INFO] [1789373565.351098331] [amr_3.rh_node]: [amr_3] Pruned expired reservations for peers: ['amr_0']
[rh_node-62] [INFO] [1789373565.462189293] [amr_7.rh_node]: [amr_7] Pruned expired reservations for peers: ['amr_0', 'amr_3']
[rh_node-64] [INFO] [1789373565.471505884] [amr_9.rh_node]: [amr_9] Pruned expired reservations for peers: ['amr_0', 'amr_3']
[rh_node-56] [INFO] [1789373565.480524569] [amr_1.rh_node]: [amr_1] Pruned expired reservations for peers: ['amr_0', 'amr_3']
[rh_node-59] [INFO] [1789373565.529877867] [amr_4.rh_node]: [amr_4] Pruned expired reservations for peers: ['amr_0', 'amr_3']
[rh_node-57] [INFO] [1789373565.585689416] [amr_2.rh_node]: [amr_2] Pruned expired reservations for peers: ['amr_0', 'amr_3']
[rh_node-61] [INFO] [1789373565.587776487] [amr_6.rh_node]: [amr_6] Pruned expired reservations for peers: ['amr_0', 'amr_3']
[rh_node-55] [INFO] [1789373565.600363594] [amr_0.rh_node]: [amr_0] Pruned expired reservations for peers: ['amr_3']
[rh_node-63] [INFO] [1789373565.664508452] [amr_8.rh_node]: [amr_8] Pruned expired reservations for peers: ['amr_0', 'amr_3']
[rh_node-60] [INFO] [1789373565.813293380] [amr_5.rh_node]: [amr_5] Pruned expired reservations for peers: ['amr_0', 'amr_3']
[rh_node-58] [INFO] [1789373565.850817928] [amr_3.rh_node]: [amr_3] Pruned expired reservations for peers: ['amr_0']
[rh_node-62] [INFO] [1789373565.963539996] [amr_7.rh_node]: [amr_7] Pruned expired reservations for peers: ['amr_0', 'amr_3']
[rh_node-64] [INFO] [1789373565.971434699] [amr_9.rh_node]: [amr_9] Pruned expired reservations for peers: ['amr_0', 'amr_3']
[rh_node-56] [INFO] [1789373565.980197069] [amr_1.rh_node]: [amr_1] Pruned expired reservations for peers: ['amr_0', 'amr_3']
[rh_node-59] [INFO] [1789373566.030377653] [amr_4.rh_node]: [amr_4] Pruned expired reservations for peers: ['amr_0', 'amr_3']
[rh_node-57] [INFO] [1789373566.085223600] [amr_2.rh_node]: [amr_2] Pruned expired reservations for peers: ['amr_0', 'amr_3']
[rh_node-61] [INFO] [1789373566.086979663] [amr_6.rh_node]: [amr_6] Pruned expired reservations for peers: ['amr_0', 'amr_3']
[rh_node-55] [INFO] [1789373566.100816762] [amr_0.rh_node]: [amr_0] Pruned expired reservations for peers: ['amr_3']
[rh_node-63] [INFO] [1789373566.164780979] [amr_8.rh_node]: [amr_8] Pruned expired reservations for peers: ['amr_0', 'amr_3']
[rh_node-60] [INFO] [1789373566.313151190] [amr_5.rh_node]: [amr_5] Pruned expired reservations for peers: ['amr_0', 'amr_3']
[rh_node-58] [INFO] [1789373566.351439700] [amr_3.rh_node]: [amr_3] Pruned expired reservations for peers: ['amr_0']
[rh_node-62] [INFO] [1789373566.463666549] [amr_7.rh_node]: [amr_7] Pruned expired reservations for peers: ['amr_0', 'amr_3']
[rh_node-64] [INFO] [1789373566.472270962] [amr_9.rh_node]: [amr_9] Pruned expired reservations for peers: ['amr_0', 'amr_3']
[rh_node-56] [INFO] [1789373566.479514704] [amr_1.rh_node]: [amr_1] Pruned expired reservations for peers: ['amr_0', 'amr_3']
[rh_node-59] [INFO] [1789373566.529944399] [amr_4.rh_node]: [amr_4] Pruned expired reservations for peers: ['amr_0', 'amr_3']
[rh_node-57] [INFO] [1789373566.585767558] [amr_2.rh_node]: [amr_2] Pruned expired reservations for peers: ['amr_0', 'amr_3']
[rh_node-61] [INFO] [1789373566.590236616] [amr_6.rh_node]: [amr_6] Pruned expired reservations for peers: ['amr_0', 'amr_3']
[rh_node-55] [INFO] [1789373566.600686325] [amr_0.rh_node]: [amr_0] Pruned expired reservations for peers: ['amr_3']
[rh_node-63] [INFO] [1789373566.665613051] [amr_8.rh_node]: [amr_8] Pruned expired reservations for peers: ['amr_0', 'amr_3']
[rh_node-60] [INFO] [1789373566.813522647] [amr_5.rh_node]: [amr_5] Pruned expired reservations for peers: ['amr_0', 'amr_3']
[rh_node-58] [INFO] [1789373566.851105482] [amr_3.rh_node]: [amr_3] Pruned expired reservations for peers: ['amr_0']
[rh_node-62] [INFO] [1789373566.963632104] [amr_7.rh_node]: [amr_7] Pruned expired reservations for peers: ['amr_0', 'amr_3']
[rh_node-64] [INFO] [1789373566.971961923] [amr_9.rh_node]: [amr_9] Pruned expired reservations for peers: ['amr_0', 'amr_3']
[rh_node-56] [INFO] [1789373566.980031792] [amr_1.rh_node]: [amr_1] Pruned expired reservations for peers: ['amr_0', 'amr_3']
[rh_node-59] [INFO] [1789373567.029956361] [amr_4.rh_node]: [amr_4] Pruned expired reservations for peers: ['amr_0', 'amr_3']
[rh_node-57] [INFO] [1789373567.085055132] [amr_2.rh_node]: [amr_2] Pruned expired reservations for peers: ['amr_0', 'amr_3']
[rh_node-61] [INFO] [1789373567.086972440] [amr_6.rh_node]: [amr_6] Pruned expired reservations for peers: ['amr_0', 'amr_3']
[rh_node-55] [INFO] [1789373567.100200314] [amr_0.rh_node]: [amr_0] Pruned expired reservations for peers: ['amr_3']
[rh_node-63] [INFO] [1789373567.165173567] [amr_8.rh_node]: [amr_8] Pruned expired reservations for peers: ['amr_0', 'amr_3']
[rh_node-60] [INFO] [1789373567.313425409] [amr_5.rh_node]: [amr_5] Pruned expired reservations for peers: ['amr_0', 'amr_3']
[rh_node-58] [INFO] [1789373567.352809382] [amr_3.rh_node]: [amr_3] Pruned expired reservations for peers: ['amr_0']
[rh_node-62] [INFO] [1789373567.465904735] [amr_7.rh_node]: [amr_7] Pruned expired reservations for peers: ['amr_0', 'amr_3']
[rh_node-64] [INFO] [1789373567.471298198] [amr_9.rh_node]: [amr_9] Pruned expired reservations for peers: ['amr_0', 'amr_3']
[rh_node-56] [INFO] [1789373567.481215874] [amr_1.rh_node]: [amr_1] Pruned expired reservations for peers: ['amr_0', 'amr_3']
[rh_node-59] [INFO] [1789373567.530262273] [amr_4.rh_node]: [amr_4] Pruned expired reservations for peers: ['amr_0', 'amr_3']
[rh_node-57] [INFO] [1789373567.585320447] [amr_2.rh_node]: [amr_2] Pruned expired reservations for peers: ['amr_0', 'amr_3']
[rh_node-61] [INFO] [1789373567.587635525] [amr_6.rh_node]: [amr_6] Pruned expired reservations for peers: ['amr_0', 'amr_3']
[rh_node-55] [INFO] [1789373567.600429497] [amr_0.rh_node]: [amr_0] Pruned expired reservations for peers: ['amr_3']
[rh_node-63] [INFO] [1789373567.665109145] [amr_8.rh_node]: [amr_8] Pruned expired reservations for peers: ['amr_0', 'amr_3']
[rh_node-60] [INFO] [1789373567.815056715] [amr_5.rh_node]: [amr_5] Pruned expired reservations for peers: ['amr_0', 'amr_3']
[rh_node-58] [INFO] [1789373567.851001278] [amr_3.rh_node]: [amr_3] Pruned expired reservations for peers: ['amr_0']
[rh_node-62] [INFO] [1789373567.963160577] [amr_7.rh_node]: [amr_7] Pruned expired reservations for peers: ['amr_0', 'amr_3']
[rh_node-64] [INFO] [1789373567.971391592] [amr_9.rh_node]: [amr_9] Pruned expired reservations for peers: ['amr_0', 'amr_3']
[rh_node-56] [INFO] [1789373567.979774332] [amr_1.rh_node]: [amr_1] Pruned expired reservations for peers: ['amr_0', 'amr_3']
[rh_node-59] [INFO] [1789373568.029776737] [amr_4.rh_node]: [amr_4] Pruned expired reservations for peers: ['amr_0', 'amr_3']
[rh_node-57] [INFO] [1789373568.084720244] [amr_2.rh_node]: [amr_2] Pruned expired reservations for peers: ['amr_0', 'amr_3']
[rh_node-61] [INFO] [1789373568.087729989] [amr_6.rh_node]: [amr_6] Pruned expired reservations for peers: ['amr_0', 'amr_3']
[rh_node-55] [INFO] [1789373568.100284555] [amr_0.rh_node]: [amr_0] Pruned expired reservations for peers: ['amr_3']
[rh_node-63] [INFO] [1789373568.164897468] [amr_8.rh_node]: [amr_8] Pruned expired reservations for peers: ['amr_0', 'amr_3']
[rh_node-60] [INFO] [1789373568.313147891] [amr_5.rh_node]: [amr_5] Pruned expired reservations for peers: ['amr_0', 'amr_3']
[rh_node-58] [INFO] [1789373568.351197840] [amr_3.rh_node]: [amr_3] Pruned expired reservations for peers: ['amr_0']
[rh_node-62] [INFO] [1789373568.462934471] [amr_7.rh_node]: [amr_7] Pruned expired reservations for peers: ['amr_0', 'amr_3']
[rh_node-64] [INFO] [1789373568.471704129] [amr_9.rh_node]: [amr_9] Pruned expired reservations for peers: ['amr_0', 'amr_3']
[rh_node-56] [INFO] [1789373568.480892082] [amr_1.rh_node]: [amr_1] Pruned expired reservations for peers: ['amr_0', 'amr_3']
[rh_node-59] [INFO] [1789373568.529706657] [amr_4.rh_node]: [amr_4] Pruned expired reservations for peers: ['amr_0', 'amr_3']
[rh_node-57] [INFO] [1789373568.585027734] [amr_2.rh_node]: [amr_2] Pruned expired reservations for peers: ['amr_0', 'amr_3']
[rh_node-61] [INFO] [1789373568.586266594] [amr_6.rh_node]: [amr_6] Pruned expired reservations for peers: ['amr_0', 'amr_3']
[rh_node-55] [INFO] [1789373568.600231618] [amr_0.rh_node]: [amr_0] Pruned expired reservations for peers: ['amr_3']
[rh_node-63] [INFO] [1789373568.664572711] [amr_8.rh_node]: [amr_8] Pruned expired reservations for peers: ['amr_0', 'amr_3']
[rh_node-60] [INFO] [1789373568.813283444] [amr_5.rh_node]: [amr_5] Pruned expired reservations for peers: ['amr_0', 'amr_3']
[rh_node-58] [INFO] [1789373568.851035155] [amr_3.rh_node]: [amr_3] Pruned expired reservations for peers: ['amr_0']
[rh_node-62] [INFO] [1789373568.963535120] [amr_7.rh_node]: [amr_7] Pruned expired reservations for peers: ['amr_0', 'amr_3']
[rh_node-64] [INFO] [1789373568.971395459] [amr_9.rh_node]: [amr_9] Pruned expired reservations for peers: ['amr_0', 'amr_3']
[rh_node-56] [INFO] [1789373568.979660018] [amr_1.rh_node]: [amr_1] Pruned expired reservations for peers: ['amr_0', 'amr_3']
[rh_node-59] [INFO] [1789373569.029778466] [amr_4.rh_node]: [amr_4] Pruned expired reservations for peers: ['amr_0', 'amr_3']
[rh_node-57] [INFO] [1789373569.085297291] [amr_2.rh_node]: [amr_2] Pruned expired reservations for peers: ['amr_0', 'amr_3']
[rh_node-61] [INFO] [1789373569.086778479] [amr_6.rh_node]: [amr_6] Pruned expired reservations for peers: ['amr_0', 'amr_3']
[rh_node-55] [INFO] [1789373569.100290446] [amr_0.rh_node]: [amr_0] Pruned expired reservations for peers: ['amr_3']
[rh_node-63] [INFO] [1789373569.164749464] [amr_8.rh_node]: [amr_8] Pruned expired reservations for peers: ['amr_0', 'amr_3']
[rh_node-60] [INFO] [1789373569.313231914] [amr_5.rh_node]: [amr_5] Pruned expired reservations for peers: ['amr_0', 'amr_3']
[rh_node-58] [INFO] [1789373569.352894545] [amr_3.rh_node]: [amr_3] Pruned expired reservations for peers: ['amr_0']
[rh_node-62] [INFO] [1789373569.464671979] [amr_7.rh_node]: [amr_7] Pruned expired reservations for peers: ['amr_0', 'amr_3']
[rh_node-64] [INFO] [1789373569.472504087] [amr_9.rh_node]: [amr_9] Pruned expired reservations for peers: ['amr_0', 'amr_3']
[rh_node-56] [INFO] [1789373569.479771809] [amr_1.rh_node]: [amr_1] Pruned expired reservations for peers: ['amr_0', 'amr_3']
[rh_node-59] [INFO] [1789373569.529944377] [amr_4.rh_node]: [amr_4] Pruned expired reservations for peers: ['amr_0', 'amr_3']
[rh_node-57] [INFO] [1789373569.585201691] [amr_2.rh_node]: [amr_2] Pruned expired reservations for peers: ['amr_0', 'amr_3']
[rh_node-61] [INFO] [1789373569.586604328] [amr_6.rh_node]: [amr_6] Pruned expired reservations for peers: ['amr_0', 'amr_3']
[rh_node-55] [INFO] [1789373569.600228171] [amr_0.rh_node]: [amr_0] Pruned expired reservations for peers: ['amr_3']
[rh_node-63] [INFO] [1789373569.665030002] [amr_8.rh_node]: [amr_8] Pruned expired reservations for peers: ['amr_0', 'amr_3']
[rh_node-60] [INFO] [1789373569.813706694] [amr_5.rh_node]: [amr_5] Pruned expired reservations for peers: ['amr_0', 'amr_3']
[rh_node-58] [INFO] [1789373569.851029776] [amr_3.rh_node]: [amr_3] Pruned expired reservations for peers: ['amr_0']
[rh_node-62] [INFO] [1789373569.963852534] [amr_7.rh_node]: [amr_7] Pruned expired reservations for peers: ['amr_0', 'amr_3']
[rh_node-64] [INFO] [1789373569.971449148] [amr_9.rh_node]: [amr_9] Pruned expired reservations for peers: ['amr_0', 'amr_3']
[rh_node-56] [INFO] [1789373569.981432728] [amr_1.rh_node]: [amr_1] Pruned expired reservations for peers: ['amr_0', 'amr_3']
[rh_node-59] [INFO] [1789373570.030025374] [amr_4.rh_node]: [amr_4] Pruned expired reservations for peers: ['amr_0', 'amr_3']
[rh_node-57] [INFO] [1789373570.085514932] [amr_2.rh_node]: [amr_2] Pruned expired reservations for peers: ['amr_0', 'amr_3']
[rh_node-61] [INFO] [1789373570.089223103] [amr_6.rh_node]: [amr_6] Pruned expired reservations for peers: ['amr_0', 'amr_3']
[rh_node-55] [INFO] [1789373570.100552493] [amr_0.rh_node]: [amr_0] Pruned expired reservations for peers: ['amr_3']
[rh_node-63] [INFO] [1789373570.165053170] [amr_8.rh_node]: [amr_8] Pruned expired reservations for peers: ['amr_0', 'amr_3']
[rh_node-60] [INFO] [1789373570.313226231] [amr_5.rh_node]: [amr_5] Pruned expired reservations for peers: ['amr_0', 'amr_3']
[rh_node-58] [INFO] [1789373570.351283942] [amr_3.rh_node]: [amr_3] Pruned expired reservations for peers: ['amr_0']
[rh_node-62] [INFO] [1789373570.464531978] [amr_7.rh_node]: [amr_7] Pruned expired reservations for peers: ['amr_0', 'amr_3']
[rh_node-64] [INFO] [1789373570.471660648] [amr_9.rh_node]: [amr_9] Pruned expired reservations for peers: ['amr_0', 'amr_3']
[rh_node-56] [INFO] [1789373570.480058667] [amr_1.rh_node]: [amr_1] Pruned expired reservations for peers: ['amr_0', 'amr_3']
[rh_node-59] [INFO] [1789373570.531516150] [amr_4.rh_node]: [amr_4] Pruned expired reservations for peers: ['amr_0', 'amr_3']
[rh_node-61] [INFO] [1789373570.587185477] [amr_6.rh_node]: [amr_6] Pruned expired reservations for peers: ['amr_0', 'amr_3']
[rh_node-57] [INFO] [1789373570.587742342] [amr_2.rh_node]: [amr_2] Pruned expired reservations for peers: ['amr_0', 'amr_3']
[rh_node-55] [INFO] [1789373570.600703877] [amr_0.rh_node]: [amr_0] Pruned expired reservations for peers: ['amr_3']
[rh_node-63] [INFO] [1789373570.665134775] [amr_8.rh_node]: [amr_8] Pruned expired reservations for peers: ['amr_0', 'amr_3']
[rh_node-60] [INFO] [1789373570.813094575] [amr_5.rh_node]: [amr_5] Pruned expired reservations for peers: ['amr_0', 'amr_3']
[rh_node-58] [INFO] [1789373570.851053394] [amr_3.rh_node]: [amr_3] Pruned expired reservations for peers: ['amr_0']
[rh_node-62] [INFO] [1789373570.964131800] [amr_7.rh_node]: [amr_7] Pruned expired reservations for peers: ['amr_0', 'amr_3']
[rh_node-64] [INFO] [1789373570.971765319] [amr_9.rh_node]: [amr_9] Pruned expired reservations for peers: ['amr_0', 'amr_3']
[rh_node-56] [INFO] [1789373570.981386564] [amr_1.rh_node]: [amr_1] Pruned expired reservations for peers: ['amr_0', 'amr_3']
[rh_node-59] [INFO] [1789373571.029397911] [amr_4.rh_node]: [amr_4] Pruned expired reservations for peers: ['amr_0', 'amr_3']
[rh_node-57] [INFO] [1789373571.085556350] [amr_2.rh_node]: [amr_2] Pruned expired reservations for peers: ['amr_0', 'amr_3']
[rh_node-61] [INFO] [1789373571.086677345] [amr_6.rh_node]: [amr_6] Pruned expired reservations for peers: ['amr_0', 'amr_3']
[rh_node-55] [INFO] [1789373571.100844746] [amr_0.rh_node]: [amr_0] Pruned expired reservations for peers: ['amr_3']
[rh_node-63] [INFO] [1789373571.164805488] [amr_8.rh_node]: [amr_8] Pruned expired reservations for peers: ['amr_0', 'amr_3']
[rh_node-60] [INFO] [1789373571.313703294] [amr_5.rh_node]: [amr_5] Pruned expired reservations for peers: ['amr_0', 'amr_3']
[rh_node-58] [INFO] [1789373571.351578389] [amr_3.rh_node]: [amr_3] Pruned expired reservations for peers: ['amr_0']
[rh_node-62] [INFO] [1789373571.463860050] [amr_7.rh_node]: [amr_7] Pruned expired reservations for peers: ['amr_0', 'amr_3']
[rh_node-64] [INFO] [1789373571.471490583] [amr_9.rh_node]: [amr_9] Pruned expired reservations for peers: ['amr_0', 'amr_3']
[rh_node-56] [INFO] [1789373571.480175661] [amr_1.rh_node]: [amr_1] Pruned expired reservations for peers: ['amr_0', 'amr_3']
[rh_node-59] [INFO] [1789373571.530158936] [amr_4.rh_node]: [amr_4] Pruned expired reservations for peers: ['amr_0', 'amr_3']
[rh_node-57] [INFO] [1789373571.584681007] [amr_2.rh_node]: [amr_2] Pruned expired reservations for peers: ['amr_0', 'amr_3']
[rh_node-61] [INFO] [1789373571.587456230] [amr_6.rh_node]: [amr_6] Pruned expired reservations for peers: ['amr_0', 'amr_3']
[rh_node-55] [INFO] [1789373571.600307788] [amr_0.rh_node]: [amr_0] Pruned expired reservations for peers: ['amr_3']
[rh_node-63] [INFO] [1789373571.665098182] [amr_8.rh_node]: [amr_8] Pruned expired reservations for peers: ['amr_0', 'amr_3']
[rh_node-60] [INFO] [1789373571.813763122] [amr_5.rh_node]: [amr_5] Pruned expired reservations for peers: ['amr_0', 'amr_3']
[rh_node-58] [INFO] [1789373571.851505374] [amr_3.rh_node]: [amr_3] Pruned expired reservations for peers: ['amr_0']
[rh_node-62] [INFO] [1789373571.962804510] [amr_7.rh_node]: [amr_7] Pruned expired reservations for peers: ['amr_0', 'amr_3']
[rh_node-64] [INFO] [1789373571.971246079] [amr_9.rh_node]: [amr_9] Pruned expired reservations for peers: ['amr_0', 'amr_3']
[rh_node-56] [INFO] [1789373571.982702495] [amr_1.rh_node]: [amr_1] Pruned expired reservations for peers: ['amr_0', 'amr_3']
[rh_node-59] [INFO] [1789373572.030478306] [amr_4.rh_node]: [amr_4] Pruned expired reservations for peers: ['amr_0', 'amr_3']
[rh_node-57] [INFO] [1789373572.084669510] [amr_2.rh_node]: [amr_2] Pruned expired reservations for peers: ['amr_0', 'amr_3']
[rh_node-61] [INFO] [1789373572.087694391] [amr_6.rh_node]: [amr_6] Pruned expired reservations for peers: ['amr_0', 'amr_3']
[rh_node-55] [INFO] [1789373572.100421547] [amr_0.rh_node]: [amr_0] Pruned expired reservations for peers: ['amr_3']
[rh_node-63] [INFO] [1789373572.165121215] [amr_8.rh_node]: [amr_8] Pruned expired reservations for peers: ['amr_0', 'amr_3']
[rh_node-60] [INFO] [1789373572.314791357] [amr_5.rh_node]: [amr_5] Pruned expired reservations for peers: ['amr_0', 'amr_3']
[rh_node-58] [INFO] [1789373572.351084444] [amr_3.rh_node]: [amr_3] Pruned expired reservations for peers: ['amr_0']
[rh_node-62] [INFO] [1789373572.464666077] [amr_7.rh_node]: [amr_7] Pruned expired reservations for peers: ['amr_0', 'amr_3']
[rh_node-64] [INFO] [1789373572.471718748] [amr_9.rh_node]: [amr_9] Pruned expired reservations for peers: ['amr_0', 'amr_3']
[rh_node-56] [INFO] [1789373572.480777384] [amr_1.rh_node]: [amr_1] Pruned expired reservations for peers: ['amr_0', 'amr_3']
[rh_node-59] [INFO] [1789373572.530707446] [amr_4.rh_node]: [amr_4] Pruned expired reservations for peers: ['amr_0', 'amr_3']
[rh_node-57] [INFO] [1789373572.585544044] [amr_2.rh_node]: [amr_2] Pruned expired reservations for peers: ['amr_0', 'amr_3']
[rh_node-61] [INFO] [1789373572.587063122] [amr_6.rh_node]: [amr_6] Pruned expired reservations for peers: ['amr_0', 'amr_3']
[rh_node-55] [INFO] [1789373572.600077070] [amr_0.rh_node]: [amr_0] Pruned expired reservations for peers: ['amr_3']
[rh_node-63] [INFO] [1789373572.664708448] [amr_8.rh_node]: [amr_8] Pruned expired reservations for peers: ['amr_0', 'amr_3']
[rh_node-60] [INFO] [1789373572.813142036] [amr_5.rh_node]: [amr_5] Pruned expired reservations for peers: ['amr_0', 'amr_3']
[rh_node-58] [INFO] [1789373572.852383000] [amr_3.rh_node]: [amr_3] Pruned expired reservations for peers: ['amr_0']
[rh_node-62] [INFO] [1789373572.963874765] [amr_7.rh_node]: [amr_7] Pruned expired reservations for peers: ['amr_0', 'amr_3']
[rh_node-64] [INFO] [1789373572.974965696] [amr_9.rh_node]: [amr_9] Pruned expired reservations for peers: ['amr_0', 'amr_3']
[rh_node-56] [INFO] [1789373572.980330372] [amr_1.rh_node]: [amr_1] Pruned expired reservations for peers: ['amr_0', 'amr_3']
[rh_node-59] [INFO] [1789373573.030054619] [amr_4.rh_node]: [amr_4] Pruned expired reservations for peers: ['amr_0', 'amr_3']
[rh_node-57] [INFO] [1789373573.085560376] [amr_2.rh_node]: [amr_2] Pruned expired reservations for peers: ['amr_0', 'amr_3']
[rh_node-61] [INFO] [1789373573.087857925] [amr_6.rh_node]: [amr_6] Pruned expired reservations for peers: ['amr_0', 'amr_3']
[rh_node-55] [INFO] [1789373573.099959400] [amr_0.rh_node]: [amr_0] Pruned expired reservations for peers: ['amr_3']
[rh_node-63] [INFO] [1789373573.164522333] [amr_8.rh_node]: [amr_8] Pruned expired reservations for peers: ['amr_0', 'amr_3']
[rh_node-60] [INFO] [1789373573.313695760] [amr_5.rh_node]: [amr_5] Pruned expired reservations for peers: ['amr_0', 'amr_3']
[rh_node-58] [INFO] [1789373573.352056623] [amr_3.rh_node]: [amr_3] Pruned expired reservations for peers: ['amr_0']
[rh_node-62] [INFO] [1789373573.463299146] [amr_7.rh_node]: [amr_7] Pruned expired reservations for peers: ['amr_0', 'amr_3']
[rh_node-64] [INFO] [1789373573.470787423] [amr_9.rh_node]: [amr_9] Pruned expired reservations for peers: ['amr_0', 'amr_3']
[rh_node-56] [INFO] [1789373573.479818928] [amr_1.rh_node]: [amr_1] Pruned expired reservations for peers: ['amr_0', 'amr_3']
[rh_node-59] [INFO] [1789373573.530008253] [amr_4.rh_node]: [amr_4] Pruned expired reservations for peers: ['amr_0', 'amr_3']
[rh_node-57] [INFO] [1789373573.585313847] [amr_2.rh_node]: [amr_2] Pruned expired reservations for peers: ['amr_0', 'amr_3']
[rh_node-61] [INFO] [1789373573.588006870] [amr_6.rh_node]: [amr_6] Pruned expired reservations for peers: ['amr_0', 'amr_3']
[rh_node-55] [INFO] [1789373573.600682000] [amr_0.rh_node]: [amr_0] Pruned expired reservations for peers: ['amr_3']
[rh_node-63] [INFO] [1789373573.664697238] [amr_8.rh_node]: [amr_8] Pruned expired reservations for peers: ['amr_0', 'amr_3']
[rh_node-60] [INFO] [1789373573.814485203] [amr_5.rh_node]: [amr_5] Pruned expired reservations for peers: ['amr_0', 'amr_3']
[rh_node-58] [INFO] [1789373573.851005534] [amr_3.rh_node]: [amr_3] Pruned expired reservations for peers: ['amr_0']
[rh_node-62] [INFO] [1789373573.963170172] [amr_7.rh_node]: [amr_7] Pruned expired reservations for peers: ['amr_0', 'amr_3']
[rh_node-64] [INFO] [1789373573.971294190] [amr_9.rh_node]: [amr_9] Pruned expired reservations for peers: ['amr_0', 'amr_3']
[rh_node-56] [INFO] [1789373573.981931919] [amr_1.rh_node]: [amr_1] Pruned expired reservations for peers: ['amr_0', 'amr_3']
[rh_node-59] [INFO] [1789373574.030097211] [amr_4.rh_node]: [amr_4] Pruned expired reservations for peers: ['amr_0', 'amr_3']
[rh_node-57] [INFO] [1789373574.084902417] [amr_2.rh_node]: [amr_2] Pruned expired reservations for peers: ['amr_0', 'amr_3']
[rh_node-61] [INFO] [1789373574.087210311] [amr_6.rh_node]: [amr_6] Pruned expired reservations for peers: ['amr_0', 'amr_3']
[rh_node-55] [INFO] [1789373574.100261178] [amr_0.rh_node]: [amr_0] Pruned expired reservations for peers: ['amr_3']
[rh_node-63] [INFO] [1789373574.165216323] [amr_8.rh_node]: [amr_8] Pruned expired reservations for peers: ['amr_0', 'amr_3']
[rh_node-60] [INFO] [1789373574.313500706] [amr_5.rh_node]: [amr_5] Pruned expired reservations for peers: ['amr_0', 'amr_3']
[rh_node-58] [INFO] [1789373574.351194106] [amr_3.rh_node]: [amr_3] Pruned expired reservations for peers: ['amr_0']
[rh_node-62] [INFO] [1789373574.463418393] [amr_7.rh_node]: [amr_7] Pruned expired reservations for peers: ['amr_0', 'amr_3']
[rh_node-64] [INFO] [1789373574.471291584] [amr_9.rh_node]: [amr_9] Pruned expired reservations for peers: ['amr_0', 'amr_3']
[rh_node-56] [INFO] [1789373574.479771528] [amr_1.rh_node]: [amr_1] Pruned expired reservations for peers: ['amr_0', 'amr_3']
[rh_node-59] [INFO] [1789373574.529516810] [amr_4.rh_node]: [amr_4] Pruned expired reservations for peers: ['amr_0', 'amr_3']
[rh_node-57] [INFO] [1789373574.585468702] [amr_2.rh_node]: [amr_2] Pruned expired reservations for peers: ['amr_0', 'amr_3']
[rh_node-61] [INFO] [1789373574.589522523] [amr_6.rh_node]: [amr_6] Pruned expired reservations for peers: ['amr_0', 'amr_3']
[rh_node-55] [INFO] [1789373574.602628385] [amr_0.rh_node]: [amr_0] Pruned expired reservations for peers: ['amr_3']
[rh_node-63] [INFO] [1789373574.667532141] [amr_8.rh_node]: [amr_8] Pruned expired reservations for peers: ['amr_0', 'amr_3']
[rh_node-60] [INFO] [1789373574.813321374] [amr_5.rh_node]: [amr_5] Pruned expired reservations for peers: ['amr_0', 'amr_3']
[rh_node-58] [INFO] [1789373574.851609383] [amr_3.rh_node]: [amr_3] Pruned expired reservations for peers: ['amr_0']
[rh_node-62] [INFO] [1789373574.963094582] [amr_7.rh_node]: [amr_7] Pruned expired reservations for peers: ['amr_0', 'amr_3']
[rh_node-64] [INFO] [1789373574.971363868] [amr_9.rh_node]: [amr_9] Pruned expired reservations for peers: ['amr_0', 'amr_3']
[rh_node-56] [INFO] [1789373574.980113780] [amr_1.rh_node]: [amr_1] Pruned expired reservations for peers: ['amr_0', 'amr_3']
[rh_node-59] [INFO] [1789373575.030183252] [amr_4.rh_node]: [amr_4] Pruned expired reservations for peers: ['amr_0', 'amr_3']
[rh_node-57] [INFO] [1789373575.085016695] [amr_2.rh_node]: [amr_2] Pruned expired reservations for peers: ['amr_0', 'amr_3']
[rh_node-61] [INFO] [1789373575.086265193] [amr_6.rh_node]: [amr_6] Pruned expired reservations for peers: ['amr_0', 'amr_3']
[rh_node-55] [INFO] [1789373575.100704565] [amr_0.rh_node]: [amr_0] Pruned expired reservations for peers: ['amr_3']
[rh_node-63] [INFO] [1789373575.164907480] [amr_8.rh_node]: [amr_8] Pruned expired reservations for peers: ['amr_0', 'amr_3']
[rh_node-60] [INFO] [1789373575.313349593] [amr_5.rh_node]: [amr_5] Pruned expired reservations for peers: ['amr_0', 'amr_3']
[rh_node-58] [INFO] [1789373575.351436726] [amr_3.rh_node]: [amr_3] Pruned expired reservations for peers: ['amr_0']
