[INFO] [launch]: All log files can be found below /home/raghav/.ros/log/2026-09-14-13-25-44-157617-Raze-231584
[INFO] [launch]: Default logging verbosity is set to INFO
[INFO] [launch.user]: [FLEET] Spawning 5 robots into world "warehouse_m9_v1" (headless=True)
[INFO] [launch.user]: [M8B Fleet Bringup] Starting 5 CBBA nodes (bundle cap: 4, profile: NORMAL, compute_mode: ADAPTIVE)
[INFO] [launch.user]: [M8B Fleet Bringup] Starting 5 M8B RH nodes (compute_mode: ADAPTIVE, adaptive: True, h=10, w=4, replan_rate=2.0Hz)
[INFO] [gazebo-1]: process started with pid [231619]
[INFO] [parameter_bridge-2]: process started with pid [231620]
[INFO] [warehouse_visualizer-3]: process started with pid [231621]
[INFO] [robot_state_publisher-4]: process started with pid [231623]
[INFO] [create-5]: process started with pid [231624]
[INFO] [parameter_bridge-6]: process started with pid [231625]
[INFO] [static_transform_publisher-7]: process started with pid [231626]
[INFO] [robot_state_publisher-8]: process started with pid [231627]
[INFO] [create-9]: process started with pid [231628]
[INFO] [parameter_bridge-10]: process started with pid [231629]
[INFO] [static_transform_publisher-11]: process started with pid [231630]
[INFO] [robot_state_publisher-12]: process started with pid [231631]
[INFO] [create-13]: process started with pid [231632]
[INFO] [parameter_bridge-14]: process started with pid [231633]
[INFO] [static_transform_publisher-15]: process started with pid [231634]
[INFO] [robot_state_publisher-16]: process started with pid [231635]
[INFO] [create-17]: process started with pid [231636]
[INFO] [parameter_bridge-18]: process started with pid [231638]
[INFO] [static_transform_publisher-19]: process started with pid [231640]
[INFO] [robot_state_publisher-20]: process started with pid [231641]
[INFO] [create-21]: process started with pid [231644]
[INFO] [parameter_bridge-22]: process started with pid [231647]
[INFO] [static_transform_publisher-23]: process started with pid [231648]
[INFO] [task_manager-24]: process started with pid [231657]
[INFO] [cbba_node-25]: process started with pid [231682]
[INFO] [cbba_node-26]: process started with pid [231697]
[INFO] [cbba_node-27]: process started with pid [231702]
[INFO] [cbba_node-28]: process started with pid [231703]
[INFO] [cbba_node-29]: process started with pid [231709]
[INFO] [rh_node-30]: process started with pid [231710]
[INFO] [rh_node-31]: process started with pid [231713]
[INFO] [rh_node-32]: process started with pid [231716]
[INFO] [rh_node-33]: process started with pid [231737]
[INFO] [rh_node-34]: process started with pid [231738]
[robot_state_publisher-4] [INFO] [1789372545.459418029] [amr_0.robot_state_publisher]: Robot initialized
[static_transform_publisher-7] [INFO] [1789372545.430809662] [amr_0_map_to_odom]: Spinning until stopped - publishing transform
[static_transform_publisher-7] translation: ('2.500000', '5.000000', '0.000000')
[static_transform_publisher-7] rotation: ('0.000000', '0.000000', '0.000000', '1.000000')
[static_transform_publisher-7] from 'map' to 'amr_0/odom'
[create-5] [INFO] [1789372545.475049591] [amr_0_spawner]: Requesting list of world names.
[robot_state_publisher-12] [INFO] [1789372545.556641349] [amr_2.robot_state_publisher]: Robot initialized
[static_transform_publisher-11] [INFO] [1789372545.585195927] [amr_1_map_to_odom]: Spinning until stopped - publishing transform
[static_transform_publisher-11] translation: ('2.500000', '10.000000', '0.000000')
[static_transform_publisher-11] rotation: ('0.000000', '0.000000', '0.000000', '1.000000')
[static_transform_publisher-11] from 'map' to 'amr_1/odom'
[parameter_bridge-10] [INFO] [1789372545.632316557] [amr_1_bridge]: Creating ROS->GZ Bridge: [/amr_1/cmd_vel (geometry_msgs/msg/Twist) -> /amr_1/cmd_vel (gz.msgs.Twist)] (Lazy 0)
[robot_state_publisher-20] [INFO] [1789372545.657155693] [amr_4.robot_state_publisher]: Robot initialized
[parameter_bridge-10] [INFO] [1789372545.663658164] [amr_1_bridge]: Creating GZ->ROS Bridge: [/amr_1/odom (gz.msgs.Odometry) -> /amr_1/odom (nav_msgs/msg/Odometry)] (Lazy 0)
[parameter_bridge-18] [INFO] [1789372545.672303261] [amr_3_bridge]: Creating ROS->GZ Bridge: [/amr_3/cmd_vel (geometry_msgs/msg/Twist) -> /amr_3/cmd_vel (gz.msgs.Twist)] (Lazy 0)
[parameter_bridge-18] [INFO] [1789372545.693451710] [amr_3_bridge]: Creating GZ->ROS Bridge: [/amr_3/odom (gz.msgs.Odometry) -> /amr_3/odom (nav_msgs/msg/Odometry)] (Lazy 0)
[parameter_bridge-10] [INFO] [1789372545.720403574] [amr_1_bridge]: Creating GZ->ROS Bridge: [/amr_1/scan (gz.msgs.LaserScan) -> /amr_1/scan (sensor_msgs/msg/LaserScan)] (Lazy 0)
[robot_state_publisher-16] [INFO] [1789372545.742653026] [amr_3.robot_state_publisher]: Robot initialized
[parameter_bridge-10] [INFO] [1789372545.764838552] [amr_1_bridge]: Creating GZ->ROS Bridge: [/amr_1/tf (gz.msgs.Pose_V) -> /amr_1/tf (tf2_msgs/msg/TFMessage)] (Lazy 0)
[static_transform_publisher-15] [INFO] [1789372545.779704828] [amr_2_map_to_odom]: Spinning until stopped - publishing transform
[static_transform_publisher-15] translation: ('2.500000', '16.000000', '0.000000')
[static_transform_publisher-15] rotation: ('0.000000', '0.000000', '0.000000', '1.000000')
[static_transform_publisher-15] from 'map' to 'amr_2/odom'
[parameter_bridge-18] [INFO] [1789372545.816724090] [amr_3_bridge]: Creating GZ->ROS Bridge: [/amr_3/scan (gz.msgs.LaserScan) -> /amr_3/scan (sensor_msgs/msg/LaserScan)] (Lazy 0)
[parameter_bridge-10] [INFO] [1789372545.840920504] [amr_1_bridge]: Creating GZ->ROS Bridge: [/amr_1/joint_states (gz.msgs.Model) -> /amr_1/joint_states (sensor_msgs/msg/JointState)] (Lazy 0)
[parameter_bridge-2] [INFO] [1789372545.862227664] [clock_bridge]: Creating GZ->ROS Bridge: [/clock (gz.msgs.Clock) -> /clock (rosgraph_msgs/msg/Clock)] (Lazy 0)
[parameter_bridge-18] [INFO] [1789372545.878104240] [amr_3_bridge]: Creating GZ->ROS Bridge: [/amr_3/tf (gz.msgs.Pose_V) -> /amr_3/tf (tf2_msgs/msg/TFMessage)] (Lazy 0)
[parameter_bridge-18] [INFO] [1789372545.883330544] [amr_3_bridge]: Creating GZ->ROS Bridge: [/amr_3/joint_states (gz.msgs.Model) -> /amr_3/joint_states (sensor_msgs/msg/JointState)] (Lazy 0)
[parameter_bridge-14] [INFO] [1789372545.929012409] [amr_2_bridge]: Creating ROS->GZ Bridge: [/amr_2/cmd_vel (geometry_msgs/msg/Twist) -> /amr_2/cmd_vel (gz.msgs.Twist)] (Lazy 0)
[parameter_bridge-22] [INFO] [1789372545.953847892] [amr_4_bridge]: Creating ROS->GZ Bridge: [/amr_4/cmd_vel (geometry_msgs/msg/Twist) -> /amr_4/cmd_vel (gz.msgs.Twist)] (Lazy 0)
[parameter_bridge-14] [INFO] [1789372545.955997057] [amr_2_bridge]: Creating GZ->ROS Bridge: [/amr_2/odom (gz.msgs.Odometry) -> /amr_2/odom (nav_msgs/msg/Odometry)] (Lazy 0)
[parameter_bridge-14] [INFO] [1789372545.981736235] [amr_2_bridge]: Creating GZ->ROS Bridge: [/amr_2/scan (gz.msgs.LaserScan) -> /amr_2/scan (sensor_msgs/msg/LaserScan)] (Lazy 0)
[parameter_bridge-14] [INFO] [1789372546.010910595] [amr_2_bridge]: Creating GZ->ROS Bridge: [/amr_2/tf (gz.msgs.Pose_V) -> /amr_2/tf (tf2_msgs/msg/TFMessage)] (Lazy 0)
[parameter_bridge-22] [INFO] [1789372546.037203824] [amr_4_bridge]: Creating GZ->ROS Bridge: [/amr_4/odom (gz.msgs.Odometry) -> /amr_4/odom (nav_msgs/msg/Odometry)] (Lazy 0)
[create-21] [INFO] [1789372546.038635061] [amr_4_spawner]: Requesting list of world names.
[parameter_bridge-14] [INFO] [1789372546.040108404] [amr_2_bridge]: Creating GZ->ROS Bridge: [/amr_2/joint_states (gz.msgs.Model) -> /amr_2/joint_states (sensor_msgs/msg/JointState)] (Lazy 0)
[create-9] [INFO] [1789372546.062261009] [amr_1_spawner]: Requesting list of world names.
[parameter_bridge-22] [INFO] [1789372546.076324585] [amr_4_bridge]: Creating GZ->ROS Bridge: [/amr_4/scan (gz.msgs.LaserScan) -> /amr_4/scan (sensor_msgs/msg/LaserScan)] (Lazy 0)
[parameter_bridge-22] [INFO] [1789372546.104930643] [amr_4_bridge]: Creating GZ->ROS Bridge: [/amr_4/tf (gz.msgs.Pose_V) -> /amr_4/tf (tf2_msgs/msg/TFMessage)] (Lazy 0)
[parameter_bridge-22] [INFO] [1789372546.118060625] [amr_4_bridge]: Creating GZ->ROS Bridge: [/amr_4/joint_states (gz.msgs.Model) -> /amr_4/joint_states (sensor_msgs/msg/JointState)] (Lazy 0)
[create-13] [INFO] [1789372546.121952764] [amr_2_spawner]: Requesting list of world names.
[static_transform_publisher-23] [INFO] [1789372546.127010433] [amr_4_map_to_odom]: Spinning until stopped - publishing transform
[static_transform_publisher-23] translation: ('2.500000', '27.000000', '0.000000')
[static_transform_publisher-23] rotation: ('0.000000', '0.000000', '0.000000', '1.000000')
[static_transform_publisher-23] from 'map' to 'amr_4/odom'
[robot_state_publisher-8] [INFO] [1789372546.173455524] [amr_1.robot_state_publisher]: Robot initialized
[static_transform_publisher-19] [INFO] [1789372546.222064107] [amr_3_map_to_odom]: Spinning until stopped - publishing transform
[static_transform_publisher-19] translation: ('2.500000', '22.000000', '0.000000')
[static_transform_publisher-19] rotation: ('0.000000', '0.000000', '0.000000', '1.000000')
[static_transform_publisher-19] from 'map' to 'amr_3/odom'
[create-17] [INFO] [1789372546.228395208] [amr_3_spawner]: Requesting list of world names.
[parameter_bridge-6] [INFO] [1789372546.239580303] [amr_0_bridge]: Creating ROS->GZ Bridge: [/amr_0/cmd_vel (geometry_msgs/msg/Twist) -> /amr_0/cmd_vel (gz.msgs.Twist)] (Lazy 0)
[parameter_bridge-6] [INFO] [1789372546.266150783] [amr_0_bridge]: Creating GZ->ROS Bridge: [/amr_0/odom (gz.msgs.Odometry) -> /amr_0/odom (nav_msgs/msg/Odometry)] (Lazy 0)
[parameter_bridge-6] [INFO] [1789372546.289805642] [amr_0_bridge]: Creating GZ->ROS Bridge: [/amr_0/scan (gz.msgs.LaserScan) -> /amr_0/scan (sensor_msgs/msg/LaserScan)] (Lazy 0)
[parameter_bridge-6] [INFO] [1789372546.310100301] [amr_0_bridge]: Creating GZ->ROS Bridge: [/amr_0/tf (gz.msgs.Pose_V) -> /amr_0/tf (tf2_msgs/msg/TFMessage)] (Lazy 0)
[parameter_bridge-6] [INFO] [1789372546.320707214] [amr_0_bridge]: Creating GZ->ROS Bridge: [/amr_0/joint_states (gz.msgs.Model) -> /amr_0/joint_states (sensor_msgs/msg/JointState)] (Lazy 0)
[task_manager-24] [INFO] [1789372546.485762817] [amr_task_manager]: Loaded 15 tasks from workload: /home/raghav/SIH26123AMR/config/workloads/workload_15_tasks_m9_v1.yaml
[task_manager-24] [INFO] [1789372546.572444897] [amr_task_manager]: Task Manager Node initialized.
[rh_node-34] [INFO] [1789372546.804382421] [amr_4.rh_node]: [amr_4] Loaded custom grid from /home/raghav/SIH26123AMR/config/maps/warehouse_m9_v1.yaml (64x64)
[rh_node-34] [INFO] [1789372546.936753374] [amr_4.rh_node]: Rolling-Horizon Planner initialized for amr_4 (h=10, w=4, heuristic=PRIORITY_FIRST)
[cbba_node-29] [INFO] [1789372546.946252251] [amr_4.cbba_node]: CBBA Node initialized for amr_4 (bundle cap: 4)
[create-13] [INFO] [1789372546.951194342] [amr_2_spawner]: Waiting messages on topic [amr_2/robot_description].
[rh_node-31] [INFO] [1789372546.970671293] [amr_1.rh_node]: [amr_1] Loaded custom grid from /home/raghav/SIH26123AMR/config/maps/warehouse_m9_v1.yaml (64x64)
[cbba_node-27] [INFO] [1789372546.983627401] [amr_2.cbba_node]: CBBA Node initialized for amr_2 (bundle cap: 4)
[rh_node-33] [INFO] [1789372547.031103779] [amr_3.rh_node]: [amr_3] Loaded custom grid from /home/raghav/SIH26123AMR/config/maps/warehouse_m9_v1.yaml (64x64)
[create-17] [INFO] [1789372547.049551722] [amr_3_spawner]: Waiting messages on topic [amr_3/robot_description].
[rh_node-32] [INFO] [1789372547.056642873] [amr_2.rh_node]: [amr_2] Loaded custom grid from /home/raghav/SIH26123AMR/config/maps/warehouse_m9_v1.yaml (64x64)
[rh_node-30] [INFO] [1789372547.065841498] [amr_0.rh_node]: [amr_0] Loaded custom grid from /home/raghav/SIH26123AMR/config/maps/warehouse_m9_v1.yaml (64x64)
[cbba_node-25] [INFO] [1789372547.103785119] [amr_0.cbba_node]: CBBA Node initialized for amr_0 (bundle cap: 4)
[cbba_node-28] [INFO] [1789372547.104315151] [amr_3.cbba_node]: CBBA Node initialized for amr_3 (bundle cap: 4)
[cbba_node-26] [INFO] [1789372547.133152245] [amr_1.cbba_node]: CBBA Node initialized for amr_1 (bundle cap: 4)
[warehouse_visualizer-3] [INFO] [1789372547.141790062] [warehouse_visualizer]: WarehouseVisualizerNode started. Publishing to /warehouse_markers.
[create-5] [INFO] [1789372547.147391665] [amr_0_spawner]: Waiting messages on topic [amr_0/robot_description].
[rh_node-30] [INFO] [1789372547.178424338] [amr_0.rh_node]: Rolling-Horizon Planner initialized for amr_0 (h=10, w=4, heuristic=PRIORITY_FIRST)
[create-9] [INFO] [1789372547.248356108] [amr_1_spawner]: Waiting messages on topic [amr_1/robot_description].
[create-13] [INFO] [1789372547.346056782] [amr_2_spawner]: Entity creation successful.
[create-5] [INFO] [1789372547.346098778] [amr_0_spawner]: Entity creation successful.
[create-9] [INFO] [1789372547.346143691] [amr_1_spawner]: Entity creation successful.
[create-17] [INFO] [1789372547.346232966] [amr_3_spawner]: Entity creation successful.
[create-21] [INFO] [1789372547.348163894] [amr_4_spawner]: Waiting messages on topic [amr_4/robot_description].
[create-21] [INFO] [1789372547.363099136] [amr_4_spawner]: Entity creation successful.
[INFO] [create-17]: process has finished cleanly [pid 231636]
[INFO] [create-9]: process has finished cleanly [pid 231628]
[INFO] [create-13]: process has finished cleanly [pid 231632]
[INFO] [create-5]: process has finished cleanly [pid 231624]
[INFO] [create-21]: process has finished cleanly [pid 231644]
[rh_node-33] [INFO] [1789372547.483412480] [amr_3.rh_node]: Rolling-Horizon Planner initialized for amr_3 (h=10, w=4, heuristic=PRIORITY_FIRST)
[rh_node-32] [INFO] [1789372547.487486666] [amr_2.rh_node]: Rolling-Horizon Planner initialized for amr_2 (h=10, w=4, heuristic=PRIORITY_FIRST)
[rh_node-31] [INFO] [1789372547.795568520] [amr_1.rh_node]: Rolling-Horizon Planner initialized for amr_1 (h=10, w=4, heuristic=PRIORITY_FIRST)
[parameter_bridge-14] [INFO] [1789372547.913810798] [amr_2_bridge]: Passing message from ROS geometry_msgs/msg/Twist to Gazebo gz.msgs.Twist (showing msg only once per type)
[gazebo-1] [1;33mWarning [Utils.cc:132][0m [/sdf/model[@name="amr"]/link[@name="amr_2/base_footprint"]/sensor[@name="amr_2_lidar"]/gz_frame_id:<urdf-string>:L0]: XML Element[gz_frame_id], child of element[sensor], not defined in SDF. Copying[gz_frame_id] as children of [sensor].
[parameter_bridge-18] [INFO] [1789372547.984032592] [amr_3_bridge]: Passing message from ROS geometry_msgs/msg/Twist to Gazebo gz.msgs.Twist (showing msg only once per type)
[parameter_bridge-10] [INFO] [1789372547.994583219] [amr_1_bridge]: Passing message from ROS geometry_msgs/msg/Twist to Gazebo gz.msgs.Twist (showing msg only once per type)
[gazebo-1] [1;33mWarning [Utils.cc:132][0m [/sdf/model[@name="amr"]/link[@name="amr_3/base_footprint"]/sensor[@name="amr_3_lidar"]/gz_frame_id:<urdf-string>:L0]: XML Element[gz_frame_id], child of element[sensor], not defined in SDF. Copying[gz_frame_id] as children of [sensor].
[gazebo-1] [1;33mWarning [Utils.cc:132][0m [/sdf/model[@name="amr"]/link[@name="amr_0/base_footprint"]/sensor[@name="amr_0_lidar"]/gz_frame_id:<urdf-string>:L0]: XML Element[gz_frame_id], child of element[sensor], not defined in SDF. Copying[gz_frame_id] as children of [sensor].
[parameter_bridge-6] [INFO] [1789372548.077901829] [amr_0_bridge]: Passing message from ROS geometry_msgs/msg/Twist to Gazebo gz.msgs.Twist (showing msg only once per type)
[gazebo-1] [1;33mWarning [Utils.cc:132][0m [/sdf/model[@name="amr"]/link[@name="amr_1/base_footprint"]/sensor[@name="amr_1_lidar"]/gz_frame_id:<urdf-string>:L0]: XML Element[gz_frame_id], child of element[sensor], not defined in SDF. Copying[gz_frame_id] as children of [sensor].
[gazebo-1] [1;33mWarning [Utils.cc:132][0m [/sdf/model[@name="amr"]/link[@name="amr_4/base_footprint"]/sensor[@name="amr_4_lidar"]/gz_frame_id:<urdf-string>:L0]: XML Element[gz_frame_id], child of element[sensor], not defined in SDF. Copying[gz_frame_id] as children of [sensor].
[parameter_bridge-22] [INFO] [1789372549.435151196] [amr_4_bridge]: Passing message from ROS geometry_msgs/msg/Twist to Gazebo gz.msgs.Twist (showing msg only once per type)
[cbba_node-26] [INFO] [1789372549.707423705] [amr_1.cbba_node]: Committed task task_m9_v1_w15_0001 assignment to amr_1
[task_manager-24] [INFO] [1789372549.708387896] [amr_task_manager]: Task 'task_m9_v1_w15_0001' transitioned to ASSIGNED
[cbba_node-26] [INFO] [1789372549.708732230] [amr_1.cbba_node]: Committed task task_m9_v1_w15_0006 assignment to amr_1
[cbba_node-26] [INFO] [1789372549.709961218] [amr_1.cbba_node]: Committed task task_m9_v1_w15_0011 assignment to amr_1
[task_manager-24] [INFO] [1789372549.710864162] [amr_task_manager]: Task 'task_m9_v1_w15_0006' transitioned to ASSIGNED
[task_manager-24] [INFO] [1789372549.712898022] [amr_task_manager]: Task 'task_m9_v1_w15_0011' transitioned to ASSIGNED
[task_manager-24] [INFO] [1789372549.752828286] [amr_task_manager]: Task 'task_m9_v1_w15_0002' transitioned to ASSIGNED
[cbba_node-27] [INFO] [1789372549.752833766] [amr_2.cbba_node]: Committed task task_m9_v1_w15_0002 assignment to amr_2
[task_manager-24] [INFO] [1789372549.754051504] [amr_task_manager]: Task 'task_m9_v1_w15_0007' transitioned to ASSIGNED
[cbba_node-27] [INFO] [1789372549.754177191] [amr_2.cbba_node]: Committed task task_m9_v1_w15_0007 assignment to amr_2
[task_manager-24] [INFO] [1789372549.755212125] [amr_task_manager]: Task 'task_m9_v1_w15_0012' transitioned to ASSIGNED
[cbba_node-27] [INFO] [1789372549.755433419] [amr_2.cbba_node]: Committed task task_m9_v1_w15_0012 assignment to amr_2
[task_manager-24] [INFO] [1789372549.854375628] [amr_task_manager]: Task 'task_m9_v1_w15_0015' transitioned to ASSIGNED
[cbba_node-25] [INFO] [1789372549.855833872] [amr_0.cbba_node]: Committed task task_m9_v1_w15_0015 assignment to amr_0
[cbba_node-25] [INFO] [1789372549.856791103] [amr_0.cbba_node]: Committed task task_m9_v1_w15_0005 assignment to amr_0
[task_manager-24] [INFO] [1789372549.856947631] [amr_task_manager]: Task 'task_m9_v1_w15_0005' transitioned to ASSIGNED
[cbba_node-25] [INFO] [1789372549.857694991] [amr_0.cbba_node]: Committed task task_m9_v1_w15_0010 assignment to amr_0
[task_manager-24] [INFO] [1789372549.858313367] [amr_task_manager]: Task 'task_m9_v1_w15_0010' transitioned to ASSIGNED
[cbba_node-28] [INFO] [1789372549.873200269] [amr_3.cbba_node]: Committed task task_m9_v1_w15_0003 assignment to amr_3
[task_manager-24] [INFO] [1789372549.873934322] [amr_task_manager]: Task 'task_m9_v1_w15_0003' transitioned to ASSIGNED
[cbba_node-28] [INFO] [1789372549.874882986] [amr_3.cbba_node]: Committed task task_m9_v1_w15_0008 assignment to amr_3
[task_manager-24] [INFO] [1789372549.875616358] [amr_task_manager]: Task 'task_m9_v1_w15_0008' transitioned to ASSIGNED
[cbba_node-28] [INFO] [1789372549.875981784] [amr_3.cbba_node]: Committed task task_m9_v1_w15_0013 assignment to amr_3
[task_manager-24] [INFO] [1789372549.877975328] [amr_task_manager]: Task 'task_m9_v1_w15_0013' transitioned to ASSIGNED
[task_manager-24] [INFO] [1789372549.901774202] [amr_task_manager]: Task 'task_m9_v1_w15_0004' transitioned to ASSIGNED
[cbba_node-29] [INFO] [1789372549.901974927] [amr_4.cbba_node]: Committed task task_m9_v1_w15_0004 assignment to amr_4
[task_manager-24] [INFO] [1789372549.903982549] [amr_task_manager]: Task 'task_m9_v1_w15_0009' transitioned to ASSIGNED
[cbba_node-29] [INFO] [1789372549.904394579] [amr_4.cbba_node]: Committed task task_m9_v1_w15_0009 assignment to amr_4
[cbba_node-29] [INFO] [1789372549.907097311] [amr_4.cbba_node]: Committed task task_m9_v1_w15_0014 assignment to amr_4
[task_manager-24] [INFO] [1789372549.908675317] [amr_task_manager]: Task 'task_m9_v1_w15_0014' transitioned to ASSIGNED
[rh_node-34] [INFO] [1789372562.934443136] [amr_4.rh_node]: [amr_4] Reached pickup for task 'task_m9_v1_w15_0014'. Moving to dropoff.
[task_manager-24] [INFO] [1789372562.937255402] [amr_task_manager]: Task 'task_m9_v1_w15_0014' transitioned to IN_PROGRESS
[rh_node-31] [INFO] [1789372565.797528312] [amr_1.rh_node]: [amr_1] Pruned expired reservations for peers: ['amr_0']
[rh_node-34] [INFO] [1789372565.935848940] [amr_4.rh_node]: [amr_4] Pruned expired reservations for peers: ['amr_0']
[rh_node-33] [INFO] [1789372565.984144387] [amr_3.rh_node]: [amr_3] Pruned expired reservations for peers: ['amr_0']
[rh_node-32] [INFO] [1789372565.988637853] [amr_2.rh_node]: [amr_2] Pruned expired reservations for peers: ['amr_0']
[rh_node-31] [INFO] [1789372566.297082104] [amr_1.rh_node]: [amr_1] Pruned expired reservations for peers: ['amr_0']
[rh_node-34] [INFO] [1789372566.435860022] [amr_4.rh_node]: [amr_4] Pruned expired reservations for peers: ['amr_0']
[rh_node-33] [INFO] [1789372566.484169641] [amr_3.rh_node]: [amr_3] Pruned expired reservations for peers: ['amr_0']
[rh_node-32] [INFO] [1789372566.488240681] [amr_2.rh_node]: [amr_2] Pruned expired reservations for peers: ['amr_0']
[rh_node-31] [INFO] [1789372566.796980651] [amr_1.rh_node]: [amr_1] Pruned expired reservations for peers: ['amr_0']
[rh_node-34] [INFO] [1789372566.935647757] [amr_4.rh_node]: [amr_4] Pruned expired reservations for peers: ['amr_0']
[rh_node-33] [INFO] [1789372566.984358602] [amr_3.rh_node]: [amr_3] Pruned expired reservations for peers: ['amr_0']
[rh_node-32] [INFO] [1789372566.988131145] [amr_2.rh_node]: [amr_2] Pruned expired reservations for peers: ['amr_0']
[rh_node-31] [INFO] [1789372567.297208810] [amr_1.rh_node]: [amr_1] Pruned expired reservations for peers: ['amr_0']
[rh_node-34] [INFO] [1789372567.436703305] [amr_4.rh_node]: [amr_4] Pruned expired reservations for peers: ['amr_0']
[rh_node-33] [INFO] [1789372567.484795013] [amr_3.rh_node]: [amr_3] Pruned expired reservations for peers: ['amr_0']
[rh_node-32] [INFO] [1789372567.488918043] [amr_2.rh_node]: [amr_2] Pruned expired reservations for peers: ['amr_0']
[rh_node-31] [INFO] [1789372567.797205047] [amr_1.rh_node]: [amr_1] Pruned expired reservations for peers: ['amr_0']
[rh_node-34] [INFO] [1789372567.937416653] [amr_4.rh_node]: [amr_4] Pruned expired reservations for peers: ['amr_0']
[rh_node-33] [INFO] [1789372567.984252154] [amr_3.rh_node]: [amr_3] Pruned expired reservations for peers: ['amr_0']
[rh_node-32] [INFO] [1789372567.988401673] [amr_2.rh_node]: [amr_2] Pruned expired reservations for peers: ['amr_0']
[rh_node-31] [INFO] [1789372568.296507330] [amr_1.rh_node]: [amr_1] Pruned expired reservations for peers: ['amr_0']
[rh_node-34] [INFO] [1789372568.436601196] [amr_4.rh_node]: [amr_4] Pruned expired reservations for peers: ['amr_0']
[rh_node-33] [INFO] [1789372568.485598313] [amr_3.rh_node]: [amr_3] Pruned expired reservations for peers: ['amr_0']
[rh_node-32] [INFO] [1789372568.487982342] [amr_2.rh_node]: [amr_2] Pruned expired reservations for peers: ['amr_0']
[rh_node-31] [INFO] [1789372568.795703351] [amr_1.rh_node]: [amr_1] Pruned expired reservations for peers: ['amr_0']
[rh_node-34] [INFO] [1789372568.935243344] [amr_4.rh_node]: [amr_4] Pruned expired reservations for peers: ['amr_0']
[rh_node-33] [INFO] [1789372568.984042527] [amr_3.rh_node]: [amr_3] Pruned expired reservations for peers: ['amr_0']
[rh_node-32] [INFO] [1789372568.988426104] [amr_2.rh_node]: [amr_2] Pruned expired reservations for peers: ['amr_0']
[rh_node-31] [INFO] [1789372569.295795764] [amr_1.rh_node]: [amr_1] Pruned expired reservations for peers: ['amr_0']
[rh_node-34] [INFO] [1789372569.435256869] [amr_4.rh_node]: [amr_4] Pruned expired reservations for peers: ['amr_0']
[rh_node-33] [INFO] [1789372569.485087436] [amr_3.rh_node]: [amr_3] Pruned expired reservations for peers: ['amr_0']
[rh_node-32] [INFO] [1789372569.487828318] [amr_2.rh_node]: [amr_2] Pruned expired reservations for peers: ['amr_0']
[rh_node-31] [INFO] [1789372569.796640923] [amr_1.rh_node]: [amr_1] Pruned expired reservations for peers: ['amr_0']
[rh_node-34] [INFO] [1789372569.936126567] [amr_4.rh_node]: [amr_4] Pruned expired reservations for peers: ['amr_0']
[rh_node-33] [INFO] [1789372569.986146328] [amr_3.rh_node]: [amr_3] Pruned expired reservations for peers: ['amr_0']
[rh_node-32] [INFO] [1789372569.988205809] [amr_2.rh_node]: [amr_2] Pruned expired reservations for peers: ['amr_0']
[rh_node-31] [INFO] [1789372570.297221147] [amr_1.rh_node]: [amr_1] Pruned expired reservations for peers: ['amr_0']
[rh_node-34] [INFO] [1789372570.435945030] [amr_4.rh_node]: [amr_4] Pruned expired reservations for peers: ['amr_0']
[rh_node-33] [INFO] [1789372570.484817655] [amr_3.rh_node]: [amr_3] Pruned expired reservations for peers: ['amr_0']
[rh_node-32] [INFO] [1789372570.489442448] [amr_2.rh_node]: [amr_2] Pruned expired reservations for peers: ['amr_0']
[rh_node-31] [INFO] [1789372570.795955455] [amr_1.rh_node]: [amr_1] Pruned expired reservations for peers: ['amr_0']
[rh_node-34] [INFO] [1789372570.936492824] [amr_4.rh_node]: [amr_4] Pruned expired reservations for peers: ['amr_0']
[rh_node-33] [INFO] [1789372570.985063071] [amr_3.rh_node]: [amr_3] Pruned expired reservations for peers: ['amr_0']
[rh_node-32] [INFO] [1789372570.989482513] [amr_2.rh_node]: [amr_2] Pruned expired reservations for peers: ['amr_0']
[rh_node-31] [INFO] [1789372571.295659894] [amr_1.rh_node]: [amr_1] Pruned expired reservations for peers: ['amr_0']
[rh_node-34] [INFO] [1789372571.435288595] [amr_4.rh_node]: [amr_4] Pruned expired reservations for peers: ['amr_0']
[rh_node-33] [INFO] [1789372571.484182564] [amr_3.rh_node]: [amr_3] Pruned expired reservations for peers: ['amr_0']
[rh_node-32] [INFO] [1789372571.488110160] [amr_2.rh_node]: [amr_2] Pruned expired reservations for peers: ['amr_0']
[rh_node-31] [INFO] [1789372571.797177761] [amr_1.rh_node]: [amr_1] Pruned expired reservations for peers: ['amr_0']
[rh_node-34] [INFO] [1789372571.935209310] [amr_4.rh_node]: [amr_4] Pruned expired reservations for peers: ['amr_0']
[rh_node-33] [INFO] [1789372571.984776261] [amr_3.rh_node]: [amr_3] Pruned expired reservations for peers: ['amr_0']
[rh_node-32] [INFO] [1789372571.988147884] [amr_2.rh_node]: [amr_2] Pruned expired reservations for peers: ['amr_0']
[rh_node-31] [INFO] [1789372572.296008885] [amr_1.rh_node]: [amr_1] Pruned expired reservations for peers: ['amr_0']
[rh_node-34] [INFO] [1789372572.436062353] [amr_4.rh_node]: [amr_4] Pruned expired reservations for peers: ['amr_0']
[rh_node-33] [INFO] [1789372572.484986881] [amr_3.rh_node]: [amr_3] Pruned expired reservations for peers: ['amr_0']
[rh_node-32] [INFO] [1789372572.488771608] [amr_2.rh_node]: [amr_2] Pruned expired reservations for peers: ['amr_0']
[rh_node-31] [INFO] [1789372572.796665682] [amr_1.rh_node]: [amr_1] Pruned expired reservations for peers: ['amr_0']
[rh_node-34] [INFO] [1789372572.936731776] [amr_4.rh_node]: [amr_4] Pruned expired reservations for peers: ['amr_0']
[rh_node-33] [INFO] [1789372572.984948041] [amr_3.rh_node]: [amr_3] Pruned expired reservations for peers: ['amr_0']
[rh_node-32] [INFO] [1789372572.989470307] [amr_2.rh_node]: [amr_2] Pruned expired reservations for peers: ['amr_0']
[rh_node-31] [INFO] [1789372573.297628209] [amr_1.rh_node]: [amr_1] Pruned expired reservations for peers: ['amr_0']
[rh_node-34] [INFO] [1789372573.436423803] [amr_4.rh_node]: [amr_4] Pruned expired reservations for peers: ['amr_0']
[rh_node-33] [INFO] [1789372573.484962334] [amr_3.rh_node]: [amr_3] Pruned expired reservations for peers: ['amr_0']
[rh_node-32] [INFO] [1789372573.489469494] [amr_2.rh_node]: [amr_2] Pruned expired reservations for peers: ['amr_0']
[rh_node-31] [INFO] [1789372573.795668271] [amr_1.rh_node]: [amr_1] Pruned expired reservations for peers: ['amr_0']
[rh_node-34] [INFO] [1789372573.935688826] [amr_4.rh_node]: [amr_4] Pruned expired reservations for peers: ['amr_0']
[rh_node-33] [INFO] [1789372573.984880324] [amr_3.rh_node]: [amr_3] Pruned expired reservations for peers: ['amr_0']
[rh_node-32] [INFO] [1789372573.989446273] [amr_2.rh_node]: [amr_2] Pruned expired reservations for peers: ['amr_0']
[rh_node-31] [INFO] [1789372574.296649949] [amr_1.rh_node]: [amr_1] Pruned expired reservations for peers: ['amr_0']
[rh_node-34] [INFO] [1789372574.435610744] [amr_4.rh_node]: [amr_4] Pruned expired reservations for peers: ['amr_0']
[rh_node-33] [INFO] [1789372574.485071029] [amr_3.rh_node]: [amr_3] Pruned expired reservations for peers: ['amr_0']
[rh_node-32] [INFO] [1789372574.487929027] [amr_2.rh_node]: [amr_2] Pruned expired reservations for peers: ['amr_0']
[rh_node-31] [INFO] [1789372574.796120374] [amr_1.rh_node]: [amr_1] Pruned expired reservations for peers: ['amr_0']
[rh_node-34] [INFO] [1789372574.934953948] [amr_4.rh_node]: [amr_4] Pruned expired reservations for peers: ['amr_0']
[rh_node-33] [INFO] [1789372574.984978671] [amr_3.rh_node]: [amr_3] Pruned expired reservations for peers: ['amr_0']
[rh_node-32] [INFO] [1789372574.988599163] [amr_2.rh_node]: [amr_2] Pruned expired reservations for peers: ['amr_0']
[rh_node-31] [INFO] [1789372575.295900642] [amr_1.rh_node]: [amr_1] Pruned expired reservations for peers: ['amr_0']
[rh_node-34] [INFO] [1789372575.435069606] [amr_4.rh_node]: [amr_4] Pruned expired reservations for peers: ['amr_0']
[rh_node-33] [INFO] [1789372575.485492797] [amr_3.rh_node]: [amr_3] Pruned expired reservations for peers: ['amr_0']
[rh_node-32] [INFO] [1789372575.488331884] [amr_2.rh_node]: [amr_2] Pruned expired reservations for peers: ['amr_0']
[rh_node-31] [INFO] [1789372575.795985383] [amr_1.rh_node]: [amr_1] Pruned expired reservations for peers: ['amr_0']
[rh_node-34] [INFO] [1789372575.935968599] [amr_4.rh_node]: [amr_4] Pruned expired reservations for peers: ['amr_0']
[rh_node-33] [INFO] [1789372575.985933465] [amr_3.rh_node]: [amr_3] Pruned expired reservations for peers: ['amr_0']
[rh_node-32] [INFO] [1789372575.988706332] [amr_2.rh_node]: [amr_2] Pruned expired reservations for peers: ['amr_0']
[rh_node-31] [INFO] [1789372576.296482121] [amr_1.rh_node]: [amr_1] Pruned expired reservations for peers: ['amr_0']
[rh_node-34] [INFO] [1789372576.435511362] [amr_4.rh_node]: [amr_4] Pruned expired reservations for peers: ['amr_0']
[rh_node-33] [INFO] [1789372576.484674488] [amr_3.rh_node]: [amr_3] Pruned expired reservations for peers: ['amr_0']
[rh_node-32] [INFO] [1789372576.487930382] [amr_2.rh_node]: [amr_2] Pruned expired reservations for peers: ['amr_0']
[rh_node-31] [INFO] [1789372576.796351401] [amr_1.rh_node]: [amr_1] Pruned expired reservations for peers: ['amr_0']
[rh_node-34] [INFO] [1789372576.935401625] [amr_4.rh_node]: [amr_4] Pruned expired reservations for peers: ['amr_0']
[rh_node-33] [INFO] [1789372576.984767480] [amr_3.rh_node]: [amr_3] Pruned expired reservations for peers: ['amr_0']
[rh_node-32] [INFO] [1789372576.988046477] [amr_2.rh_node]: [amr_2] Pruned expired reservations for peers: ['amr_0']
[rh_node-31] [INFO] [1789372577.295629490] [amr_1.rh_node]: [amr_1] Pruned expired reservations for peers: ['amr_0']
[rh_node-34] [INFO] [1789372577.436122834] [amr_4.rh_node]: [amr_4] Pruned expired reservations for peers: ['amr_0']
[rh_node-33] [INFO] [1789372577.484003548] [amr_3.rh_node]: [amr_3] Pruned expired reservations for peers: ['amr_0']
[rh_node-32] [INFO] [1789372577.487873507] [amr_2.rh_node]: [amr_2] Pruned expired reservations for peers: ['amr_0']
[rh_node-31] [INFO] [1789372577.795751501] [amr_1.rh_node]: [amr_1] Pruned expired reservations for peers: ['amr_0']
[rh_node-34] [INFO] [1789372577.935333619] [amr_4.rh_node]: [amr_4] Pruned expired reservations for peers: ['amr_0']
[rh_node-33] [INFO] [1789372577.984001851] [amr_3.rh_node]: [amr_3] Pruned expired reservations for peers: ['amr_0']
[rh_node-32] [INFO] [1789372577.988564940] [amr_2.rh_node]: [amr_2] Pruned expired reservations for peers: ['amr_0']
[rh_node-31] [INFO] [1789372578.296081565] [amr_1.rh_node]: [amr_1] Pruned expired reservations for peers: ['amr_0']
[rh_node-34] [INFO] [1789372578.435254824] [amr_4.rh_node]: [amr_4] Pruned expired reservations for peers: ['amr_0']
[rh_node-33] [INFO] [1789372578.485023309] [amr_3.rh_node]: [amr_3] Pruned expired reservations for peers: ['amr_0']
[rh_node-32] [INFO] [1789372578.488411224] [amr_2.rh_node]: [amr_2] Pruned expired reservations for peers: ['amr_0']
[rh_node-31] [INFO] [1789372578.797220098] [amr_1.rh_node]: [amr_1] Pruned expired reservations for peers: ['amr_0']
[rh_node-34] [INFO] [1789372578.935161456] [amr_4.rh_node]: [amr_4] Pruned expired reservations for peers: ['amr_0']
[rh_node-33] [INFO] [1789372578.986000290] [amr_3.rh_node]: [amr_3] Pruned expired reservations for peers: ['amr_0']
[rh_node-32] [INFO] [1789372578.988615467] [amr_2.rh_node]: [amr_2] Pruned expired reservations for peers: ['amr_0']
[rh_node-31] [INFO] [1789372579.295771855] [amr_1.rh_node]: [amr_1] Pruned expired reservations for peers: ['amr_0']
[rh_node-34] [INFO] [1789372579.436055337] [amr_4.rh_node]: [amr_4] Pruned expired reservations for peers: ['amr_0']
[rh_node-33] [INFO] [1789372579.483723555] [amr_3.rh_node]: [amr_3] Pruned expired reservations for peers: ['amr_0']
[rh_node-32] [INFO] [1789372579.489246445] [amr_2.rh_node]: [amr_2] Pruned expired reservations for peers: ['amr_0']
[rh_node-31] [INFO] [1789372579.796581812] [amr_1.rh_node]: [amr_1] Pruned expired reservations for peers: ['amr_0']
[rh_node-34] [INFO] [1789372579.935512039] [amr_4.rh_node]: [amr_4] Pruned expired reservations for peers: ['amr_0']
[rh_node-33] [INFO] [1789372579.983997123] [amr_3.rh_node]: [amr_3] Pruned expired reservations for peers: ['amr_0']
[rh_node-32] [INFO] [1789372579.987845409] [amr_2.rh_node]: [amr_2] Pruned expired reservations for peers: ['amr_0']
[rh_node-31] [INFO] [1789372580.296579257] [amr_1.rh_node]: [amr_1] Pruned expired reservations for peers: ['amr_0']
[rh_node-34] [INFO] [1789372580.435740976] [amr_4.rh_node]: [amr_4] Pruned expired reservations for peers: ['amr_0']
[rh_node-33] [INFO] [1789372580.484806846] [amr_3.rh_node]: [amr_3] Pruned expired reservations for peers: ['amr_0']
[rh_node-32] [INFO] [1789372580.488546443] [amr_2.rh_node]: [amr_2] Pruned expired reservations for peers: ['amr_0']
[rh_node-31] [INFO] [1789372580.795601695] [amr_1.rh_node]: [amr_1] Pruned expired reservations for peers: ['amr_0']
[rh_node-34] [INFO] [1789372580.935795051] [amr_4.rh_node]: [amr_4] Pruned expired reservations for peers: ['amr_0']
[rh_node-33] [INFO] [1789372580.984972989] [amr_3.rh_node]: [amr_3] Pruned expired reservations for peers: ['amr_0']
[rh_node-32] [INFO] [1789372580.989526753] [amr_2.rh_node]: [amr_2] Pruned expired reservations for peers: ['amr_0']
[rh_node-31] [INFO] [1789372581.296288265] [amr_1.rh_node]: [amr_1] Pruned expired reservations for peers: ['amr_0']
[rh_node-34] [INFO] [1789372581.435093443] [amr_4.rh_node]: [amr_4] Pruned expired reservations for peers: ['amr_0']
[rh_node-33] [INFO] [1789372581.484016036] [amr_3.rh_node]: [amr_3] Pruned expired reservations for peers: ['amr_0']
[rh_node-32] [INFO] [1789372581.488690900] [amr_2.rh_node]: [amr_2] Pruned expired reservations for peers: ['amr_0']
[rh_node-31] [INFO] [1789372581.795817744] [amr_1.rh_node]: [amr_1] Pruned expired reservations for peers: ['amr_0']
[rh_node-34] [INFO] [1789372581.935533423] [amr_4.rh_node]: [amr_4] Pruned expired reservations for peers: ['amr_0']
[rh_node-33] [INFO] [1789372581.984858683] [amr_3.rh_node]: [amr_3] Pruned expired reservations for peers: ['amr_0']
[rh_node-32] [INFO] [1789372581.987789384] [amr_2.rh_node]: [amr_2] Pruned expired reservations for peers: ['amr_0']
[rh_node-31] [INFO] [1789372582.295944824] [amr_1.rh_node]: [amr_1] Pruned expired reservations for peers: ['amr_0']
[rh_node-34] [INFO] [1789372582.436217287] [amr_4.rh_node]: [amr_4] Pruned expired reservations for peers: ['amr_0']
[rh_node-33] [INFO] [1789372582.484974000] [amr_3.rh_node]: [amr_3] Pruned expired reservations for peers: ['amr_0']
[rh_node-32] [INFO] [1789372582.488141024] [amr_2.rh_node]: [amr_2] Pruned expired reservations for peers: ['amr_0']
[rh_node-31] [INFO] [1789372582.796865697] [amr_1.rh_node]: [amr_1] Pruned expired reservations for peers: ['amr_0']
[rh_node-34] [INFO] [1789372582.935020015] [amr_4.rh_node]: [amr_4] Pruned expired reservations for peers: ['amr_0']
[rh_node-33] [INFO] [1789372582.983960656] [amr_3.rh_node]: [amr_3] Pruned expired reservations for peers: ['amr_0']
[rh_node-32] [INFO] [1789372582.988084638] [amr_2.rh_node]: [amr_2] Pruned expired reservations for peers: ['amr_0']
[rh_node-31] [INFO] [1789372583.296507843] [amr_1.rh_node]: [amr_1] Pruned expired reservations for peers: ['amr_0']
[rh_node-34] [INFO] [1789372583.435289370] [amr_4.rh_node]: [amr_4] Pruned expired reservations for peers: ['amr_0']
[rh_node-33] [INFO] [1789372583.484119928] [amr_3.rh_node]: [amr_3] Pruned expired reservations for peers: ['amr_0']
[rh_node-32] [INFO] [1789372583.488519511] [amr_2.rh_node]: [amr_2] Pruned expired reservations for peers: ['amr_0']
[rh_node-31] [INFO] [1789372583.796658452] [amr_1.rh_node]: [amr_1] Pruned expired reservations for peers: ['amr_0']
[rh_node-34] [INFO] [1789372583.935107151] [amr_4.rh_node]: [amr_4] Pruned expired reservations for peers: ['amr_0']
[rh_node-33] [INFO] [1789372583.984851219] [amr_3.rh_node]: [amr_3] Pruned expired reservations for peers: ['amr_0']
[rh_node-32] [INFO] [1789372583.987930400] [amr_2.rh_node]: [amr_2] Pruned expired reservations for peers: ['amr_0']
[rh_node-31] [INFO] [1789372584.295650369] [amr_1.rh_node]: [amr_1] Pruned expired reservations for peers: ['amr_0']
[rh_node-34] [INFO] [1789372584.435123343] [amr_4.rh_node]: [amr_4] Pruned expired reservations for peers: ['amr_0']
[rh_node-33] [INFO] [1789372584.485928467] [amr_3.rh_node]: [amr_3] Pruned expired reservations for peers: ['amr_0']
[rh_node-32] [INFO] [1789372584.490140650] [amr_2.rh_node]: [amr_2] Pruned expired reservations for peers: ['amr_0']
[rh_node-31] [INFO] [1789372584.796634042] [amr_1.rh_node]: [amr_1] Pruned expired reservations for peers: ['amr_0']
[rh_node-34] [INFO] [1789372584.936495694] [amr_4.rh_node]: [amr_4] Pruned expired reservations for peers: ['amr_0']
[rh_node-33] [INFO] [1789372584.984039924] [amr_3.rh_node]: [amr_3] Pruned expired reservations for peers: ['amr_0']
[rh_node-32] [INFO] [1789372584.987852109] [amr_2.rh_node]: [amr_2] Pruned expired reservations for peers: ['amr_0']
[rh_node-31] [INFO] [1789372585.297290403] [amr_1.rh_node]: [amr_1] Pruned expired reservations for peers: ['amr_0']
[rh_node-34] [INFO] [1789372585.435527619] [amr_4.rh_node]: [amr_4] Pruned expired reservations for peers: ['amr_0']
[rh_node-33] [INFO] [1789372585.484024549] [amr_3.rh_node]: [amr_3] Pruned expired reservations for peers: ['amr_0']
[rh_node-32] [INFO] [1789372585.487841141] [amr_2.rh_node]: [amr_2] Pruned expired reservations for peers: ['amr_0']
[rh_node-31] [INFO] [1789372585.796250489] [amr_1.rh_node]: [amr_1] Pruned expired reservations for peers: ['amr_0']
[rh_node-34] [INFO] [1789372585.934988043] [amr_4.rh_node]: [amr_4] Pruned expired reservations for peers: ['amr_0']
[rh_node-33] [INFO] [1789372585.984991088] [amr_3.rh_node]: [amr_3] Pruned expired reservations for peers: ['amr_0']
[rh_node-32] [INFO] [1789372585.988741215] [amr_2.rh_node]: [amr_2] Pruned expired reservations for peers: ['amr_0']
[rh_node-31] [INFO] [1789372586.295968352] [amr_1.rh_node]: [amr_1] Pruned expired reservations for peers: ['amr_0']
[rh_node-34] [INFO] [1789372586.435110522] [amr_4.rh_node]: [amr_4] Pruned expired reservations for peers: ['amr_0']
[rh_node-33] [INFO] [1789372586.484359154] [amr_3.rh_node]: [amr_3] Pruned expired reservations for peers: ['amr_0']
[rh_node-32] [INFO] [1789372586.487732884] [amr_2.rh_node]: [amr_2] Pruned expired reservations for peers: ['amr_0']
[rh_node-31] [INFO] [1789372586.796951029] [amr_1.rh_node]: [amr_1] Pruned expired reservations for peers: ['amr_0']
[rh_node-34] [INFO] [1789372586.935102953] [amr_4.rh_node]: [amr_4] Pruned expired reservations for peers: ['amr_0']
[rh_node-33] [INFO] [1789372586.984106650] [amr_3.rh_node]: [amr_3] Pruned expired reservations for peers: ['amr_0']
[rh_node-32] [INFO] [1789372586.988578291] [amr_2.rh_node]: [amr_2] Pruned expired reservations for peers: ['amr_0']
[rh_node-31] [INFO] [1789372587.295551577] [amr_1.rh_node]: [amr_1] Pruned expired reservations for peers: ['amr_0']
[rh_node-34] [INFO] [1789372587.435150785] [amr_4.rh_node]: [amr_4] Pruned expired reservations for peers: ['amr_0']
[rh_node-33] [INFO] [1789372587.484794914] [amr_3.rh_node]: [amr_3] Pruned expired reservations for peers: ['amr_0']
[rh_node-32] [INFO] [1789372587.489067886] [amr_2.rh_node]: [amr_2] Pruned expired reservations for peers: ['amr_0']
[rh_node-31] [INFO] [1789372587.796984470] [amr_1.rh_node]: [amr_1] Pruned expired reservations for peers: ['amr_0']
[rh_node-34] [INFO] [1789372587.936758365] [amr_4.rh_node]: [amr_4] Pruned expired reservations for peers: ['amr_0']
[rh_node-33] [INFO] [1789372587.984849893] [amr_3.rh_node]: [amr_3] Pruned expired reservations for peers: ['amr_0']
[rh_node-32] [INFO] [1789372587.989954997] [amr_2.rh_node]: [amr_2] Pruned expired reservations for peers: ['amr_0']
[rh_node-31] [INFO] [1789372588.295677551] [amr_1.rh_node]: [amr_1] Pruned expired reservations for peers: ['amr_0']
[rh_node-34] [INFO] [1789372588.435592669] [amr_4.rh_node]: [amr_4] Pruned expired reservations for peers: ['amr_0']
[rh_node-33] [INFO] [1789372588.484114381] [amr_3.rh_node]: [amr_3] Pruned expired reservations for peers: ['amr_0']
[rh_node-32] [INFO] [1789372588.488435062] [amr_2.rh_node]: [amr_2] Pruned expired reservations for peers: ['amr_0']
[rh_node-31] [INFO] [1789372588.796203290] [amr_1.rh_node]: [amr_1] Pruned expired reservations for peers: ['amr_0']
[rh_node-34] [INFO] [1789372588.935670062] [amr_4.rh_node]: [amr_4] Pruned expired reservations for peers: ['amr_0']
[rh_node-33] [INFO] [1789372588.985617725] [amr_3.rh_node]: [amr_3] Pruned expired reservations for peers: ['amr_0']
[rh_node-32] [INFO] [1789372588.987956006] [amr_2.rh_node]: [amr_2] Pruned expired reservations for peers: ['amr_0']
[rh_node-31] [INFO] [1789372589.295737322] [amr_1.rh_node]: [amr_1] Pruned expired reservations for peers: ['amr_0']
[rh_node-34] [INFO] [1789372589.435056741] [amr_4.rh_node]: [amr_4] Pruned expired reservations for peers: ['amr_0']
[rh_node-33] [INFO] [1789372589.485638493] [amr_3.rh_node]: [amr_3] Pruned expired reservations for peers: ['amr_0']
[rh_node-32] [INFO] [1789372589.488714909] [amr_2.rh_node]: [amr_2] Pruned expired reservations for peers: ['amr_0']
[rh_node-31] [INFO] [1789372589.795609362] [amr_1.rh_node]: [amr_1] Pruned expired reservations for peers: ['amr_0']
[rh_node-34] [INFO] [1789372589.935676345] [amr_4.rh_node]: [amr_4] Pruned expired reservations for peers: ['amr_0']
[rh_node-33] [INFO] [1789372589.985588427] [amr_3.rh_node]: [amr_3] Pruned expired reservations for peers: ['amr_0']
[rh_node-32] [INFO] [1789372589.988935253] [amr_2.rh_node]: [amr_2] Pruned expired reservations for peers: ['amr_0']
[rh_node-31] [INFO] [1789372590.296267525] [amr_1.rh_node]: [amr_1] Pruned expired reservations for peers: ['amr_0']
[rh_node-34] [INFO] [1789372590.437321535] [amr_4.rh_node]: [amr_4] Pruned expired reservations for peers: ['amr_0']
[rh_node-33] [INFO] [1789372590.485320353] [amr_3.rh_node]: [amr_3] Pruned expired reservations for peers: ['amr_0']
[rh_node-32] [INFO] [1789372590.488107700] [amr_2.rh_node]: [amr_2] Pruned expired reservations for peers: ['amr_0']
[rh_node-31] [INFO] [1789372590.795698546] [amr_1.rh_node]: [amr_1] Pruned expired reservations for peers: ['amr_0']
[rh_node-34] [INFO] [1789372590.935670103] [amr_4.rh_node]: [amr_4] Pruned expired reservations for peers: ['amr_0']
[rh_node-33] [INFO] [1789372590.985536421] [amr_3.rh_node]: [amr_3] Pruned expired reservations for peers: ['amr_0']
[rh_node-32] [INFO] [1789372590.988436388] [amr_2.rh_node]: [amr_2] Pruned expired reservations for peers: ['amr_0']
[rh_node-31] [INFO] [1789372591.296627913] [amr_1.rh_node]: [amr_1] Pruned expired reservations for peers: ['amr_0']
[rh_node-34] [INFO] [1789372591.435407431] [amr_4.rh_node]: [amr_4] Pruned expired reservations for peers: ['amr_0']
[rh_node-33] [INFO] [1789372591.484866481] [amr_3.rh_node]: [amr_3] Pruned expired reservations for peers: ['amr_0']
[rh_node-32] [INFO] [1789372591.488058082] [amr_2.rh_node]: [amr_2] Pruned expired reservations for peers: ['amr_0']
[rh_node-31] [INFO] [1789372591.796251785] [amr_1.rh_node]: [amr_1] Pruned expired reservations for peers: ['amr_0']
[rh_node-34] [INFO] [1789372591.935351816] [amr_4.rh_node]: [amr_4] Pruned expired reservations for peers: ['amr_0']
[rh_node-33] [INFO] [1789372591.985639714] [amr_3.rh_node]: [amr_3] Pruned expired reservations for peers: ['amr_0']
[rh_node-32] [INFO] [1789372591.987790358] [amr_2.rh_node]: [amr_2] Pruned expired reservations for peers: ['amr_0']
[rh_node-31] [INFO] [1789372592.295780556] [amr_1.rh_node]: [amr_1] Pruned expired reservations for peers: ['amr_0']
[rh_node-34] [INFO] [1789372592.435426359] [amr_4.rh_node]: [amr_4] Pruned expired reservations for peers: ['amr_0']
[rh_node-33] [INFO] [1789372592.484657111] [amr_3.rh_node]: [amr_3] Pruned expired reservations for peers: ['amr_0']
[rh_node-32] [INFO] [1789372592.487771055] [amr_2.rh_node]: [amr_2] Pruned expired reservations for peers: ['amr_0']
[rh_node-31] [INFO] [1789372592.796265918] [amr_1.rh_node]: [amr_1] Pruned expired reservations for peers: ['amr_0']
[rh_node-34] [INFO] [1789372592.935180757] [amr_4.rh_node]: [amr_4] Pruned expired reservations for peers: ['amr_0']
[rh_node-33] [INFO] [1789372592.985273845] [amr_3.rh_node]: [amr_3] Pruned expired reservations for peers: ['amr_0']
[rh_node-32] [INFO] [1789372592.988017343] [amr_2.rh_node]: [amr_2] Pruned expired reservations for peers: ['amr_0']
[rh_node-31] [INFO] [1789372593.296596875] [amr_1.rh_node]: [amr_1] Pruned expired reservations for peers: ['amr_0']
[rh_node-34] [INFO] [1789372593.436145656] [amr_4.rh_node]: [amr_4] Pruned expired reservations for peers: ['amr_0']
[rh_node-33] [INFO] [1789372593.483824916] [amr_3.rh_node]: [amr_3] Pruned expired reservations for peers: ['amr_0']
[rh_node-32] [INFO] [1789372593.487840077] [amr_2.rh_node]: [amr_2] Pruned expired reservations for peers: ['amr_0']
[rh_node-31] [INFO] [1789372593.795665256] [amr_1.rh_node]: [amr_1] Pruned expired reservations for peers: ['amr_0']
[rh_node-34] [INFO] [1789372593.935579232] [amr_4.rh_node]: [amr_4] Pruned expired reservations for peers: ['amr_0']
[rh_node-33] [INFO] [1789372593.984058797] [amr_3.rh_node]: [amr_3] Pruned expired reservations for peers: ['amr_0']
[rh_node-32] [INFO] [1789372593.988432879] [amr_2.rh_node]: [amr_2] Pruned expired reservations for peers: ['amr_0']
[rh_node-31] [INFO] [1789372594.296925195] [amr_1.rh_node]: [amr_1] Pruned expired reservations for peers: ['amr_0']
[rh_node-34] [INFO] [1789372594.434845960] [amr_4.rh_node]: [amr_4] Pruned expired reservations for peers: ['amr_0']
[rh_node-33] [INFO] [1789372594.484794126] [amr_3.rh_node]: [amr_3] Pruned expired reservations for peers: ['amr_0']
[rh_node-32] [INFO] [1789372594.487755505] [amr_2.rh_node]: [amr_2] Pruned expired reservations for peers: ['amr_0']
[rh_node-31] [INFO] [1789372594.795687970] [amr_1.rh_node]: [amr_1] Pruned expired reservations for peers: ['amr_0']
[rh_node-34] [INFO] [1789372594.936565921] [amr_4.rh_node]: [amr_4] Pruned expired reservations for peers: ['amr_0']
[rh_node-33] [INFO] [1789372594.983962147] [amr_3.rh_node]: [amr_3] Pruned expired reservations for peers: ['amr_0']
[rh_node-32] [INFO] [1789372594.989744293] [amr_2.rh_node]: [amr_2] Pruned expired reservations for peers: ['amr_0']
[rh_node-31] [INFO] [1789372595.295600946] [amr_1.rh_node]: [amr_1] Pruned expired reservations for peers: ['amr_0']
[rh_node-34] [INFO] [1789372595.434921554] [amr_4.rh_node]: [amr_4] Pruned expired reservations for peers: ['amr_0']
[rh_node-33] [INFO] [1789372595.484003388] [amr_3.rh_node]: [amr_3] Pruned expired reservations for peers: ['amr_0']
[rh_node-32] [INFO] [1789372595.489327335] [amr_2.rh_node]: [amr_2] Pruned expired reservations for peers: ['amr_0']
[rh_node-31] [INFO] [1789372595.796154984] [amr_1.rh_node]: [amr_1] Pruned expired reservations for peers: ['amr_0']
[rh_node-34] [INFO] [1789372595.934786398] [amr_4.rh_node]: [amr_4] Pruned expired reservations for peers: ['amr_0']
[rh_node-33] [INFO] [1789372595.985154112] [amr_3.rh_node]: [amr_3] Pruned expired reservations for peers: ['amr_0']
[rh_node-32] [INFO] [1789372595.987921297] [amr_2.rh_node]: [amr_2] Pruned expired reservations for peers: ['amr_0']
[rh_node-31] [INFO] [1789372596.295575529] [amr_1.rh_node]: [amr_1] Pruned expired reservations for peers: ['amr_0']
[rh_node-34] [INFO] [1789372596.435100608] [amr_4.rh_node]: [amr_4] Pruned expired reservations for peers: ['amr_0']
[rh_node-33] [INFO] [1789372596.484490895] [amr_3.rh_node]: [amr_3] Pruned expired reservations for peers: ['amr_0']
[rh_node-32] [INFO] [1789372596.488769902] [amr_2.rh_node]: [amr_2] Pruned expired reservations for peers: ['amr_0']
[rh_node-31] [INFO] [1789372596.795510583] [amr_1.rh_node]: [amr_1] Pruned expired reservations for peers: ['amr_0']
[rh_node-34] [INFO] [1789372596.935125688] [amr_4.rh_node]: [amr_4] Pruned expired reservations for peers: ['amr_0']
[rh_node-33] [INFO] [1789372596.985068748] [amr_3.rh_node]: [amr_3] Pruned expired reservations for peers: ['amr_0']
[rh_node-32] [INFO] [1789372596.988302392] [amr_2.rh_node]: [amr_2] Pruned expired reservations for peers: ['amr_0']
[rh_node-31] [INFO] [1789372597.296296544] [amr_1.rh_node]: [amr_1] Pruned expired reservations for peers: ['amr_0']
[rh_node-34] [INFO] [1789372597.435279986] [amr_4.rh_node]: [amr_4] Pruned expired reservations for peers: ['amr_0']
[rh_node-33] [INFO] [1789372597.484751741] [amr_3.rh_node]: [amr_3] Pruned expired reservations for peers: ['amr_0']
[rh_node-32] [INFO] [1789372597.489017606] [amr_2.rh_node]: [amr_2] Pruned expired reservations for peers: ['amr_0']
[rh_node-31] [INFO] [1789372597.795759596] [amr_1.rh_node]: [amr_1] Pruned expired reservations for peers: ['amr_0']
[rh_node-34] [INFO] [1789372597.936380001] [amr_4.rh_node]: [amr_4] Pruned expired reservations for peers: ['amr_0']
[rh_node-33] [INFO] [1789372597.985235710] [amr_3.rh_node]: [amr_3] Pruned expired reservations for peers: ['amr_0']
[rh_node-32] [INFO] [1789372597.988117011] [amr_2.rh_node]: [amr_2] Pruned expired reservations for peers: ['amr_0']
[rh_node-31] [INFO] [1789372598.295539176] [amr_1.rh_node]: [amr_1] Pruned expired reservations for peers: ['amr_0']
[rh_node-34] [INFO] [1789372598.435759002] [amr_4.rh_node]: [amr_4] Pruned expired reservations for peers: ['amr_0']
[rh_node-33] [INFO] [1789372598.485660802] [amr_3.rh_node]: [amr_3] Pruned expired reservations for peers: ['amr_0']
[rh_node-32] [INFO] [1789372598.487674045] [amr_2.rh_node]: [amr_2] Pruned expired reservations for peers: ['amr_0']
[rh_node-31] [INFO] [1789372598.796386849] [amr_1.rh_node]: [amr_1] Pruned expired reservations for peers: ['amr_0']
[rh_node-34] [INFO] [1789372598.936564130] [amr_4.rh_node]: [amr_4] Pruned expired reservations for peers: ['amr_0']
[rh_node-33] [INFO] [1789372598.984767847] [amr_3.rh_node]: [amr_3] Pruned expired reservations for peers: ['amr_0']
[rh_node-32] [INFO] [1789372598.989181326] [amr_2.rh_node]: [amr_2] Pruned expired reservations for peers: ['amr_0']
[rh_node-31] [INFO] [1789372599.295466109] [amr_1.rh_node]: [amr_1] Pruned expired reservations for peers: ['amr_0']
[rh_node-34] [INFO] [1789372599.435043405] [amr_4.rh_node]: [amr_4] Pruned expired reservations for peers: ['amr_0']
[rh_node-33] [INFO] [1789372599.485410389] [amr_3.rh_node]: [amr_3] Pruned expired reservations for peers: ['amr_0']
[rh_node-32] [INFO] [1789372599.488369109] [amr_2.rh_node]: [amr_2] Pruned expired reservations for peers: ['amr_0']
[rh_node-31] [INFO] [1789372599.795487098] [amr_1.rh_node]: [amr_1] Pruned expired reservations for peers: ['amr_0']
[rh_node-34] [INFO] [1789372599.935830114] [amr_4.rh_node]: [amr_4] Pruned expired reservations for peers: ['amr_0']
[rh_node-33] [INFO] [1789372599.985632786] [amr_3.rh_node]: [amr_3] Pruned expired reservations for peers: ['amr_0']
[rh_node-32] [INFO] [1789372599.988055567] [amr_2.rh_node]: [amr_2] Pruned expired reservations for peers: ['amr_0']
[rh_node-31] [INFO] [1789372600.296959475] [amr_1.rh_node]: [amr_1] Pruned expired reservations for peers: ['amr_0']
[rh_node-34] [INFO] [1789372600.435106899] [amr_4.rh_node]: [amr_4] Pruned expired reservations for peers: ['amr_0']
[rh_node-33] [INFO] [1789372600.485072558] [amr_3.rh_node]: [amr_3] Pruned expired reservations for peers: ['amr_0']
[rh_node-32] [INFO] [1789372600.488238934] [amr_2.rh_node]: [amr_2] Pruned expired reservations for peers: ['amr_0']
[rh_node-31] [INFO] [1789372600.795938488] [amr_1.rh_node]: [amr_1] Pruned expired reservations for peers: ['amr_0']
[rh_node-34] [INFO] [1789372600.936363453] [amr_4.rh_node]: [amr_4] Pruned expired reservations for peers: ['amr_0']
[rh_node-33] [INFO] [1789372600.984766303] [amr_3.rh_node]: [amr_3] Pruned expired reservations for peers: ['amr_0']
[rh_node-32] [INFO] [1789372600.987979011] [amr_2.rh_node]: [amr_2] Pruned expired reservations for peers: ['amr_0']
[rh_node-31] [INFO] [1789372601.296889966] [amr_1.rh_node]: [amr_1] Pruned expired reservations for peers: ['amr_0']
[rh_node-34] [INFO] [1789372601.435634494] [amr_4.rh_node]: [amr_4] Pruned expired reservations for peers: ['amr_0']
[rh_node-33] [INFO] [1789372601.484175103] [amr_3.rh_node]: [amr_3] Pruned expired reservations for peers: ['amr_0']
[rh_node-32] [INFO] [1789372601.487720886] [amr_2.rh_node]: [amr_2] Pruned expired reservations for peers: ['amr_0']
[rh_node-31] [INFO] [1789372601.796861301] [amr_1.rh_node]: [amr_1] Pruned expired reservations for peers: ['amr_0']
[rh_node-34] [INFO] [1789372601.934904040] [amr_4.rh_node]: [amr_4] Pruned expired reservations for peers: ['amr_0']
[rh_node-33] [INFO] [1789372601.985808747] [amr_3.rh_node]: [amr_3] Pruned expired reservations for peers: ['amr_0']
[rh_node-32] [INFO] [1789372601.989279249] [amr_2.rh_node]: [amr_2] Pruned expired reservations for peers: ['amr_0']
[rh_node-31] [INFO] [1789372602.295637764] [amr_1.rh_node]: [amr_1] Pruned expired reservations for peers: ['amr_0']
[rh_node-34] [INFO] [1789372602.435570196] [amr_4.rh_node]: [amr_4] Pruned expired reservations for peers: ['amr_0']
[rh_node-33] [INFO] [1789372602.485615075] [amr_3.rh_node]: [amr_3] Pruned expired reservations for peers: ['amr_0']
[rh_node-32] [INFO] [1789372602.489072521] [amr_2.rh_node]: [amr_2] Pruned expired reservations for peers: ['amr_0']
[rh_node-31] [INFO] [1789372602.796788191] [amr_1.rh_node]: [amr_1] Pruned expired reservations for peers: ['amr_0']
[rh_node-34] [INFO] [1789372602.935507021] [amr_4.rh_node]: [amr_4] Pruned expired reservations for peers: ['amr_0']
[rh_node-33] [INFO] [1789372602.985127721] [amr_3.rh_node]: [amr_3] Pruned expired reservations for peers: ['amr_0']
[rh_node-32] [INFO] [1789372602.987620297] [amr_2.rh_node]: [amr_2] Pruned expired reservations for peers: ['amr_0']
[rh_node-31] [INFO] [1789372603.296216354] [amr_1.rh_node]: [amr_1] Pruned expired reservations for peers: ['amr_0']
[rh_node-34] [INFO] [1789372603.435679052] [amr_4.rh_node]: [amr_4] Pruned expired reservations for peers: ['amr_0']
[rh_node-33] [INFO] [1789372603.483980704] [amr_3.rh_node]: [amr_3] Pruned expired reservations for peers: ['amr_0']
[rh_node-32] [INFO] [1789372603.489126939] [amr_2.rh_node]: [amr_2] Pruned expired reservations for peers: ['amr_0']
[rh_node-31] [INFO] [1789372603.795527051] [amr_1.rh_node]: [amr_1] Pruned expired reservations for peers: ['amr_0']
[rh_node-34] [INFO] [1789372603.935595298] [amr_4.rh_node]: [amr_4] Pruned expired reservations for peers: ['amr_0']
[rh_node-33] [INFO] [1789372603.983665878] [amr_3.rh_node]: [amr_3] Pruned expired reservations for peers: ['amr_0']
[rh_node-32] [INFO] [1789372603.988477006] [amr_2.rh_node]: [amr_2] Pruned expired reservations for peers: ['amr_0']
[rh_node-31] [INFO] [1789372604.296401734] [amr_1.rh_node]: [amr_1] Pruned expired reservations for peers: ['amr_0']
[rh_node-34] [INFO] [1789372604.434957372] [amr_4.rh_node]: [amr_4] Pruned expired reservations for peers: ['amr_0']
[rh_node-33] [INFO] [1789372604.483936016] [amr_3.rh_node]: [amr_3] Pruned expired reservations for peers: ['amr_0']
[rh_node-32] [INFO] [1789372604.489124468] [amr_2.rh_node]: [amr_2] Pruned expired reservations for peers: ['amr_0']
[rh_node-31] [INFO] [1789372604.796375418] [amr_1.rh_node]: [amr_1] Pruned expired reservations for peers: ['amr_0']
[rh_node-34] [INFO] [1789372604.935442138] [amr_4.rh_node]: [amr_4] Pruned expired reservations for peers: ['amr_0']
[rh_node-33] [INFO] [1789372604.984352124] [amr_3.rh_node]: [amr_3] Pruned expired reservations for peers: ['amr_0']
[rh_node-32] [INFO] [1789372604.988406781] [amr_2.rh_node]: [amr_2] Pruned expired reservations for peers: ['amr_0']
[rh_node-31] [INFO] [1789372605.296087901] [amr_1.rh_node]: [amr_1] Pruned expired reservations for peers: ['amr_0']
[rh_node-34] [INFO] [1789372605.435315866] [amr_4.rh_node]: [amr_4] Pruned expired reservations for peers: ['amr_0']
[rh_node-33] [INFO] [1789372605.483879616] [amr_3.rh_node]: [amr_3] Pruned expired reservations for peers: ['amr_0']
[rh_node-32] [INFO] [1789372605.489396833] [amr_2.rh_node]: [amr_2] Pruned expired reservations for peers: ['amr_0']
[rh_node-31] [INFO] [1789372605.796009426] [amr_1.rh_node]: [amr_1] Pruned expired reservations for peers: ['amr_0']
[rh_node-34] [INFO] [1789372605.937543606] [amr_4.rh_node]: [amr_4] Pruned expired reservations for peers: ['amr_0']
[rh_node-33] [INFO] [1789372605.985487976] [amr_3.rh_node]: [amr_3] Pruned expired reservations for peers: ['amr_0']
[rh_node-32] [INFO] [1789372605.988304402] [amr_2.rh_node]: [amr_2] Pruned expired reservations for peers: ['amr_0']
[rh_node-31] [INFO] [1789372606.296755267] [amr_1.rh_node]: [amr_1] Pruned expired reservations for peers: ['amr_0']
[rh_node-34] [INFO] [1789372606.435082033] [amr_4.rh_node]: [amr_4] Pruned expired reservations for peers: ['amr_0']
[rh_node-33] [INFO] [1789372606.484585407] [amr_3.rh_node]: [amr_3] Pruned expired reservations for peers: ['amr_0']
[rh_node-32] [INFO] [1789372606.488242596] [amr_2.rh_node]: [amr_2] Pruned expired reservations for peers: ['amr_0']
[rh_node-31] [INFO] [1789372606.796081626] [amr_1.rh_node]: [amr_1] Pruned expired reservations for peers: ['amr_0']
[rh_node-34] [INFO] [1789372606.935721250] [amr_4.rh_node]: [amr_4] Pruned expired reservations for peers: ['amr_0']
[rh_node-33] [INFO] [1789372606.985583893] [amr_3.rh_node]: [amr_3] Pruned expired reservations for peers: ['amr_0']
[rh_node-32] [INFO] [1789372606.987716544] [amr_2.rh_node]: [amr_2] Pruned expired reservations for peers: ['amr_0']
[rh_node-31] [INFO] [1789372607.296785147] [amr_1.rh_node]: [amr_1] Pruned expired reservations for peers: ['amr_0']
[rh_node-34] [INFO] [1789372607.435768310] [amr_4.rh_node]: [amr_4] Pruned expired reservations for peers: ['amr_0']
[rh_node-33] [INFO] [1789372607.483816567] [amr_3.rh_node]: [amr_3] Pruned expired reservations for peers: ['amr_0']
[rh_node-32] [INFO] [1789372607.488230543] [amr_2.rh_node]: [amr_2] Pruned expired reservations for peers: ['amr_0']
[rh_node-31] [INFO] [1789372607.796248537] [amr_1.rh_node]: [amr_1] Pruned expired reservations for peers: ['amr_0']
[rh_node-34] [INFO] [1789372607.936278962] [amr_4.rh_node]: [amr_4] Pruned expired reservations for peers: ['amr_0']
[rh_node-33] [INFO] [1789372607.985642980] [amr_3.rh_node]: [amr_3] Pruned expired reservations for peers: ['amr_0']
[rh_node-32] [INFO] [1789372607.988243100] [amr_2.rh_node]: [amr_2] Pruned expired reservations for peers: ['amr_0']
[rh_node-31] [INFO] [1789372608.295720074] [amr_1.rh_node]: [amr_1] Pruned expired reservations for peers: ['amr_0']
[rh_node-34] [INFO] [1789372608.436184068] [amr_4.rh_node]: [amr_4] Pruned expired reservations for peers: ['amr_0']
[rh_node-33] [INFO] [1789372608.483746979] [amr_3.rh_node]: [amr_3] Pruned expired reservations for peers: ['amr_0']
[rh_node-32] [INFO] [1789372608.488233326] [amr_2.rh_node]: [amr_2] Pruned expired reservations for peers: ['amr_0']
[rh_node-31] [INFO] [1789372608.795857370] [amr_1.rh_node]: [amr_1] Pruned expired reservations for peers: ['amr_0']
[rh_node-34] [INFO] [1789372608.935051211] [amr_4.rh_node]: [amr_4] Pruned expired reservations for peers: ['amr_0']
[rh_node-33] [INFO] [1789372608.984837205] [amr_3.rh_node]: [amr_3] Pruned expired reservations for peers: ['amr_0']
[rh_node-32] [INFO] [1789372608.989741429] [amr_2.rh_node]: [amr_2] Pruned expired reservations for peers: ['amr_0']
[rh_node-31] [INFO] [1789372609.296522486] [amr_1.rh_node]: [amr_1] Pruned expired reservations for peers: ['amr_0']
[rh_node-34] [INFO] [1789372609.434810096] [amr_4.rh_node]: [amr_4] Pruned expired reservations for peers: ['amr_0']
[rh_node-33] [INFO] [1789372609.484174502] [amr_3.rh_node]: [amr_3] Pruned expired reservations for peers: ['amr_0']
[rh_node-32] [INFO] [1789372609.487783942] [amr_2.rh_node]: [amr_2] Pruned expired reservations for peers: ['amr_0']
[rh_node-31] [INFO] [1789372609.795550211] [amr_1.rh_node]: [amr_1] Pruned expired reservations for peers: ['amr_0']
[rh_node-34] [INFO] [1789372609.935316653] [amr_4.rh_node]: [amr_4] Pruned expired reservations for peers: ['amr_0']
[rh_node-33] [INFO] [1789372609.984025534] [amr_3.rh_node]: [amr_3] Pruned expired reservations for peers: ['amr_0']
[rh_node-32] [INFO] [1789372609.988076786] [amr_2.rh_node]: [amr_2] Pruned expired reservations for peers: ['amr_0']
[rh_node-31] [INFO] [1789372610.295672575] [amr_1.rh_node]: [amr_1] Pruned expired reservations for peers: ['amr_0']
[rh_node-34] [INFO] [1789372610.434963353] [amr_4.rh_node]: [amr_4] Pruned expired reservations for peers: ['amr_0']
[rh_node-33] [INFO] [1789372610.485521921] [amr_3.rh_node]: [amr_3] Pruned expired reservations for peers: ['amr_0']
[rh_node-32] [INFO] [1789372610.488820219] [amr_2.rh_node]: [amr_2] Pruned expired reservations for peers: ['amr_0']
[rh_node-31] [INFO] [1789372610.796083536] [amr_1.rh_node]: [amr_1] Pruned expired reservations for peers: ['amr_0']
[rh_node-34] [INFO] [1789372610.935091824] [amr_4.rh_node]: [amr_4] Pruned expired reservations for peers: ['amr_0']
[rh_node-33] [INFO] [1789372610.984456913] [amr_3.rh_node]: [amr_3] Pruned expired reservations for peers: ['amr_0']
[rh_node-32] [INFO] [1789372610.988039843] [amr_2.rh_node]: [amr_2] Pruned expired reservations for peers: ['amr_0']
[rh_node-31] [INFO] [1789372611.296984562] [amr_1.rh_node]: [amr_1] Pruned expired reservations for peers: ['amr_0']
[rh_node-34] [INFO] [1789372611.434815907] [amr_4.rh_node]: [amr_4] Pruned expired reservations for peers: ['amr_0']
[rh_node-33] [INFO] [1789372611.485217408] [amr_3.rh_node]: [amr_3] Pruned expired reservations for peers: ['amr_0']
[rh_node-32] [INFO] [1789372611.488135183] [amr_2.rh_node]: [amr_2] Pruned expired reservations for peers: ['amr_0']
[rh_node-31] [INFO] [1789372611.796514092] [amr_1.rh_node]: [amr_1] Pruned expired reservations for peers: ['amr_0']
[rh_node-34] [INFO] [1789372611.934934791] [amr_4.rh_node]: [amr_4] Pruned expired reservations for peers: ['amr_0']
[rh_node-33] [INFO] [1789372611.984173061] [amr_3.rh_node]: [amr_3] Pruned expired reservations for peers: ['amr_0']
[rh_node-32] [INFO] [1789372611.988773887] [amr_2.rh_node]: [amr_2] Pruned expired reservations for peers: ['amr_0']
[rh_node-31] [INFO] [1789372612.296961677] [amr_1.rh_node]: [amr_1] Pruned expired reservations for peers: ['amr_0']
[rh_node-34] [INFO] [1789372612.434999520] [amr_4.rh_node]: [amr_4] Pruned expired reservations for peers: ['amr_0']
[rh_node-33] [INFO] [1789372612.485604561] [amr_3.rh_node]: [amr_3] Pruned expired reservations for peers: ['amr_0']
[rh_node-32] [INFO] [1789372612.488230267] [amr_2.rh_node]: [amr_2] Reached pickup for task 'task_m9_v1_w15_0007'. Moving to dropoff.
[task_manager-24] [INFO] [1789372612.490283809] [amr_task_manager]: Task 'task_m9_v1_w15_0007' transitioned to IN_PROGRESS
[rh_node-32] [INFO] [1789372612.491153607] [amr_2.rh_node]: [amr_2] Pruned expired reservations for peers: ['amr_0']
[rh_node-31] [INFO] [1789372612.795525441] [amr_1.rh_node]: [amr_1] Pruned expired reservations for peers: ['amr_0']
[rh_node-34] [INFO] [1789372612.935330187] [amr_4.rh_node]: [amr_4] Pruned expired reservations for peers: ['amr_0']
[rh_node-33] [INFO] [1789372612.984904106] [amr_3.rh_node]: [amr_3] Pruned expired reservations for peers: ['amr_0']
[rh_node-32] [INFO] [1789372612.988648265] [amr_2.rh_node]: [amr_2] Pruned expired reservations for peers: ['amr_0']
[rh_node-31] [INFO] [1789372613.295442822] [amr_1.rh_node]: [amr_1] Pruned expired reservations for peers: ['amr_0']
[rh_node-34] [INFO] [1789372613.434845322] [amr_4.rh_node]: [amr_4] Pruned expired reservations for peers: ['amr_0']
[rh_node-33] [INFO] [1789372613.485478430] [amr_3.rh_node]: [amr_3] Pruned expired reservations for peers: ['amr_0']
[rh_node-32] [INFO] [1789372613.488511499] [amr_2.rh_node]: [amr_2] Pruned expired reservations for peers: ['amr_0']
[rh_node-31] [INFO] [1789372613.795926250] [amr_1.rh_node]: [amr_1] Pruned expired reservations for peers: ['amr_0']
[rh_node-34] [INFO] [1789372613.935493286] [amr_4.rh_node]: [amr_4] Pruned expired reservations for peers: ['amr_0']
[rh_node-33] [INFO] [1789372613.984986637] [amr_3.rh_node]: [amr_3] Pruned expired reservations for peers: ['amr_0']
[rh_node-32] [INFO] [1789372613.990906839] [amr_2.rh_node]: [amr_2] Pruned expired reservations for peers: ['amr_0']
[rh_node-31] [INFO] [1789372614.295981283] [amr_1.rh_node]: [amr_1] Pruned expired reservations for peers: ['amr_0']
[rh_node-34] [INFO] [1789372614.434973931] [amr_4.rh_node]: [amr_4] Pruned expired reservations for peers: ['amr_0']
[rh_node-33] [INFO] [1789372614.484137228] [amr_3.rh_node]: [amr_3] Pruned expired reservations for peers: ['amr_0']
[rh_node-32] [INFO] [1789372614.488714036] [amr_2.rh_node]: [amr_2] Pruned expired reservations for peers: ['amr_0']
[rh_node-31] [INFO] [1789372614.794768276] [amr_1.rh_node]: [amr_1] Reached pickup for task 'task_m9_v1_w15_0001'. Moving to dropoff.
[task_manager-24] [INFO] [1789372614.796595568] [amr_task_manager]: Task 'task_m9_v1_w15_0001' transitioned to IN_PROGRESS
[rh_node-31] [INFO] [1789372614.797398228] [amr_1.rh_node]: [amr_1] Pruned expired reservations for peers: ['amr_0']
[rh_node-34] [INFO] [1789372614.935174786] [amr_4.rh_node]: [amr_4] Pruned expired reservations for peers: ['amr_0']
[rh_node-33] [INFO] [1789372614.984402134] [amr_3.rh_node]: [amr_3] Pruned expired reservations for peers: ['amr_0']
[rh_node-32] [INFO] [1789372614.988467283] [amr_2.rh_node]: [amr_2] Pruned expired reservations for peers: ['amr_0']
[rh_node-31] [INFO] [1789372615.295639503] [amr_1.rh_node]: [amr_1] Pruned expired reservations for peers: ['amr_0']
[rh_node-34] [INFO] [1789372615.435407736] [amr_4.rh_node]: [amr_4] Pruned expired reservations for peers: ['amr_0']
[rh_node-33] [INFO] [1789372615.483772313] [amr_3.rh_node]: [amr_3] Pruned expired reservations for peers: ['amr_0']
[rh_node-32] [INFO] [1789372615.489760979] [amr_2.rh_node]: [amr_2] Pruned expired reservations for peers: ['amr_0']
[parameter_bridge-18] Exception sending a multicast message:Network is unreachable
[parameter_bridge-18] Exception sending a multicast message:Network is unreachable
[parameter_bridge-18] Exception sending a multicast message:Network is unreachable
[rh_node-31] [INFO] [1789372615.796521390] [amr_1.rh_node]: [amr_1] Pruned expired reservations for peers: ['amr_0']
[parameter_bridge-2] Exception sending a multicast message:Network is unreachable
[parameter_bridge-2] Exception sending a multicast message:Network is unreachable
[gazebo-1] Exception sending a multicast message:Network is unreachable
[gazebo-1] Exception sending a multicast message:Network is unreachable
[gazebo-1] Exception sending a multicast message:Network is unreachable
[gazebo-1] Exception sending a multicast message:Network is unreachable
[gazebo-1] Exception sending a multicast message:Network is unreachable
[gazebo-1] Exception sending a multicast message:Network is unreachable
[gazebo-1] Exception sending a multicast message:Network is unreachable
[gazebo-1] Exception sending a multicast message:Network is unreachable
[gazebo-1] Exception sending a multicast message:Network is unreachable
[gazebo-1] Exception sending a multicast message:Network is unreachable
[gazebo-1] Exception sending a multicast message:Network is unreachable
[gazebo-1] Exception sending a multicast message:Network is unreachable
[gazebo-1] Exception sending a multicast message:Network is unreachable
[gazebo-1] Exception sending a multicast message:Network is unreachable
[gazebo-1] Exception sending a multicast message:Network is unreachable
[gazebo-1] Exception sending a multicast message:Network is unreachable
[gazebo-1] Exception sending a multicast message:Network is unreachable
[gazebo-1] Exception sending a multicast message:Network is unreachable
[gazebo-1] Exception sending a multicast message:Network is unreachable
[gazebo-1] Exception sending a multicast message:Network is unreachable
[gazebo-1] Exception sending a multicast message:Network is unreachable
[gazebo-1] Exception sending a multicast message:Network is unreachable
[gazebo-1] Exception sending a multicast message:Network is unreachable
[gazebo-1] Exception sending a multicast message:Network is unreachable
[gazebo-1] Exception sending a multicast message:Network is unreachable
[gazebo-1] Exception sending a multicast message:Network is unreachable
[gazebo-1] Exception sending a multicast message:Network is unreachable
[gazebo-1] Exception sending a multicast message:Network is unreachable
[gazebo-1] Exception sending a multicast message:Network is unreachable
[gazebo-1] Exception sending a multicast message:Network is unreachable
[gazebo-1] Exception sending a multicast message:Network is unreachable
[gazebo-1] Exception sending a multicast message:Network is unreachable
[gazebo-1] Exception sending a multicast message:Network is unreachable
[gazebo-1] Exception sending a multicast message:Network is unreachable
[gazebo-1] Exception sending a multicast message:Network is unreachable
[gazebo-1] Exception sending a multicast message:Network is unreachable
[gazebo-1] Exception sending a multicast message:Network is unreachable
[parameter_bridge-14] Exception sending a multicast message:Network is unreachable
[parameter_bridge-14] Exception sending a multicast message:Network is unreachable
[parameter_bridge-14] Exception sending a multicast message:Network is unreachable
[rh_node-34] [INFO] [1789372615.934688461] [amr_4.rh_node]: [amr_4] Pruned expired reservations for peers: ['amr_0']
[gazebo-1] Exception sending a multicast message:Network is unreachable
[gazebo-1] Exception sending a multicast message:Network is unreachable
[gazebo-1] Exception sending a multicast message:Network is unreachable
[gazebo-1] Exception sending a multicast message:Network is unreachable
[gazebo-1] Exception sending a multicast message:Network is unreachable
[gazebo-1] Exception sending a multicast message:Network is unreachable
[gazebo-1] Exception sending a multicast message:Network is unreachable
[gazebo-1] Exception sending a multicast message:Network is unreachable
[gazebo-1] Exception sending a multicast message:Network is unreachable
[gazebo-1] Exception sending a multicast message:Network is unreachable
[gazebo-1] Exception sending a multicast message:Network is unreachable
[gazebo-1] Exception sending a multicast message:Network is unreachable
[gazebo-1] Exception sending a multicast message:Network is unreachable
[gazebo-1] Exception sending a multicast message:Network is unreachable
[gazebo-1] Exception sending a multicast message:Network is unreachable
[gazebo-1] Exception sending a multicast message:Network is unreachable
[gazebo-1] Exception sending a multicast message:Network is unreachable
[gazebo-1] Exception sending a multicast message:Network is unreachable
[gazebo-1] Exception sending a multicast message:Network is unreachable
[gazebo-1] Exception sending a multicast message:Network is unreachable
[gazebo-1] Exception sending a multicast message:Network is unreachable
[gazebo-1] Exception sending a multicast message:Network is unreachable
[gazebo-1] Exception sending a multicast message:Network is unreachable
[gazebo-1] Exception sending a multicast message:Network is unreachable
[gazebo-1] Exception sending a multicast message:Network is unreachable
[gazebo-1] Exception sending a multicast message:Network is unreachable
[gazebo-1] Exception sending a multicast message:Network is unreachable
[gazebo-1] Exception sending a multicast message:Network is unreachable
[gazebo-1] Exception sending a multicast message:Network is unreachable
[gazebo-1] Exception sending a multicast message:Network is unreachable
[gazebo-1] Exception sending a multicast message:Network is unreachable
[gazebo-1] Exception sending a multicast message:Network is unreachable
[gazebo-1] Exception sending a multicast message:Network is unreachable
[gazebo-1] Exception sending a multicast message:Network is unreachable
[gazebo-1] Exception sending a multicast message:Network is unreachable
[gazebo-1] Exception sending a multicast message:Network is unreachable
[gazebo-1] Exception sending a multicast message:Network is unreachable
[gazebo-1] Exception sending a multicast message:Network is unreachable
[gazebo-1] Exception sending a multicast message:Network is unreachable
[gazebo-1] Exception sending a multicast message:Network is unreachable
[gazebo-1] Exception sending a multicast message:Network is unreachable
[gazebo-1] Exception sending a multicast message:Network is unreachable
[gazebo-1] Exception sending a multicast message:Network is unreachable
[gazebo-1] Exception sending a multicast message:Network is unreachable
[gazebo-1] Exception sending a multicast message:Network is unreachable
[gazebo-1] Exception sending a multicast message:Network is unreachable
[gazebo-1] Exception sending a multicast message:Network is unreachable
[gazebo-1] Exception sending a multicast message:Network is unreachable
[gazebo-1] Exception sending a multicast message:Network is unreachable
[gazebo-1] Exception sending a multicast message:Network is unreachable
[gazebo-1] Exception sending a multicast message:Network is unreachable
[gazebo-1] Exception sending a multicast message:Network is unreachable
[gazebo-1] Exception sending a multicast message:Network is unreachable
[gazebo-1] Exception sending a multicast message:Network is unreachable
[parameter_bridge-22] Exception sending a multicast message:Network is unreachable
[parameter_bridge-22] Exception sending a multicast message:Network is unreachable
[parameter_bridge-22] Exception sending a multicast message:Network is unreachable
[rh_node-33] [INFO] [1789372615.984461992] [amr_3.rh_node]: [amr_3] Pruned expired reservations for peers: ['amr_0']
[rh_node-32] [INFO] [1789372615.989613408] [amr_2.rh_node]: [amr_2] Pruned expired reservations for peers: ['amr_0']
[parameter_bridge-6] Exception sending a multicast message:Network is unreachable
[parameter_bridge-6] Exception sending a multicast message:Network is unreachable
[parameter_bridge-6] Exception sending a multicast message:Network is unreachable
[rh_node-31] [INFO] [1789372616.297204722] [amr_1.rh_node]: [amr_1] Pruned expired reservations for peers: ['amr_0']
[rh_node-34] [INFO] [1789372616.434775129] [amr_4.rh_node]: [amr_4] Pruned expired reservations for peers: ['amr_0']
[rh_node-33] [INFO] [1789372616.484801869] [amr_3.rh_node]: [amr_3] Pruned expired reservations for peers: ['amr_0']
[rh_node-32] [INFO] [1789372616.488275337] [amr_2.rh_node]: [amr_2] Pruned expired reservations for peers: ['amr_0']
[parameter_bridge-10] Exception sending a multicast message:Network is unreachable
[parameter_bridge-10] Exception sending a multicast message:Network is unreachable
[parameter_bridge-10] Exception sending a multicast message:Network is unreachable
[parameter_bridge-18] Exception sending a multicast message:Network is unreachable
[parameter_bridge-18] Exception sending a multicast message:Network is unreachable
[parameter_bridge-18] Exception sending a multicast message:Network is unreachable
[rh_node-31] [INFO] [1789372616.796318287] [amr_1.rh_node]: [amr_1] Pruned expired reservations for peers: ['amr_0']
[parameter_bridge-2] Exception sending a multicast message:Network is unreachable
[parameter_bridge-2] Exception sending a multicast message:Network is unreachable
[gazebo-1] Exception sending a multicast message:Network is unreachable
[gazebo-1] Exception sending a multicast message:Network is unreachable
[gazebo-1] Exception sending a multicast message:Network is unreachable
[gazebo-1] Exception sending a multicast message:Network is unreachable
[gazebo-1] Exception sending a multicast message:Network is unreachable
[gazebo-1] Exception sending a multicast message:Network is unreachable
[gazebo-1] Exception sending a multicast message:Network is unreachable
[gazebo-1] Exception sending a multicast message:Network is unreachable
[gazebo-1] Exception sending a multicast message:Network is unreachable
[gazebo-1] Exception sending a multicast message:Network is unreachable
[gazebo-1] Exception sending a multicast message:Network is unreachable
[gazebo-1] Exception sending a multicast message:Network is unreachable
[gazebo-1] Exception sending a multicast message:Network is unreachable
[gazebo-1] Exception sending a multicast message:Network is unreachable
[gazebo-1] Exception sending a multicast message:Network is unreachable
[gazebo-1] Exception sending a multicast message:Network is unreachable
[gazebo-1] Exception sending a multicast message:Network is unreachable
[gazebo-1] Exception sending a multicast message:Network is unreachable
[gazebo-1] Exception sending a multicast message:Network is unreachable
[gazebo-1] Exception sending a multicast message:Network is unreachable
[gazebo-1] Exception sending a multicast message:Network is unreachable
[gazebo-1] Exception sending a multicast message:Network is unreachable
[gazebo-1] Exception sending a multicast message:Network is unreachable
[gazebo-1] Exception sending a multicast message:Network is unreachable
[gazebo-1] Exception sending a multicast message:Network is unreachable
[gazebo-1] Exception sending a multicast message:Network is unreachable
[gazebo-1] Exception sending a multicast message:Network is unreachable
[gazebo-1] Exception sending a multicast message:Network is unreachable
[gazebo-1] Exception sending a multicast message:Network is unreachable
[gazebo-1] Exception sending a multicast message:Network is unreachable
[gazebo-1] Exception sending a multicast message:Network is unreachable
[gazebo-1] Exception sending a multicast message:Network is unreachable
[gazebo-1] Exception sending a multicast message:Network is unreachable
[gazebo-1] Exception sending a multicast message:Network is unreachable
[gazebo-1] Exception sending a multicast message:Network is unreachable
[gazebo-1] Exception sending a multicast message:Network is unreachable
[gazebo-1] Exception sending a multicast message:Network is unreachable
[parameter_bridge-14] Exception sending a multicast message:Network is unreachable
[parameter_bridge-14] Exception sending a multicast message:Network is unreachable
[parameter_bridge-14] Exception sending a multicast message:Network is unreachable
[rh_node-34] [INFO] [1789372616.935322382] [amr_4.rh_node]: [amr_4] Pruned expired reservations for peers: ['amr_0']
[gazebo-1] Exception sending a multicast message:Network is unreachable
[gazebo-1] Exception sending a multicast message:Network is unreachable
[gazebo-1] Exception sending a multicast message:Network is unreachable
[gazebo-1] Exception sending a multicast message:Network is unreachable
[gazebo-1] Exception sending a multicast message:Network is unreachable
[gazebo-1] Exception sending a multicast message:Network is unreachable
[gazebo-1] Exception sending a multicast message:Network is unreachable
[gazebo-1] Exception sending a multicast message:Network is unreachable
[gazebo-1] Exception sending a multicast message:Network is unreachable
[gazebo-1] Exception sending a multicast message:Network is unreachable
[gazebo-1] Exception sending a multicast message:Network is unreachable
[gazebo-1] Exception sending a multicast message:Network is unreachable
[gazebo-1] Exception sending a multicast message:Network is unreachable
[gazebo-1] Exception sending a multicast message:Network is unreachable
[gazebo-1] Exception sending a multicast message:Network is unreachable
[gazebo-1] Exception sending a multicast message:Network is unreachable
[gazebo-1] Exception sending a multicast message:Network is unreachable
[gazebo-1] Exception sending a multicast message:Network is unreachable
[gazebo-1] Exception sending a multicast message:Network is unreachable
[gazebo-1] Exception sending a multicast message:Network is unreachable
[gazebo-1] Exception sending a multicast message:Network is unreachable
[gazebo-1] Exception sending a multicast message:Network is unreachable
[gazebo-1] Exception sending a multicast message:Network is unreachable
[gazebo-1] Exception sending a multicast message:Network is unreachable
[gazebo-1] Exception sending a multicast message:Network is unreachable
[gazebo-1] Exception sending a multicast message:Network is unreachable
[gazebo-1] Exception sending a multicast message:Network is unreachable
[gazebo-1] Exception sending a multicast message:Network is unreachable
[gazebo-1] Exception sending a multicast message:Network is unreachable
[gazebo-1] Exception sending a multicast message:Network is unreachable
[gazebo-1] Exception sending a multicast message:Network is unreachable
[gazebo-1] Exception sending a multicast message:Network is unreachable
[gazebo-1] Exception sending a multicast message:Network is unreachable
[gazebo-1] Exception sending a multicast message:Network is unreachable
[gazebo-1] Exception sending a multicast message:Network is unreachable
[gazebo-1] Exception sending a multicast message:Network is unreachable
[gazebo-1] Exception sending a multicast message:Network is unreachable
[gazebo-1] Exception sending a multicast message:Network is unreachable
[gazebo-1] Exception sending a multicast message:Network is unreachable
[gazebo-1] Exception sending a multicast message:Network is unreachable
[gazebo-1] Exception sending a multicast message:Network is unreachable
[gazebo-1] Exception sending a multicast message:Network is unreachable
[gazebo-1] Exception sending a multicast message:Network is unreachable
[gazebo-1] Exception sending a multicast message:Network is unreachable
[gazebo-1] Exception sending a multicast message:Network is unreachable
[gazebo-1] Exception sending a multicast message:Network is unreachable
[gazebo-1] Exception sending a multicast message:Network is unreachable
[gazebo-1] Exception sending a multicast message:Network is unreachable
[gazebo-1] Exception sending a multicast message:Network is unreachable
[gazebo-1] Exception sending a multicast message:Network is unreachable
[gazebo-1] Exception sending a multicast message:Network is unreachable
[gazebo-1] Exception sending a multicast message:Network is unreachable
[gazebo-1] Exception sending a multicast message:Network is unreachable
[gazebo-1] Exception sending a multicast message:Network is unreachable
[parameter_bridge-22] Exception sending a multicast message:Network is unreachable
[parameter_bridge-22] Exception sending a multicast message:Network is unreachable
[parameter_bridge-22] Exception sending a multicast message:Network is unreachable
[rh_node-33] [INFO] [1789372616.983695834] [amr_3.rh_node]: [amr_3] Pruned expired reservations for peers: ['amr_0']
[rh_node-32] [INFO] [1789372616.989141936] [amr_2.rh_node]: [amr_2] Pruned expired reservations for peers: ['amr_0']
[parameter_bridge-6] Exception sending a multicast message:Network is unreachable
[parameter_bridge-6] Exception sending a multicast message:Network is unreachable
[parameter_bridge-6] Exception sending a multicast message:Network is unreachable
[rh_node-31] [INFO] [1789372617.296172159] [amr_1.rh_node]: [amr_1] Pruned expired reservations for peers: ['amr_0']
[rh_node-34] [INFO] [1789372617.435344713] [amr_4.rh_node]: [amr_4] Pruned expired reservations for peers: ['amr_0']
[rh_node-33] [INFO] [1789372617.483674506] [amr_3.rh_node]: [amr_3] Pruned expired reservations for peers: ['amr_0']
[rh_node-32] [INFO] [1789372617.489445453] [amr_2.rh_node]: [amr_2] Pruned expired reservations for peers: ['amr_0']
[parameter_bridge-10] Exception sending a multicast message:Network is unreachable
[parameter_bridge-10] Exception sending a multicast message:Network is unreachable
[parameter_bridge-10] Exception sending a multicast message:Network is unreachable
[parameter_bridge-18] Exception sending a multicast message:Network is unreachable
[parameter_bridge-18] Exception sending a multicast message:Network is unreachable
[parameter_bridge-18] Exception sending a multicast message:Network is unreachable
[rh_node-31] [INFO] [1789372617.796944962] [amr_1.rh_node]: [amr_1] Pruned expired reservations for peers: ['amr_0']
[parameter_bridge-2] Exception sending a multicast message:Network is unreachable
[parameter_bridge-2] Exception sending a multicast message:Network is unreachable
[gazebo-1] Exception sending a multicast message:Network is unreachable
[gazebo-1] Exception sending a multicast message:Network is unreachable
[gazebo-1] Exception sending a multicast message:Network is unreachable
[gazebo-1] Exception sending a multicast message:Network is unreachable
[gazebo-1] Exception sending a multicast message:Network is unreachable
[gazebo-1] Exception sending a multicast message:Network is unreachable
[gazebo-1] Exception sending a multicast message:Network is unreachable
[gazebo-1] Exception sending a multicast message:Network is unreachable
[gazebo-1] Exception sending a multicast message:Network is unreachable
[gazebo-1] Exception sending a multicast message:Network is unreachable
[gazebo-1] Exception sending a multicast message:Network is unreachable
[gazebo-1] Exception sending a multicast message:Network is unreachable
[gazebo-1] Exception sending a multicast message:Network is unreachable
[gazebo-1] Exception sending a multicast message:Network is unreachable
[gazebo-1] Exception sending a multicast message:Network is unreachable
[gazebo-1] Exception sending a multicast message:Network is unreachable
[gazebo-1] Exception sending a multicast message:Network is unreachable
[gazebo-1] Exception sending a multicast message:Network is unreachable
[gazebo-1] Exception sending a multicast message:Network is unreachable
[gazebo-1] Exception sending a multicast message:Network is unreachable
[gazebo-1] Exception sending a multicast message:Network is unreachable
[gazebo-1] Exception sending a multicast message:Network is unreachable
[gazebo-1] Exception sending a multicast message:Network is unreachable
[gazebo-1] Exception sending a multicast message:Network is unreachable
[gazebo-1] Exception sending a multicast message:Network is unreachable
[gazebo-1] Exception sending a multicast message:Network is unreachable
[gazebo-1] Exception sending a multicast message:Network is unreachable
[gazebo-1] Exception sending a multicast message:Network is unreachable
[gazebo-1] Exception sending a multicast message:Network is unreachable
[gazebo-1] Exception sending a multicast message:Network is unreachable
[gazebo-1] Exception sending a multicast message:Network is unreachable
[gazebo-1] Exception sending a multicast message:Network is unreachable
[gazebo-1] Exception sending a multicast message:Network is unreachable
[gazebo-1] Exception sending a multicast message:Network is unreachable
[gazebo-1] Exception sending a multicast message:Network is unreachable
[gazebo-1] Exception sending a multicast message:Network is unreachable
[gazebo-1] Exception sending a multicast message:Network is unreachable
[parameter_bridge-14] Exception sending a multicast message:Network is unreachable
[parameter_bridge-14] Exception sending a multicast message:Network is unreachable
[parameter_bridge-14] Exception sending a multicast message:Network is unreachable
[rh_node-34] [INFO] [1789372617.934774091] [amr_4.rh_node]: [amr_4] Pruned expired reservations for peers: ['amr_0']
[gazebo-1] Exception sending a multicast message:Network is unreachable
[gazebo-1] Exception sending a multicast message:Network is unreachable
[gazebo-1] Exception sending a multicast message:Network is unreachable
[gazebo-1] Exception sending a multicast message:Network is unreachable
[gazebo-1] Exception sending a multicast message:Network is unreachable
[gazebo-1] Exception sending a multicast message:Network is unreachable
[gazebo-1] Exception sending a multicast message:Network is unreachable
[gazebo-1] Exception sending a multicast message:Network is unreachable
[gazebo-1] Exception sending a multicast message:Network is unreachable
[gazebo-1] Exception sending a multicast message:Network is unreachable
[gazebo-1] Exception sending a multicast message:Network is unreachable
[gazebo-1] Exception sending a multicast message:Network is unreachable
[gazebo-1] Exception sending a multicast message:Network is unreachable
[gazebo-1] Exception sending a multicast message:Network is unreachable
[gazebo-1] Exception sending a multicast message:Network is unreachable
[gazebo-1] Exception sending a multicast message:Network is unreachable
[gazebo-1] Exception sending a multicast message:Network is unreachable
[gazebo-1] Exception sending a multicast message:Network is unreachable
[gazebo-1] Exception sending a multicast message:Network is unreachable
[gazebo-1] Exception sending a multicast message:Network is unreachable
[gazebo-1] Exception sending a multicast message:Network is unreachable
[gazebo-1] Exception sending a multicast message:Network is unreachable
[gazebo-1] Exception sending a multicast message:Network is unreachable
[gazebo-1] Exception sending a multicast message:Network is unreachable
[gazebo-1] Exception sending a multicast message:Network is unreachable
[gazebo-1] Exception sending a multicast message:Network is unreachable
[gazebo-1] Exception sending a multicast message:Network is unreachable
[gazebo-1] Exception sending a multicast message:Network is unreachable
[gazebo-1] Exception sending a multicast message:Network is unreachable
[gazebo-1] Exception sending a multicast message:Network is unreachable
[gazebo-1] Exception sending a multicast message:Network is unreachable
[gazebo-1] Exception sending a multicast message:Network is unreachable
[gazebo-1] Exception sending a multicast message:Network is unreachable
[gazebo-1] Exception sending a multicast message:Network is unreachable
[gazebo-1] Exception sending a multicast message:Network is unreachable
[gazebo-1] Exception sending a multicast message:Network is unreachable
[gazebo-1] Exception sending a multicast message:Network is unreachable
[gazebo-1] Exception sending a multicast message:Network is unreachable
[gazebo-1] Exception sending a multicast message:Network is unreachable
[gazebo-1] Exception sending a multicast message:Network is unreachable
[gazebo-1] Exception sending a multicast message:Network is unreachable
[gazebo-1] Exception sending a multicast message:Network is unreachable
[gazebo-1] Exception sending a multicast message:Network is unreachable
[gazebo-1] Exception sending a multicast message:Network is unreachable
[gazebo-1] Exception sending a multicast message:Network is unreachable
[gazebo-1] Exception sending a multicast message:Network is unreachable
[gazebo-1] Exception sending a multicast message:Network is unreachable
[gazebo-1] Exception sending a multicast message:Network is unreachable
[gazebo-1] Exception sending a multicast message:Network is unreachable
[gazebo-1] Exception sending a multicast message:Network is unreachable
[gazebo-1] Exception sending a multicast message:Network is unreachable
[gazebo-1] Exception sending a multicast message:Network is unreachable
[gazebo-1] Exception sending a multicast message:Network is unreachable
[gazebo-1] Exception sending a multicast message:Network is unreachable
[parameter_bridge-22] Exception sending a multicast message:Network is unreachable
[parameter_bridge-22] Exception sending a multicast message:Network is unreachable
[parameter_bridge-22] Exception sending a multicast message:Network is unreachable
[rh_node-33] [INFO] [1789372617.983783748] [amr_3.rh_node]: [amr_3] Pruned expired reservations for peers: ['amr_0']
[rh_node-32] [INFO] [1789372617.989410789] [amr_2.rh_node]: [amr_2] Pruned expired reservations for peers: ['amr_0']
[parameter_bridge-6] Exception sending a multicast message:Network is unreachable
[parameter_bridge-6] Exception sending a multicast message:Network is unreachable
[parameter_bridge-6] Exception sending a multicast message:Network is unreachable
[rh_node-31] [INFO] [1789372618.296276409] [amr_1.rh_node]: [amr_1] Pruned expired reservations for peers: ['amr_0']
[rh_node-34] [INFO] [1789372618.435409607] [amr_4.rh_node]: [amr_4] Pruned expired reservations for peers: ['amr_0']
[rh_node-33] [INFO] [1789372618.483738965] [amr_3.rh_node]: [amr_3] Pruned expired reservations for peers: ['amr_0']
[rh_node-32] [INFO] [1789372618.490527787] [amr_2.rh_node]: [amr_2] Pruned expired reservations for peers: ['amr_0']
[parameter_bridge-10] Exception sending a multicast message:Network is unreachable
[parameter_bridge-10] Exception sending a multicast message:Network is unreachable
[parameter_bridge-10] Exception sending a multicast message:Network is unreachable
[parameter_bridge-18] Exception sending a multicast message:Network is unreachable
[parameter_bridge-18] Exception sending a multicast message:Network is unreachable
[parameter_bridge-18] Exception sending a multicast message:Network is unreachable
[rh_node-31] [INFO] [1789372618.795602371] [amr_1.rh_node]: [amr_1] Pruned expired reservations for peers: ['amr_0']
[parameter_bridge-2] Exception sending a multicast message:Network is unreachable
[parameter_bridge-2] Exception sending a multicast message:Network is unreachable
[gazebo-1] Exception sending a multicast message:Network is unreachable
[gazebo-1] Exception sending a multicast message:Network is unreachable
[gazebo-1] Exception sending a multicast message:Network is unreachable
[gazebo-1] Exception sending a multicast message:Network is unreachable
[gazebo-1] Exception sending a multicast message:Network is unreachable
[gazebo-1] Exception sending a multicast message:Network is unreachable
[gazebo-1] Exception sending a multicast message:Network is unreachable
[gazebo-1] Exception sending a multicast message:Network is unreachable
[gazebo-1] Exception sending a multicast message:Network is unreachable
[gazebo-1] Exception sending a multicast message:Network is unreachable
[gazebo-1] Exception sending a multicast message:Network is unreachable
[gazebo-1] Exception sending a multicast message:Network is unreachable
[gazebo-1] Exception sending a multicast message:Network is unreachable
[gazebo-1] Exception sending a multicast message:Network is unreachable
[gazebo-1] Exception sending a multicast message:Network is unreachable
[gazebo-1] Exception sending a multicast message:Network is unreachable
[gazebo-1] Exception sending a multicast message:Network is unreachable
[gazebo-1] Exception sending a multicast message:Network is unreachable
[gazebo-1] Exception sending a multicast message:Network is unreachable
[gazebo-1] Exception sending a multicast message:Network is unreachable
[gazebo-1] Exception sending a multicast message:Network is unreachable
[gazebo-1] Exception sending a multicast message:Network is unreachable
[gazebo-1] Exception sending a multicast message:Network is unreachable
[gazebo-1] Exception sending a multicast message:Network is unreachable
[gazebo-1] Exception sending a multicast message:Network is unreachable
[gazebo-1] Exception sending a multicast message:Network is unreachable
[gazebo-1] Exception sending a multicast message:Network is unreachable
[gazebo-1] Exception sending a multicast message:Network is unreachable
[gazebo-1] Exception sending a multicast message:Network is unreachable
[gazebo-1] Exception sending a multicast message:Network is unreachable
[gazebo-1] Exception sending a multicast message:Network is unreachable
[gazebo-1] Exception sending a multicast message:Network is unreachable
[gazebo-1] Exception sending a multicast message:Network is unreachable
[gazebo-1] Exception sending a multicast message:Network is unreachable
[gazebo-1] Exception sending a multicast message:Network is unreachable
[gazebo-1] Exception sending a multicast message:Network is unreachable
[gazebo-1] Exception sending a multicast message:Network is unreachable
[parameter_bridge-14] Exception sending a multicast message:Network is unreachable
[parameter_bridge-14] Exception sending a multicast message:Network is unreachable
[parameter_bridge-14] Exception sending a multicast message:Network is unreachable
[rh_node-34] [INFO] [1789372618.934760665] [amr_4.rh_node]: [amr_4] Pruned expired reservations for peers: ['amr_0']
[gazebo-1] Exception sending a multicast message:Network is unreachable
[gazebo-1] Exception sending a multicast message:Network is unreachable
[gazebo-1] Exception sending a multicast message:Network is unreachable
[gazebo-1] Exception sending a multicast message:Network is unreachable
[gazebo-1] Exception sending a multicast message:Network is unreachable
[gazebo-1] Exception sending a multicast message:Network is unreachable
[gazebo-1] Exception sending a multicast message:Network is unreachable
[gazebo-1] Exception sending a multicast message:Network is unreachable
[gazebo-1] Exception sending a multicast message:Network is unreachable
[gazebo-1] Exception sending a multicast message:Network is unreachable
[gazebo-1] Exception sending a multicast message:Network is unreachable
[gazebo-1] Exception sending a multicast message:Network is unreachable
[gazebo-1] Exception sending a multicast message:Network is unreachable
[gazebo-1] Exception sending a multicast message:Network is unreachable
[gazebo-1] Exception sending a multicast message:Network is unreachable
[gazebo-1] Exception sending a multicast message:Network is unreachable
[gazebo-1] Exception sending a multicast message:Network is unreachable
[gazebo-1] Exception sending a multicast message:Network is unreachable
[gazebo-1] Exception sending a multicast message:Network is unreachable
[gazebo-1] Exception sending a multicast message:Network is unreachable
[gazebo-1] Exception sending a multicast message:Network is unreachable
[gazebo-1] Exception sending a multicast message:Network is unreachable
[gazebo-1] Exception sending a multicast message:Network is unreachable
[gazebo-1] Exception sending a multicast message:Network is unreachable
[gazebo-1] Exception sending a multicast message:Network is unreachable
[gazebo-1] Exception sending a multicast message:Network is unreachable
[gazebo-1] Exception sending a multicast message:Network is unreachable
[gazebo-1] Exception sending a multicast message:Network is unreachable
[gazebo-1] Exception sending a multicast message:Network is unreachable
[gazebo-1] Exception sending a multicast message:Network is unreachable
[gazebo-1] Exception sending a multicast message:Network is unreachable
[gazebo-1] Exception sending a multicast message:Network is unreachable
[gazebo-1] Exception sending a multicast message:Network is unreachable
[gazebo-1] Exception sending a multicast message:Network is unreachable
[gazebo-1] Exception sending a multicast message:Network is unreachable
[gazebo-1] Exception sending a multicast message:Network is unreachable
[gazebo-1] Exception sending a multicast message:Network is unreachable
[gazebo-1] Exception sending a multicast message:Network is unreachable
[gazebo-1] Exception sending a multicast message:Network is unreachable
[gazebo-1] Exception sending a multicast message:Network is unreachable
[gazebo-1] Exception sending a multicast message:Network is unreachable
[gazebo-1] Exception sending a multicast message:Network is unreachable
[gazebo-1] Exception sending a multicast message:Network is unreachable
[gazebo-1] Exception sending a multicast message:Network is unreachable
[gazebo-1] Exception sending a multicast message:Network is unreachable
[gazebo-1] Exception sending a multicast message:Network is unreachable
[gazebo-1] Exception sending a multicast message:Network is unreachable
[gazebo-1] Exception sending a multicast message:Network is unreachable
[gazebo-1] Exception sending a multicast message:Network is unreachable
[gazebo-1] Exception sending a multicast message:Network is unreachable
[gazebo-1] Exception sending a multicast message:Network is unreachable
[gazebo-1] Exception sending a multicast message:Network is unreachable
[gazebo-1] Exception sending a multicast message:Network is unreachable
[gazebo-1] Exception sending a multicast message:Network is unreachable
[parameter_bridge-22] Exception sending a multicast message:Network is unreachable
[parameter_bridge-22] Exception sending a multicast message:Network is unreachable
[parameter_bridge-22] Exception sending a multicast message:Network is unreachable
[rh_node-33] [INFO] [1789372618.984483731] [amr_3.rh_node]: [amr_3] Pruned expired reservations for peers: ['amr_0']
[rh_node-32] [INFO] [1789372618.989318349] [amr_2.rh_node]: [amr_2] Pruned expired reservations for peers: ['amr_0']
[parameter_bridge-6] Exception sending a multicast message:Network is unreachable
[parameter_bridge-6] Exception sending a multicast message:Network is unreachable
[parameter_bridge-6] Exception sending a multicast message:Network is unreachable
[rh_node-31] [INFO] [1789372619.295526848] [amr_1.rh_node]: [amr_1] Pruned expired reservations for peers: ['amr_0']
[rh_node-34] [INFO] [1789372619.436162491] [amr_4.rh_node]: [amr_4] Pruned expired reservations for peers: ['amr_0']
[rh_node-33] [INFO] [1789372619.483664412] [amr_3.rh_node]: [amr_3] Pruned expired reservations for peers: ['amr_0']
[rh_node-32] [INFO] [1789372619.488566975] [amr_2.rh_node]: [amr_2] Pruned expired reservations for peers: ['amr_0']
[parameter_bridge-10] Exception sending a multicast message:Network is unreachable
[parameter_bridge-10] Exception sending a multicast message:Network is unreachable
[parameter_bridge-10] Exception sending a multicast message:Network is unreachable
[parameter_bridge-18] Exception sending a multicast message:Network is unreachable
[parameter_bridge-18] Exception sending a multicast message:Network is unreachable
[parameter_bridge-18] Exception sending a multicast message:Network is unreachable
[rh_node-31] [INFO] [1789372619.796343774] [amr_1.rh_node]: [amr_1] Pruned expired reservations for peers: ['amr_0']
[parameter_bridge-2] Exception sending a multicast message:Network is unreachable
[parameter_bridge-2] Exception sending a multicast message:Network is unreachable
[gazebo-1] Exception sending a multicast message:Network is unreachable
[gazebo-1] Exception sending a multicast message:Network is unreachable
[gazebo-1] Exception sending a multicast message:Network is unreachable
[gazebo-1] Exception sending a multicast message:Network is unreachable
[gazebo-1] Exception sending a multicast message:Network is unreachable
[gazebo-1] Exception sending a multicast message:Network is unreachable
[gazebo-1] Exception sending a multicast message:Network is unreachable
[gazebo-1] Exception sending a multicast message:Network is unreachable
[gazebo-1] Exception sending a multicast message:Network is unreachable
[gazebo-1] Exception sending a multicast message:Network is unreachable
[gazebo-1] Exception sending a multicast message:Network is unreachable
[gazebo-1] Exception sending a multicast message:Network is unreachable
[gazebo-1] Exception sending a multicast message:Network is unreachable
[gazebo-1] Exception sending a multicast message:Network is unreachable
[gazebo-1] Exception sending a multicast message:Network is unreachable
[gazebo-1] Exception sending a multicast message:Network is unreachable
[gazebo-1] Exception sending a multicast message:Network is unreachable
[gazebo-1] Exception sending a multicast message:Network is unreachable
[gazebo-1] Exception sending a multicast message:Network is unreachable
[gazebo-1] Exception sending a multicast message:Network is unreachable
[gazebo-1] Exception sending a multicast message:Network is unreachable
[gazebo-1] Exception sending a multicast message:Network is unreachable
[gazebo-1] Exception sending a multicast message:Network is unreachable
[gazebo-1] Exception sending a multicast message:Network is unreachable
[gazebo-1] Exception sending a multicast message:Network is unreachable
[gazebo-1] Exception sending a multicast message:Network is unreachable
[gazebo-1] Exception sending a multicast message:Network is unreachable
[gazebo-1] Exception sending a multicast message:Network is unreachable
[gazebo-1] Exception sending a multicast message:Network is unreachable
[gazebo-1] Exception sending a multicast message:Network is unreachable
[gazebo-1] Exception sending a multicast message:Network is unreachable
[gazebo-1] Exception sending a multicast message:Network is unreachable
[gazebo-1] Exception sending a multicast message:Network is unreachable
[gazebo-1] Exception sending a multicast message:Network is unreachable
[gazebo-1] Exception sending a multicast message:Network is unreachable
[gazebo-1] Exception sending a multicast message:Network is unreachable
[gazebo-1] Exception sending a multicast message:Network is unreachable
[parameter_bridge-14] Exception sending a multicast message:Network is unreachable
[parameter_bridge-14] Exception sending a multicast message:Network is unreachable
[parameter_bridge-14] Exception sending a multicast message:Network is unreachable
[rh_node-34] [INFO] [1789372619.935997160] [amr_4.rh_node]: [amr_4] Pruned expired reservations for peers: ['amr_0']
[gazebo-1] Exception sending a multicast message:Network is unreachable
[gazebo-1] Exception sending a multicast message:Network is unreachable
[gazebo-1] Exception sending a multicast message:Network is unreachable
[gazebo-1] Exception sending a multicast message:Network is unreachable
[gazebo-1] Exception sending a multicast message:Network is unreachable
[gazebo-1] Exception sending a multicast message:Network is unreachable
[gazebo-1] Exception sending a multicast message:Network is unreachable
[gazebo-1] Exception sending a multicast message:Network is unreachable
[gazebo-1] Exception sending a multicast message:Network is unreachable
[gazebo-1] Exception sending a multicast message:Network is unreachable
[gazebo-1] Exception sending a multicast message:Network is unreachable
[gazebo-1] Exception sending a multicast message:Network is unreachable
[gazebo-1] Exception sending a multicast message:Network is unreachable
[gazebo-1] Exception sending a multicast message:Network is unreachable
[gazebo-1] Exception sending a multicast message:Network is unreachable
[gazebo-1] Exception sending a multicast message:Network is unreachable
[gazebo-1] Exception sending a multicast message:Network is unreachable
[gazebo-1] Exception sending a multicast message:Network is unreachable
[gazebo-1] Exception sending a multicast message:Network is unreachable
[gazebo-1] Exception sending a multicast message:Network is unreachable
[gazebo-1] Exception sending a multicast message:Network is unreachable
[gazebo-1] Exception sending a multicast message:Network is unreachable
[gazebo-1] Exception sending a multicast message:Network is unreachable
[gazebo-1] Exception sending a multicast message:Network is unreachable
[gazebo-1] Exception sending a multicast message:Network is unreachable
[gazebo-1] Exception sending a multicast message:Network is unreachable
[gazebo-1] Exception sending a multicast message:Network is unreachable
[gazebo-1] Exception sending a multicast message:Network is unreachable
[gazebo-1] Exception sending a multicast message:Network is unreachable
[gazebo-1] Exception sending a multicast message:Network is unreachable
[gazebo-1] Exception sending a multicast message:Network is unreachable
[gazebo-1] Exception sending a multicast message:Network is unreachable
[gazebo-1] Exception sending a multicast message:Network is unreachable
[gazebo-1] Exception sending a multicast message:Network is unreachable
[gazebo-1] Exception sending a multicast message:Network is unreachable
[gazebo-1] Exception sending a multicast message:Network is unreachable
[gazebo-1] Exception sending a multicast message:Network is unreachable
[gazebo-1] Exception sending a multicast message:Network is unreachable
[gazebo-1] Exception sending a multicast message:Network is unreachable
[gazebo-1] Exception sending a multicast message:Network is unreachable
[gazebo-1] Exception sending a multicast message:Network is unreachable
[gazebo-1] Exception sending a multicast message:Network is unreachable
[gazebo-1] Exception sending a multicast message:Network is unreachable
[gazebo-1] Exception sending a multicast message:Network is unreachable
[gazebo-1] Exception sending a multicast message:Network is unreachable
[gazebo-1] Exception sending a multicast message:Network is unreachable
[gazebo-1] Exception sending a multicast message:Network is unreachable
[gazebo-1] Exception sending a multicast message:Network is unreachable
[gazebo-1] Exception sending a multicast message:Network is unreachable
[gazebo-1] Exception sending a multicast message:Network is unreachable
[gazebo-1] Exception sending a multicast message:Network is unreachable
[gazebo-1] Exception sending a multicast message:Network is unreachable
[gazebo-1] Exception sending a multicast message:Network is unreachable
[gazebo-1] Exception sending a multicast message:Network is unreachable
[parameter_bridge-22] Exception sending a multicast message:Network is unreachable
[parameter_bridge-22] Exception sending a multicast message:Network is unreachable
[parameter_bridge-22] Exception sending a multicast message:Network is unreachable
[rh_node-33] [INFO] [1789372619.985238278] [amr_3.rh_node]: [amr_3] Pruned expired reservations for peers: ['amr_0']
[rh_node-32] [INFO] [1789372619.989127489] [amr_2.rh_node]: [amr_2] Pruned expired reservations for peers: ['amr_0']
[parameter_bridge-6] Exception sending a multicast message:Network is unreachable
[parameter_bridge-6] Exception sending a multicast message:Network is unreachable
[parameter_bridge-6] Exception sending a multicast message:Network is unreachable
[rh_node-31] [INFO] [1789372620.297083741] [amr_1.rh_node]: [amr_1] Pruned expired reservations for peers: ['amr_0']
[rh_node-34] [INFO] [1789372620.435419459] [amr_4.rh_node]: [amr_4] Pruned expired reservations for peers: ['amr_0']
[rh_node-33] [INFO] [1789372620.483721947] [amr_3.rh_node]: [amr_3] Pruned expired reservations for peers: ['amr_0']
[rh_node-32] [INFO] [1789372620.488556902] [amr_2.rh_node]: [amr_2] Pruned expired reservations for peers: ['amr_0']
[parameter_bridge-10] Exception sending a multicast message:Network is unreachable
[parameter_bridge-10] Exception sending a multicast message:Network is unreachable
[parameter_bridge-10] Exception sending a multicast message:Network is unreachable
[parameter_bridge-18] Exception sending a multicast message:Network is unreachable
[parameter_bridge-18] Exception sending a multicast message:Network is unreachable
[parameter_bridge-18] Exception sending a multicast message:Network is unreachable
[rh_node-31] [INFO] [1789372620.796043107] [amr_1.rh_node]: [amr_1] Pruned expired reservations for peers: ['amr_0']
[parameter_bridge-2] Exception sending a multicast message:Network is unreachable
[parameter_bridge-2] Exception sending a multicast message:Network is unreachable
[gazebo-1] Exception sending a multicast message:Network is unreachable
[gazebo-1] Exception sending a multicast message:Network is unreachable
[gazebo-1] Exception sending a multicast message:Network is unreachable
[gazebo-1] Exception sending a multicast message:Network is unreachable
[gazebo-1] Exception sending a multicast message:Network is unreachable
[gazebo-1] Exception sending a multicast message:Network is unreachable
[gazebo-1] Exception sending a multicast message:Network is unreachable
[gazebo-1] Exception sending a multicast message:Network is unreachable
[gazebo-1] Exception sending a multicast message:Network is unreachable
[gazebo-1] Exception sending a multicast message:Network is unreachable
[gazebo-1] Exception sending a multicast message:Network is unreachable
[gazebo-1] Exception sending a multicast message:Network is unreachable
[gazebo-1] Exception sending a multicast message:Network is unreachable
[gazebo-1] Exception sending a multicast message:Network is unreachable
[gazebo-1] Exception sending a multicast message:Network is unreachable
[gazebo-1] Exception sending a multicast message:Network is unreachable
[gazebo-1] Exception sending a multicast message:Network is unreachable
[gazebo-1] Exception sending a multicast message:Network is unreachable
[gazebo-1] Exception sending a multicast message:Network is unreachable
[gazebo-1] Exception sending a multicast message:Network is unreachable
[gazebo-1] Exception sending a multicast message:Network is unreachable
[gazebo-1] Exception sending a multicast message:Network is unreachable
[gazebo-1] Exception sending a multicast message:Network is unreachable
[gazebo-1] Exception sending a multicast message:Network is unreachable
[gazebo-1] Exception sending a multicast message:Network is unreachable
[gazebo-1] Exception sending a multicast message:Network is unreachable
[gazebo-1] Exception sending a multicast message:Network is unreachable
[gazebo-1] Exception sending a multicast message:Network is unreachable
[gazebo-1] Exception sending a multicast message:Network is unreachable
[gazebo-1] Exception sending a multicast message:Network is unreachable
[gazebo-1] Exception sending a multicast message:Network is unreachable
[gazebo-1] Exception sending a multicast message:Network is unreachable
[gazebo-1] Exception sending a multicast message:Network is unreachable
[gazebo-1] Exception sending a multicast message:Network is unreachable
[gazebo-1] Exception sending a multicast message:Network is unreachable
[gazebo-1] Exception sending a multicast message:Network is unreachable
[gazebo-1] Exception sending a multicast message:Network is unreachable
[parameter_bridge-14] Exception sending a multicast message:Network is unreachable
[parameter_bridge-14] Exception sending a multicast message:Network is unreachable
[parameter_bridge-14] Exception sending a multicast message:Network is unreachable
[rh_node-34] [INFO] [1789372620.934763828] [amr_4.rh_node]: [amr_4] Pruned expired reservations for peers: ['amr_0']
[gazebo-1] Exception sending a multicast message:Network is unreachable
[gazebo-1] Exception sending a multicast message:Network is unreachable
[gazebo-1] Exception sending a multicast message:Network is unreachable
[gazebo-1] Exception sending a multicast message:Network is unreachable
[gazebo-1] Exception sending a multicast message:Network is unreachable
[gazebo-1] Exception sending a multicast message:Network is unreachable
[gazebo-1] Exception sending a multicast message:Network is unreachable
[gazebo-1] Exception sending a multicast message:Network is unreachable
[gazebo-1] Exception sending a multicast message:Network is unreachable
[gazebo-1] Exception sending a multicast message:Network is unreachable
[gazebo-1] Exception sending a multicast message:Network is unreachable
[gazebo-1] Exception sending a multicast message:Network is unreachable
[gazebo-1] Exception sending a multicast message:Network is unreachable
[gazebo-1] Exception sending a multicast message:Network is unreachable
[gazebo-1] Exception sending a multicast message:Network is unreachable
[gazebo-1] Exception sending a multicast message:Network is unreachable
[gazebo-1] Exception sending a multicast message:Network is unreachable
[gazebo-1] Exception sending a multicast message:Network is unreachable
[gazebo-1] Exception sending a multicast message:Network is unreachable
[gazebo-1] Exception sending a multicast message:Network is unreachable
[gazebo-1] Exception sending a multicast message:Network is unreachable
[gazebo-1] Exception sending a multicast message:Network is unreachable
[gazebo-1] Exception sending a multicast message:Network is unreachable
[gazebo-1] Exception sending a multicast message:Network is unreachable
[gazebo-1] Exception sending a multicast message:Network is unreachable
[gazebo-1] Exception sending a multicast message:Network is unreachable
[gazebo-1] Exception sending a multicast message:Network is unreachable
[gazebo-1] Exception sending a multicast message:Network is unreachable
[gazebo-1] Exception sending a multicast message:Network is unreachable
[gazebo-1] Exception sending a multicast message:Network is unreachable
[gazebo-1] Exception sending a multicast message:Network is unreachable
[gazebo-1] Exception sending a multicast message:Network is unreachable
[gazebo-1] Exception sending a multicast message:Network is unreachable
[gazebo-1] Exception sending a multicast message:Network is unreachable
[gazebo-1] Exception sending a multicast message:Network is unreachable
[gazebo-1] Exception sending a multicast message:Network is unreachable
[gazebo-1] Exception sending a multicast message:Network is unreachable
[gazebo-1] Exception sending a multicast message:Network is unreachable
[gazebo-1] Exception sending a multicast message:Network is unreachable
[gazebo-1] Exception sending a multicast message:Network is unreachable
[gazebo-1] Exception sending a multicast message:Network is unreachable
[gazebo-1] Exception sending a multicast message:Network is unreachable
[gazebo-1] Exception sending a multicast message:Network is unreachable
[gazebo-1] Exception sending a multicast message:Network is unreachable
[gazebo-1] Exception sending a multicast message:Network is unreachable
[gazebo-1] Exception sending a multicast message:Network is unreachable
[gazebo-1] Exception sending a multicast message:Network is unreachable
[gazebo-1] Exception sending a multicast message:Network is unreachable
[gazebo-1] Exception sending a multicast message:Network is unreachable
[gazebo-1] Exception sending a multicast message:Network is unreachable
[gazebo-1] Exception sending a multicast message:Network is unreachable
[gazebo-1] Exception sending a multicast message:Network is unreachable
[gazebo-1] Exception sending a multicast message:Network is unreachable
[gazebo-1] Exception sending a multicast message:Network is unreachable
[parameter_bridge-22] Exception sending a multicast message:Network is unreachable
[parameter_bridge-22] Exception sending a multicast message:Network is unreachable
[parameter_bridge-22] Exception sending a multicast message:Network is unreachable
[rh_node-33] [INFO] [1789372620.984624454] [amr_3.rh_node]: [amr_3] Pruned expired reservations for peers: ['amr_0']
[rh_node-32] [INFO] [1789372620.988303378] [amr_2.rh_node]: [amr_2] Pruned expired reservations for peers: ['amr_0']
[parameter_bridge-6] Exception sending a multicast message:Network is unreachable
[parameter_bridge-6] Exception sending a multicast message:Network is unreachable
[parameter_bridge-6] Exception sending a multicast message:Network is unreachable
[rh_node-31] [INFO] [1789372621.297055081] [amr_1.rh_node]: [amr_1] Pruned expired reservations for peers: ['amr_0']
[rh_node-34] [INFO] [1789372621.434972458] [amr_4.rh_node]: [amr_4] Pruned expired reservations for peers: ['amr_0']
[rh_node-33] [INFO] [1789372621.483624472] [amr_3.rh_node]: [amr_3] Pruned expired reservations for peers: ['amr_0']
[rh_node-32] [INFO] [1789372621.489103119] [amr_2.rh_node]: [amr_2] Pruned expired reservations for peers: ['amr_0']
[parameter_bridge-10] Exception sending a multicast message:Network is unreachable
[parameter_bridge-10] Exception sending a multicast message:Network is unreachable
[parameter_bridge-10] Exception sending a multicast message:Network is unreachable
[parameter_bridge-18] Exception sending a multicast message:Network is unreachable
[parameter_bridge-18] Exception sending a multicast message:Network is unreachable
[parameter_bridge-18] Exception sending a multicast message:Network is unreachable
[rh_node-31] [INFO] [1789372621.795546598] [amr_1.rh_node]: [amr_1] Pruned expired reservations for peers: ['amr_0']
[parameter_bridge-2] Exception sending a multicast message:Network is unreachable
[parameter_bridge-2] Exception sending a multicast message:Network is unreachable
[gazebo-1] Exception sending a multicast message:Network is unreachable
[gazebo-1] Exception sending a multicast message:Network is unreachable
[gazebo-1] Exception sending a multicast message:Network is unreachable
[gazebo-1] Exception sending a multicast message:Network is unreachable
[gazebo-1] Exception sending a multicast message:Network is unreachable
[gazebo-1] Exception sending a multicast message:Network is unreachable
[gazebo-1] Exception sending a multicast message:Network is unreachable
[gazebo-1] Exception sending a multicast message:Network is unreachable
[gazebo-1] Exception sending a multicast message:Network is unreachable
[gazebo-1] Exception sending a multicast message:Network is unreachable
[gazebo-1] Exception sending a multicast message:Network is unreachable
[gazebo-1] Exception sending a multicast message:Network is unreachable
[gazebo-1] Exception sending a multicast message:Network is unreachable
[gazebo-1] Exception sending a multicast message:Network is unreachable
[gazebo-1] Exception sending a multicast message:Network is unreachable
[gazebo-1] Exception sending a multicast message:Network is unreachable
[gazebo-1] Exception sending a multicast message:Network is unreachable
[gazebo-1] Exception sending a multicast message:Network is unreachable
[gazebo-1] Exception sending a multicast message:Network is unreachable
[gazebo-1] Exception sending a multicast message:Network is unreachable
[gazebo-1] Exception sending a multicast message:Network is unreachable
[gazebo-1] Exception sending a multicast message:Network is unreachable
[gazebo-1] Exception sending a multicast message:Network is unreachable
[gazebo-1] Exception sending a multicast message:Network is unreachable
[gazebo-1] Exception sending a multicast message:Network is unreachable
[gazebo-1] Exception sending a multicast message:Network is unreachable
[gazebo-1] Exception sending a multicast message:Network is unreachable
[gazebo-1] Exception sending a multicast message:Network is unreachable
[gazebo-1] Exception sending a multicast message:Network is unreachable
[gazebo-1] Exception sending a multicast message:Network is unreachable
[gazebo-1] Exception sending a multicast message:Network is unreachable
[gazebo-1] Exception sending a multicast message:Network is unreachable
[gazebo-1] Exception sending a multicast message:Network is unreachable
[gazebo-1] Exception sending a multicast message:Network is unreachable
[gazebo-1] Exception sending a multicast message:Network is unreachable
[gazebo-1] Exception sending a multicast message:Network is unreachable
[gazebo-1] Exception sending a multicast message:Network is unreachable
[parameter_bridge-14] Exception sending a multicast message:Network is unreachable
[parameter_bridge-14] Exception sending a multicast message:Network is unreachable
[parameter_bridge-14] Exception sending a multicast message:Network is unreachable
[rh_node-34] [INFO] [1789372621.935552551] [amr_4.rh_node]: [amr_4] Pruned expired reservations for peers: ['amr_0']
[gazebo-1] Exception sending a multicast message:Network is unreachable
[gazebo-1] Exception sending a multicast message:Network is unreachable
[gazebo-1] Exception sending a multicast message:Network is unreachable
[gazebo-1] Exception sending a multicast message:Network is unreachable
[gazebo-1] Exception sending a multicast message:Network is unreachable
[gazebo-1] Exception sending a multicast message:Network is unreachable
[gazebo-1] Exception sending a multicast message:Network is unreachable
[gazebo-1] Exception sending a multicast message:Network is unreachable
[gazebo-1] Exception sending a multicast message:Network is unreachable
[gazebo-1] Exception sending a multicast message:Network is unreachable
[gazebo-1] Exception sending a multicast message:Network is unreachable
[gazebo-1] Exception sending a multicast message:Network is unreachable
[gazebo-1] Exception sending a multicast message:Network is unreachable
[gazebo-1] Exception sending a multicast message:Network is unreachable
[gazebo-1] Exception sending a multicast message:Network is unreachable
[gazebo-1] Exception sending a multicast message:Network is unreachable
[gazebo-1] Exception sending a multicast message:Network is unreachable
[gazebo-1] Exception sending a multicast message:Network is unreachable
[gazebo-1] Exception sending a multicast message:Network is unreachable
[gazebo-1] Exception sending a multicast message:Network is unreachable
[gazebo-1] Exception sending a multicast message:Network is unreachable
[gazebo-1] Exception sending a multicast message:Network is unreachable
[gazebo-1] Exception sending a multicast message:Network is unreachable
[gazebo-1] Exception sending a multicast message:Network is unreachable
[gazebo-1] Exception sending a multicast message:Network is unreachable
[gazebo-1] Exception sending a multicast message:Network is unreachable
[gazebo-1] Exception sending a multicast message:Network is unreachable
[gazebo-1] Exception sending a multicast message:Network is unreachable
[gazebo-1] Exception sending a multicast message:Network is unreachable
[gazebo-1] Exception sending a multicast message:Network is unreachable
[gazebo-1] Exception sending a multicast message:Network is unreachable
[gazebo-1] Exception sending a multicast message:Network is unreachable
[gazebo-1] Exception sending a multicast message:Network is unreachable
[gazebo-1] Exception sending a multicast message:Network is unreachable
[gazebo-1] Exception sending a multicast message:Network is unreachable
[gazebo-1] Exception sending a multicast message:Network is unreachable
[gazebo-1] Exception sending a multicast message:Network is unreachable
[gazebo-1] Exception sending a multicast message:Network is unreachable
[gazebo-1] Exception sending a multicast message:Network is unreachable
[gazebo-1] Exception sending a multicast message:Network is unreachable
[gazebo-1] Exception sending a multicast message:Network is unreachable
[gazebo-1] Exception sending a multicast message:Network is unreachable
[gazebo-1] Exception sending a multicast message:Network is unreachable
[gazebo-1] Exception sending a multicast message:Network is unreachable
[gazebo-1] Exception sending a multicast message:Network is unreachable
[gazebo-1] Exception sending a multicast message:Network is unreachable
[gazebo-1] Exception sending a multicast message:Network is unreachable
[gazebo-1] Exception sending a multicast message:Network is unreachable
[gazebo-1] Exception sending a multicast message:Network is unreachable
[gazebo-1] Exception sending a multicast message:Network is unreachable
[gazebo-1] Exception sending a multicast message:Network is unreachable
[gazebo-1] Exception sending a multicast message:Network is unreachable
[gazebo-1] Exception sending a multicast message:Network is unreachable
[gazebo-1] Exception sending a multicast message:Network is unreachable
[parameter_bridge-22] Exception sending a multicast message:Network is unreachable
[parameter_bridge-22] Exception sending a multicast message:Network is unreachable
[parameter_bridge-22] Exception sending a multicast message:Network is unreachable
[rh_node-33] [INFO] [1789372621.983670640] [amr_3.rh_node]: [amr_3] Pruned expired reservations for peers: ['amr_0']
[rh_node-32] [INFO] [1789372621.989092102] [amr_2.rh_node]: [amr_2] Pruned expired reservations for peers: ['amr_0']
[parameter_bridge-6] Exception sending a multicast message:Network is unreachable
[parameter_bridge-6] Exception sending a multicast message:Network is unreachable
[parameter_bridge-6] Exception sending a multicast message:Network is unreachable
[rh_node-31] [INFO] [1789372622.295610217] [amr_1.rh_node]: [amr_1] Pruned expired reservations for peers: ['amr_0']
[rh_node-34] [INFO] [1789372622.434741309] [amr_4.rh_node]: [amr_4] Pruned expired reservations for peers: ['amr_0']
[rh_node-33] [INFO] [1789372622.484891152] [amr_3.rh_node]: [amr_3] Pruned expired reservations for peers: ['amr_0']
[rh_node-32] [INFO] [1789372622.488631095] [amr_2.rh_node]: [amr_2] Pruned expired reservations for peers: ['amr_0']
[parameter_bridge-10] Exception sending a multicast message:Network is unreachable
[parameter_bridge-10] Exception sending a multicast message:Network is unreachable
[parameter_bridge-10] Exception sending a multicast message:Network is unreachable
[parameter_bridge-18] Exception sending a multicast message:Network is unreachable
[parameter_bridge-18] Exception sending a multicast message:Network is unreachable
[parameter_bridge-18] Exception sending a multicast message:Network is unreachable
[rh_node-31] [INFO] [1789372622.795500929] [amr_1.rh_node]: [amr_1] Pruned expired reservations for peers: ['amr_0']
[parameter_bridge-2] Exception sending a multicast message:Network is unreachable
[parameter_bridge-2] Exception sending a multicast message:Network is unreachable
[gazebo-1] Exception sending a multicast message:Network is unreachable
[gazebo-1] Exception sending a multicast message:Network is unreachable
[gazebo-1] Exception sending a multicast message:Network is unreachable
[gazebo-1] Exception sending a multicast message:Network is unreachable
[gazebo-1] Exception sending a multicast message:Network is unreachable
[gazebo-1] Exception sending a multicast message:Network is unreachable
[gazebo-1] Exception sending a multicast message:Network is unreachable
[gazebo-1] Exception sending a multicast message:Network is unreachable
[gazebo-1] Exception sending a multicast message:Network is unreachable
[gazebo-1] Exception sending a multicast message:Network is unreachable
[gazebo-1] Exception sending a multicast message:Network is unreachable
[gazebo-1] Exception sending a multicast message:Network is unreachable
[gazebo-1] Exception sending a multicast message:Network is unreachable
[gazebo-1] Exception sending a multicast message:Network is unreachable
[gazebo-1] Exception sending a multicast message:Network is unreachable
[gazebo-1] Exception sending a multicast message:Network is unreachable
[gazebo-1] Exception sending a multicast message:Network is unreachable
[gazebo-1] Exception sending a multicast message:Network is unreachable
[gazebo-1] Exception sending a multicast message:Network is unreachable
[gazebo-1] Exception sending a multicast message:Network is unreachable
[gazebo-1] Exception sending a multicast message:Network is unreachable
[gazebo-1] Exception sending a multicast message:Network is unreachable
[gazebo-1] Exception sending a multicast message:Network is unreachable
[gazebo-1] Exception sending a multicast message:Network is unreachable
[gazebo-1] Exception sending a multicast message:Network is unreachable
[gazebo-1] Exception sending a multicast message:Network is unreachable
[gazebo-1] Exception sending a multicast message:Network is unreachable
[gazebo-1] Exception sending a multicast message:Network is unreachable
[gazebo-1] Exception sending a multicast message:Network is unreachable
[gazebo-1] Exception sending a multicast message:Network is unreachable
[gazebo-1] Exception sending a multicast message:Network is unreachable
[gazebo-1] Exception sending a multicast message:Network is unreachable
[gazebo-1] Exception sending a multicast message:Network is unreachable
[gazebo-1] Exception sending a multicast message:Network is unreachable
[gazebo-1] Exception sending a multicast message:Network is unreachable
[gazebo-1] Exception sending a multicast message:Network is unreachable
[gazebo-1] Exception sending a multicast message:Network is unreachable
[parameter_bridge-14] Exception sending a multicast message:Network is unreachable
[parameter_bridge-14] Exception sending a multicast message:Network is unreachable
[parameter_bridge-14] Exception sending a multicast message:Network is unreachable
[rh_node-34] [INFO] [1789372622.935300727] [amr_4.rh_node]: [amr_4] Pruned expired reservations for peers: ['amr_0']
[gazebo-1] Exception sending a multicast message:Network is unreachable
[gazebo-1] Exception sending a multicast message:Network is unreachable
[gazebo-1] Exception sending a multicast message:Network is unreachable
[gazebo-1] Exception sending a multicast message:Network is unreachable
[gazebo-1] Exception sending a multicast message:Network is unreachable
[gazebo-1] Exception sending a multicast message:Network is unreachable
[gazebo-1] Exception sending a multicast message:Network is unreachable
[gazebo-1] Exception sending a multicast message:Network is unreachable
[gazebo-1] Exception sending a multicast message:Network is unreachable
[gazebo-1] Exception sending a multicast message:Network is unreachable
[gazebo-1] Exception sending a multicast message:Network is unreachable
[gazebo-1] Exception sending a multicast message:Network is unreachable
[gazebo-1] Exception sending a multicast message:Network is unreachable
[gazebo-1] Exception sending a multicast message:Network is unreachable
[gazebo-1] Exception sending a multicast message:Network is unreachable
[gazebo-1] Exception sending a multicast message:Network is unreachable
[gazebo-1] Exception sending a multicast message:Network is unreachable
[gazebo-1] Exception sending a multicast message:Network is unreachable
[gazebo-1] Exception sending a multicast message:Network is unreachable
[gazebo-1] Exception sending a multicast message:Network is unreachable
[gazebo-1] Exception sending a multicast message:Network is unreachable
[gazebo-1] Exception sending a multicast message:Network is unreachable
[gazebo-1] Exception sending a multicast message:Network is unreachable
[gazebo-1] Exception sending a multicast message:Network is unreachable
[gazebo-1] Exception sending a multicast message:Network is unreachable
[gazebo-1] Exception sending a multicast message:Network is unreachable
[gazebo-1] Exception sending a multicast message:Network is unreachable
[gazebo-1] Exception sending a multicast message:Network is unreachable
[gazebo-1] Exception sending a multicast message:Network is unreachable
[gazebo-1] Exception sending a multicast message:Network is unreachable
[gazebo-1] Exception sending a multicast message:Network is unreachable
[gazebo-1] Exception sending a multicast message:Network is unreachable
[gazebo-1] Exception sending a multicast message:Network is unreachable
[gazebo-1] Exception sending a multicast message:Network is unreachable
[gazebo-1] Exception sending a multicast message:Network is unreachable
[gazebo-1] Exception sending a multicast message:Network is unreachable
[gazebo-1] Exception sending a multicast message:Network is unreachable
[gazebo-1] Exception sending a multicast message:Network is unreachable
[gazebo-1] Exception sending a multicast message:Network is unreachable
[gazebo-1] Exception sending a multicast message:Network is unreachable
[gazebo-1] Exception sending a multicast message:Network is unreachable
[gazebo-1] Exception sending a multicast message:Network is unreachable
[gazebo-1] Exception sending a multicast message:Network is unreachable
[gazebo-1] Exception sending a multicast message:Network is unreachable
[gazebo-1] Exception sending a multicast message:Network is unreachable
[gazebo-1] Exception sending a multicast message:Network is unreachable
[gazebo-1] Exception sending a multicast message:Network is unreachable
[gazebo-1] Exception sending a multicast message:Network is unreachable
[gazebo-1] Exception sending a multicast message:Network is unreachable
[gazebo-1] Exception sending a multicast message:Network is unreachable
[gazebo-1] Exception sending a multicast message:Network is unreachable
[gazebo-1] Exception sending a multicast message:Network is unreachable
[gazebo-1] Exception sending a multicast message:Network is unreachable
[gazebo-1] Exception sending a multicast message:Network is unreachable
[parameter_bridge-22] Exception sending a multicast message:Network is unreachable
[parameter_bridge-22] Exception sending a multicast message:Network is unreachable
[parameter_bridge-22] Exception sending a multicast message:Network is unreachable
[rh_node-33] [INFO] [1789372622.984551344] [amr_3.rh_node]: [amr_3] Pruned expired reservations for peers: ['amr_0']
[rh_node-32] [INFO] [1789372622.988437233] [amr_2.rh_node]: [amr_2] Pruned expired reservations for peers: ['amr_0']
[parameter_bridge-6] Exception sending a multicast message:Network is unreachable
[parameter_bridge-6] Exception sending a multicast message:Network is unreachable
[parameter_bridge-6] Exception sending a multicast message:Network is unreachable
[rh_node-31] [INFO] [1789372623.295710112] [amr_1.rh_node]: [amr_1] Pruned expired reservations for peers: ['amr_0']
[rh_node-34] [INFO] [1789372623.435857553] [amr_4.rh_node]: [amr_4] Pruned expired reservations for peers: ['amr_0']
[rh_node-33] [INFO] [1789372623.483690561] [amr_3.rh_node]: [amr_3] Pruned expired reservations for peers: ['amr_0']
[rh_node-32] [INFO] [1789372623.488615927] [amr_2.rh_node]: [amr_2] Pruned expired reservations for peers: ['amr_0']
[parameter_bridge-10] Exception sending a multicast message:Network is unreachable
[parameter_bridge-10] Exception sending a multicast message:Network is unreachable
[parameter_bridge-10] Exception sending a multicast message:Network is unreachable
[parameter_bridge-18] Exception sending a multicast message:Network is unreachable
[parameter_bridge-18] Exception sending a multicast message:Network is unreachable
[parameter_bridge-18] Exception sending a multicast message:Network is unreachable
[rh_node-31] [INFO] [1789372623.796316822] [amr_1.rh_node]: [amr_1] Pruned expired reservations for peers: ['amr_0']
[parameter_bridge-2] Exception sending a multicast message:Network is unreachable
[parameter_bridge-2] Exception sending a multicast message:Network is unreachable
[gazebo-1] Exception sending a multicast message:Network is unreachable
[gazebo-1] Exception sending a multicast message:Network is unreachable
[gazebo-1] Exception sending a multicast message:Network is unreachable
[gazebo-1] Exception sending a multicast message:Network is unreachable
[gazebo-1] Exception sending a multicast message:Network is unreachable
[gazebo-1] Exception sending a multicast message:Network is unreachable
[gazebo-1] Exception sending a multicast message:Network is unreachable
[gazebo-1] Exception sending a multicast message:Network is unreachable
[gazebo-1] Exception sending a multicast message:Network is unreachable
[gazebo-1] Exception sending a multicast message:Network is unreachable
[gazebo-1] Exception sending a multicast message:Network is unreachable
[gazebo-1] Exception sending a multicast message:Network is unreachable
[gazebo-1] Exception sending a multicast message:Network is unreachable
[gazebo-1] Exception sending a multicast message:Network is unreachable
[gazebo-1] Exception sending a multicast message:Network is unreachable
[gazebo-1] Exception sending a multicast message:Network is unreachable
[gazebo-1] Exception sending a multicast message:Network is unreachable
[gazebo-1] Exception sending a multicast message:Network is unreachable
[gazebo-1] Exception sending a multicast message:Network is unreachable
[gazebo-1] Exception sending a multicast message:Network is unreachable
[gazebo-1] Exception sending a multicast message:Network is unreachable
[gazebo-1] Exception sending a multicast message:Network is unreachable
[gazebo-1] Exception sending a multicast message:Network is unreachable
[gazebo-1] Exception sending a multicast message:Network is unreachable
[gazebo-1] Exception sending a multicast message:Network is unreachable
[gazebo-1] Exception sending a multicast message:Network is unreachable
[gazebo-1] Exception sending a multicast message:Network is unreachable
[gazebo-1] Exception sending a multicast message:Network is unreachable
[gazebo-1] Exception sending a multicast message:Network is unreachable
[gazebo-1] Exception sending a multicast message:Network is unreachable
[gazebo-1] Exception sending a multicast message:Network is unreachable
[gazebo-1] Exception sending a multicast message:Network is unreachable
[gazebo-1] Exception sending a multicast message:Network is unreachable
[gazebo-1] Exception sending a multicast message:Network is unreachable
[gazebo-1] Exception sending a multicast message:Network is unreachable
[gazebo-1] Exception sending a multicast message:Network is unreachable
[gazebo-1] Exception sending a multicast message:Network is unreachable
[parameter_bridge-14] Exception sending a multicast message:Network is unreachable
[parameter_bridge-14] Exception sending a multicast message:Network is unreachable
[parameter_bridge-14] Exception sending a multicast message:Network is unreachable
[rh_node-34] [INFO] [1789372623.934810838] [amr_4.rh_node]: [amr_4] Pruned expired reservations for peers: ['amr_0']
[gazebo-1] Exception sending a multicast message:Network is unreachable
[gazebo-1] Exception sending a multicast message:Network is unreachable
[gazebo-1] Exception sending a multicast message:Network is unreachable
[gazebo-1] Exception sending a multicast message:Network is unreachable
[gazebo-1] Exception sending a multicast message:Network is unreachable
[gazebo-1] Exception sending a multicast message:Network is unreachable
[gazebo-1] Exception sending a multicast message:Network is unreachable
[gazebo-1] Exception sending a multicast message:Network is unreachable
[gazebo-1] Exception sending a multicast message:Network is unreachable
[gazebo-1] Exception sending a multicast message:Network is unreachable
[gazebo-1] Exception sending a multicast message:Network is unreachable
[gazebo-1] Exception sending a multicast message:Network is unreachable
[gazebo-1] Exception sending a multicast message:Network is unreachable
[gazebo-1] Exception sending a multicast message:Network is unreachable
[gazebo-1] Exception sending a multicast message:Network is unreachable
[gazebo-1] Exception sending a multicast message:Network is unreachable
[gazebo-1] Exception sending a multicast message:Network is unreachable
[gazebo-1] Exception sending a multicast message:Network is unreachable
[gazebo-1] Exception sending a multicast message:Network is unreachable
[gazebo-1] Exception sending a multicast message:Network is unreachable
[gazebo-1] Exception sending a multicast message:Network is unreachable
[gazebo-1] Exception sending a multicast message:Network is unreachable
[gazebo-1] Exception sending a multicast message:Network is unreachable
[gazebo-1] Exception sending a multicast message:Network is unreachable
[gazebo-1] Exception sending a multicast message:Network is unreachable
[gazebo-1] Exception sending a multicast message:Network is unreachable
[gazebo-1] Exception sending a multicast message:Network is unreachable
[gazebo-1] Exception sending a multicast message:Network is unreachable
[gazebo-1] Exception sending a multicast message:Network is unreachable
[gazebo-1] Exception sending a multicast message:Network is unreachable
[gazebo-1] Exception sending a multicast message:Network is unreachable
[gazebo-1] Exception sending a multicast message:Network is unreachable
[gazebo-1] Exception sending a multicast message:Network is unreachable
[gazebo-1] Exception sending a multicast message:Network is unreachable
[gazebo-1] Exception sending a multicast message:Network is unreachable
[gazebo-1] Exception sending a multicast message:Network is unreachable
[gazebo-1] Exception sending a multicast message:Network is unreachable
[gazebo-1] Exception sending a multicast message:Network is unreachable
[gazebo-1] Exception sending a multicast message:Network is unreachable
[gazebo-1] Exception sending a multicast message:Network is unreachable
[gazebo-1] Exception sending a multicast message:Network is unreachable
[gazebo-1] Exception sending a multicast message:Network is unreachable
[gazebo-1] Exception sending a multicast message:Network is unreachable
[gazebo-1] Exception sending a multicast message:Network is unreachable
[gazebo-1] Exception sending a multicast message:Network is unreachable
[gazebo-1] Exception sending a multicast message:Network is unreachable
[gazebo-1] Exception sending a multicast message:Network is unreachable
[gazebo-1] Exception sending a multicast message:Network is unreachable
[gazebo-1] Exception sending a multicast message:Network is unreachable
[gazebo-1] Exception sending a multicast message:Network is unreachable
[gazebo-1] Exception sending a multicast message:Network is unreachable
[gazebo-1] Exception sending a multicast message:Network is unreachable
[gazebo-1] Exception sending a multicast message:Network is unreachable
[gazebo-1] Exception sending a multicast message:Network is unreachable
[parameter_bridge-22] Exception sending a multicast message:Network is unreachable
[parameter_bridge-22] Exception sending a multicast message:Network is unreachable
[parameter_bridge-22] Exception sending a multicast message:Network is unreachable
[rh_node-33] [INFO] [1789372623.984464884] [amr_3.rh_node]: [amr_3] Pruned expired reservations for peers: ['amr_0']
[rh_node-32] [INFO] [1789372623.989970159] [amr_2.rh_node]: [amr_2] Pruned expired reservations for peers: ['amr_0']
[parameter_bridge-6] Exception sending a multicast message:Network is unreachable
[parameter_bridge-6] Exception sending a multicast message:Network is unreachable
[parameter_bridge-6] Exception sending a multicast message:Network is unreachable
[rh_node-31] [INFO] [1789372624.296955352] [amr_1.rh_node]: [amr_1] Pruned expired reservations for peers: ['amr_0']
[rh_node-34] [INFO] [1789372624.435565548] [amr_4.rh_node]: [amr_4] Pruned expired reservations for peers: ['amr_0']
[rh_node-33] [INFO] [1789372624.484750694] [amr_3.rh_node]: [amr_3] Pruned expired reservations for peers: ['amr_0']
[rh_node-32] [INFO] [1789372624.488450007] [amr_2.rh_node]: [amr_2] Pruned expired reservations for peers: ['amr_0']
[parameter_bridge-10] Exception sending a multicast message:Network is unreachable
[parameter_bridge-10] Exception sending a multicast message:Network is unreachable
[parameter_bridge-10] Exception sending a multicast message:Network is unreachable
[parameter_bridge-18] Exception sending a multicast message:Network is unreachable
[parameter_bridge-18] Exception sending a multicast message:Network is unreachable
[parameter_bridge-18] Exception sending a multicast message:Network is unreachable
[rh_node-31] [INFO] [1789372624.796275361] [amr_1.rh_node]: [amr_1] Pruned expired reservations for peers: ['amr_0']
[parameter_bridge-2] Exception sending a multicast message:Network is unreachable
[parameter_bridge-2] Exception sending a multicast message:Network is unreachable
[gazebo-1] Exception sending a multicast message:Network is unreachable
[gazebo-1] Exception sending a multicast message:Network is unreachable
[gazebo-1] Exception sending a multicast message:Network is unreachable
[gazebo-1] Exception sending a multicast message:Network is unreachable
[gazebo-1] Exception sending a multicast message:Network is unreachable
[gazebo-1] Exception sending a multicast message:Network is unreachable
[gazebo-1] Exception sending a multicast message:Network is unreachable
[gazebo-1] Exception sending a multicast message:Network is unreachable
[gazebo-1] Exception sending a multicast message:Network is unreachable
[gazebo-1] Exception sending a multicast message:Network is unreachable
[gazebo-1] Exception sending a multicast message:Network is unreachable
[gazebo-1] Exception sending a multicast message:Network is unreachable
[gazebo-1] Exception sending a multicast message:Network is unreachable
[gazebo-1] Exception sending a multicast message:Network is unreachable
[gazebo-1] Exception sending a multicast message:Network is unreachable
[gazebo-1] Exception sending a multicast message:Network is unreachable
[gazebo-1] Exception sending a multicast message:Network is unreachable
[gazebo-1] Exception sending a multicast message:Network is unreachable
[gazebo-1] Exception sending a multicast message:Network is unreachable
[gazebo-1] Exception sending a multicast message:Network is unreachable
[gazebo-1] Exception sending a multicast message:Network is unreachable
[gazebo-1] Exception sending a multicast message:Network is unreachable
[gazebo-1] Exception sending a multicast message:Network is unreachable
[gazebo-1] Exception sending a multicast message:Network is unreachable
[gazebo-1] Exception sending a multicast message:Network is unreachable
[gazebo-1] Exception sending a multicast message:Network is unreachable
[gazebo-1] Exception sending a multicast message:Network is unreachable
[gazebo-1] Exception sending a multicast message:Network is unreachable
[gazebo-1] Exception sending a multicast message:Network is unreachable
[gazebo-1] Exception sending a multicast message:Network is unreachable
[gazebo-1] Exception sending a multicast message:Network is unreachable
[gazebo-1] Exception sending a multicast message:Network is unreachable
[gazebo-1] Exception sending a multicast message:Network is unreachable
[gazebo-1] Exception sending a multicast message:Network is unreachable
[gazebo-1] Exception sending a multicast message:Network is unreachable
[gazebo-1] Exception sending a multicast message:Network is unreachable
[gazebo-1] Exception sending a multicast message:Network is unreachable
[parameter_bridge-14] Exception sending a multicast message:Network is unreachable
[parameter_bridge-14] Exception sending a multicast message:Network is unreachable
[parameter_bridge-14] Exception sending a multicast message:Network is unreachable
[rh_node-34] [INFO] [1789372624.934805967] [amr_4.rh_node]: [amr_4] Pruned expired reservations for peers: ['amr_0']
[gazebo-1] Exception sending a multicast message:Network is unreachable
[gazebo-1] Exception sending a multicast message:Network is unreachable
[gazebo-1] Exception sending a multicast message:Network is unreachable
[gazebo-1] Exception sending a multicast message:Network is unreachable
[gazebo-1] Exception sending a multicast message:Network is unreachable
[gazebo-1] Exception sending a multicast message:Network is unreachable
[gazebo-1] Exception sending a multicast message:Network is unreachable
[gazebo-1] Exception sending a multicast message:Network is unreachable
[gazebo-1] Exception sending a multicast message:Network is unreachable
[gazebo-1] Exception sending a multicast message:Network is unreachable
[gazebo-1] Exception sending a multicast message:Network is unreachable
[gazebo-1] Exception sending a multicast message:Network is unreachable
[gazebo-1] Exception sending a multicast message:Network is unreachable
[gazebo-1] Exception sending a multicast message:Network is unreachable
[gazebo-1] Exception sending a multicast message:Network is unreachable
[gazebo-1] Exception sending a multicast message:Network is unreachable
[gazebo-1] Exception sending a multicast message:Network is unreachable
[gazebo-1] Exception sending a multicast message:Network is unreachable
[gazebo-1] Exception sending a multicast message:Network is unreachable
[gazebo-1] Exception sending a multicast message:Network is unreachable
[gazebo-1] Exception sending a multicast message:Network is unreachable
[gazebo-1] Exception sending a multicast message:Network is unreachable
[gazebo-1] Exception sending a multicast message:Network is unreachable
[gazebo-1] Exception sending a multicast message:Network is unreachable
[gazebo-1] Exception sending a multicast message:Network is unreachable
[gazebo-1] Exception sending a multicast message:Network is unreachable
[gazebo-1] Exception sending a multicast message:Network is unreachable
[gazebo-1] Exception sending a multicast message:Network is unreachable
[gazebo-1] Exception sending a multicast message:Network is unreachable
[gazebo-1] Exception sending a multicast message:Network is unreachable
[gazebo-1] Exception sending a multicast message:Network is unreachable
[gazebo-1] Exception sending a multicast message:Network is unreachable
[gazebo-1] Exception sending a multicast message:Network is unreachable
[gazebo-1] Exception sending a multicast message:Network is unreachable
[gazebo-1] Exception sending a multicast message:Network is unreachable
[gazebo-1] Exception sending a multicast message:Network is unreachable
[gazebo-1] Exception sending a multicast message:Network is unreachable
[gazebo-1] Exception sending a multicast message:Network is unreachable
[gazebo-1] Exception sending a multicast message:Network is unreachable
[gazebo-1] Exception sending a multicast message:Network is unreachable
[gazebo-1] Exception sending a multicast message:Network is unreachable
[gazebo-1] Exception sending a multicast message:Network is unreachable
[gazebo-1] Exception sending a multicast message:Network is unreachable
[gazebo-1] Exception sending a multicast message:Network is unreachable
[gazebo-1] Exception sending a multicast message:Network is unreachable
[gazebo-1] Exception sending a multicast message:Network is unreachable
[gazebo-1] Exception sending a multicast message:Network is unreachable
[gazebo-1] Exception sending a multicast message:Network is unreachable
[gazebo-1] Exception sending a multicast message:Network is unreachable
[gazebo-1] Exception sending a multicast message:Network is unreachable
[gazebo-1] Exception sending a multicast message:Network is unreachable
[gazebo-1] Exception sending a multicast message:Network is unreachable
[gazebo-1] Exception sending a multicast message:Network is unreachable
[gazebo-1] Exception sending a multicast message:Network is unreachable
[parameter_bridge-22] Exception sending a multicast message:Network is unreachable
[parameter_bridge-22] Exception sending a multicast message:Network is unreachable
[parameter_bridge-22] Exception sending a multicast message:Network is unreachable
[rh_node-33] [INFO] [1789372624.984478009] [amr_3.rh_node]: [amr_3] Pruned expired reservations for peers: ['amr_0']
[rh_node-32] [INFO] [1789372624.988628540] [amr_2.rh_node]: [amr_2] Pruned expired reservations for peers: ['amr_0']
[parameter_bridge-6] Exception sending a multicast message:Network is unreachable
[parameter_bridge-6] Exception sending a multicast message:Network is unreachable
[parameter_bridge-6] Exception sending a multicast message:Network is unreachable
[rh_node-31] [INFO] [1789372625.295723974] [amr_1.rh_node]: [amr_1] Pruned expired reservations for peers: ['amr_0']
[rh_node-34] [INFO] [1789372625.434789696] [amr_4.rh_node]: [amr_4] Pruned expired reservations for peers: ['amr_0']
[rh_node-33] [INFO] [1789372625.483745782] [amr_3.rh_node]: [amr_3] Pruned expired reservations for peers: ['amr_0']
[rh_node-32] [INFO] [1789372625.490255423] [amr_2.rh_node]: [amr_2] Pruned expired reservations for peers: ['amr_0']
[parameter_bridge-10] Exception sending a multicast message:Network is unreachable
[parameter_bridge-10] Exception sending a multicast message:Network is unreachable
[parameter_bridge-10] Exception sending a multicast message:Network is unreachable
[parameter_bridge-18] Exception sending a multicast message:Network is unreachable
[parameter_bridge-18] Exception sending a multicast message:Network is unreachable
[parameter_bridge-18] Exception sending a multicast message:Network is unreachable
[rh_node-31] [INFO] [1789372625.795991821] [amr_1.rh_node]: [amr_1] Pruned expired reservations for peers: ['amr_0']
[parameter_bridge-2] Exception sending a multicast message:Network is unreachable
[parameter_bridge-2] Exception sending a multicast message:Network is unreachable
[gazebo-1] Exception sending a multicast message:Network is unreachable
[gazebo-1] Exception sending a multicast message:Network is unreachable
[gazebo-1] Exception sending a multicast message:Network is unreachable
[gazebo-1] Exception sending a multicast message:Network is unreachable
[gazebo-1] Exception sending a multicast message:Network is unreachable
[gazebo-1] Exception sending a multicast message:Network is unreachable
[gazebo-1] Exception sending a multicast message:Network is unreachable
[gazebo-1] Exception sending a multicast message:Network is unreachable
[gazebo-1] Exception sending a multicast message:Network is unreachable
[gazebo-1] Exception sending a multicast message:Network is unreachable
[gazebo-1] Exception sending a multicast message:Network is unreachable
[gazebo-1] Exception sending a multicast message:Network is unreachable
[gazebo-1] Exception sending a multicast message:Network is unreachable
[gazebo-1] Exception sending a multicast message:Network is unreachable
[gazebo-1] Exception sending a multicast message:Network is unreachable
[gazebo-1] Exception sending a multicast message:Network is unreachable
[gazebo-1] Exception sending a multicast message:Network is unreachable
[gazebo-1] Exception sending a multicast message:Network is unreachable
[gazebo-1] Exception sending a multicast message:Network is unreachable
[gazebo-1] Exception sending a multicast message:Network is unreachable
[gazebo-1] Exception sending a multicast message:Network is unreachable
[gazebo-1] Exception sending a multicast message:Network is unreachable
[gazebo-1] Exception sending a multicast message:Network is unreachable
[gazebo-1] Exception sending a multicast message:Network is unreachable
[gazebo-1] Exception sending a multicast message:Network is unreachable
[gazebo-1] Exception sending a multicast message:Network is unreachable
[gazebo-1] Exception sending a multicast message:Network is unreachable
[gazebo-1] Exception sending a multicast message:Network is unreachable
[gazebo-1] Exception sending a multicast message:Network is unreachable
[gazebo-1] Exception sending a multicast message:Network is unreachable
[gazebo-1] Exception sending a multicast message:Network is unreachable
[gazebo-1] Exception sending a multicast message:Network is unreachable
[gazebo-1] Exception sending a multicast message:Network is unreachable
[gazebo-1] Exception sending a multicast message:Network is unreachable
[gazebo-1] Exception sending a multicast message:Network is unreachable
[gazebo-1] Exception sending a multicast message:Network is unreachable
[gazebo-1] Exception sending a multicast message:Network is unreachable
[parameter_bridge-14] Exception sending a multicast message:Network is unreachable
[parameter_bridge-14] Exception sending a multicast message:Network is unreachable
[parameter_bridge-14] Exception sending a multicast message:Network is unreachable
[rh_node-34] [INFO] [1789372625.935536228] [amr_4.rh_node]: [amr_4] Pruned expired reservations for peers: ['amr_0']
[gazebo-1] Exception sending a multicast message:Network is unreachable
[gazebo-1] Exception sending a multicast message:Network is unreachable
[gazebo-1] Exception sending a multicast message:Network is unreachable
[gazebo-1] Exception sending a multicast message:Network is unreachable
[gazebo-1] Exception sending a multicast message:Network is unreachable
[gazebo-1] Exception sending a multicast message:Network is unreachable
[gazebo-1] Exception sending a multicast message:Network is unreachable
[gazebo-1] Exception sending a multicast message:Network is unreachable
[gazebo-1] Exception sending a multicast message:Network is unreachable
[gazebo-1] Exception sending a multicast message:Network is unreachable
[gazebo-1] Exception sending a multicast message:Network is unreachable
[gazebo-1] Exception sending a multicast message:Network is unreachable
[gazebo-1] Exception sending a multicast message:Network is unreachable
[gazebo-1] Exception sending a multicast message:Network is unreachable
[gazebo-1] Exception sending a multicast message:Network is unreachable
[gazebo-1] Exception sending a multicast message:Network is unreachable
[gazebo-1] Exception sending a multicast message:Network is unreachable
[gazebo-1] Exception sending a multicast message:Network is unreachable
[gazebo-1] Exception sending a multicast message:Network is unreachable
[gazebo-1] Exception sending a multicast message:Network is unreachable
[gazebo-1] Exception sending a multicast message:Network is unreachable
[gazebo-1] Exception sending a multicast message:Network is unreachable
[gazebo-1] Exception sending a multicast message:Network is unreachable
[gazebo-1] Exception sending a multicast message:Network is unreachable
[gazebo-1] Exception sending a multicast message:Network is unreachable
[gazebo-1] Exception sending a multicast message:Network is unreachable
[gazebo-1] Exception sending a multicast message:Network is unreachable
[gazebo-1] Exception sending a multicast message:Network is unreachable
[gazebo-1] Exception sending a multicast message:Network is unreachable
[gazebo-1] Exception sending a multicast message:Network is unreachable
[gazebo-1] Exception sending a multicast message:Network is unreachable
[gazebo-1] Exception sending a multicast message:Network is unreachable
[gazebo-1] Exception sending a multicast message:Network is unreachable
[gazebo-1] Exception sending a multicast message:Network is unreachable
[gazebo-1] Exception sending a multicast message:Network is unreachable
[gazebo-1] Exception sending a multicast message:Network is unreachable
[gazebo-1] Exception sending a multicast message:Network is unreachable
[gazebo-1] Exception sending a multicast message:Network is unreachable
[gazebo-1] Exception sending a multicast message:Network is unreachable
[gazebo-1] Exception sending a multicast message:Network is unreachable
[gazebo-1] Exception sending a multicast message:Network is unreachable
[gazebo-1] Exception sending a multicast message:Network is unreachable
[gazebo-1] Exception sending a multicast message:Network is unreachable
[gazebo-1] Exception sending a multicast message:Network is unreachable
[gazebo-1] Exception sending a multicast message:Network is unreachable
[gazebo-1] Exception sending a multicast message:Network is unreachable
[gazebo-1] Exception sending a multicast message:Network is unreachable
[gazebo-1] Exception sending a multicast message:Network is unreachable
[gazebo-1] Exception sending a multicast message:Network is unreachable
[gazebo-1] Exception sending a multicast message:Network is unreachable
[gazebo-1] Exception sending a multicast message:Network is unreachable
[gazebo-1] Exception sending a multicast message:Network is unreachable
[gazebo-1] Exception sending a multicast message:Network is unreachable
[gazebo-1] Exception sending a multicast message:Network is unreachable
[parameter_bridge-22] Exception sending a multicast message:Network is unreachable
[parameter_bridge-22] Exception sending a multicast message:Network is unreachable
[parameter_bridge-22] Exception sending a multicast message:Network is unreachable
[rh_node-33] [INFO] [1789372625.984441314] [amr_3.rh_node]: [amr_3] Pruned expired reservations for peers: ['amr_0']
[rh_node-32] [INFO] [1789372625.988315211] [amr_2.rh_node]: [amr_2] Pruned expired reservations for peers: ['amr_0']
[parameter_bridge-6] Exception sending a multicast message:Network is unreachable
[parameter_bridge-6] Exception sending a multicast message:Network is unreachable
[parameter_bridge-6] Exception sending a multicast message:Network is unreachable
[rh_node-31] [INFO] [1789372626.295523924] [amr_1.rh_node]: [amr_1] Pruned expired reservations for peers: ['amr_0']
[rh_node-34] [INFO] [1789372626.434785576] [amr_4.rh_node]: [amr_4] Pruned expired reservations for peers: ['amr_0']
[rh_node-33] [INFO] [1789372626.483663535] [amr_3.rh_node]: [amr_3] Pruned expired reservations for peers: ['amr_0']
[rh_node-32] [INFO] [1789372626.490301960] [amr_2.rh_node]: [amr_2] Pruned expired reservations for peers: ['amr_0']
[parameter_bridge-10] Exception sending a multicast message:Network is unreachable
[parameter_bridge-10] Exception sending a multicast message:Network is unreachable
[parameter_bridge-10] Exception sending a multicast message:Network is unreachable
[parameter_bridge-18] Exception sending a multicast message:Network is unreachable
[parameter_bridge-18] Exception sending a multicast message:Network is unreachable
[parameter_bridge-18] Exception sending a multicast message:Network is unreachable
[rh_node-31] [INFO] [1789372626.796332295] [amr_1.rh_node]: [amr_1] Pruned expired reservations for peers: ['amr_0']
[parameter_bridge-2] Exception sending a multicast message:Network is unreachable
[parameter_bridge-2] Exception sending a multicast message:Network is unreachable
[gazebo-1] Exception sending a multicast message:Network is unreachable
[gazebo-1] Exception sending a multicast message:Network is unreachable
[gazebo-1] Exception sending a multicast message:Network is unreachable
[gazebo-1] Exception sending a multicast message:Network is unreachable
[gazebo-1] Exception sending a multicast message:Network is unreachable
[gazebo-1] Exception sending a multicast message:Network is unreachable
[gazebo-1] Exception sending a multicast message:Network is unreachable
[gazebo-1] Exception sending a multicast message:Network is unreachable
[gazebo-1] Exception sending a multicast message:Network is unreachable
[gazebo-1] Exception sending a multicast message:Network is unreachable
[gazebo-1] Exception sending a multicast message:Network is unreachable
[gazebo-1] Exception sending a multicast message:Network is unreachable
[gazebo-1] Exception sending a multicast message:Network is unreachable
[gazebo-1] Exception sending a multicast message:Network is unreachable
[gazebo-1] Exception sending a multicast message:Network is unreachable
[gazebo-1] Exception sending a multicast message:Network is unreachable
[gazebo-1] Exception sending a multicast message:Network is unreachable
[gazebo-1] Exception sending a multicast message:Network is unreachable
[gazebo-1] Exception sending a multicast message:Network is unreachable
[gazebo-1] Exception sending a multicast message:Network is unreachable
[gazebo-1] Exception sending a multicast message:Network is unreachable
[gazebo-1] Exception sending a multicast message:Network is unreachable
[gazebo-1] Exception sending a multicast message:Network is unreachable
[gazebo-1] Exception sending a multicast message:Network is unreachable
[gazebo-1] Exception sending a multicast message:Network is unreachable
[gazebo-1] Exception sending a multicast message:Network is unreachable
[gazebo-1] Exception sending a multicast message:Network is unreachable
[gazebo-1] Exception sending a multicast message:Network is unreachable
[gazebo-1] Exception sending a multicast message:Network is unreachable
[gazebo-1] Exception sending a multicast message:Network is unreachable
[gazebo-1] Exception sending a multicast message:Network is unreachable
[gazebo-1] Exception sending a multicast message:Network is unreachable
[gazebo-1] Exception sending a multicast message:Network is unreachable
[gazebo-1] Exception sending a multicast message:Network is unreachable
[gazebo-1] Exception sending a multicast message:Network is unreachable
[gazebo-1] Exception sending a multicast message:Network is unreachable
[gazebo-1] Exception sending a multicast message:Network is unreachable
[parameter_bridge-14] Exception sending a multicast message:Network is unreachable
[parameter_bridge-14] Exception sending a multicast message:Network is unreachable
[parameter_bridge-14] Exception sending a multicast message:Network is unreachable
[rh_node-34] [INFO] [1789372626.935948389] [amr_4.rh_node]: [amr_4] Pruned expired reservations for peers: ['amr_0']
[gazebo-1] Exception sending a multicast message:Network is unreachable
[gazebo-1] Exception sending a multicast message:Network is unreachable
[gazebo-1] Exception sending a multicast message:Network is unreachable
[gazebo-1] Exception sending a multicast message:Network is unreachable
[gazebo-1] Exception sending a multicast message:Network is unreachable
[gazebo-1] Exception sending a multicast message:Network is unreachable
[gazebo-1] Exception sending a multicast message:Network is unreachable
[gazebo-1] Exception sending a multicast message:Network is unreachable
[gazebo-1] Exception sending a multicast message:Network is unreachable
[gazebo-1] Exception sending a multicast message:Network is unreachable
[gazebo-1] Exception sending a multicast message:Network is unreachable
[gazebo-1] Exception sending a multicast message:Network is unreachable
[gazebo-1] Exception sending a multicast message:Network is unreachable
[gazebo-1] Exception sending a multicast message:Network is unreachable
[gazebo-1] Exception sending a multicast message:Network is unreachable
[gazebo-1] Exception sending a multicast message:Network is unreachable
[gazebo-1] Exception sending a multicast message:Network is unreachable
[gazebo-1] Exception sending a multicast message:Network is unreachable
[gazebo-1] Exception sending a multicast message:Network is unreachable
[gazebo-1] Exception sending a multicast message:Network is unreachable
[gazebo-1] Exception sending a multicast message:Network is unreachable
[gazebo-1] Exception sending a multicast message:Network is unreachable
[gazebo-1] Exception sending a multicast message:Network is unreachable
[gazebo-1] Exception sending a multicast message:Network is unreachable
[gazebo-1] Exception sending a multicast message:Network is unreachable
[gazebo-1] Exception sending a multicast message:Network is unreachable
[gazebo-1] Exception sending a multicast message:Network is unreachable
[gazebo-1] Exception sending a multicast message:Network is unreachable
[gazebo-1] Exception sending a multicast message:Network is unreachable
[gazebo-1] Exception sending a multicast message:Network is unreachable
[gazebo-1] Exception sending a multicast message:Network is unreachable
[gazebo-1] Exception sending a multicast message:Network is unreachable
[gazebo-1] Exception sending a multicast message:Network is unreachable
[gazebo-1] Exception sending a multicast message:Network is unreachable
[gazebo-1] Exception sending a multicast message:Network is unreachable
[gazebo-1] Exception sending a multicast message:Network is unreachable
[gazebo-1] Exception sending a multicast message:Network is unreachable
[gazebo-1] Exception sending a multicast message:Network is unreachable
[gazebo-1] Exception sending a multicast message:Network is unreachable
[gazebo-1] Exception sending a multicast message:Network is unreachable
[gazebo-1] Exception sending a multicast message:Network is unreachable
[gazebo-1] Exception sending a multicast message:Network is unreachable
[gazebo-1] Exception sending a multicast message:Network is unreachable
[gazebo-1] Exception sending a multicast message:Network is unreachable
[gazebo-1] Exception sending a multicast message:Network is unreachable
[gazebo-1] Exception sending a multicast message:Network is unreachable
[gazebo-1] Exception sending a multicast message:Network is unreachable
[gazebo-1] Exception sending a multicast message:Network is unreachable
[gazebo-1] Exception sending a multicast message:Network is unreachable
[gazebo-1] Exception sending a multicast message:Network is unreachable
[gazebo-1] Exception sending a multicast message:Network is unreachable
[gazebo-1] Exception sending a multicast message:Network is unreachable
[gazebo-1] Exception sending a multicast message:Network is unreachable
[gazebo-1] Exception sending a multicast message:Network is unreachable
[parameter_bridge-22] Exception sending a multicast message:Network is unreachable
[parameter_bridge-22] Exception sending a multicast message:Network is unreachable
[parameter_bridge-22] Exception sending a multicast message:Network is unreachable
[rh_node-33] [INFO] [1789372626.983742372] [amr_3.rh_node]: [amr_3] Pruned expired reservations for peers: ['amr_0']
[rh_node-32] [INFO] [1789372626.989208097] [amr_2.rh_node]: [amr_2] Pruned expired reservations for peers: ['amr_0']
[parameter_bridge-6] Exception sending a multicast message:Network is unreachable
[parameter_bridge-6] Exception sending a multicast message:Network is unreachable
[parameter_bridge-6] Exception sending a multicast message:Network is unreachable
[rh_node-31] [INFO] [1789372627.296078914] [amr_1.rh_node]: [amr_1] Pruned expired reservations for peers: ['amr_0']
[rh_node-34] [INFO] [1789372627.434741958] [amr_4.rh_node]: [amr_4] Pruned expired reservations for peers: ['amr_0']
[rh_node-33] [INFO] [1789372627.485136064] [amr_3.rh_node]: [amr_3] Pruned expired reservations for peers: ['amr_0']
[rh_node-32] [INFO] [1789372627.489243745] [amr_2.rh_node]: [amr_2] Pruned expired reservations for peers: ['amr_0']
[parameter_bridge-10] Exception sending a multicast message:Network is unreachable
[parameter_bridge-10] Exception sending a multicast message:Network is unreachable
[parameter_bridge-10] Exception sending a multicast message:Network is unreachable
[parameter_bridge-18] Exception sending a multicast message:Network is unreachable
[parameter_bridge-18] Exception sending a multicast message:Network is unreachable
[parameter_bridge-18] Exception sending a multicast message:Network is unreachable
[rh_node-31] [INFO] [1789372627.796277187] [amr_1.rh_node]: [amr_1] Pruned expired reservations for peers: ['amr_0']
[parameter_bridge-2] Exception sending a multicast message:Network is unreachable
[parameter_bridge-2] Exception sending a multicast message:Network is unreachable
[gazebo-1] Exception sending a multicast message:Network is unreachable
[gazebo-1] Exception sending a multicast message:Network is unreachable
[gazebo-1] Exception sending a multicast message:Network is unreachable
[gazebo-1] Exception sending a multicast message:Network is unreachable
[gazebo-1] Exception sending a multicast message:Network is unreachable
[gazebo-1] Exception sending a multicast message:Network is unreachable
[gazebo-1] Exception sending a multicast message:Network is unreachable
[gazebo-1] Exception sending a multicast message:Network is unreachable
[gazebo-1] Exception sending a multicast message:Network is unreachable
[gazebo-1] Exception sending a multicast message:Network is unreachable
[gazebo-1] Exception sending a multicast message:Network is unreachable
[gazebo-1] Exception sending a multicast message:Network is unreachable
[gazebo-1] Exception sending a multicast message:Network is unreachable
[gazebo-1] Exception sending a multicast message:Network is unreachable
[gazebo-1] Exception sending a multicast message:Network is unreachable
[gazebo-1] Exception sending a multicast message:Network is unreachable
[gazebo-1] Exception sending a multicast message:Network is unreachable
[gazebo-1] Exception sending a multicast message:Network is unreachable
[gazebo-1] Exception sending a multicast message:Network is unreachable
[gazebo-1] Exception sending a multicast message:Network is unreachable
[gazebo-1] Exception sending a multicast message:Network is unreachable
[gazebo-1] Exception sending a multicast message:Network is unreachable
[gazebo-1] Exception sending a multicast message:Network is unreachable
[gazebo-1] Exception sending a multicast message:Network is unreachable
[gazebo-1] Exception sending a multicast message:Network is unreachable
[gazebo-1] Exception sending a multicast message:Network is unreachable
[gazebo-1] Exception sending a multicast message:Network is unreachable
[gazebo-1] Exception sending a multicast message:Network is unreachable
[gazebo-1] Exception sending a multicast message:Network is unreachable
[gazebo-1] Exception sending a multicast message:Network is unreachable
[gazebo-1] Exception sending a multicast message:Network is unreachable
[gazebo-1] Exception sending a multicast message:Network is unreachable
[gazebo-1] Exception sending a multicast message:Network is unreachable
[gazebo-1] Exception sending a multicast message:Network is unreachable
[gazebo-1] Exception sending a multicast message:Network is unreachable
[gazebo-1] Exception sending a multicast message:Network is unreachable
[gazebo-1] Exception sending a multicast message:Network is unreachable
[parameter_bridge-14] Exception sending a multicast message:Network is unreachable
[parameter_bridge-14] Exception sending a multicast message:Network is unreachable
[parameter_bridge-14] Exception sending a multicast message:Network is unreachable
[rh_node-34] [INFO] [1789372627.935859388] [amr_4.rh_node]: [amr_4] Pruned expired reservations for peers: ['amr_0']
[gazebo-1] Exception sending a multicast message:Network is unreachable
[gazebo-1] Exception sending a multicast message:Network is unreachable
[gazebo-1] Exception sending a multicast message:Network is unreachable
[gazebo-1] Exception sending a multicast message:Network is unreachable
[gazebo-1] Exception sending a multicast message:Network is unreachable
[gazebo-1] Exception sending a multicast message:Network is unreachable
[gazebo-1] Exception sending a multicast message:Network is unreachable
[gazebo-1] Exception sending a multicast message:Network is unreachable
[gazebo-1] Exception sending a multicast message:Network is unreachable
[gazebo-1] Exception sending a multicast message:Network is unreachable
[gazebo-1] Exception sending a multicast message:Network is unreachable
[gazebo-1] Exception sending a multicast message:Network is unreachable
[gazebo-1] Exception sending a multicast message:Network is unreachable
[gazebo-1] Exception sending a multicast message:Network is unreachable
[gazebo-1] Exception sending a multicast message:Network is unreachable
[gazebo-1] Exception sending a multicast message:Network is unreachable
[gazebo-1] Exception sending a multicast message:Network is unreachable
[gazebo-1] Exception sending a multicast message:Network is unreachable
[gazebo-1] Exception sending a multicast message:Network is unreachable
[gazebo-1] Exception sending a multicast message:Network is unreachable
[gazebo-1] Exception sending a multicast message:Network is unreachable
[gazebo-1] Exception sending a multicast message:Network is unreachable
[gazebo-1] Exception sending a multicast message:Network is unreachable
[gazebo-1] Exception sending a multicast message:Network is unreachable
[gazebo-1] Exception sending a multicast message:Network is unreachable
[gazebo-1] Exception sending a multicast message:Network is unreachable
[gazebo-1] Exception sending a multicast message:Network is unreachable
[gazebo-1] Exception sending a multicast message:Network is unreachable
[gazebo-1] Exception sending a multicast message:Network is unreachable
[gazebo-1] Exception sending a multicast message:Network is unreachable
[gazebo-1] Exception sending a multicast message:Network is unreachable
[gazebo-1] Exception sending a multicast message:Network is unreachable
[gazebo-1] Exception sending a multicast message:Network is unreachable
[gazebo-1] Exception sending a multicast message:Network is unreachable
[gazebo-1] Exception sending a multicast message:Network is unreachable
[gazebo-1] Exception sending a multicast message:Network is unreachable
[gazebo-1] Exception sending a multicast message:Network is unreachable
[gazebo-1] Exception sending a multicast message:Network is unreachable
[gazebo-1] Exception sending a multicast message:Network is unreachable
[gazebo-1] Exception sending a multicast message:Network is unreachable
[gazebo-1] Exception sending a multicast message:Network is unreachable
[gazebo-1] Exception sending a multicast message:Network is unreachable
[gazebo-1] Exception sending a multicast message:Network is unreachable
[gazebo-1] Exception sending a multicast message:Network is unreachable
[gazebo-1] Exception sending a multicast message:Network is unreachable
[gazebo-1] Exception sending a multicast message:Network is unreachable
[gazebo-1] Exception sending a multicast message:Network is unreachable
[gazebo-1] Exception sending a multicast message:Network is unreachable
[gazebo-1] Exception sending a multicast message:Network is unreachable
[gazebo-1] Exception sending a multicast message:Network is unreachable
[gazebo-1] Exception sending a multicast message:Network is unreachable
[gazebo-1] Exception sending a multicast message:Network is unreachable
[gazebo-1] Exception sending a multicast message:Network is unreachable
[gazebo-1] Exception sending a multicast message:Network is unreachable
[parameter_bridge-22] Exception sending a multicast message:Network is unreachable
[parameter_bridge-22] Exception sending a multicast message:Network is unreachable
[parameter_bridge-22] Exception sending a multicast message:Network is unreachable
[rh_node-33] [INFO] [1789372627.984997173] [amr_3.rh_node]: [amr_3] Pruned expired reservations for peers: ['amr_0']
[rh_node-32] [INFO] [1789372627.988443308] [amr_2.rh_node]: [amr_2] Pruned expired reservations for peers: ['amr_0']
[parameter_bridge-6] Exception sending a multicast message:Network is unreachable
[parameter_bridge-6] Exception sending a multicast message:Network is unreachable
[parameter_bridge-6] Exception sending a multicast message:Network is unreachable
[rh_node-31] [INFO] [1789372628.296484500] [amr_1.rh_node]: [amr_1] Pruned expired reservations for peers: ['amr_0']
[rh_node-34] [INFO] [1789372628.435199291] [amr_4.rh_node]: [amr_4] Pruned expired reservations for peers: ['amr_0']
[rh_node-33] [INFO] [1789372628.484509953] [amr_3.rh_node]: [amr_3] Pruned expired reservations for peers: ['amr_0']
[rh_node-32] [INFO] [1789372628.488481055] [amr_2.rh_node]: [amr_2] Pruned expired reservations for peers: ['amr_0']
[parameter_bridge-10] Exception sending a multicast message:Network is unreachable
[parameter_bridge-10] Exception sending a multicast message:Network is unreachable
[parameter_bridge-10] Exception sending a multicast message:Network is unreachable
[parameter_bridge-18] Exception sending a multicast message:Network is unreachable
[parameter_bridge-18] Exception sending a multicast message:Network is unreachable
[parameter_bridge-18] Exception sending a multicast message:Network is unreachable
[rh_node-31] [INFO] [1789372628.798051233] [amr_1.rh_node]: [amr_1] Pruned expired reservations for peers: ['amr_0']
[parameter_bridge-2] Exception sending a multicast message:Network is unreachable
[parameter_bridge-2] Exception sending a multicast message:Network is unreachable
[gazebo-1] Exception sending a multicast message:Network is unreachable
[gazebo-1] Exception sending a multicast message:Network is unreachable
[gazebo-1] Exception sending a multicast message:Network is unreachable
[gazebo-1] Exception sending a multicast message:Network is unreachable
[gazebo-1] Exception sending a multicast message:Network is unreachable
[gazebo-1] Exception sending a multicast message:Network is unreachable
[gazebo-1] Exception sending a multicast message:Network is unreachable
[gazebo-1] Exception sending a multicast message:Network is unreachable
[gazebo-1] Exception sending a multicast message:Network is unreachable
[gazebo-1] Exception sending a multicast message:Network is unreachable
[gazebo-1] Exception sending a multicast message:Network is unreachable
[gazebo-1] Exception sending a multicast message:Network is unreachable
[gazebo-1] Exception sending a multicast message:Network is unreachable
[gazebo-1] Exception sending a multicast message:Network is unreachable
[gazebo-1] Exception sending a multicast message:Network is unreachable
[gazebo-1] Exception sending a multicast message:Network is unreachable
[gazebo-1] Exception sending a multicast message:Network is unreachable
[gazebo-1] Exception sending a multicast message:Network is unreachable
[gazebo-1] Exception sending a multicast message:Network is unreachable
[gazebo-1] Exception sending a multicast message:Network is unreachable
[gazebo-1] Exception sending a multicast message:Network is unreachable
[gazebo-1] Exception sending a multicast message:Network is unreachable
[gazebo-1] Exception sending a multicast message:Network is unreachable
[gazebo-1] Exception sending a multicast message:Network is unreachable
[gazebo-1] Exception sending a multicast message:Network is unreachable
[gazebo-1] Exception sending a multicast message:Network is unreachable
[gazebo-1] Exception sending a multicast message:Network is unreachable
[gazebo-1] Exception sending a multicast message:Network is unreachable
[gazebo-1] Exception sending a multicast message:Network is unreachable
[gazebo-1] Exception sending a multicast message:Network is unreachable
[gazebo-1] Exception sending a multicast message:Network is unreachable
[gazebo-1] Exception sending a multicast message:Network is unreachable
[gazebo-1] Exception sending a multicast message:Network is unreachable
[gazebo-1] Exception sending a multicast message:Network is unreachable
[gazebo-1] Exception sending a multicast message:Network is unreachable
[gazebo-1] Exception sending a multicast message:Network is unreachable
[gazebo-1] Exception sending a multicast message:Network is unreachable
[parameter_bridge-14] Exception sending a multicast message:Network is unreachable
[parameter_bridge-14] Exception sending a multicast message:Network is unreachable
[parameter_bridge-14] Exception sending a multicast message:Network is unreachable
[rh_node-34] [INFO] [1789372628.934771924] [amr_4.rh_node]: [amr_4] Pruned expired reservations for peers: ['amr_0']
[gazebo-1] Exception sending a multicast message:Network is unreachable
[gazebo-1] Exception sending a multicast message:Network is unreachable
[gazebo-1] Exception sending a multicast message:Network is unreachable
[gazebo-1] Exception sending a multicast message:Network is unreachable
[gazebo-1] Exception sending a multicast message:Network is unreachable
[gazebo-1] Exception sending a multicast message:Network is unreachable
[gazebo-1] Exception sending a multicast message:Network is unreachable
[gazebo-1] Exception sending a multicast message:Network is unreachable
[gazebo-1] Exception sending a multicast message:Network is unreachable
[gazebo-1] Exception sending a multicast message:Network is unreachable
[gazebo-1] Exception sending a multicast message:Network is unreachable
[gazebo-1] Exception sending a multicast message:Network is unreachable
[gazebo-1] Exception sending a multicast message:Network is unreachable
[gazebo-1] Exception sending a multicast message:Network is unreachable
[gazebo-1] Exception sending a multicast message:Network is unreachable
[gazebo-1] Exception sending a multicast message:Network is unreachable
[gazebo-1] Exception sending a multicast message:Network is unreachable
[gazebo-1] Exception sending a multicast message:Network is unreachable
[gazebo-1] Exception sending a multicast message:Network is unreachable
[gazebo-1] Exception sending a multicast message:Network is unreachable
[gazebo-1] Exception sending a multicast message:Network is unreachable
[gazebo-1] Exception sending a multicast message:Network is unreachable
[gazebo-1] Exception sending a multicast message:Network is unreachable
[gazebo-1] Exception sending a multicast message:Network is unreachable
[gazebo-1] Exception sending a multicast message:Network is unreachable
[gazebo-1] Exception sending a multicast message:Network is unreachable
[gazebo-1] Exception sending a multicast message:Network is unreachable
[gazebo-1] Exception sending a multicast message:Network is unreachable
[gazebo-1] Exception sending a multicast message:Network is unreachable
[gazebo-1] Exception sending a multicast message:Network is unreachable
[gazebo-1] Exception sending a multicast message:Network is unreachable
[gazebo-1] Exception sending a multicast message:Network is unreachable
[gazebo-1] Exception sending a multicast message:Network is unreachable
[gazebo-1] Exception sending a multicast message:Network is unreachable
[gazebo-1] Exception sending a multicast message:Network is unreachable
[gazebo-1] Exception sending a multicast message:Network is unreachable
[gazebo-1] Exception sending a multicast message:Network is unreachable
[gazebo-1] Exception sending a multicast message:Network is unreachable
[gazebo-1] Exception sending a multicast message:Network is unreachable
[gazebo-1] Exception sending a multicast message:Network is unreachable
[gazebo-1] Exception sending a multicast message:Network is unreachable
[gazebo-1] Exception sending a multicast message:Network is unreachable
[gazebo-1] Exception sending a multicast message:Network is unreachable
[gazebo-1] Exception sending a multicast message:Network is unreachable
[gazebo-1] Exception sending a multicast message:Network is unreachable
[gazebo-1] Exception sending a multicast message:Network is unreachable
[gazebo-1] Exception sending a multicast message:Network is unreachable
[gazebo-1] Exception sending a multicast message:Network is unreachable
[gazebo-1] Exception sending a multicast message:Network is unreachable
[gazebo-1] Exception sending a multicast message:Network is unreachable
[gazebo-1] Exception sending a multicast message:Network is unreachable
[gazebo-1] Exception sending a multicast message:Network is unreachable
[gazebo-1] Exception sending a multicast message:Network is unreachable
[gazebo-1] Exception sending a multicast message:Network is unreachable
[parameter_bridge-22] Exception sending a multicast message:Network is unreachable
[parameter_bridge-22] Exception sending a multicast message:Network is unreachable
[parameter_bridge-22] Exception sending a multicast message:Network is unreachable
[rh_node-33] [INFO] [1789372628.984440202] [amr_3.rh_node]: [amr_3] Pruned expired reservations for peers: ['amr_0']
[rh_node-32] [INFO] [1789372628.988470376] [amr_2.rh_node]: [amr_2] Pruned expired reservations for peers: ['amr_0']
[parameter_bridge-6] Exception sending a multicast message:Network is unreachable
[parameter_bridge-6] Exception sending a multicast message:Network is unreachable
[parameter_bridge-6] Exception sending a multicast message:Network is unreachable
[rh_node-31] [INFO] [1789372629.295613816] [amr_1.rh_node]: [amr_1] Pruned expired reservations for peers: ['amr_0']
[rh_node-34] [INFO] [1789372629.436124096] [amr_4.rh_node]: [amr_4] Pruned expired reservations for peers: ['amr_0']
[rh_node-33] [INFO] [1789372629.483671191] [amr_3.rh_node]: [amr_3] Pruned expired reservations for peers: ['amr_0']
[rh_node-32] [INFO] [1789372629.488317949] [amr_2.rh_node]: [amr_2] Pruned expired reservations for peers: ['amr_0']
[parameter_bridge-10] Exception sending a multicast message:Network is unreachable
[parameter_bridge-10] Exception sending a multicast message:Network is unreachable
[parameter_bridge-10] Exception sending a multicast message:Network is unreachable
[parameter_bridge-18] Exception sending a multicast message:Network is unreachable
[parameter_bridge-18] Exception sending a multicast message:Network is unreachable
[parameter_bridge-18] Exception sending a multicast message:Network is unreachable
[rh_node-31] [INFO] [1789372629.796290024] [amr_1.rh_node]: [amr_1] Pruned expired reservations for peers: ['amr_0']
[parameter_bridge-2] Exception sending a multicast message:Network is unreachable
[parameter_bridge-2] Exception sending a multicast message:Network is unreachable
[gazebo-1] Exception sending a multicast message:Network is unreachable
[gazebo-1] Exception sending a multicast message:Network is unreachable
[gazebo-1] Exception sending a multicast message:Network is unreachable
[gazebo-1] Exception sending a multicast message:Network is unreachable
[gazebo-1] Exception sending a multicast message:Network is unreachable
[gazebo-1] Exception sending a multicast message:Network is unreachable
[gazebo-1] Exception sending a multicast message:Network is unreachable
[gazebo-1] Exception sending a multicast message:Network is unreachable
[gazebo-1] Exception sending a multicast message:Network is unreachable
[gazebo-1] Exception sending a multicast message:Network is unreachable
[gazebo-1] Exception sending a multicast message:Network is unreachable
[gazebo-1] Exception sending a multicast message:Network is unreachable
[gazebo-1] Exception sending a multicast message:Network is unreachable
[gazebo-1] Exception sending a multicast message:Network is unreachable
[gazebo-1] Exception sending a multicast message:Network is unreachable
[gazebo-1] Exception sending a multicast message:Network is unreachable
[gazebo-1] Exception sending a multicast message:Network is unreachable
[gazebo-1] Exception sending a multicast message:Network is unreachable
[gazebo-1] Exception sending a multicast message:Network is unreachable
[gazebo-1] Exception sending a multicast message:Network is unreachable
[gazebo-1] Exception sending a multicast message:Network is unreachable
[gazebo-1] Exception sending a multicast message:Network is unreachable
[gazebo-1] Exception sending a multicast message:Network is unreachable
[gazebo-1] Exception sending a multicast message:Network is unreachable
[gazebo-1] Exception sending a multicast message:Network is unreachable
[gazebo-1] Exception sending a multicast message:Network is unreachable
[gazebo-1] Exception sending a multicast message:Network is unreachable
[gazebo-1] Exception sending a multicast message:Network is unreachable
[gazebo-1] Exception sending a multicast message:Network is unreachable
[gazebo-1] Exception sending a multicast message:Network is unreachable
[gazebo-1] Exception sending a multicast message:Network is unreachable
[gazebo-1] Exception sending a multicast message:Network is unreachable
[gazebo-1] Exception sending a multicast message:Network is unreachable
[gazebo-1] Exception sending a multicast message:Network is unreachable
[gazebo-1] Exception sending a multicast message:Network is unreachable
[gazebo-1] Exception sending a multicast message:Network is unreachable
[gazebo-1] Exception sending a multicast message:Network is unreachable
[parameter_bridge-14] Exception sending a multicast message:Network is unreachable
[parameter_bridge-14] Exception sending a multicast message:Network is unreachable
[parameter_bridge-14] Exception sending a multicast message:Network is unreachable
[rh_node-34] [INFO] [1789372629.934750102] [amr_4.rh_node]: [amr_4] Pruned expired reservations for peers: ['amr_0']
[gazebo-1] Exception sending a multicast message:Network is unreachable
[gazebo-1] Exception sending a multicast message:Network is unreachable
[gazebo-1] Exception sending a multicast message:Network is unreachable
[gazebo-1] Exception sending a multicast message:Network is unreachable
[gazebo-1] Exception sending a multicast message:Network is unreachable
[gazebo-1] Exception sending a multicast message:Network is unreachable
[gazebo-1] Exception sending a multicast message:Network is unreachable
[gazebo-1] Exception sending a multicast message:Network is unreachable
[gazebo-1] Exception sending a multicast message:Network is unreachable
[gazebo-1] Exception sending a multicast message:Network is unreachable
[gazebo-1] Exception sending a multicast message:Network is unreachable
[gazebo-1] Exception sending a multicast message:Network is unreachable
[gazebo-1] Exception sending a multicast message:Network is unreachable
[gazebo-1] Exception sending a multicast message:Network is unreachable
[gazebo-1] Exception sending a multicast message:Network is unreachable
[gazebo-1] Exception sending a multicast message:Network is unreachable
[gazebo-1] Exception sending a multicast message:Network is unreachable
[gazebo-1] Exception sending a multicast message:Network is unreachable
[gazebo-1] Exception sending a multicast message:Network is unreachable
[gazebo-1] Exception sending a multicast message:Network is unreachable
[gazebo-1] Exception sending a multicast message:Network is unreachable
[gazebo-1] Exception sending a multicast message:Network is unreachable
[gazebo-1] Exception sending a multicast message:Network is unreachable
[gazebo-1] Exception sending a multicast message:Network is unreachable
[gazebo-1] Exception sending a multicast message:Network is unreachable
[gazebo-1] Exception sending a multicast message:Network is unreachable
[gazebo-1] Exception sending a multicast message:Network is unreachable
[gazebo-1] Exception sending a multicast message:Network is unreachable
[gazebo-1] Exception sending a multicast message:Network is unreachable
[gazebo-1] Exception sending a multicast message:Network is unreachable
[gazebo-1] Exception sending a multicast message:Network is unreachable
[gazebo-1] Exception sending a multicast message:Network is unreachable
[gazebo-1] Exception sending a multicast message:Network is unreachable
[gazebo-1] Exception sending a multicast message:Network is unreachable
[gazebo-1] Exception sending a multicast message:Network is unreachable
[gazebo-1] Exception sending a multicast message:Network is unreachable
[gazebo-1] Exception sending a multicast message:Network is unreachable
[gazebo-1] Exception sending a multicast message:Network is unreachable
[gazebo-1] Exception sending a multicast message:Network is unreachable
[gazebo-1] Exception sending a multicast message:Network is unreachable
[gazebo-1] Exception sending a multicast message:Network is unreachable
[gazebo-1] Exception sending a multicast message:Network is unreachable
[gazebo-1] Exception sending a multicast message:Network is unreachable
[gazebo-1] Exception sending a multicast message:Network is unreachable
[gazebo-1] Exception sending a multicast message:Network is unreachable
[gazebo-1] Exception sending a multicast message:Network is unreachable
[gazebo-1] Exception sending a multicast message:Network is unreachable
[gazebo-1] Exception sending a multicast message:Network is unreachable
[gazebo-1] Exception sending a multicast message:Network is unreachable
[gazebo-1] Exception sending a multicast message:Network is unreachable
[gazebo-1] Exception sending a multicast message:Network is unreachable
[gazebo-1] Exception sending a multicast message:Network is unreachable
[gazebo-1] Exception sending a multicast message:Network is unreachable
[gazebo-1] Exception sending a multicast message:Network is unreachable
[parameter_bridge-22] Exception sending a multicast message:Network is unreachable
[parameter_bridge-22] Exception sending a multicast message:Network is unreachable
[parameter_bridge-22] Exception sending a multicast message:Network is unreachable
[rh_node-33] [INFO] [1789372629.984539171] [amr_3.rh_node]: [amr_3] Pruned expired reservations for peers: ['amr_0']
[rh_node-32] [INFO] [1789372629.988282533] [amr_2.rh_node]: [amr_2] Pruned expired reservations for peers: ['amr_0']
[parameter_bridge-6] Exception sending a multicast message:Network is unreachable
[parameter_bridge-6] Exception sending a multicast message:Network is unreachable
[parameter_bridge-6] Exception sending a multicast message:Network is unreachable
[rh_node-31] [INFO] [1789372630.296203011] [amr_1.rh_node]: [amr_1] Pruned expired reservations for peers: ['amr_0']
[rh_node-34] [INFO] [1789372630.434806156] [amr_4.rh_node]: [amr_4] Pruned expired reservations for peers: ['amr_0']
[rh_node-33] [INFO] [1789372630.484466281] [amr_3.rh_node]: [amr_3] Pruned expired reservations for peers: ['amr_0']
[rh_node-32] [INFO] [1789372630.489381704] [amr_2.rh_node]: [amr_2] Pruned expired reservations for peers: ['amr_0']
[parameter_bridge-10] Exception sending a multicast message:Network is unreachable
[parameter_bridge-10] Exception sending a multicast message:Network is unreachable
[parameter_bridge-10] Exception sending a multicast message:Network is unreachable
[parameter_bridge-18] Exception sending a multicast message:Network is unreachable
[parameter_bridge-18] Exception sending a multicast message:Network is unreachable
[parameter_bridge-18] Exception sending a multicast message:Network is unreachable
[rh_node-31] [INFO] [1789372630.797160547] [amr_1.rh_node]: [amr_1] Pruned expired reservations for peers: ['amr_0']
[parameter_bridge-2] Exception sending a multicast message:Network is unreachable
[parameter_bridge-2] Exception sending a multicast message:Network is unreachable
[gazebo-1] Exception sending a multicast message:Network is unreachable
[gazebo-1] Exception sending a multicast message:Network is unreachable
[gazebo-1] Exception sending a multicast message:Network is unreachable
[gazebo-1] Exception sending a multicast message:Network is unreachable
[gazebo-1] Exception sending a multicast message:Network is unreachable
[gazebo-1] Exception sending a multicast message:Network is unreachable
[gazebo-1] Exception sending a multicast message:Network is unreachable
[gazebo-1] Exception sending a multicast message:Network is unreachable
[gazebo-1] Exception sending a multicast message:Network is unreachable
[gazebo-1] Exception sending a multicast message:Network is unreachable
[gazebo-1] Exception sending a multicast message:Network is unreachable
[gazebo-1] Exception sending a multicast message:Network is unreachable
[gazebo-1] Exception sending a multicast message:Network is unreachable
[gazebo-1] Exception sending a multicast message:Network is unreachable
[gazebo-1] Exception sending a multicast message:Network is unreachable
[gazebo-1] Exception sending a multicast message:Network is unreachable
[gazebo-1] Exception sending a multicast message:Network is unreachable
[gazebo-1] Exception sending a multicast message:Network is unreachable
[gazebo-1] Exception sending a multicast message:Network is unreachable
[gazebo-1] Exception sending a multicast message:Network is unreachable
[gazebo-1] Exception sending a multicast message:Network is unreachable
[gazebo-1] Exception sending a multicast message:Network is unreachable
[gazebo-1] Exception sending a multicast message:Network is unreachable
[gazebo-1] Exception sending a multicast message:Network is unreachable
[gazebo-1] Exception sending a multicast message:Network is unreachable
[gazebo-1] Exception sending a multicast message:Network is unreachable
[gazebo-1] Exception sending a multicast message:Network is unreachable
[gazebo-1] Exception sending a multicast message:Network is unreachable
[gazebo-1] Exception sending a multicast message:Network is unreachable
[gazebo-1] Exception sending a multicast message:Network is unreachable
[gazebo-1] Exception sending a multicast message:Network is unreachable
[gazebo-1] Exception sending a multicast message:Network is unreachable
[gazebo-1] Exception sending a multicast message:Network is unreachable
[gazebo-1] Exception sending a multicast message:Network is unreachable
[gazebo-1] Exception sending a multicast message:Network is unreachable
[gazebo-1] Exception sending a multicast message:Network is unreachable
[gazebo-1] Exception sending a multicast message:Network is unreachable
[parameter_bridge-14] Exception sending a multicast message:Network is unreachable
[parameter_bridge-14] Exception sending a multicast message:Network is unreachable
[parameter_bridge-14] Exception sending a multicast message:Network is unreachable
[rh_node-34] [INFO] [1789372630.934765786] [amr_4.rh_node]: [amr_4] Pruned expired reservations for peers: ['amr_0']
[gazebo-1] Exception sending a multicast message:Network is unreachable
[gazebo-1] Exception sending a multicast message:Network is unreachable
[gazebo-1] Exception sending a multicast message:Network is unreachable
[gazebo-1] Exception sending a multicast message:Network is unreachable
[gazebo-1] Exception sending a multicast message:Network is unreachable
[gazebo-1] Exception sending a multicast message:Network is unreachable
[gazebo-1] Exception sending a multicast message:Network is unreachable
[gazebo-1] Exception sending a multicast message:Network is unreachable
[gazebo-1] Exception sending a multicast message:Network is unreachable
[gazebo-1] Exception sending a multicast message:Network is unreachable
[gazebo-1] Exception sending a multicast message:Network is unreachable
[gazebo-1] Exception sending a multicast message:Network is unreachable
[gazebo-1] Exception sending a multicast message:Network is unreachable
[gazebo-1] Exception sending a multicast message:Network is unreachable
[gazebo-1] Exception sending a multicast message:Network is unreachable
[gazebo-1] Exception sending a multicast message:Network is unreachable
[gazebo-1] Exception sending a multicast message:Network is unreachable
[gazebo-1] Exception sending a multicast message:Network is unreachable
[gazebo-1] Exception sending a multicast message:Network is unreachable
[gazebo-1] Exception sending a multicast message:Network is unreachable
[gazebo-1] Exception sending a multicast message:Network is unreachable
[gazebo-1] Exception sending a multicast message:Network is unreachable
[gazebo-1] Exception sending a multicast message:Network is unreachable
[gazebo-1] Exception sending a multicast message:Network is unreachable
[gazebo-1] Exception sending a multicast message:Network is unreachable
[gazebo-1] Exception sending a multicast message:Network is unreachable
[gazebo-1] Exception sending a multicast message:Network is unreachable
[gazebo-1] Exception sending a multicast message:Network is unreachable
[gazebo-1] Exception sending a multicast message:Network is unreachable
[gazebo-1] Exception sending a multicast message:Network is unreachable
[gazebo-1] Exception sending a multicast message:Network is unreachable
[gazebo-1] Exception sending a multicast message:Network is unreachable
[gazebo-1] Exception sending a multicast message:Network is unreachable
[gazebo-1] Exception sending a multicast message:Network is unreachable
[gazebo-1] Exception sending a multicast message:Network is unreachable
[gazebo-1] Exception sending a multicast message:Network is unreachable
[gazebo-1] Exception sending a multicast message:Network is unreachable
[gazebo-1] Exception sending a multicast message:Network is unreachable
[gazebo-1] Exception sending a multicast message:Network is unreachable
[gazebo-1] Exception sending a multicast message:Network is unreachable
[gazebo-1] Exception sending a multicast message:Network is unreachable
[gazebo-1] Exception sending a multicast message:Network is unreachable
[gazebo-1] Exception sending a multicast message:Network is unreachable
[gazebo-1] Exception sending a multicast message:Network is unreachable
[gazebo-1] Exception sending a multicast message:Network is unreachable
[gazebo-1] Exception sending a multicast message:Network is unreachable
[gazebo-1] Exception sending a multicast message:Network is unreachable
[gazebo-1] Exception sending a multicast message:Network is unreachable
[gazebo-1] Exception sending a multicast message:Network is unreachable
[gazebo-1] Exception sending a multicast message:Network is unreachable
[gazebo-1] Exception sending a multicast message:Network is unreachable
[gazebo-1] Exception sending a multicast message:Network is unreachable
[gazebo-1] Exception sending a multicast message:Network is unreachable
[gazebo-1] Exception sending a multicast message:Network is unreachable
[parameter_bridge-22] Exception sending a multicast message:Network is unreachable
[parameter_bridge-22] Exception sending a multicast message:Network is unreachable
[parameter_bridge-22] Exception sending a multicast message:Network is unreachable
[rh_node-33] [INFO] [1789372630.983649973] [amr_3.rh_node]: [amr_3] Pruned expired reservations for peers: ['amr_0']
[rh_node-32] [INFO] [1789372630.988419733] [amr_2.rh_node]: [amr_2] Pruned expired reservations for peers: ['amr_0']
[parameter_bridge-6] Exception sending a multicast message:Network is unreachable
[parameter_bridge-6] Exception sending a multicast message:Network is unreachable
[parameter_bridge-6] Exception sending a multicast message:Network is unreachable
[rh_node-31] [INFO] [1789372631.296068297] [amr_1.rh_node]: [amr_1] Pruned expired reservations for peers: ['amr_0']
[rh_node-34] [INFO] [1789372631.434804145] [amr_4.rh_node]: [amr_4] Pruned expired reservations for peers: ['amr_0']
[rh_node-33] [INFO] [1789372631.485082982] [amr_3.rh_node]: [amr_3] Pruned expired reservations for peers: ['amr_0']
[rh_node-32] [INFO] [1789372631.488539204] [amr_2.rh_node]: [amr_2] Pruned expired reservations for peers: ['amr_0']
[parameter_bridge-10] Exception sending a multicast message:Network is unreachable
[parameter_bridge-10] Exception sending a multicast message:Network is unreachable
[parameter_bridge-10] Exception sending a multicast message:Network is unreachable
[parameter_bridge-18] Exception sending a multicast message:Network is unreachable
[parameter_bridge-18] Exception sending a multicast message:Network is unreachable
[parameter_bridge-18] Exception sending a multicast message:Network is unreachable
[rh_node-31] [INFO] [1789372631.797414132] [amr_1.rh_node]: [amr_1] Pruned expired reservations for peers: ['amr_0']
[parameter_bridge-2] Exception sending a multicast message:Network is unreachable
[parameter_bridge-2] Exception sending a multicast message:Network is unreachable
[gazebo-1] Exception sending a multicast message:Network is unreachable
[gazebo-1] Exception sending a multicast message:Network is unreachable
[gazebo-1] Exception sending a multicast message:Network is unreachable
[gazebo-1] Exception sending a multicast message:Network is unreachable
[gazebo-1] Exception sending a multicast message:Network is unreachable
[gazebo-1] Exception sending a multicast message:Network is unreachable
[gazebo-1] Exception sending a multicast message:Network is unreachable
[gazebo-1] Exception sending a multicast message:Network is unreachable
[gazebo-1] Exception sending a multicast message:Network is unreachable
[gazebo-1] Exception sending a multicast message:Network is unreachable
[gazebo-1] Exception sending a multicast message:Network is unreachable
[gazebo-1] Exception sending a multicast message:Network is unreachable
[gazebo-1] Exception sending a multicast message:Network is unreachable
[gazebo-1] Exception sending a multicast message:Network is unreachable
[gazebo-1] Exception sending a multicast message:Network is unreachable
[gazebo-1] Exception sending a multicast message:Network is unreachable
[gazebo-1] Exception sending a multicast message:Network is unreachable
[gazebo-1] Exception sending a multicast message:Network is unreachable
[gazebo-1] Exception sending a multicast message:Network is unreachable
[gazebo-1] Exception sending a multicast message:Network is unreachable
[gazebo-1] Exception sending a multicast message:Network is unreachable
[gazebo-1] Exception sending a multicast message:Network is unreachable
[gazebo-1] Exception sending a multicast message:Network is unreachable
[gazebo-1] Exception sending a multicast message:Network is unreachable
[gazebo-1] Exception sending a multicast message:Network is unreachable
[gazebo-1] Exception sending a multicast message:Network is unreachable
[gazebo-1] Exception sending a multicast message:Network is unreachable
[gazebo-1] Exception sending a multicast message:Network is unreachable
[gazebo-1] Exception sending a multicast message:Network is unreachable
[gazebo-1] Exception sending a multicast message:Network is unreachable
[gazebo-1] Exception sending a multicast message:Network is unreachable
[gazebo-1] Exception sending a multicast message:Network is unreachable
[gazebo-1] Exception sending a multicast message:Network is unreachable
[gazebo-1] Exception sending a multicast message:Network is unreachable
[gazebo-1] Exception sending a multicast message:Network is unreachable
[gazebo-1] Exception sending a multicast message:Network is unreachable
[gazebo-1] Exception sending a multicast message:Network is unreachable
[parameter_bridge-14] Exception sending a multicast message:Network is unreachable
[parameter_bridge-14] Exception sending a multicast message:Network is unreachable
[parameter_bridge-14] Exception sending a multicast message:Network is unreachable
[rh_node-34] [INFO] [1789372631.934821373] [amr_4.rh_node]: [amr_4] Pruned expired reservations for peers: ['amr_0']
[gazebo-1] Exception sending a multicast message:Network is unreachable
[gazebo-1] Exception sending a multicast message:Network is unreachable
[gazebo-1] Exception sending a multicast message:Network is unreachable
[gazebo-1] Exception sending a multicast message:Network is unreachable
[gazebo-1] Exception sending a multicast message:Network is unreachable
[gazebo-1] Exception sending a multicast message:Network is unreachable
[gazebo-1] Exception sending a multicast message:Network is unreachable
[gazebo-1] Exception sending a multicast message:Network is unreachable
[gazebo-1] Exception sending a multicast message:Network is unreachable
[gazebo-1] Exception sending a multicast message:Network is unreachable
[gazebo-1] Exception sending a multicast message:Network is unreachable
[gazebo-1] Exception sending a multicast message:Network is unreachable
[gazebo-1] Exception sending a multicast message:Network is unreachable
[gazebo-1] Exception sending a multicast message:Network is unreachable
[gazebo-1] Exception sending a multicast message:Network is unreachable
[gazebo-1] Exception sending a multicast message:Network is unreachable
[gazebo-1] Exception sending a multicast message:Network is unreachable
[gazebo-1] Exception sending a multicast message:Network is unreachable
[gazebo-1] Exception sending a multicast message:Network is unreachable
[gazebo-1] Exception sending a multicast message:Network is unreachable
[gazebo-1] Exception sending a multicast message:Network is unreachable
[gazebo-1] Exception sending a multicast message:Network is unreachable
[gazebo-1] Exception sending a multicast message:Network is unreachable
[gazebo-1] Exception sending a multicast message:Network is unreachable
[gazebo-1] Exception sending a multicast message:Network is unreachable
[gazebo-1] Exception sending a multicast message:Network is unreachable
[gazebo-1] Exception sending a multicast message:Network is unreachable
[gazebo-1] Exception sending a multicast message:Network is unreachable
[gazebo-1] Exception sending a multicast message:Network is unreachable
[gazebo-1] Exception sending a multicast message:Network is unreachable
[gazebo-1] Exception sending a multicast message:Network is unreachable
[gazebo-1] Exception sending a multicast message:Network is unreachable
[gazebo-1] Exception sending a multicast message:Network is unreachable
[gazebo-1] Exception sending a multicast message:Network is unreachable
[gazebo-1] Exception sending a multicast message:Network is unreachable
[gazebo-1] Exception sending a multicast message:Network is unreachable
[gazebo-1] Exception sending a multicast message:Network is unreachable
[gazebo-1] Exception sending a multicast message:Network is unreachable
[gazebo-1] Exception sending a multicast message:Network is unreachable
[gazebo-1] Exception sending a multicast message:Network is unreachable
[gazebo-1] Exception sending a multicast message:Network is unreachable
[gazebo-1] Exception sending a multicast message:Network is unreachable
[gazebo-1] Exception sending a multicast message:Network is unreachable
[gazebo-1] Exception sending a multicast message:Network is unreachable
[gazebo-1] Exception sending a multicast message:Network is unreachable
[gazebo-1] Exception sending a multicast message:Network is unreachable
[gazebo-1] Exception sending a multicast message:Network is unreachable
[gazebo-1] Exception sending a multicast message:Network is unreachable
[gazebo-1] Exception sending a multicast message:Network is unreachable
[gazebo-1] Exception sending a multicast message:Network is unreachable
[gazebo-1] Exception sending a multicast message:Network is unreachable
[gazebo-1] Exception sending a multicast message:Network is unreachable
[gazebo-1] Exception sending a multicast message:Network is unreachable
[gazebo-1] Exception sending a multicast message:Network is unreachable
[parameter_bridge-22] Exception sending a multicast message:Network is unreachable
[parameter_bridge-22] Exception sending a multicast message:Network is unreachable
[parameter_bridge-22] Exception sending a multicast message:Network is unreachable
[rh_node-33] [INFO] [1789372631.985154577] [amr_3.rh_node]: [amr_3] Pruned expired reservations for peers: ['amr_0']
[rh_node-32] [INFO] [1789372631.988458355] [amr_2.rh_node]: [amr_2] Pruned expired reservations for peers: ['amr_0']
[parameter_bridge-6] Exception sending a multicast message:Network is unreachable
[parameter_bridge-6] Exception sending a multicast message:Network is unreachable
[parameter_bridge-6] Exception sending a multicast message:Network is unreachable
[rh_node-31] [INFO] [1789372632.296890808] [amr_1.rh_node]: [amr_1] Pruned expired reservations for peers: ['amr_0']
[rh_node-34] [INFO] [1789372632.434948567] [amr_4.rh_node]: [amr_4] Pruned expired reservations for peers: ['amr_0']
[rh_node-33] [INFO] [1789372632.485105419] [amr_3.rh_node]: [amr_3] Pruned expired reservations for peers: ['amr_0']
[rh_node-32] [INFO] [1789372632.488551622] [amr_2.rh_node]: [amr_2] Pruned expired reservations for peers: ['amr_0']
[parameter_bridge-10] Exception sending a multicast message:Network is unreachable
[parameter_bridge-10] Exception sending a multicast message:Network is unreachable
[parameter_bridge-10] Exception sending a multicast message:Network is unreachable
[parameter_bridge-18] Exception sending a multicast message:Network is unreachable
[parameter_bridge-18] Exception sending a multicast message:Network is unreachable
[parameter_bridge-18] Exception sending a multicast message:Network is unreachable
[rh_node-31] [INFO] [1789372632.795592996] [amr_1.rh_node]: [amr_1] Pruned expired reservations for peers: ['amr_0']
[parameter_bridge-2] Exception sending a multicast message:Network is unreachable
[parameter_bridge-2] Exception sending a multicast message:Network is unreachable
[gazebo-1] Exception sending a multicast message:Network is unreachable
[gazebo-1] Exception sending a multicast message:Network is unreachable
[gazebo-1] Exception sending a multicast message:Network is unreachable
[gazebo-1] Exception sending a multicast message:Network is unreachable
[gazebo-1] Exception sending a multicast message:Network is unreachable
[gazebo-1] Exception sending a multicast message:Network is unreachable
[gazebo-1] Exception sending a multicast message:Network is unreachable
[gazebo-1] Exception sending a multicast message:Network is unreachable
[gazebo-1] Exception sending a multicast message:Network is unreachable
[gazebo-1] Exception sending a multicast message:Network is unreachable
[gazebo-1] Exception sending a multicast message:Network is unreachable
[gazebo-1] Exception sending a multicast message:Network is unreachable
[gazebo-1] Exception sending a multicast message:Network is unreachable
[gazebo-1] Exception sending a multicast message:Network is unreachable
[gazebo-1] Exception sending a multicast message:Network is unreachable
[gazebo-1] Exception sending a multicast message:Network is unreachable
[gazebo-1] Exception sending a multicast message:Network is unreachable
[gazebo-1] Exception sending a multicast message:Network is unreachable
[gazebo-1] Exception sending a multicast message:Network is unreachable
[gazebo-1] Exception sending a multicast message:Network is unreachable
[gazebo-1] Exception sending a multicast message:Network is unreachable
[gazebo-1] Exception sending a multicast message:Network is unreachable
[gazebo-1] Exception sending a multicast message:Network is unreachable
[gazebo-1] Exception sending a multicast message:Network is unreachable
[gazebo-1] Exception sending a multicast message:Network is unreachable
[gazebo-1] Exception sending a multicast message:Network is unreachable
[gazebo-1] Exception sending a multicast message:Network is unreachable
[gazebo-1] Exception sending a multicast message:Network is unreachable
[gazebo-1] Exception sending a multicast message:Network is unreachable
[gazebo-1] Exception sending a multicast message:Network is unreachable
[gazebo-1] Exception sending a multicast message:Network is unreachable
[gazebo-1] Exception sending a multicast message:Network is unreachable
[gazebo-1] Exception sending a multicast message:Network is unreachable
[gazebo-1] Exception sending a multicast message:Network is unreachable
[gazebo-1] Exception sending a multicast message:Network is unreachable
[gazebo-1] Exception sending a multicast message:Network is unreachable
[gazebo-1] Exception sending a multicast message:Network is unreachable
[parameter_bridge-14] Exception sending a multicast message:Network is unreachable
[parameter_bridge-14] Exception sending a multicast message:Network is unreachable
[parameter_bridge-14] Exception sending a multicast message:Network is unreachable
[rh_node-34] [INFO] [1789372632.934755384] [amr_4.rh_node]: [amr_4] Pruned expired reservations for peers: ['amr_0']
[gazebo-1] Exception sending a multicast message:Network is unreachable
[gazebo-1] Exception sending a multicast message:Network is unreachable
[gazebo-1] Exception sending a multicast message:Network is unreachable
[gazebo-1] Exception sending a multicast message:Network is unreachable
[gazebo-1] Exception sending a multicast message:Network is unreachable
[gazebo-1] Exception sending a multicast message:Network is unreachable
[gazebo-1] Exception sending a multicast message:Network is unreachable
[gazebo-1] Exception sending a multicast message:Network is unreachable
[gazebo-1] Exception sending a multicast message:Network is unreachable
[gazebo-1] Exception sending a multicast message:Network is unreachable
[gazebo-1] Exception sending a multicast message:Network is unreachable
[gazebo-1] Exception sending a multicast message:Network is unreachable
[gazebo-1] Exception sending a multicast message:Network is unreachable
[gazebo-1] Exception sending a multicast message:Network is unreachable
[gazebo-1] Exception sending a multicast message:Network is unreachable
[gazebo-1] Exception sending a multicast message:Network is unreachable
[gazebo-1] Exception sending a multicast message:Network is unreachable
[gazebo-1] Exception sending a multicast message:Network is unreachable
[gazebo-1] Exception sending a multicast message:Network is unreachable
[gazebo-1] Exception sending a multicast message:Network is unreachable
[gazebo-1] Exception sending a multicast message:Network is unreachable
[gazebo-1] Exception sending a multicast message:Network is unreachable
[gazebo-1] Exception sending a multicast message:Network is unreachable
[gazebo-1] Exception sending a multicast message:Network is unreachable
[gazebo-1] Exception sending a multicast message:Network is unreachable
[gazebo-1] Exception sending a multicast message:Network is unreachable
[gazebo-1] Exception sending a multicast message:Network is unreachable
[gazebo-1] Exception sending a multicast message:Network is unreachable
[gazebo-1] Exception sending a multicast message:Network is unreachable
[gazebo-1] Exception sending a multicast message:Network is unreachable
[gazebo-1] Exception sending a multicast message:Network is unreachable
[gazebo-1] Exception sending a multicast message:Network is unreachable
[gazebo-1] Exception sending a multicast message:Network is unreachable
[gazebo-1] Exception sending a multicast message:Network is unreachable
[gazebo-1] Exception sending a multicast message:Network is unreachable
[gazebo-1] Exception sending a multicast message:Network is unreachable
[gazebo-1] Exception sending a multicast message:Network is unreachable
[gazebo-1] Exception sending a multicast message:Network is unreachable
[gazebo-1] Exception sending a multicast message:Network is unreachable
[gazebo-1] Exception sending a multicast message:Network is unreachable
[gazebo-1] Exception sending a multicast message:Network is unreachable
[gazebo-1] Exception sending a multicast message:Network is unreachable
[gazebo-1] Exception sending a multicast message:Network is unreachable
[gazebo-1] Exception sending a multicast message:Network is unreachable
[gazebo-1] Exception sending a multicast message:Network is unreachable
[gazebo-1] Exception sending a multicast message:Network is unreachable
[gazebo-1] Exception sending a multicast message:Network is unreachable
[gazebo-1] Exception sending a multicast message:Network is unreachable
[gazebo-1] Exception sending a multicast message:Network is unreachable
[gazebo-1] Exception sending a multicast message:Network is unreachable
[gazebo-1] Exception sending a multicast message:Network is unreachable
[gazebo-1] Exception sending a multicast message:Network is unreachable
[gazebo-1] Exception sending a multicast message:Network is unreachable
[gazebo-1] Exception sending a multicast message:Network is unreachable
[parameter_bridge-22] Exception sending a multicast message:Network is unreachable
[parameter_bridge-22] Exception sending a multicast message:Network is unreachable
[parameter_bridge-22] Exception sending a multicast message:Network is unreachable
[rh_node-33] [INFO] [1789372632.985247550] [amr_3.rh_node]: [amr_3] Pruned expired reservations for peers: ['amr_0']
[rh_node-32] [INFO] [1789372632.988484927] [amr_2.rh_node]: [amr_2] Pruned expired reservations for peers: ['amr_0']
[parameter_bridge-6] Exception sending a multicast message:Network is unreachable
[parameter_bridge-6] Exception sending a multicast message:Network is unreachable
[parameter_bridge-6] Exception sending a multicast message:Network is unreachable
[rh_node-31] [INFO] [1789372633.295510262] [amr_1.rh_node]: [amr_1] Pruned expired reservations for peers: ['amr_0']
[rh_node-34] [INFO] [1789372633.434734160] [amr_4.rh_node]: [amr_4] Pruned expired reservations for peers: ['amr_0']
[rh_node-33] [INFO] [1789372633.484181113] [amr_3.rh_node]: [amr_3] Pruned expired reservations for peers: ['amr_0']
[rh_node-32] [INFO] [1789372633.490577001] [amr_2.rh_node]: [amr_2] Pruned expired reservations for peers: ['amr_0']
[parameter_bridge-10] Exception sending a multicast message:Network is unreachable
[parameter_bridge-10] Exception sending a multicast message:Network is unreachable
[parameter_bridge-10] Exception sending a multicast message:Network is unreachable
[parameter_bridge-18] Exception sending a multicast message:Network is unreachable
[parameter_bridge-18] Exception sending a multicast message:Network is unreachable
[parameter_bridge-18] Exception sending a multicast message:Network is unreachable
[rh_node-31] [INFO] [1789372633.796243210] [amr_1.rh_node]: [amr_1] Pruned expired reservations for peers: ['amr_0']
[parameter_bridge-2] Exception sending a multicast message:Network is unreachable
[parameter_bridge-2] Exception sending a multicast message:Network is unreachable
[gazebo-1] Exception sending a multicast message:Network is unreachable
[gazebo-1] Exception sending a multicast message:Network is unreachable
[gazebo-1] Exception sending a multicast message:Network is unreachable
[gazebo-1] Exception sending a multicast message:Network is unreachable
[gazebo-1] Exception sending a multicast message:Network is unreachable
[gazebo-1] Exception sending a multicast message:Network is unreachable
[gazebo-1] Exception sending a multicast message:Network is unreachable
[gazebo-1] Exception sending a multicast message:Network is unreachable
[gazebo-1] Exception sending a multicast message:Network is unreachable
[gazebo-1] Exception sending a multicast message:Network is unreachable
[gazebo-1] Exception sending a multicast message:Network is unreachable
[gazebo-1] Exception sending a multicast message:Network is unreachable
[gazebo-1] Exception sending a multicast message:Network is unreachable
[gazebo-1] Exception sending a multicast message:Network is unreachable
[gazebo-1] Exception sending a multicast message:Network is unreachable
[gazebo-1] Exception sending a multicast message:Network is unreachable
[gazebo-1] Exception sending a multicast message:Network is unreachable
[gazebo-1] Exception sending a multicast message:Network is unreachable
[gazebo-1] Exception sending a multicast message:Network is unreachable
[gazebo-1] Exception sending a multicast message:Network is unreachable
[gazebo-1] Exception sending a multicast message:Network is unreachable
[gazebo-1] Exception sending a multicast message:Network is unreachable
[gazebo-1] Exception sending a multicast message:Network is unreachable
[gazebo-1] Exception sending a multicast message:Network is unreachable
[gazebo-1] Exception sending a multicast message:Network is unreachable
[gazebo-1] Exception sending a multicast message:Network is unreachable
[gazebo-1] Exception sending a multicast message:Network is unreachable
[gazebo-1] Exception sending a multicast message:Network is unreachable
[gazebo-1] Exception sending a multicast message:Network is unreachable
[gazebo-1] Exception sending a multicast message:Network is unreachable
[gazebo-1] Exception sending a multicast message:Network is unreachable
[gazebo-1] Exception sending a multicast message:Network is unreachable
[gazebo-1] Exception sending a multicast message:Network is unreachable
[gazebo-1] Exception sending a multicast message:Network is unreachable
[gazebo-1] Exception sending a multicast message:Network is unreachable
[gazebo-1] Exception sending a multicast message:Network is unreachable
[gazebo-1] Exception sending a multicast message:Network is unreachable
[parameter_bridge-14] Exception sending a multicast message:Network is unreachable
[parameter_bridge-14] Exception sending a multicast message:Network is unreachable
[parameter_bridge-14] Exception sending a multicast message:Network is unreachable
[rh_node-34] [INFO] [1789372633.935009657] [amr_4.rh_node]: [amr_4] Pruned expired reservations for peers: ['amr_0']
[gazebo-1] Exception sending a multicast message:Network is unreachable
[gazebo-1] Exception sending a multicast message:Network is unreachable
[gazebo-1] Exception sending a multicast message:Network is unreachable
[gazebo-1] Exception sending a multicast message:Network is unreachable
[gazebo-1] Exception sending a multicast message:Network is unreachable
[gazebo-1] Exception sending a multicast message:Network is unreachable
[gazebo-1] Exception sending a multicast message:Network is unreachable
[gazebo-1] Exception sending a multicast message:Network is unreachable
[gazebo-1] Exception sending a multicast message:Network is unreachable
[gazebo-1] Exception sending a multicast message:Network is unreachable
[gazebo-1] Exception sending a multicast message:Network is unreachable
[gazebo-1] Exception sending a multicast message:Network is unreachable
[gazebo-1] Exception sending a multicast message:Network is unreachable
[gazebo-1] Exception sending a multicast message:Network is unreachable
[gazebo-1] Exception sending a multicast message:Network is unreachable
[gazebo-1] Exception sending a multicast message:Network is unreachable
[gazebo-1] Exception sending a multicast message:Network is unreachable
[gazebo-1] Exception sending a multicast message:Network is unreachable
[gazebo-1] Exception sending a multicast message:Network is unreachable
[gazebo-1] Exception sending a multicast message:Network is unreachable
[gazebo-1] Exception sending a multicast message:Network is unreachable
[gazebo-1] Exception sending a multicast message:Network is unreachable
[gazebo-1] Exception sending a multicast message:Network is unreachable
[gazebo-1] Exception sending a multicast message:Network is unreachable
[gazebo-1] Exception sending a multicast message:Network is unreachable
[gazebo-1] Exception sending a multicast message:Network is unreachable
[gazebo-1] Exception sending a multicast message:Network is unreachable
[gazebo-1] Exception sending a multicast message:Network is unreachable
[gazebo-1] Exception sending a multicast message:Network is unreachable
[gazebo-1] Exception sending a multicast message:Network is unreachable
[gazebo-1] Exception sending a multicast message:Network is unreachable
[gazebo-1] Exception sending a multicast message:Network is unreachable
[gazebo-1] Exception sending a multicast message:Network is unreachable
[gazebo-1] Exception sending a multicast message:Network is unreachable
[gazebo-1] Exception sending a multicast message:Network is unreachable
[gazebo-1] Exception sending a multicast message:Network is unreachable
[gazebo-1] Exception sending a multicast message:Network is unreachable
[gazebo-1] Exception sending a multicast message:Network is unreachable
[gazebo-1] Exception sending a multicast message:Network is unreachable
[gazebo-1] Exception sending a multicast message:Network is unreachable
[gazebo-1] Exception sending a multicast message:Network is unreachable
[gazebo-1] Exception sending a multicast message:Network is unreachable
[gazebo-1] Exception sending a multicast message:Network is unreachable
[gazebo-1] Exception sending a multicast message:Network is unreachable
[gazebo-1] Exception sending a multicast message:Network is unreachable
[gazebo-1] Exception sending a multicast message:Network is unreachable
[gazebo-1] Exception sending a multicast message:Network is unreachable
[gazebo-1] Exception sending a multicast message:Network is unreachable
[gazebo-1] Exception sending a multicast message:Network is unreachable
[gazebo-1] Exception sending a multicast message:Network is unreachable
[gazebo-1] Exception sending a multicast message:Network is unreachable
[gazebo-1] Exception sending a multicast message:Network is unreachable
[gazebo-1] Exception sending a multicast message:Network is unreachable
[gazebo-1] Exception sending a multicast message:Network is unreachable
[parameter_bridge-22] Exception sending a multicast message:Network is unreachable
[parameter_bridge-22] Exception sending a multicast message:Network is unreachable
[parameter_bridge-22] Exception sending a multicast message:Network is unreachable
[rh_node-33] [INFO] [1789372633.983680615] [amr_3.rh_node]: [amr_3] Pruned expired reservations for peers: ['amr_0']
[rh_node-32] [INFO] [1789372633.988255184] [amr_2.rh_node]: [amr_2] Pruned expired reservations for peers: ['amr_0']
[parameter_bridge-6] Exception sending a multicast message:Network is unreachable
[parameter_bridge-6] Exception sending a multicast message:Network is unreachable
[parameter_bridge-6] Exception sending a multicast message:Network is unreachable
[rh_node-31] [INFO] [1789372634.296477912] [amr_1.rh_node]: [amr_1] Pruned expired reservations for peers: ['amr_0']
[rh_node-34] [INFO] [1789372634.435545466] [amr_4.rh_node]: [amr_4] Pruned expired reservations for peers: ['amr_0']
[rh_node-33] [INFO] [1789372634.483637718] [amr_3.rh_node]: [amr_3] Pruned expired reservations for peers: ['amr_0']
[rh_node-32] [INFO] [1789372634.489520900] [amr_2.rh_node]: [amr_2] Pruned expired reservations for peers: ['amr_0']
[parameter_bridge-10] Exception sending a multicast message:Network is unreachable
[parameter_bridge-10] Exception sending a multicast message:Network is unreachable
[parameter_bridge-10] Exception sending a multicast message:Network is unreachable
[parameter_bridge-18] Exception sending a multicast message:Network is unreachable
[parameter_bridge-18] Exception sending a multicast message:Network is unreachable
[parameter_bridge-18] Exception sending a multicast message:Network is unreachable
[rh_node-31] [INFO] [1789372634.796195107] [amr_1.rh_node]: [amr_1] Pruned expired reservations for peers: ['amr_0']
[parameter_bridge-2] Exception sending a multicast message:Network is unreachable
[parameter_bridge-2] Exception sending a multicast message:Network is unreachable
[gazebo-1] Exception sending a multicast message:Network is unreachable
[gazebo-1] Exception sending a multicast message:Network is unreachable
[gazebo-1] Exception sending a multicast message:Network is unreachable
[gazebo-1] Exception sending a multicast message:Network is unreachable
[gazebo-1] Exception sending a multicast message:Network is unreachable
[gazebo-1] Exception sending a multicast message:Network is unreachable
[gazebo-1] Exception sending a multicast message:Network is unreachable
[gazebo-1] Exception sending a multicast message:Network is unreachable
[gazebo-1] Exception sending a multicast message:Network is unreachable
[gazebo-1] Exception sending a multicast message:Network is unreachable
[gazebo-1] Exception sending a multicast message:Network is unreachable
[gazebo-1] Exception sending a multicast message:Network is unreachable
[gazebo-1] Exception sending a multicast message:Network is unreachable
[gazebo-1] Exception sending a multicast message:Network is unreachable
[gazebo-1] Exception sending a multicast message:Network is unreachable
[gazebo-1] Exception sending a multicast message:Network is unreachable
[gazebo-1] Exception sending a multicast message:Network is unreachable
[gazebo-1] Exception sending a multicast message:Network is unreachable
[gazebo-1] Exception sending a multicast message:Network is unreachable
[gazebo-1] Exception sending a multicast message:Network is unreachable
[gazebo-1] Exception sending a multicast message:Network is unreachable
[gazebo-1] Exception sending a multicast message:Network is unreachable
[gazebo-1] Exception sending a multicast message:Network is unreachable
[gazebo-1] Exception sending a multicast message:Network is unreachable
[gazebo-1] Exception sending a multicast message:Network is unreachable
[gazebo-1] Exception sending a multicast message:Network is unreachable
[gazebo-1] Exception sending a multicast message:Network is unreachable
[gazebo-1] Exception sending a multicast message:Network is unreachable
[gazebo-1] Exception sending a multicast message:Network is unreachable
[gazebo-1] Exception sending a multicast message:Network is unreachable
[gazebo-1] Exception sending a multicast message:Network is unreachable
[gazebo-1] Exception sending a multicast message:Network is unreachable
[gazebo-1] Exception sending a multicast message:Network is unreachable
[gazebo-1] Exception sending a multicast message:Network is unreachable
[gazebo-1] Exception sending a multicast message:Network is unreachable
[gazebo-1] Exception sending a multicast message:Network is unreachable
[gazebo-1] Exception sending a multicast message:Network is unreachable
[parameter_bridge-14] Exception sending a multicast message:Network is unreachable
[parameter_bridge-14] Exception sending a multicast message:Network is unreachable
[parameter_bridge-14] Exception sending a multicast message:Network is unreachable
[rh_node-34] [INFO] [1789372634.935940930] [amr_4.rh_node]: [amr_4] Pruned expired reservations for peers: ['amr_0']
[gazebo-1] Exception sending a multicast message:Network is unreachable
[gazebo-1] Exception sending a multicast message:Network is unreachable
[gazebo-1] Exception sending a multicast message:Network is unreachable
[gazebo-1] Exception sending a multicast message:Network is unreachable
[gazebo-1] Exception sending a multicast message:Network is unreachable
[gazebo-1] Exception sending a multicast message:Network is unreachable
[gazebo-1] Exception sending a multicast message:Network is unreachable
[gazebo-1] Exception sending a multicast message:Network is unreachable
[gazebo-1] Exception sending a multicast message:Network is unreachable
[gazebo-1] Exception sending a multicast message:Network is unreachable
[gazebo-1] Exception sending a multicast message:Network is unreachable
[gazebo-1] Exception sending a multicast message:Network is unreachable
[gazebo-1] Exception sending a multicast message:Network is unreachable
[gazebo-1] Exception sending a multicast message:Network is unreachable
[gazebo-1] Exception sending a multicast message:Network is unreachable
[gazebo-1] Exception sending a multicast message:Network is unreachable
[gazebo-1] Exception sending a multicast message:Network is unreachable
[gazebo-1] Exception sending a multicast message:Network is unreachable
[gazebo-1] Exception sending a multicast message:Network is unreachable
[gazebo-1] Exception sending a multicast message:Network is unreachable
[gazebo-1] Exception sending a multicast message:Network is unreachable
[gazebo-1] Exception sending a multicast message:Network is unreachable
[gazebo-1] Exception sending a multicast message:Network is unreachable
[gazebo-1] Exception sending a multicast message:Network is unreachable
[gazebo-1] Exception sending a multicast message:Network is unreachable
[gazebo-1] Exception sending a multicast message:Network is unreachable
[gazebo-1] Exception sending a multicast message:Network is unreachable
[gazebo-1] Exception sending a multicast message:Network is unreachable
[gazebo-1] Exception sending a multicast message:Network is unreachable
[gazebo-1] Exception sending a multicast message:Network is unreachable
[gazebo-1] Exception sending a multicast message:Network is unreachable
[gazebo-1] Exception sending a multicast message:Network is unreachable
[gazebo-1] Exception sending a multicast message:Network is unreachable
[gazebo-1] Exception sending a multicast message:Network is unreachable
[gazebo-1] Exception sending a multicast message:Network is unreachable
[gazebo-1] Exception sending a multicast message:Network is unreachable
[gazebo-1] Exception sending a multicast message:Network is unreachable
[gazebo-1] Exception sending a multicast message:Network is unreachable
[gazebo-1] Exception sending a multicast message:Network is unreachable
[gazebo-1] Exception sending a multicast message:Network is unreachable
[gazebo-1] Exception sending a multicast message:Network is unreachable
[gazebo-1] Exception sending a multicast message:Network is unreachable
[gazebo-1] Exception sending a multicast message:Network is unreachable
[gazebo-1] Exception sending a multicast message:Network is unreachable
[gazebo-1] Exception sending a multicast message:Network is unreachable
[gazebo-1] Exception sending a multicast message:Network is unreachable
[gazebo-1] Exception sending a multicast message:Network is unreachable
[gazebo-1] Exception sending a multicast message:Network is unreachable
[gazebo-1] Exception sending a multicast message:Network is unreachable
[gazebo-1] Exception sending a multicast message:Network is unreachable
[gazebo-1] Exception sending a multicast message:Network is unreachable
[gazebo-1] Exception sending a multicast message:Network is unreachable
[gazebo-1] Exception sending a multicast message:Network is unreachable
[gazebo-1] Exception sending a multicast message:Network is unreachable
[parameter_bridge-22] Exception sending a multicast message:Network is unreachable
[parameter_bridge-22] Exception sending a multicast message:Network is unreachable
[parameter_bridge-22] Exception sending a multicast message:Network is unreachable
[rh_node-33] [INFO] [1789372634.984543848] [amr_3.rh_node]: [amr_3] Pruned expired reservations for peers: ['amr_0']
[rh_node-32] [INFO] [1789372634.989624905] [amr_2.rh_node]: [amr_2] Pruned expired reservations for peers: ['amr_0']
[parameter_bridge-6] Exception sending a multicast message:Network is unreachable
[parameter_bridge-6] Exception sending a multicast message:Network is unreachable
[parameter_bridge-6] Exception sending a multicast message:Network is unreachable
[rh_node-31] [INFO] [1789372635.295756849] [amr_1.rh_node]: [amr_1] Pruned expired reservations for peers: ['amr_0']
[rh_node-34] [INFO] [1789372635.435153239] [amr_4.rh_node]: [amr_4] Pruned expired reservations for peers: ['amr_0']
[rh_node-33] [INFO] [1789372635.484585772] [amr_3.rh_node]: [amr_3] Pruned expired reservations for peers: ['amr_0']
[rh_node-32] [INFO] [1789372635.490088498] [amr_2.rh_node]: [amr_2] Pruned expired reservations for peers: ['amr_0']
[parameter_bridge-10] Exception sending a multicast message:Network is unreachable
[parameter_bridge-10] Exception sending a multicast message:Network is unreachable
[parameter_bridge-10] Exception sending a multicast message:Network is unreachable
[parameter_bridge-18] Exception sending a multicast message:Network is unreachable
[parameter_bridge-18] Exception sending a multicast message:Network is unreachable
[parameter_bridge-18] Exception sending a multicast message:Network is unreachable
[rh_node-31] [INFO] [1789372635.795593137] [amr_1.rh_node]: [amr_1] Pruned expired reservations for peers: ['amr_0']
[parameter_bridge-2] Exception sending a multicast message:Network is unreachable
[parameter_bridge-2] Exception sending a multicast message:Network is unreachable
[gazebo-1] Exception sending a multicast message:Network is unreachable
[gazebo-1] Exception sending a multicast message:Network is unreachable
[gazebo-1] Exception sending a multicast message:Network is unreachable
[gazebo-1] Exception sending a multicast message:Network is unreachable
[gazebo-1] Exception sending a multicast message:Network is unreachable
[gazebo-1] Exception sending a multicast message:Network is unreachable
[gazebo-1] Exception sending a multicast message:Network is unreachable
[gazebo-1] Exception sending a multicast message:Network is unreachable
[gazebo-1] Exception sending a multicast message:Network is unreachable
[gazebo-1] Exception sending a multicast message:Network is unreachable
[gazebo-1] Exception sending a multicast message:Network is unreachable
[gazebo-1] Exception sending a multicast message:Network is unreachable
[gazebo-1] Exception sending a multicast message:Network is unreachable
[gazebo-1] Exception sending a multicast message:Network is unreachable
[gazebo-1] Exception sending a multicast message:Network is unreachable
[gazebo-1] Exception sending a multicast message:Network is unreachable
[gazebo-1] Exception sending a multicast message:Network is unreachable
[gazebo-1] Exception sending a multicast message:Network is unreachable
[gazebo-1] Exception sending a multicast message:Network is unreachable
[gazebo-1] Exception sending a multicast message:Network is unreachable
[gazebo-1] Exception sending a multicast message:Network is unreachable
[gazebo-1] Exception sending a multicast message:Network is unreachable
[gazebo-1] Exception sending a multicast message:Network is unreachable
[gazebo-1] Exception sending a multicast message:Network is unreachable
[gazebo-1] Exception sending a multicast message:Network is unreachable
[gazebo-1] Exception sending a multicast message:Network is unreachable
[gazebo-1] Exception sending a multicast message:Network is unreachable
[gazebo-1] Exception sending a multicast message:Network is unreachable
[gazebo-1] Exception sending a multicast message:Network is unreachable
[gazebo-1] Exception sending a multicast message:Network is unreachable
[gazebo-1] Exception sending a multicast message:Network is unreachable
[gazebo-1] Exception sending a multicast message:Network is unreachable
[gazebo-1] Exception sending a multicast message:Network is unreachable
[gazebo-1] Exception sending a multicast message:Network is unreachable
[gazebo-1] Exception sending a multicast message:Network is unreachable
[gazebo-1] Exception sending a multicast message:Network is unreachable
[gazebo-1] Exception sending a multicast message:Network is unreachable
[parameter_bridge-14] Exception sending a multicast message:Network is unreachable
[parameter_bridge-14] Exception sending a multicast message:Network is unreachable
[parameter_bridge-14] Exception sending a multicast message:Network is unreachable
[rh_node-34] [INFO] [1789372635.935305258] [amr_4.rh_node]: [amr_4] Pruned expired reservations for peers: ['amr_0']
[gazebo-1] Exception sending a multicast message:Network is unreachable
[gazebo-1] Exception sending a multicast message:Network is unreachable
[gazebo-1] Exception sending a multicast message:Network is unreachable
[gazebo-1] Exception sending a multicast message:Network is unreachable
[gazebo-1] Exception sending a multicast message:Network is unreachable
[gazebo-1] Exception sending a multicast message:Network is unreachable
[gazebo-1] Exception sending a multicast message:Network is unreachable
[gazebo-1] Exception sending a multicast message:Network is unreachable
[gazebo-1] Exception sending a multicast message:Network is unreachable
[gazebo-1] Exception sending a multicast message:Network is unreachable
[gazebo-1] Exception sending a multicast message:Network is unreachable
[gazebo-1] Exception sending a multicast message:Network is unreachable
[gazebo-1] Exception sending a multicast message:Network is unreachable
[gazebo-1] Exception sending a multicast message:Network is unreachable
[gazebo-1] Exception sending a multicast message:Network is unreachable
[gazebo-1] Exception sending a multicast message:Network is unreachable
[gazebo-1] Exception sending a multicast message:Network is unreachable
[gazebo-1] Exception sending a multicast message:Network is unreachable
[gazebo-1] Exception sending a multicast message:Network is unreachable
[gazebo-1] Exception sending a multicast message:Network is unreachable
[gazebo-1] Exception sending a multicast message:Network is unreachable
[gazebo-1] Exception sending a multicast message:Network is unreachable
[gazebo-1] Exception sending a multicast message:Network is unreachable
[gazebo-1] Exception sending a multicast message:Network is unreachable
[gazebo-1] Exception sending a multicast message:Network is unreachable
[gazebo-1] Exception sending a multicast message:Network is unreachable
[gazebo-1] Exception sending a multicast message:Network is unreachable
[gazebo-1] Exception sending a multicast message:Network is unreachable
[gazebo-1] Exception sending a multicast message:Network is unreachable
[gazebo-1] Exception sending a multicast message:Network is unreachable
[gazebo-1] Exception sending a multicast message:Network is unreachable
[gazebo-1] Exception sending a multicast message:Network is unreachable
[gazebo-1] Exception sending a multicast message:Network is unreachable
[gazebo-1] Exception sending a multicast message:Network is unreachable
[gazebo-1] Exception sending a multicast message:Network is unreachable
[gazebo-1] Exception sending a multicast message:Network is unreachable
[gazebo-1] Exception sending a multicast message:Network is unreachable
[gazebo-1] Exception sending a multicast message:Network is unreachable
[gazebo-1] Exception sending a multicast message:Network is unreachable
[gazebo-1] Exception sending a multicast message:Network is unreachable
[gazebo-1] Exception sending a multicast message:Network is unreachable
[gazebo-1] Exception sending a multicast message:Network is unreachable
[gazebo-1] Exception sending a multicast message:Network is unreachable
[gazebo-1] Exception sending a multicast message:Network is unreachable
[gazebo-1] Exception sending a multicast message:Network is unreachable
[gazebo-1] Exception sending a multicast message:Network is unreachable
[gazebo-1] Exception sending a multicast message:Network is unreachable
[gazebo-1] Exception sending a multicast message:Network is unreachable
[gazebo-1] Exception sending a multicast message:Network is unreachable
[gazebo-1] Exception sending a multicast message:Network is unreachable
[gazebo-1] Exception sending a multicast message:Network is unreachable
[gazebo-1] Exception sending a multicast message:Network is unreachable
[gazebo-1] Exception sending a multicast message:Network is unreachable
[gazebo-1] Exception sending a multicast message:Network is unreachable
[parameter_bridge-22] Exception sending a multicast message:Network is unreachable
[parameter_bridge-22] Exception sending a multicast message:Network is unreachable
[parameter_bridge-22] Exception sending a multicast message:Network is unreachable
[rh_node-33] [INFO] [1789372635.983770910] [amr_3.rh_node]: [amr_3] Pruned expired reservations for peers: ['amr_0']
[rh_node-32] [INFO] [1789372635.990265618] [amr_2.rh_node]: [amr_2] Pruned expired reservations for peers: ['amr_0']
[parameter_bridge-6] Exception sending a multicast message:Network is unreachable
[parameter_bridge-6] Exception sending a multicast message:Network is unreachable
[parameter_bridge-6] Exception sending a multicast message:Network is unreachable
[rh_node-31] [INFO] [1789372636.295726469] [amr_1.rh_node]: [amr_1] Pruned expired reservations for peers: ['amr_0']
[rh_node-34] [INFO] [1789372636.435979477] [amr_4.rh_node]: [amr_4] Pruned expired reservations for peers: ['amr_0']
[rh_node-33] [INFO] [1789372636.484530546] [amr_3.rh_node]: [amr_3] Pruned expired reservations for peers: ['amr_0']
[rh_node-32] [INFO] [1789372636.489112996] [amr_2.rh_node]: [amr_2] Pruned expired reservations for peers: ['amr_0']
[parameter_bridge-10] Exception sending a multicast message:Network is unreachable
[parameter_bridge-10] Exception sending a multicast message:Network is unreachable
[parameter_bridge-10] Exception sending a multicast message:Network is unreachable
[parameter_bridge-18] Exception sending a multicast message:Network is unreachable
[parameter_bridge-18] Exception sending a multicast message:Network is unreachable
[parameter_bridge-18] Exception sending a multicast message:Network is unreachable
[rh_node-31] [INFO] [1789372636.795831952] [amr_1.rh_node]: [amr_1] Pruned expired reservations for peers: ['amr_0']
[parameter_bridge-2] Exception sending a multicast message:Network is unreachable
[parameter_bridge-2] Exception sending a multicast message:Network is unreachable
[gazebo-1] Exception sending a multicast message:Network is unreachable
[gazebo-1] Exception sending a multicast message:Network is unreachable
[gazebo-1] Exception sending a multicast message:Network is unreachable
[gazebo-1] Exception sending a multicast message:Network is unreachable
[gazebo-1] Exception sending a multicast message:Network is unreachable
[gazebo-1] Exception sending a multicast message:Network is unreachable
[gazebo-1] Exception sending a multicast message:Network is unreachable
[gazebo-1] Exception sending a multicast message:Network is unreachable
[gazebo-1] Exception sending a multicast message:Network is unreachable
[gazebo-1] Exception sending a multicast message:Network is unreachable
[gazebo-1] Exception sending a multicast message:Network is unreachable
[gazebo-1] Exception sending a multicast message:Network is unreachable
[gazebo-1] Exception sending a multicast message:Network is unreachable
[gazebo-1] Exception sending a multicast message:Network is unreachable
[gazebo-1] Exception sending a multicast message:Network is unreachable
[gazebo-1] Exception sending a multicast message:Network is unreachable
[gazebo-1] Exception sending a multicast message:Network is unreachable
[gazebo-1] Exception sending a multicast message:Network is unreachable
[gazebo-1] Exception sending a multicast message:Network is unreachable
[gazebo-1] Exception sending a multicast message:Network is unreachable
[gazebo-1] Exception sending a multicast message:Network is unreachable
[gazebo-1] Exception sending a multicast message:Network is unreachable
[gazebo-1] Exception sending a multicast message:Network is unreachable
[gazebo-1] Exception sending a multicast message:Network is unreachable
[gazebo-1] Exception sending a multicast message:Network is unreachable
[gazebo-1] Exception sending a multicast message:Network is unreachable
[gazebo-1] Exception sending a multicast message:Network is unreachable
[gazebo-1] Exception sending a multicast message:Network is unreachable
[gazebo-1] Exception sending a multicast message:Network is unreachable
[gazebo-1] Exception sending a multicast message:Network is unreachable
[gazebo-1] Exception sending a multicast message:Network is unreachable
[gazebo-1] Exception sending a multicast message:Network is unreachable
[gazebo-1] Exception sending a multicast message:Network is unreachable
[gazebo-1] Exception sending a multicast message:Network is unreachable
[gazebo-1] Exception sending a multicast message:Network is unreachable
[gazebo-1] Exception sending a multicast message:Network is unreachable
[gazebo-1] Exception sending a multicast message:Network is unreachable
[parameter_bridge-14] Exception sending a multicast message:Network is unreachable
[parameter_bridge-14] Exception sending a multicast message:Network is unreachable
[parameter_bridge-14] Exception sending a multicast message:Network is unreachable
[rh_node-34] [INFO] [1789372636.934805647] [amr_4.rh_node]: [amr_4] Pruned expired reservations for peers: ['amr_0']
[gazebo-1] Exception sending a multicast message:Network is unreachable
[gazebo-1] Exception sending a multicast message:Network is unreachable
[gazebo-1] Exception sending a multicast message:Network is unreachable
[gazebo-1] Exception sending a multicast message:Network is unreachable
[gazebo-1] Exception sending a multicast message:Network is unreachable
[gazebo-1] Exception sending a multicast message:Network is unreachable
[gazebo-1] Exception sending a multicast message:Network is unreachable
[gazebo-1] Exception sending a multicast message:Network is unreachable
[gazebo-1] Exception sending a multicast message:Network is unreachable
[gazebo-1] Exception sending a multicast message:Network is unreachable
[gazebo-1] Exception sending a multicast message:Network is unreachable
[gazebo-1] Exception sending a multicast message:Network is unreachable
[gazebo-1] Exception sending a multicast message:Network is unreachable
[gazebo-1] Exception sending a multicast message:Network is unreachable
[gazebo-1] Exception sending a multicast message:Network is unreachable
[gazebo-1] Exception sending a multicast message:Network is unreachable
[gazebo-1] Exception sending a multicast message:Network is unreachable
[gazebo-1] Exception sending a multicast message:Network is unreachable
[gazebo-1] Exception sending a multicast message:Network is unreachable
[gazebo-1] Exception sending a multicast message:Network is unreachable
[gazebo-1] Exception sending a multicast message:Network is unreachable
[gazebo-1] Exception sending a multicast message:Network is unreachable
[gazebo-1] Exception sending a multicast message:Network is unreachable
[gazebo-1] Exception sending a multicast message:Network is unreachable
[gazebo-1] Exception sending a multicast message:Network is unreachable
[gazebo-1] Exception sending a multicast message:Network is unreachable
[gazebo-1] Exception sending a multicast message:Network is unreachable
[gazebo-1] Exception sending a multicast message:Network is unreachable
[gazebo-1] Exception sending a multicast message:Network is unreachable
[gazebo-1] Exception sending a multicast message:Network is unreachable
[gazebo-1] Exception sending a multicast message:Network is unreachable
[gazebo-1] Exception sending a multicast message:Network is unreachable
[gazebo-1] Exception sending a multicast message:Network is unreachable
[gazebo-1] Exception sending a multicast message:Network is unreachable
[gazebo-1] Exception sending a multicast message:Network is unreachable
[gazebo-1] Exception sending a multicast message:Network is unreachable
[gazebo-1] Exception sending a multicast message:Network is unreachable
[gazebo-1] Exception sending a multicast message:Network is unreachable
[gazebo-1] Exception sending a multicast message:Network is unreachable
[gazebo-1] Exception sending a multicast message:Network is unreachable
[gazebo-1] Exception sending a multicast message:Network is unreachable
[gazebo-1] Exception sending a multicast message:Network is unreachable
[gazebo-1] Exception sending a multicast message:Network is unreachable
[gazebo-1] Exception sending a multicast message:Network is unreachable
[gazebo-1] Exception sending a multicast message:Network is unreachable
[gazebo-1] Exception sending a multicast message:Network is unreachable
[gazebo-1] Exception sending a multicast message:Network is unreachable
[gazebo-1] Exception sending a multicast message:Network is unreachable
[gazebo-1] Exception sending a multicast message:Network is unreachable
[gazebo-1] Exception sending a multicast message:Network is unreachable
[gazebo-1] Exception sending a multicast message:Network is unreachable
[gazebo-1] Exception sending a multicast message:Network is unreachable
[gazebo-1] Exception sending a multicast message:Network is unreachable
[gazebo-1] Exception sending a multicast message:Network is unreachable
[parameter_bridge-22] Exception sending a multicast message:Network is unreachable
[parameter_bridge-22] Exception sending a multicast message:Network is unreachable
[parameter_bridge-22] Exception sending a multicast message:Network is unreachable
[rh_node-33] [INFO] [1789372636.984661485] [amr_3.rh_node]: [amr_3] Pruned expired reservations for peers: ['amr_0']
[rh_node-32] [INFO] [1789372636.989528510] [amr_2.rh_node]: [amr_2] Pruned expired reservations for peers: ['amr_0']
[parameter_bridge-6] Exception sending a multicast message:Network is unreachable
[parameter_bridge-6] Exception sending a multicast message:Network is unreachable
[parameter_bridge-6] Exception sending a multicast message:Network is unreachable
[rh_node-31] [INFO] [1789372637.295593077] [amr_1.rh_node]: [amr_1] Pruned expired reservations for peers: ['amr_0']
[rh_node-34] [INFO] [1789372637.435302321] [amr_4.rh_node]: [amr_4] Pruned expired reservations for peers: ['amr_0']
[rh_node-33] [INFO] [1789372637.484241933] [amr_3.rh_node]: [amr_3] Pruned expired reservations for peers: ['amr_0']
[rh_node-32] [INFO] [1789372637.488386589] [amr_2.rh_node]: [amr_2] Pruned expired reservations for peers: ['amr_0']
[parameter_bridge-10] Exception sending a multicast message:Network is unreachable
[parameter_bridge-10] Exception sending a multicast message:Network is unreachable
[parameter_bridge-10] Exception sending a multicast message:Network is unreachable
[parameter_bridge-18] Exception sending a multicast message:Network is unreachable
[parameter_bridge-18] Exception sending a multicast message:Network is unreachable
[parameter_bridge-18] Exception sending a multicast message:Network is unreachable
[rh_node-31] [INFO] [1789372637.797103823] [amr_1.rh_node]: [amr_1] Pruned expired reservations for peers: ['amr_0']
[parameter_bridge-2] Exception sending a multicast message:Network is unreachable
[parameter_bridge-2] Exception sending a multicast message:Network is unreachable
[gazebo-1] Exception sending a multicast message:Network is unreachable
[gazebo-1] Exception sending a multicast message:Network is unreachable
[gazebo-1] Exception sending a multicast message:Network is unreachable
[gazebo-1] Exception sending a multicast message:Network is unreachable
[gazebo-1] Exception sending a multicast message:Network is unreachable
[gazebo-1] Exception sending a multicast message:Network is unreachable
[gazebo-1] Exception sending a multicast message:Network is unreachable
[gazebo-1] Exception sending a multicast message:Network is unreachable
[gazebo-1] Exception sending a multicast message:Network is unreachable
[gazebo-1] Exception sending a multicast message:Network is unreachable
[gazebo-1] Exception sending a multicast message:Network is unreachable
[gazebo-1] Exception sending a multicast message:Network is unreachable
[gazebo-1] Exception sending a multicast message:Network is unreachable
[gazebo-1] Exception sending a multicast message:Network is unreachable
[gazebo-1] Exception sending a multicast message:Network is unreachable
[gazebo-1] Exception sending a multicast message:Network is unreachable
[gazebo-1] Exception sending a multicast message:Network is unreachable
[gazebo-1] Exception sending a multicast message:Network is unreachable
[gazebo-1] Exception sending a multicast message:Network is unreachable
[gazebo-1] Exception sending a multicast message:Network is unreachable
[gazebo-1] Exception sending a multicast message:Network is unreachable
[gazebo-1] Exception sending a multicast message:Network is unreachable
[gazebo-1] Exception sending a multicast message:Network is unreachable
[gazebo-1] Exception sending a multicast message:Network is unreachable
[gazebo-1] Exception sending a multicast message:Network is unreachable
[gazebo-1] Exception sending a multicast message:Network is unreachable
[gazebo-1] Exception sending a multicast message:Network is unreachable
[gazebo-1] Exception sending a multicast message:Network is unreachable
[gazebo-1] Exception sending a multicast message:Network is unreachable
[gazebo-1] Exception sending a multicast message:Network is unreachable
[gazebo-1] Exception sending a multicast message:Network is unreachable
[gazebo-1] Exception sending a multicast message:Network is unreachable
[gazebo-1] Exception sending a multicast message:Network is unreachable
[gazebo-1] Exception sending a multicast message:Network is unreachable
[gazebo-1] Exception sending a multicast message:Network is unreachable
[gazebo-1] Exception sending a multicast message:Network is unreachable
[gazebo-1] Exception sending a multicast message:Network is unreachable
[parameter_bridge-14] Exception sending a multicast message:Network is unreachable
[parameter_bridge-14] Exception sending a multicast message:Network is unreachable
[parameter_bridge-14] Exception sending a multicast message:Network is unreachable
[rh_node-34] [INFO] [1789372637.935924086] [amr_4.rh_node]: [amr_4] Pruned expired reservations for peers: ['amr_0']
[gazebo-1] Exception sending a multicast message:Network is unreachable
[gazebo-1] Exception sending a multicast message:Network is unreachable
[gazebo-1] Exception sending a multicast message:Network is unreachable
[gazebo-1] Exception sending a multicast message:Network is unreachable
[gazebo-1] Exception sending a multicast message:Network is unreachable
[gazebo-1] Exception sending a multicast message:Network is unreachable
[gazebo-1] Exception sending a multicast message:Network is unreachable
[gazebo-1] Exception sending a multicast message:Network is unreachable
[gazebo-1] Exception sending a multicast message:Network is unreachable
[gazebo-1] Exception sending a multicast message:Network is unreachable
[gazebo-1] Exception sending a multicast message:Network is unreachable
[gazebo-1] Exception sending a multicast message:Network is unreachable
[gazebo-1] Exception sending a multicast message:Network is unreachable
[gazebo-1] Exception sending a multicast message:Network is unreachable
[gazebo-1] Exception sending a multicast message:Network is unreachable
[gazebo-1] Exception sending a multicast message:Network is unreachable
[gazebo-1] Exception sending a multicast message:Network is unreachable
[gazebo-1] Exception sending a multicast message:Network is unreachable
[gazebo-1] Exception sending a multicast message:Network is unreachable
[gazebo-1] Exception sending a multicast message:Network is unreachable
[gazebo-1] Exception sending a multicast message:Network is unreachable
[gazebo-1] Exception sending a multicast message:Network is unreachable
[gazebo-1] Exception sending a multicast message:Network is unreachable
[gazebo-1] Exception sending a multicast message:Network is unreachable
[gazebo-1] Exception sending a multicast message:Network is unreachable
[gazebo-1] Exception sending a multicast message:Network is unreachable
[gazebo-1] Exception sending a multicast message:Network is unreachable
[gazebo-1] Exception sending a multicast message:Network is unreachable
[gazebo-1] Exception sending a multicast message:Network is unreachable
[gazebo-1] Exception sending a multicast message:Network is unreachable
[gazebo-1] Exception sending a multicast message:Network is unreachable
[gazebo-1] Exception sending a multicast message:Network is unreachable
[gazebo-1] Exception sending a multicast message:Network is unreachable
[gazebo-1] Exception sending a multicast message:Network is unreachable
[gazebo-1] Exception sending a multicast message:Network is unreachable
[gazebo-1] Exception sending a multicast message:Network is unreachable
[gazebo-1] Exception sending a multicast message:Network is unreachable
[gazebo-1] Exception sending a multicast message:Network is unreachable
[gazebo-1] Exception sending a multicast message:Network is unreachable
[gazebo-1] Exception sending a multicast message:Network is unreachable
[gazebo-1] Exception sending a multicast message:Network is unreachable
[gazebo-1] Exception sending a multicast message:Network is unreachable
[gazebo-1] Exception sending a multicast message:Network is unreachable
[gazebo-1] Exception sending a multicast message:Network is unreachable
[gazebo-1] Exception sending a multicast message:Network is unreachable
[gazebo-1] Exception sending a multicast message:Network is unreachable
[gazebo-1] Exception sending a multicast message:Network is unreachable
[gazebo-1] Exception sending a multicast message:Network is unreachable
[gazebo-1] Exception sending a multicast message:Network is unreachable
[gazebo-1] Exception sending a multicast message:Network is unreachable
[gazebo-1] Exception sending a multicast message:Network is unreachable
[gazebo-1] Exception sending a multicast message:Network is unreachable
[gazebo-1] Exception sending a multicast message:Network is unreachable
[gazebo-1] Exception sending a multicast message:Network is unreachable
[parameter_bridge-22] Exception sending a multicast message:Network is unreachable
[parameter_bridge-22] Exception sending a multicast message:Network is unreachable
[parameter_bridge-22] Exception sending a multicast message:Network is unreachable
[rh_node-33] [INFO] [1789372637.985121830] [amr_3.rh_node]: [amr_3] Pruned expired reservations for peers: ['amr_0']
[rh_node-32] [INFO] [1789372637.989442034] [amr_2.rh_node]: [amr_2] Pruned expired reservations for peers: ['amr_0']
[parameter_bridge-6] Exception sending a multicast message:Network is unreachable
[parameter_bridge-6] Exception sending a multicast message:Network is unreachable
[parameter_bridge-6] Exception sending a multicast message:Network is unreachable
[rh_node-31] [INFO] [1789372638.295558499] [amr_1.rh_node]: [amr_1] Pruned expired reservations for peers: ['amr_0']
[rh_node-34] [INFO] [1789372638.434782091] [amr_4.rh_node]: [amr_4] Pruned expired reservations for peers: ['amr_0']
[rh_node-33] [INFO] [1789372638.485143911] [amr_3.rh_node]: [amr_3] Pruned expired reservations for peers: ['amr_0']
[rh_node-32] [INFO] [1789372638.488497573] [amr_2.rh_node]: [amr_2] Pruned expired reservations for peers: ['amr_0']
[parameter_bridge-10] Exception sending a multicast message:Network is unreachable
[parameter_bridge-10] Exception sending a multicast message:Network is unreachable
[parameter_bridge-10] Exception sending a multicast message:Network is unreachable
[parameter_bridge-18] Exception sending a multicast message:Network is unreachable
[parameter_bridge-18] Exception sending a multicast message:Network is unreachable
[parameter_bridge-18] Exception sending a multicast message:Network is unreachable
[rh_node-31] [INFO] [1789372638.796371809] [amr_1.rh_node]: [amr_1] Pruned expired reservations for peers: ['amr_0']
[parameter_bridge-2] Exception sending a multicast message:Network is unreachable
[parameter_bridge-2] Exception sending a multicast message:Network is unreachable
[gazebo-1] Exception sending a multicast message:Network is unreachable
[gazebo-1] Exception sending a multicast message:Network is unreachable
[gazebo-1] Exception sending a multicast message:Network is unreachable
[gazebo-1] Exception sending a multicast message:Network is unreachable
[gazebo-1] Exception sending a multicast message:Network is unreachable
[gazebo-1] Exception sending a multicast message:Network is unreachable
[gazebo-1] Exception sending a multicast message:Network is unreachable
[gazebo-1] Exception sending a multicast message:Network is unreachable
[gazebo-1] Exception sending a multicast message:Network is unreachable
[gazebo-1] Exception sending a multicast message:Network is unreachable
[gazebo-1] Exception sending a multicast message:Network is unreachable
[gazebo-1] Exception sending a multicast message:Network is unreachable
[gazebo-1] Exception sending a multicast message:Network is unreachable
[gazebo-1] Exception sending a multicast message:Network is unreachable
[gazebo-1] Exception sending a multicast message:Network is unreachable
[gazebo-1] Exception sending a multicast message:Network is unreachable
[gazebo-1] Exception sending a multicast message:Network is unreachable
[gazebo-1] Exception sending a multicast message:Network is unreachable
[gazebo-1] Exception sending a multicast message:Network is unreachable
[gazebo-1] Exception sending a multicast message:Network is unreachable
[gazebo-1] Exception sending a multicast message:Network is unreachable
[gazebo-1] Exception sending a multicast message:Network is unreachable
[gazebo-1] Exception sending a multicast message:Network is unreachable
[gazebo-1] Exception sending a multicast message:Network is unreachable
[gazebo-1] Exception sending a multicast message:Network is unreachable
[gazebo-1] Exception sending a multicast message:Network is unreachable
[gazebo-1] Exception sending a multicast message:Network is unreachable
[gazebo-1] Exception sending a multicast message:Network is unreachable
[gazebo-1] Exception sending a multicast message:Network is unreachable
[gazebo-1] Exception sending a multicast message:Network is unreachable
[gazebo-1] Exception sending a multicast message:Network is unreachable
[gazebo-1] Exception sending a multicast message:Network is unreachable
[gazebo-1] Exception sending a multicast message:Network is unreachable
[gazebo-1] Exception sending a multicast message:Network is unreachable
[gazebo-1] Exception sending a multicast message:Network is unreachable
[gazebo-1] Exception sending a multicast message:Network is unreachable
[gazebo-1] Exception sending a multicast message:Network is unreachable
[parameter_bridge-14] Exception sending a multicast message:Network is unreachable
[parameter_bridge-14] Exception sending a multicast message:Network is unreachable
[parameter_bridge-14] Exception sending a multicast message:Network is unreachable
[rh_node-34] [INFO] [1789372638.934706609] [amr_4.rh_node]: [amr_4] Pruned expired reservations for peers: ['amr_0']
[gazebo-1] Exception sending a multicast message:Network is unreachable
[gazebo-1] Exception sending a multicast message:Network is unreachable
[gazebo-1] Exception sending a multicast message:Network is unreachable
[gazebo-1] Exception sending a multicast message:Network is unreachable
[gazebo-1] Exception sending a multicast message:Network is unreachable
[gazebo-1] Exception sending a multicast message:Network is unreachable
[gazebo-1] Exception sending a multicast message:Network is unreachable
[gazebo-1] Exception sending a multicast message:Network is unreachable
[gazebo-1] Exception sending a multicast message:Network is unreachable
[gazebo-1] Exception sending a multicast message:Network is unreachable
[gazebo-1] Exception sending a multicast message:Network is unreachable
[gazebo-1] Exception sending a multicast message:Network is unreachable
[gazebo-1] Exception sending a multicast message:Network is unreachable
[gazebo-1] Exception sending a multicast message:Network is unreachable
[gazebo-1] Exception sending a multicast message:Network is unreachable
[gazebo-1] Exception sending a multicast message:Network is unreachable
[gazebo-1] Exception sending a multicast message:Network is unreachable
[gazebo-1] Exception sending a multicast message:Network is unreachable
[gazebo-1] Exception sending a multicast message:Network is unreachable
[gazebo-1] Exception sending a multicast message:Network is unreachable
[gazebo-1] Exception sending a multicast message:Network is unreachable
[gazebo-1] Exception sending a multicast message:Network is unreachable
[gazebo-1] Exception sending a multicast message:Network is unreachable
[gazebo-1] Exception sending a multicast message:Network is unreachable
[gazebo-1] Exception sending a multicast message:Network is unreachable
[gazebo-1] Exception sending a multicast message:Network is unreachable
[gazebo-1] Exception sending a multicast message:Network is unreachable
[gazebo-1] Exception sending a multicast message:Network is unreachable
[gazebo-1] Exception sending a multicast message:Network is unreachable
[gazebo-1] Exception sending a multicast message:Network is unreachable
[gazebo-1] Exception sending a multicast message:Network is unreachable
[gazebo-1] Exception sending a multicast message:Network is unreachable
[gazebo-1] Exception sending a multicast message:Network is unreachable
[gazebo-1] Exception sending a multicast message:Network is unreachable
[gazebo-1] Exception sending a multicast message:Network is unreachable
[gazebo-1] Exception sending a multicast message:Network is unreachable
[gazebo-1] Exception sending a multicast message:Network is unreachable
[gazebo-1] Exception sending a multicast message:Network is unreachable
[gazebo-1] Exception sending a multicast message:Network is unreachable
[gazebo-1] Exception sending a multicast message:Network is unreachable
[gazebo-1] Exception sending a multicast message:Network is unreachable
[gazebo-1] Exception sending a multicast message:Network is unreachable
[gazebo-1] Exception sending a multicast message:Network is unreachable
[gazebo-1] Exception sending a multicast message:Network is unreachable
[gazebo-1] Exception sending a multicast message:Network is unreachable
[gazebo-1] Exception sending a multicast message:Network is unreachable
[gazebo-1] Exception sending a multicast message:Network is unreachable
[gazebo-1] Exception sending a multicast message:Network is unreachable
[gazebo-1] Exception sending a multicast message:Network is unreachable
[gazebo-1] Exception sending a multicast message:Network is unreachable
[gazebo-1] Exception sending a multicast message:Network is unreachable
[gazebo-1] Exception sending a multicast message:Network is unreachable
[gazebo-1] Exception sending a multicast message:Network is unreachable
[gazebo-1] Exception sending a multicast message:Network is unreachable
[parameter_bridge-22] Exception sending a multicast message:Network is unreachable
[parameter_bridge-22] Exception sending a multicast message:Network is unreachable
[parameter_bridge-22] Exception sending a multicast message:Network is unreachable
[rh_node-33] [INFO] [1789372638.983667619] [amr_3.rh_node]: [amr_3] Pruned expired reservations for peers: ['amr_0']
[rh_node-32] [INFO] [1789372638.990162505] [amr_2.rh_node]: [amr_2] Pruned expired reservations for peers: ['amr_0']
[parameter_bridge-6] Exception sending a multicast message:Network is unreachable
[parameter_bridge-6] Exception sending a multicast message:Network is unreachable
[parameter_bridge-6] Exception sending a multicast message:Network is unreachable
[rh_node-31] [INFO] [1789372639.295494670] [amr_1.rh_node]: [amr_1] Pruned expired reservations for peers: ['amr_0']
[rh_node-34] [INFO] [1789372639.434746736] [amr_4.rh_node]: [amr_4] Pruned expired reservations for peers: ['amr_0']
[rh_node-33] [INFO] [1789372639.483685905] [amr_3.rh_node]: [amr_3] Pruned expired reservations for peers: ['amr_0']
[rh_node-32] [INFO] [1789372639.489552339] [amr_2.rh_node]: [amr_2] Pruned expired reservations for peers: ['amr_0']
[parameter_bridge-10] Exception sending a multicast message:Network is unreachable
[parameter_bridge-10] Exception sending a multicast message:Network is unreachable
[parameter_bridge-10] Exception sending a multicast message:Network is unreachable
[parameter_bridge-18] Exception sending a multicast message:Network is unreachable
[parameter_bridge-18] Exception sending a multicast message:Network is unreachable
[parameter_bridge-18] Exception sending a multicast message:Network is unreachable
[rh_node-31] [INFO] [1789372639.796846621] [amr_1.rh_node]: [amr_1] Pruned expired reservations for peers: ['amr_0']
[parameter_bridge-2] Exception sending a multicast message:Network is unreachable
[parameter_bridge-2] Exception sending a multicast message:Network is unreachable
[gazebo-1] Exception sending a multicast message:Network is unreachable
[gazebo-1] Exception sending a multicast message:Network is unreachable
[gazebo-1] Exception sending a multicast message:Network is unreachable
[gazebo-1] Exception sending a multicast message:Network is unreachable
[gazebo-1] Exception sending a multicast message:Network is unreachable
[gazebo-1] Exception sending a multicast message:Network is unreachable
[gazebo-1] Exception sending a multicast message:Network is unreachable
[gazebo-1] Exception sending a multicast message:Network is unreachable
[gazebo-1] Exception sending a multicast message:Network is unreachable
[gazebo-1] Exception sending a multicast message:Network is unreachable
[gazebo-1] Exception sending a multicast message:Network is unreachable
[gazebo-1] Exception sending a multicast message:Network is unreachable
[gazebo-1] Exception sending a multicast message:Network is unreachable
[gazebo-1] Exception sending a multicast message:Network is unreachable
[gazebo-1] Exception sending a multicast message:Network is unreachable
[gazebo-1] Exception sending a multicast message:Network is unreachable
[gazebo-1] Exception sending a multicast message:Network is unreachable
[gazebo-1] Exception sending a multicast message:Network is unreachable
[gazebo-1] Exception sending a multicast message:Network is unreachable
[gazebo-1] Exception sending a multicast message:Network is unreachable
[gazebo-1] Exception sending a multicast message:Network is unreachable
[gazebo-1] Exception sending a multicast message:Network is unreachable
[gazebo-1] Exception sending a multicast message:Network is unreachable
[gazebo-1] Exception sending a multicast message:Network is unreachable
[gazebo-1] Exception sending a multicast message:Network is unreachable
[gazebo-1] Exception sending a multicast message:Network is unreachable
[gazebo-1] Exception sending a multicast message:Network is unreachable
[gazebo-1] Exception sending a multicast message:Network is unreachable
[gazebo-1] Exception sending a multicast message:Network is unreachable
[gazebo-1] Exception sending a multicast message:Network is unreachable
[gazebo-1] Exception sending a multicast message:Network is unreachable
[gazebo-1] Exception sending a multicast message:Network is unreachable
[gazebo-1] Exception sending a multicast message:Network is unreachable
[gazebo-1] Exception sending a multicast message:Network is unreachable
[gazebo-1] Exception sending a multicast message:Network is unreachable
[gazebo-1] Exception sending a multicast message:Network is unreachable
[gazebo-1] Exception sending a multicast message:Network is unreachable
[parameter_bridge-14] Exception sending a multicast message:Network is unreachable
[parameter_bridge-14] Exception sending a multicast message:Network is unreachable
[parameter_bridge-14] Exception sending a multicast message:Network is unreachable
[rh_node-34] [INFO] [1789372639.935216588] [amr_4.rh_node]: [amr_4] Pruned expired reservations for peers: ['amr_0']
[gazebo-1] Exception sending a multicast message:Network is unreachable
[gazebo-1] Exception sending a multicast message:Network is unreachable
[gazebo-1] Exception sending a multicast message:Network is unreachable
[gazebo-1] Exception sending a multicast message:Network is unreachable
[gazebo-1] Exception sending a multicast message:Network is unreachable
[gazebo-1] Exception sending a multicast message:Network is unreachable
[gazebo-1] Exception sending a multicast message:Network is unreachable
[gazebo-1] Exception sending a multicast message:Network is unreachable
[gazebo-1] Exception sending a multicast message:Network is unreachable
[gazebo-1] Exception sending a multicast message:Network is unreachable
[gazebo-1] Exception sending a multicast message:Network is unreachable
[gazebo-1] Exception sending a multicast message:Network is unreachable
[gazebo-1] Exception sending a multicast message:Network is unreachable
[gazebo-1] Exception sending a multicast message:Network is unreachable
[gazebo-1] Exception sending a multicast message:Network is unreachable
[gazebo-1] Exception sending a multicast message:Network is unreachable
[gazebo-1] Exception sending a multicast message:Network is unreachable
[gazebo-1] Exception sending a multicast message:Network is unreachable
[gazebo-1] Exception sending a multicast message:Network is unreachable
[gazebo-1] Exception sending a multicast message:Network is unreachable
[gazebo-1] Exception sending a multicast message:Network is unreachable
[gazebo-1] Exception sending a multicast message:Network is unreachable
[gazebo-1] Exception sending a multicast message:Network is unreachable
[gazebo-1] Exception sending a multicast message:Network is unreachable
[gazebo-1] Exception sending a multicast message:Network is unreachable
[gazebo-1] Exception sending a multicast message:Network is unreachable
[gazebo-1] Exception sending a multicast message:Network is unreachable
[gazebo-1] Exception sending a multicast message:Network is unreachable
[gazebo-1] Exception sending a multicast message:Network is unreachable
[gazebo-1] Exception sending a multicast message:Network is unreachable
[gazebo-1] Exception sending a multicast message:Network is unreachable
[gazebo-1] Exception sending a multicast message:Network is unreachable
[gazebo-1] Exception sending a multicast message:Network is unreachable
[gazebo-1] Exception sending a multicast message:Network is unreachable
[gazebo-1] Exception sending a multicast message:Network is unreachable
[gazebo-1] Exception sending a multicast message:Network is unreachable
[gazebo-1] Exception sending a multicast message:Network is unreachable
[gazebo-1] Exception sending a multicast message:Network is unreachable
[gazebo-1] Exception sending a multicast message:Network is unreachable
[gazebo-1] Exception sending a multicast message:Network is unreachable
[gazebo-1] Exception sending a multicast message:Network is unreachable
[gazebo-1] Exception sending a multicast message:Network is unreachable
[gazebo-1] Exception sending a multicast message:Network is unreachable
[gazebo-1] Exception sending a multicast message:Network is unreachable
[gazebo-1] Exception sending a multicast message:Network is unreachable
[gazebo-1] Exception sending a multicast message:Network is unreachable
[gazebo-1] Exception sending a multicast message:Network is unreachable
[gazebo-1] Exception sending a multicast message:Network is unreachable
[gazebo-1] Exception sending a multicast message:Network is unreachable
[gazebo-1] Exception sending a multicast message:Network is unreachable
[gazebo-1] Exception sending a multicast message:Network is unreachable
[gazebo-1] Exception sending a multicast message:Network is unreachable
[gazebo-1] Exception sending a multicast message:Network is unreachable
[gazebo-1] Exception sending a multicast message:Network is unreachable
[parameter_bridge-22] Exception sending a multicast message:Network is unreachable
[parameter_bridge-22] Exception sending a multicast message:Network is unreachable
[parameter_bridge-22] Exception sending a multicast message:Network is unreachable
[rh_node-33] [INFO] [1789372639.983770187] [amr_3.rh_node]: [amr_3] Pruned expired reservations for peers: ['amr_0']
[rh_node-32] [INFO] [1789372639.989460862] [amr_2.rh_node]: [amr_2] Pruned expired reservations for peers: ['amr_0']
[parameter_bridge-6] Exception sending a multicast message:Network is unreachable
[parameter_bridge-6] Exception sending a multicast message:Network is unreachable
[parameter_bridge-6] Exception sending a multicast message:Network is unreachable
[rh_node-31] [INFO] [1789372640.295549198] [amr_1.rh_node]: [amr_1] Pruned expired reservations for peers: ['amr_0']
[rh_node-34] [INFO] [1789372640.434816273] [amr_4.rh_node]: [amr_4] Pruned expired reservations for peers: ['amr_0']
[rh_node-33] [INFO] [1789372640.484473217] [amr_3.rh_node]: [amr_3] Pruned expired reservations for peers: ['amr_0']
[rh_node-32] [INFO] [1789372640.490009510] [amr_2.rh_node]: [amr_2] Pruned expired reservations for peers: ['amr_0']
[parameter_bridge-10] Exception sending a multicast message:Network is unreachable
[parameter_bridge-10] Exception sending a multicast message:Network is unreachable
[parameter_bridge-10] Exception sending a multicast message:Network is unreachable
[parameter_bridge-18] Exception sending a multicast message:Network is unreachable
[parameter_bridge-18] Exception sending a multicast message:Network is unreachable
[parameter_bridge-18] Exception sending a multicast message:Network is unreachable
[rh_node-31] [INFO] [1789372640.795538483] [amr_1.rh_node]: [amr_1] Pruned expired reservations for peers: ['amr_0']
[parameter_bridge-2] Exception sending a multicast message:Network is unreachable
[parameter_bridge-2] Exception sending a multicast message:Network is unreachable
[gazebo-1] Exception sending a multicast message:Network is unreachable
[gazebo-1] Exception sending a multicast message:Network is unreachable
[gazebo-1] Exception sending a multicast message:Network is unreachable
[gazebo-1] Exception sending a multicast message:Network is unreachable
[gazebo-1] Exception sending a multicast message:Network is unreachable
[gazebo-1] Exception sending a multicast message:Network is unreachable
[gazebo-1] Exception sending a multicast message:Network is unreachable
[gazebo-1] Exception sending a multicast message:Network is unreachable
[gazebo-1] Exception sending a multicast message:Network is unreachable
[gazebo-1] Exception sending a multicast message:Network is unreachable
[gazebo-1] Exception sending a multicast message:Network is unreachable
[gazebo-1] Exception sending a multicast message:Network is unreachable
[gazebo-1] Exception sending a multicast message:Network is unreachable
[gazebo-1] Exception sending a multicast message:Network is unreachable
[gazebo-1] Exception sending a multicast message:Network is unreachable
[gazebo-1] Exception sending a multicast message:Network is unreachable
[gazebo-1] Exception sending a multicast message:Network is unreachable
[gazebo-1] Exception sending a multicast message:Network is unreachable
[gazebo-1] Exception sending a multicast message:Network is unreachable
[gazebo-1] Exception sending a multicast message:Network is unreachable
[gazebo-1] Exception sending a multicast message:Network is unreachable
[gazebo-1] Exception sending a multicast message:Network is unreachable
[gazebo-1] Exception sending a multicast message:Network is unreachable
[gazebo-1] Exception sending a multicast message:Network is unreachable
[gazebo-1] Exception sending a multicast message:Network is unreachable
[gazebo-1] Exception sending a multicast message:Network is unreachable
[gazebo-1] Exception sending a multicast message:Network is unreachable
[gazebo-1] Exception sending a multicast message:Network is unreachable
[gazebo-1] Exception sending a multicast message:Network is unreachable
[gazebo-1] Exception sending a multicast message:Network is unreachable
[gazebo-1] Exception sending a multicast message:Network is unreachable
[gazebo-1] Exception sending a multicast message:Network is unreachable
[gazebo-1] Exception sending a multicast message:Network is unreachable
[gazebo-1] Exception sending a multicast message:Network is unreachable
[gazebo-1] Exception sending a multicast message:Network is unreachable
[gazebo-1] Exception sending a multicast message:Network is unreachable
[gazebo-1] Exception sending a multicast message:Network is unreachable
[parameter_bridge-14] Exception sending a multicast message:Network is unreachable
[parameter_bridge-14] Exception sending a multicast message:Network is unreachable
[parameter_bridge-14] Exception sending a multicast message:Network is unreachable
[rh_node-34] [INFO] [1789372640.934770052] [amr_4.rh_node]: [amr_4] Pruned expired reservations for peers: ['amr_0']
[gazebo-1] Exception sending a multicast message:Network is unreachable
[gazebo-1] Exception sending a multicast message:Network is unreachable
[gazebo-1] Exception sending a multicast message:Network is unreachable
[gazebo-1] Exception sending a multicast message:Network is unreachable
[gazebo-1] Exception sending a multicast message:Network is unreachable
[gazebo-1] Exception sending a multicast message:Network is unreachable
[gazebo-1] Exception sending a multicast message:Network is unreachable
[gazebo-1] Exception sending a multicast message:Network is unreachable
[gazebo-1] Exception sending a multicast message:Network is unreachable
[gazebo-1] Exception sending a multicast message:Network is unreachable
[gazebo-1] Exception sending a multicast message:Network is unreachable
[gazebo-1] Exception sending a multicast message:Network is unreachable
[gazebo-1] Exception sending a multicast message:Network is unreachable
[gazebo-1] Exception sending a multicast message:Network is unreachable
[gazebo-1] Exception sending a multicast message:Network is unreachable
[gazebo-1] Exception sending a multicast message:Network is unreachable
[gazebo-1] Exception sending a multicast message:Network is unreachable
[gazebo-1] Exception sending a multicast message:Network is unreachable
[gazebo-1] Exception sending a multicast message:Network is unreachable
[gazebo-1] Exception sending a multicast message:Network is unreachable
[gazebo-1] Exception sending a multicast message:Network is unreachable
[gazebo-1] Exception sending a multicast message:Network is unreachable
[gazebo-1] Exception sending a multicast message:Network is unreachable
[gazebo-1] Exception sending a multicast message:Network is unreachable
[gazebo-1] Exception sending a multicast message:Network is unreachable
[gazebo-1] Exception sending a multicast message:Network is unreachable
[gazebo-1] Exception sending a multicast message:Network is unreachable
[gazebo-1] Exception sending a multicast message:Network is unreachable
[gazebo-1] Exception sending a multicast message:Network is unreachable
[gazebo-1] Exception sending a multicast message:Network is unreachable
[gazebo-1] Exception sending a multicast message:Network is unreachable
[gazebo-1] Exception sending a multicast message:Network is unreachable
[gazebo-1] Exception sending a multicast message:Network is unreachable
[gazebo-1] Exception sending a multicast message:Network is unreachable
[gazebo-1] Exception sending a multicast message:Network is unreachable
[gazebo-1] Exception sending a multicast message:Network is unreachable
[gazebo-1] Exception sending a multicast message:Network is unreachable
[gazebo-1] Exception sending a multicast message:Network is unreachable
[gazebo-1] Exception sending a multicast message:Network is unreachable
[gazebo-1] Exception sending a multicast message:Network is unreachable
[gazebo-1] Exception sending a multicast message:Network is unreachable
[gazebo-1] Exception sending a multicast message:Network is unreachable
[gazebo-1] Exception sending a multicast message:Network is unreachable
[gazebo-1] Exception sending a multicast message:Network is unreachable
[gazebo-1] Exception sending a multicast message:Network is unreachable
[gazebo-1] Exception sending a multicast message:Network is unreachable
[gazebo-1] Exception sending a multicast message:Network is unreachable
[gazebo-1] Exception sending a multicast message:Network is unreachable
[gazebo-1] Exception sending a multicast message:Network is unreachable
[gazebo-1] Exception sending a multicast message:Network is unreachable
[gazebo-1] Exception sending a multicast message:Network is unreachable
[gazebo-1] Exception sending a multicast message:Network is unreachable
[gazebo-1] Exception sending a multicast message:Network is unreachable
[gazebo-1] Exception sending a multicast message:Network is unreachable
[parameter_bridge-22] Exception sending a multicast message:Network is unreachable
[parameter_bridge-22] Exception sending a multicast message:Network is unreachable
[parameter_bridge-22] Exception sending a multicast message:Network is unreachable
[rh_node-33] [INFO] [1789372640.985198005] [amr_3.rh_node]: [amr_3] Pruned expired reservations for peers: ['amr_0']
[rh_node-32] [INFO] [1789372640.988323863] [amr_2.rh_node]: [amr_2] Pruned expired reservations for peers: ['amr_0']
[parameter_bridge-6] Exception sending a multicast message:Network is unreachable
[parameter_bridge-6] Exception sending a multicast message:Network is unreachable
[parameter_bridge-6] Exception sending a multicast message:Network is unreachable
[rh_node-31] [INFO] [1789372641.296260771] [amr_1.rh_node]: [amr_1] Pruned expired reservations for peers: ['amr_0']
[rh_node-34] [INFO] [1789372641.434962675] [amr_4.rh_node]: [amr_4] Pruned expired reservations for peers: ['amr_0']
[rh_node-33] [INFO] [1789372641.483587291] [amr_3.rh_node]: [amr_3] Pruned expired reservations for peers: ['amr_0']
[rh_node-32] [INFO] [1789372641.489230060] [amr_2.rh_node]: [amr_2] Pruned expired reservations for peers: ['amr_0']
[parameter_bridge-10] Exception sending a multicast message:Network is unreachable
[parameter_bridge-10] Exception sending a multicast message:Network is unreachable
[parameter_bridge-10] Exception sending a multicast message:Network is unreachable
[parameter_bridge-18] Exception sending a multicast message:Network is unreachable
[parameter_bridge-18] Exception sending a multicast message:Network is unreachable
[parameter_bridge-18] Exception sending a multicast message:Network is unreachable
[rh_node-31] [INFO] [1789372641.796870732] [amr_1.rh_node]: [amr_1] Pruned expired reservations for peers: ['amr_0']
[parameter_bridge-2] Exception sending a multicast message:Network is unreachable
[parameter_bridge-2] Exception sending a multicast message:Network is unreachable
[gazebo-1] Exception sending a multicast message:Network is unreachable
[gazebo-1] Exception sending a multicast message:Network is unreachable
[gazebo-1] Exception sending a multicast message:Network is unreachable
[gazebo-1] Exception sending a multicast message:Network is unreachable
[gazebo-1] Exception sending a multicast message:Network is unreachable
[gazebo-1] Exception sending a multicast message:Network is unreachable
[gazebo-1] Exception sending a multicast message:Network is unreachable
[gazebo-1] Exception sending a multicast message:Network is unreachable
[gazebo-1] Exception sending a multicast message:Network is unreachable
[gazebo-1] Exception sending a multicast message:Network is unreachable
[gazebo-1] Exception sending a multicast message:Network is unreachable
[gazebo-1] Exception sending a multicast message:Network is unreachable
[gazebo-1] Exception sending a multicast message:Network is unreachable
[gazebo-1] Exception sending a multicast message:Network is unreachable
[gazebo-1] Exception sending a multicast message:Network is unreachable
[gazebo-1] Exception sending a multicast message:Network is unreachable
[gazebo-1] Exception sending a multicast message:Network is unreachable
[gazebo-1] Exception sending a multicast message:Network is unreachable
[gazebo-1] Exception sending a multicast message:Network is unreachable
[gazebo-1] Exception sending a multicast message:Network is unreachable
[gazebo-1] Exception sending a multicast message:Network is unreachable
[gazebo-1] Exception sending a multicast message:Network is unreachable
[gazebo-1] Exception sending a multicast message:Network is unreachable
[gazebo-1] Exception sending a multicast message:Network is unreachable
[gazebo-1] Exception sending a multicast message:Network is unreachable
[gazebo-1] Exception sending a multicast message:Network is unreachable
[gazebo-1] Exception sending a multicast message:Network is unreachable
[gazebo-1] Exception sending a multicast message:Network is unreachable
[gazebo-1] Exception sending a multicast message:Network is unreachable
[gazebo-1] Exception sending a multicast message:Network is unreachable
[gazebo-1] Exception sending a multicast message:Network is unreachable
[gazebo-1] Exception sending a multicast message:Network is unreachable
[gazebo-1] Exception sending a multicast message:Network is unreachable
[gazebo-1] Exception sending a multicast message:Network is unreachable
[gazebo-1] Exception sending a multicast message:Network is unreachable
[gazebo-1] Exception sending a multicast message:Network is unreachable
[gazebo-1] Exception sending a multicast message:Network is unreachable
[parameter_bridge-14] Exception sending a multicast message:Network is unreachable
[parameter_bridge-14] Exception sending a multicast message:Network is unreachable
[parameter_bridge-14] Exception sending a multicast message:Network is unreachable
[rh_node-34] [INFO] [1789372641.934866759] [amr_4.rh_node]: [amr_4] Pruned expired reservations for peers: ['amr_0']
[gazebo-1] Exception sending a multicast message:Network is unreachable
[gazebo-1] Exception sending a multicast message:Network is unreachable
[gazebo-1] Exception sending a multicast message:Network is unreachable
[gazebo-1] Exception sending a multicast message:Network is unreachable
[gazebo-1] Exception sending a multicast message:Network is unreachable
[gazebo-1] Exception sending a multicast message:Network is unreachable
[gazebo-1] Exception sending a multicast message:Network is unreachable
[gazebo-1] Exception sending a multicast message:Network is unreachable
[gazebo-1] Exception sending a multicast message:Network is unreachable
[gazebo-1] Exception sending a multicast message:Network is unreachable
[gazebo-1] Exception sending a multicast message:Network is unreachable
[gazebo-1] Exception sending a multicast message:Network is unreachable
[gazebo-1] Exception sending a multicast message:Network is unreachable
[gazebo-1] Exception sending a multicast message:Network is unreachable
[gazebo-1] Exception sending a multicast message:Network is unreachable
[gazebo-1] Exception sending a multicast message:Network is unreachable
[gazebo-1] Exception sending a multicast message:Network is unreachable
[gazebo-1] Exception sending a multicast message:Network is unreachable
[gazebo-1] Exception sending a multicast message:Network is unreachable
[gazebo-1] Exception sending a multicast message:Network is unreachable
[gazebo-1] Exception sending a multicast message:Network is unreachable
[gazebo-1] Exception sending a multicast message:Network is unreachable
[gazebo-1] Exception sending a multicast message:Network is unreachable
[gazebo-1] Exception sending a multicast message:Network is unreachable
[gazebo-1] Exception sending a multicast message:Network is unreachable
[gazebo-1] Exception sending a multicast message:Network is unreachable
[gazebo-1] Exception sending a multicast message:Network is unreachable
[gazebo-1] Exception sending a multicast message:Network is unreachable
[gazebo-1] Exception sending a multicast message:Network is unreachable
[gazebo-1] Exception sending a multicast message:Network is unreachable
[gazebo-1] Exception sending a multicast message:Network is unreachable
[gazebo-1] Exception sending a multicast message:Network is unreachable
[gazebo-1] Exception sending a multicast message:Network is unreachable
[gazebo-1] Exception sending a multicast message:Network is unreachable
[gazebo-1] Exception sending a multicast message:Network is unreachable
[gazebo-1] Exception sending a multicast message:Network is unreachable
[gazebo-1] Exception sending a multicast message:Network is unreachable
[gazebo-1] Exception sending a multicast message:Network is unreachable
[gazebo-1] Exception sending a multicast message:Network is unreachable
[gazebo-1] Exception sending a multicast message:Network is unreachable
[gazebo-1] Exception sending a multicast message:Network is unreachable
[gazebo-1] Exception sending a multicast message:Network is unreachable
[gazebo-1] Exception sending a multicast message:Network is unreachable
[gazebo-1] Exception sending a multicast message:Network is unreachable
[gazebo-1] Exception sending a multicast message:Network is unreachable
[gazebo-1] Exception sending a multicast message:Network is unreachable
[gazebo-1] Exception sending a multicast message:Network is unreachable
[gazebo-1] Exception sending a multicast message:Network is unreachable
[gazebo-1] Exception sending a multicast message:Network is unreachable
[gazebo-1] Exception sending a multicast message:Network is unreachable
[gazebo-1] Exception sending a multicast message:Network is unreachable
[gazebo-1] Exception sending a multicast message:Network is unreachable
[gazebo-1] Exception sending a multicast message:Network is unreachable
[gazebo-1] Exception sending a multicast message:Network is unreachable
[parameter_bridge-22] Exception sending a multicast message:Network is unreachable
[parameter_bridge-22] Exception sending a multicast message:Network is unreachable
[parameter_bridge-22] Exception sending a multicast message:Network is unreachable
[rh_node-33] [INFO] [1789372641.985322888] [amr_3.rh_node]: [amr_3] Pruned expired reservations for peers: ['amr_0']
[rh_node-32] [INFO] [1789372641.988414068] [amr_2.rh_node]: [amr_2] Pruned expired reservations for peers: ['amr_0']
[parameter_bridge-6] Exception sending a multicast message:Network is unreachable
[parameter_bridge-6] Exception sending a multicast message:Network is unreachable
[parameter_bridge-6] Exception sending a multicast message:Network is unreachable
[rh_node-31] [INFO] [1789372642.296183772] [amr_1.rh_node]: [amr_1] Pruned expired reservations for peers: ['amr_0']
[rh_node-34] [INFO] [1789372642.435380085] [amr_4.rh_node]: [amr_4] Pruned expired reservations for peers: ['amr_0']
[rh_node-33] [INFO] [1789372642.483652212] [amr_3.rh_node]: [amr_3] Pruned expired reservations for peers: ['amr_0']
[rh_node-32] [INFO] [1789372642.489992697] [amr_2.rh_node]: [amr_2] Pruned expired reservations for peers: ['amr_0']
[parameter_bridge-10] Exception sending a multicast message:Network is unreachable
[parameter_bridge-10] Exception sending a multicast message:Network is unreachable
[parameter_bridge-10] Exception sending a multicast message:Network is unreachable
[parameter_bridge-18] Exception sending a multicast message:Network is unreachable
[parameter_bridge-18] Exception sending a multicast message:Network is unreachable
[parameter_bridge-18] Exception sending a multicast message:Network is unreachable
[rh_node-31] [INFO] [1789372642.796139966] [amr_1.rh_node]: [amr_1] Pruned expired reservations for peers: ['amr_0']
[parameter_bridge-2] Exception sending a multicast message:Network is unreachable
[parameter_bridge-2] Exception sending a multicast message:Network is unreachable
[gazebo-1] Exception sending a multicast message:Network is unreachable
[gazebo-1] Exception sending a multicast message:Network is unreachable
[gazebo-1] Exception sending a multicast message:Network is unreachable
[gazebo-1] Exception sending a multicast message:Network is unreachable
[gazebo-1] Exception sending a multicast message:Network is unreachable
[gazebo-1] Exception sending a multicast message:Network is unreachable
[gazebo-1] Exception sending a multicast message:Network is unreachable
[gazebo-1] Exception sending a multicast message:Network is unreachable
[gazebo-1] Exception sending a multicast message:Network is unreachable
[gazebo-1] Exception sending a multicast message:Network is unreachable
[gazebo-1] Exception sending a multicast message:Network is unreachable
[gazebo-1] Exception sending a multicast message:Network is unreachable
[gazebo-1] Exception sending a multicast message:Network is unreachable
[gazebo-1] Exception sending a multicast message:Network is unreachable
[gazebo-1] Exception sending a multicast message:Network is unreachable
[gazebo-1] Exception sending a multicast message:Network is unreachable
[gazebo-1] Exception sending a multicast message:Network is unreachable
[gazebo-1] Exception sending a multicast message:Network is unreachable
[gazebo-1] Exception sending a multicast message:Network is unreachable
[gazebo-1] Exception sending a multicast message:Network is unreachable
[gazebo-1] Exception sending a multicast message:Network is unreachable
[gazebo-1] Exception sending a multicast message:Network is unreachable
[gazebo-1] Exception sending a multicast message:Network is unreachable
[gazebo-1] Exception sending a multicast message:Network is unreachable
[gazebo-1] Exception sending a multicast message:Network is unreachable
[gazebo-1] Exception sending a multicast message:Network is unreachable
[gazebo-1] Exception sending a multicast message:Network is unreachable
[gazebo-1] Exception sending a multicast message:Network is unreachable
[gazebo-1] Exception sending a multicast message:Network is unreachable
[gazebo-1] Exception sending a multicast message:Network is unreachable
[gazebo-1] Exception sending a multicast message:Network is unreachable
[gazebo-1] Exception sending a multicast message:Network is unreachable
[gazebo-1] Exception sending a multicast message:Network is unreachable
[gazebo-1] Exception sending a multicast message:Network is unreachable
[gazebo-1] Exception sending a multicast message:Network is unreachable
[gazebo-1] Exception sending a multicast message:Network is unreachable
[gazebo-1] Exception sending a multicast message:Network is unreachable
[parameter_bridge-14] Exception sending a multicast message:Network is unreachable
[parameter_bridge-14] Exception sending a multicast message:Network is unreachable
[parameter_bridge-14] Exception sending a multicast message:Network is unreachable
[rh_node-34] [INFO] [1789372642.934975056] [amr_4.rh_node]: [amr_4] Pruned expired reservations for peers: ['amr_0']
[gazebo-1] Exception sending a multicast message:Network is unreachable
[gazebo-1] Exception sending a multicast message:Network is unreachable
[gazebo-1] Exception sending a multicast message:Network is unreachable
[gazebo-1] Exception sending a multicast message:Network is unreachable
[gazebo-1] Exception sending a multicast message:Network is unreachable
[gazebo-1] Exception sending a multicast message:Network is unreachable
[gazebo-1] Exception sending a multicast message:Network is unreachable
[gazebo-1] Exception sending a multicast message:Network is unreachable
[gazebo-1] Exception sending a multicast message:Network is unreachable
[gazebo-1] Exception sending a multicast message:Network is unreachable
[gazebo-1] Exception sending a multicast message:Network is unreachable
[gazebo-1] Exception sending a multicast message:Network is unreachable
[gazebo-1] Exception sending a multicast message:Network is unreachable
[gazebo-1] Exception sending a multicast message:Network is unreachable
[gazebo-1] Exception sending a multicast message:Network is unreachable
[gazebo-1] Exception sending a multicast message:Network is unreachable
[gazebo-1] Exception sending a multicast message:Network is unreachable
[gazebo-1] Exception sending a multicast message:Network is unreachable
[gazebo-1] Exception sending a multicast message:Network is unreachable
[gazebo-1] Exception sending a multicast message:Network is unreachable
[gazebo-1] Exception sending a multicast message:Network is unreachable
[gazebo-1] Exception sending a multicast message:Network is unreachable
[gazebo-1] Exception sending a multicast message:Network is unreachable
[gazebo-1] Exception sending a multicast message:Network is unreachable
[gazebo-1] Exception sending a multicast message:Network is unreachable
[gazebo-1] Exception sending a multicast message:Network is unreachable
[gazebo-1] Exception sending a multicast message:Network is unreachable
[gazebo-1] Exception sending a multicast message:Network is unreachable
[gazebo-1] Exception sending a multicast message:Network is unreachable
[gazebo-1] Exception sending a multicast message:Network is unreachable
[gazebo-1] Exception sending a multicast message:Network is unreachable
[gazebo-1] Exception sending a multicast message:Network is unreachable
[gazebo-1] Exception sending a multicast message:Network is unreachable
[gazebo-1] Exception sending a multicast message:Network is unreachable
[gazebo-1] Exception sending a multicast message:Network is unreachable
[gazebo-1] Exception sending a multicast message:Network is unreachable
[gazebo-1] Exception sending a multicast message:Network is unreachable
[gazebo-1] Exception sending a multicast message:Network is unreachable
[gazebo-1] Exception sending a multicast message:Network is unreachable
[gazebo-1] Exception sending a multicast message:Network is unreachable
[gazebo-1] Exception sending a multicast message:Network is unreachable
[gazebo-1] Exception sending a multicast message:Network is unreachable
[gazebo-1] Exception sending a multicast message:Network is unreachable
[gazebo-1] Exception sending a multicast message:Network is unreachable
[gazebo-1] Exception sending a multicast message:Network is unreachable
[gazebo-1] Exception sending a multicast message:Network is unreachable
[gazebo-1] Exception sending a multicast message:Network is unreachable
[gazebo-1] Exception sending a multicast message:Network is unreachable
[gazebo-1] Exception sending a multicast message:Network is unreachable
[gazebo-1] Exception sending a multicast message:Network is unreachable
[gazebo-1] Exception sending a multicast message:Network is unreachable
[gazebo-1] Exception sending a multicast message:Network is unreachable
[gazebo-1] Exception sending a multicast message:Network is unreachable
[gazebo-1] Exception sending a multicast message:Network is unreachable
[parameter_bridge-22] Exception sending a multicast message:Network is unreachable
[parameter_bridge-22] Exception sending a multicast message:Network is unreachable
[parameter_bridge-22] Exception sending a multicast message:Network is unreachable
[rh_node-33] [INFO] [1789372642.984618338] [amr_3.rh_node]: [amr_3] Pruned expired reservations for peers: ['amr_0']
[rh_node-32] [INFO] [1789372642.990094941] [amr_2.rh_node]: [amr_2] Pruned expired reservations for peers: ['amr_0']
[parameter_bridge-6] Exception sending a multicast message:Network is unreachable
[parameter_bridge-6] Exception sending a multicast message:Network is unreachable
[parameter_bridge-6] Exception sending a multicast message:Network is unreachable
[rh_node-31] [INFO] [1789372643.295962489] [amr_1.rh_node]: [amr_1] Pruned expired reservations for peers: ['amr_0']
[rh_node-34] [INFO] [1789372643.434785408] [amr_4.rh_node]: [amr_4] Pruned expired reservations for peers: ['amr_0']
[rh_node-33] [INFO] [1789372643.485009888] [amr_3.rh_node]: [amr_3] Pruned expired reservations for peers: ['amr_0']
[rh_node-32] [INFO] [1789372643.489776597] [amr_2.rh_node]: [amr_2] Pruned expired reservations for peers: ['amr_0']
[parameter_bridge-10] Exception sending a multicast message:Network is unreachable
[parameter_bridge-10] Exception sending a multicast message:Network is unreachable
[parameter_bridge-10] Exception sending a multicast message:Network is unreachable
[parameter_bridge-18] Exception sending a multicast message:Network is unreachable
[parameter_bridge-18] Exception sending a multicast message:Network is unreachable
[parameter_bridge-18] Exception sending a multicast message:Network is unreachable
[rh_node-31] [INFO] [1789372643.795642136] [amr_1.rh_node]: [amr_1] Pruned expired reservations for peers: ['amr_0']
[parameter_bridge-2] Exception sending a multicast message:Network is unreachable
[parameter_bridge-2] Exception sending a multicast message:Network is unreachable
[gazebo-1] Exception sending a multicast message:Network is unreachable
[gazebo-1] Exception sending a multicast message:Network is unreachable
[gazebo-1] Exception sending a multicast message:Network is unreachable
[gazebo-1] Exception sending a multicast message:Network is unreachable
[gazebo-1] Exception sending a multicast message:Network is unreachable
[gazebo-1] Exception sending a multicast message:Network is unreachable
[gazebo-1] Exception sending a multicast message:Network is unreachable
[gazebo-1] Exception sending a multicast message:Network is unreachable
[gazebo-1] Exception sending a multicast message:Network is unreachable
[gazebo-1] Exception sending a multicast message:Network is unreachable
[gazebo-1] Exception sending a multicast message:Network is unreachable
[gazebo-1] Exception sending a multicast message:Network is unreachable
[gazebo-1] Exception sending a multicast message:Network is unreachable
[gazebo-1] Exception sending a multicast message:Network is unreachable
[gazebo-1] Exception sending a multicast message:Network is unreachable
[gazebo-1] Exception sending a multicast message:Network is unreachable
[gazebo-1] Exception sending a multicast message:Network is unreachable
[gazebo-1] Exception sending a multicast message:Network is unreachable
[gazebo-1] Exception sending a multicast message:Network is unreachable
[gazebo-1] Exception sending a multicast message:Network is unreachable
[gazebo-1] Exception sending a multicast message:Network is unreachable
[gazebo-1] Exception sending a multicast message:Network is unreachable
[gazebo-1] Exception sending a multicast message:Network is unreachable
[gazebo-1] Exception sending a multicast message:Network is unreachable
[gazebo-1] Exception sending a multicast message:Network is unreachable
[gazebo-1] Exception sending a multicast message:Network is unreachable
[gazebo-1] Exception sending a multicast message:Network is unreachable
[gazebo-1] Exception sending a multicast message:Network is unreachable
[gazebo-1] Exception sending a multicast message:Network is unreachable
[gazebo-1] Exception sending a multicast message:Network is unreachable
[gazebo-1] Exception sending a multicast message:Network is unreachable
[gazebo-1] Exception sending a multicast message:Network is unreachable
[gazebo-1] Exception sending a multicast message:Network is unreachable
[gazebo-1] Exception sending a multicast message:Network is unreachable
[gazebo-1] Exception sending a multicast message:Network is unreachable
[gazebo-1] Exception sending a multicast message:Network is unreachable
[gazebo-1] Exception sending a multicast message:Network is unreachable
[parameter_bridge-14] Exception sending a multicast message:Network is unreachable
[parameter_bridge-14] Exception sending a multicast message:Network is unreachable
[parameter_bridge-14] Exception sending a multicast message:Network is unreachable
[rh_node-34] [INFO] [1789372643.935277944] [amr_4.rh_node]: [amr_4] Pruned expired reservations for peers: ['amr_0']
[gazebo-1] Exception sending a multicast message:Network is unreachable
[gazebo-1] Exception sending a multicast message:Network is unreachable
[gazebo-1] Exception sending a multicast message:Network is unreachable
[gazebo-1] Exception sending a multicast message:Network is unreachable
[gazebo-1] Exception sending a multicast message:Network is unreachable
[gazebo-1] Exception sending a multicast message:Network is unreachable
[gazebo-1] Exception sending a multicast message:Network is unreachable
[gazebo-1] Exception sending a multicast message:Network is unreachable
[gazebo-1] Exception sending a multicast message:Network is unreachable
[gazebo-1] Exception sending a multicast message:Network is unreachable
[gazebo-1] Exception sending a multicast message:Network is unreachable
[gazebo-1] Exception sending a multicast message:Network is unreachable
[gazebo-1] Exception sending a multicast message:Network is unreachable
[gazebo-1] Exception sending a multicast message:Network is unreachable
[gazebo-1] Exception sending a multicast message:Network is unreachable
[gazebo-1] Exception sending a multicast message:Network is unreachable
[gazebo-1] Exception sending a multicast message:Network is unreachable
[gazebo-1] Exception sending a multicast message:Network is unreachable
[gazebo-1] Exception sending a multicast message:Network is unreachable
[gazebo-1] Exception sending a multicast message:Network is unreachable
[gazebo-1] Exception sending a multicast message:Network is unreachable
[gazebo-1] Exception sending a multicast message:Network is unreachable
[gazebo-1] Exception sending a multicast message:Network is unreachable
[gazebo-1] Exception sending a multicast message:Network is unreachable
[gazebo-1] Exception sending a multicast message:Network is unreachable
[gazebo-1] Exception sending a multicast message:Network is unreachable
[gazebo-1] Exception sending a multicast message:Network is unreachable
[gazebo-1] Exception sending a multicast message:Network is unreachable
[gazebo-1] Exception sending a multicast message:Network is unreachable
[gazebo-1] Exception sending a multicast message:Network is unreachable
[gazebo-1] Exception sending a multicast message:Network is unreachable
[gazebo-1] Exception sending a multicast message:Network is unreachable
[gazebo-1] Exception sending a multicast message:Network is unreachable
[gazebo-1] Exception sending a multicast message:Network is unreachable
[gazebo-1] Exception sending a multicast message:Network is unreachable
[gazebo-1] Exception sending a multicast message:Network is unreachable
[gazebo-1] Exception sending a multicast message:Network is unreachable
[gazebo-1] Exception sending a multicast message:Network is unreachable
[gazebo-1] Exception sending a multicast message:Network is unreachable
[gazebo-1] Exception sending a multicast message:Network is unreachable
[gazebo-1] Exception sending a multicast message:Network is unreachable
[gazebo-1] Exception sending a multicast message:Network is unreachable
[gazebo-1] Exception sending a multicast message:Network is unreachable
[gazebo-1] Exception sending a multicast message:Network is unreachable
[gazebo-1] Exception sending a multicast message:Network is unreachable
[gazebo-1] Exception sending a multicast message:Network is unreachable
[gazebo-1] Exception sending a multicast message:Network is unreachable
[gazebo-1] Exception sending a multicast message:Network is unreachable
[gazebo-1] Exception sending a multicast message:Network is unreachable
[gazebo-1] Exception sending a multicast message:Network is unreachable
[gazebo-1] Exception sending a multicast message:Network is unreachable
[gazebo-1] Exception sending a multicast message:Network is unreachable
[gazebo-1] Exception sending a multicast message:Network is unreachable
[gazebo-1] Exception sending a multicast message:Network is unreachable
[parameter_bridge-22] Exception sending a multicast message:Network is unreachable
[parameter_bridge-22] Exception sending a multicast message:Network is unreachable
[parameter_bridge-22] Exception sending a multicast message:Network is unreachable
[rh_node-33] [INFO] [1789372643.984285859] [amr_3.rh_node]: [amr_3] Pruned expired reservations for peers: ['amr_0']
[rh_node-32] [INFO] [1789372643.989246028] [amr_2.rh_node]: [amr_2] Pruned expired reservations for peers: ['amr_0']
[parameter_bridge-6] Exception sending a multicast message:Network is unreachable
[parameter_bridge-6] Exception sending a multicast message:Network is unreachable
[parameter_bridge-6] Exception sending a multicast message:Network is unreachable
[rh_node-31] [INFO] [1789372644.295533327] [amr_1.rh_node]: [amr_1] Pruned expired reservations for peers: ['amr_0']
[rh_node-34] [INFO] [1789372644.434764398] [amr_4.rh_node]: [amr_4] Pruned expired reservations for peers: ['amr_0']
[rh_node-33] [INFO] [1789372644.485091320] [amr_3.rh_node]: [amr_3] Pruned expired reservations for peers: ['amr_0']
[rh_node-32] [INFO] [1789372644.488605049] [amr_2.rh_node]: [amr_2] Pruned expired reservations for peers: ['amr_0']
[parameter_bridge-10] Exception sending a multicast message:Network is unreachable
[parameter_bridge-10] Exception sending a multicast message:Network is unreachable
[parameter_bridge-10] Exception sending a multicast message:Network is unreachable
[parameter_bridge-18] Exception sending a multicast message:Network is unreachable
[parameter_bridge-18] Exception sending a multicast message:Network is unreachable
[parameter_bridge-18] Exception sending a multicast message:Network is unreachable
[rh_node-31] [INFO] [1789372644.795744833] [amr_1.rh_node]: [amr_1] Pruned expired reservations for peers: ['amr_0']
[parameter_bridge-2] Exception sending a multicast message:Network is unreachable
[parameter_bridge-2] Exception sending a multicast message:Network is unreachable
[gazebo-1] Exception sending a multicast message:Network is unreachable
[gazebo-1] Exception sending a multicast message:Network is unreachable
[gazebo-1] Exception sending a multicast message:Network is unreachable
[gazebo-1] Exception sending a multicast message:Network is unreachable
[gazebo-1] Exception sending a multicast message:Network is unreachable
[gazebo-1] Exception sending a multicast message:Network is unreachable
[gazebo-1] Exception sending a multicast message:Network is unreachable
[gazebo-1] Exception sending a multicast message:Network is unreachable
[gazebo-1] Exception sending a multicast message:Network is unreachable
[gazebo-1] Exception sending a multicast message:Network is unreachable
[gazebo-1] Exception sending a multicast message:Network is unreachable
[gazebo-1] Exception sending a multicast message:Network is unreachable
[gazebo-1] Exception sending a multicast message:Network is unreachable
[gazebo-1] Exception sending a multicast message:Network is unreachable
[gazebo-1] Exception sending a multicast message:Network is unreachable
[gazebo-1] Exception sending a multicast message:Network is unreachable
[gazebo-1] Exception sending a multicast message:Network is unreachable
[gazebo-1] Exception sending a multicast message:Network is unreachable
[gazebo-1] Exception sending a multicast message:Network is unreachable
[gazebo-1] Exception sending a multicast message:Network is unreachable
[gazebo-1] Exception sending a multicast message:Network is unreachable
[gazebo-1] Exception sending a multicast message:Network is unreachable
[gazebo-1] Exception sending a multicast message:Network is unreachable
[gazebo-1] Exception sending a multicast message:Network is unreachable
[gazebo-1] Exception sending a multicast message:Network is unreachable
[gazebo-1] Exception sending a multicast message:Network is unreachable
[gazebo-1] Exception sending a multicast message:Network is unreachable
[gazebo-1] Exception sending a multicast message:Network is unreachable
[gazebo-1] Exception sending a multicast message:Network is unreachable
[gazebo-1] Exception sending a multicast message:Network is unreachable
[gazebo-1] Exception sending a multicast message:Network is unreachable
[gazebo-1] Exception sending a multicast message:Network is unreachable
[gazebo-1] Exception sending a multicast message:Network is unreachable
[gazebo-1] Exception sending a multicast message:Network is unreachable
[gazebo-1] Exception sending a multicast message:Network is unreachable
[gazebo-1] Exception sending a multicast message:Network is unreachable
[gazebo-1] Exception sending a multicast message:Network is unreachable
[parameter_bridge-14] Exception sending a multicast message:Network is unreachable
[parameter_bridge-14] Exception sending a multicast message:Network is unreachable
[parameter_bridge-14] Exception sending a multicast message:Network is unreachable
[rh_node-34] [INFO] [1789372644.935369447] [amr_4.rh_node]: [amr_4] Pruned expired reservations for peers: ['amr_0']
[gazebo-1] Exception sending a multicast message:Network is unreachable
[gazebo-1] Exception sending a multicast message:Network is unreachable
[gazebo-1] Exception sending a multicast message:Network is unreachable
[gazebo-1] Exception sending a multicast message:Network is unreachable
[gazebo-1] Exception sending a multicast message:Network is unreachable
[gazebo-1] Exception sending a multicast message:Network is unreachable
[gazebo-1] Exception sending a multicast message:Network is unreachable
[gazebo-1] Exception sending a multicast message:Network is unreachable
[gazebo-1] Exception sending a multicast message:Network is unreachable
[gazebo-1] Exception sending a multicast message:Network is unreachable
[gazebo-1] Exception sending a multicast message:Network is unreachable
[gazebo-1] Exception sending a multicast message:Network is unreachable
[gazebo-1] Exception sending a multicast message:Network is unreachable
[gazebo-1] Exception sending a multicast message:Network is unreachable
[gazebo-1] Exception sending a multicast message:Network is unreachable
[gazebo-1] Exception sending a multicast message:Network is unreachable
[gazebo-1] Exception sending a multicast message:Network is unreachable
[gazebo-1] Exception sending a multicast message:Network is unreachable
[gazebo-1] Exception sending a multicast message:Network is unreachable
[gazebo-1] Exception sending a multicast message:Network is unreachable
[gazebo-1] Exception sending a multicast message:Network is unreachable
[gazebo-1] Exception sending a multicast message:Network is unreachable
[gazebo-1] Exception sending a multicast message:Network is unreachable
[gazebo-1] Exception sending a multicast message:Network is unreachable
[gazebo-1] Exception sending a multicast message:Network is unreachable
[gazebo-1] Exception sending a multicast message:Network is unreachable
[gazebo-1] Exception sending a multicast message:Network is unreachable
[gazebo-1] Exception sending a multicast message:Network is unreachable
[gazebo-1] Exception sending a multicast message:Network is unreachable
[gazebo-1] Exception sending a multicast message:Network is unreachable
[gazebo-1] Exception sending a multicast message:Network is unreachable
[gazebo-1] Exception sending a multicast message:Network is unreachable
[gazebo-1] Exception sending a multicast message:Network is unreachable
[gazebo-1] Exception sending a multicast message:Network is unreachable
[gazebo-1] Exception sending a multicast message:Network is unreachable
[gazebo-1] Exception sending a multicast message:Network is unreachable
[gazebo-1] Exception sending a multicast message:Network is unreachable
[gazebo-1] Exception sending a multicast message:Network is unreachable
[gazebo-1] Exception sending a multicast message:Network is unreachable
[gazebo-1] Exception sending a multicast message:Network is unreachable
[gazebo-1] Exception sending a multicast message:Network is unreachable
[gazebo-1] Exception sending a multicast message:Network is unreachable
[gazebo-1] Exception sending a multicast message:Network is unreachable
[gazebo-1] Exception sending a multicast message:Network is unreachable
[gazebo-1] Exception sending a multicast message:Network is unreachable
[gazebo-1] Exception sending a multicast message:Network is unreachable
[gazebo-1] Exception sending a multicast message:Network is unreachable
[gazebo-1] Exception sending a multicast message:Network is unreachable
[gazebo-1] Exception sending a multicast message:Network is unreachable
[gazebo-1] Exception sending a multicast message:Network is unreachable
[gazebo-1] Exception sending a multicast message:Network is unreachable
[gazebo-1] Exception sending a multicast message:Network is unreachable
[gazebo-1] Exception sending a multicast message:Network is unreachable
[gazebo-1] Exception sending a multicast message:Network is unreachable
[parameter_bridge-22] Exception sending a multicast message:Network is unreachable
[parameter_bridge-22] Exception sending a multicast message:Network is unreachable
[parameter_bridge-22] Exception sending a multicast message:Network is unreachable
[rh_node-33] [INFO] [1789372644.985152614] [amr_3.rh_node]: [amr_3] Pruned expired reservations for peers: ['amr_0']
[rh_node-32] [INFO] [1789372644.988257658] [amr_2.rh_node]: [amr_2] Pruned expired reservations for peers: ['amr_0']
[parameter_bridge-6] Exception sending a multicast message:Network is unreachable
[parameter_bridge-6] Exception sending a multicast message:Network is unreachable
[parameter_bridge-6] Exception sending a multicast message:Network is unreachable
[rh_node-31] [INFO] [1789372645.298070231] [amr_1.rh_node]: [amr_1] Pruned expired reservations for peers: ['amr_0']
[rh_node-34] [INFO] [1789372645.434812443] [amr_4.rh_node]: [amr_4] Pruned expired reservations for peers: ['amr_0']
[rh_node-33] [INFO] [1789372645.484255734] [amr_3.rh_node]: [amr_3] Pruned expired reservations for peers: ['amr_0']
[rh_node-32] [INFO] [1789372645.488314677] [amr_2.rh_node]: [amr_2] Pruned expired reservations for peers: ['amr_0']
[parameter_bridge-10] Exception sending a multicast message:Network is unreachable
[parameter_bridge-10] Exception sending a multicast message:Network is unreachable
[parameter_bridge-10] Exception sending a multicast message:Network is unreachable
[parameter_bridge-18] Exception sending a multicast message:Network is unreachable
[parameter_bridge-18] Exception sending a multicast message:Network is unreachable
[parameter_bridge-18] Exception sending a multicast message:Network is unreachable
[rh_node-31] [INFO] [1789372645.796298335] [amr_1.rh_node]: [amr_1] Pruned expired reservations for peers: ['amr_0']
[parameter_bridge-2] Exception sending a multicast message:Network is unreachable
[parameter_bridge-2] Exception sending a multicast message:Network is unreachable
[gazebo-1] Exception sending a multicast message:Network is unreachable
[gazebo-1] Exception sending a multicast message:Network is unreachable
[gazebo-1] Exception sending a multicast message:Network is unreachable
[gazebo-1] Exception sending a multicast message:Network is unreachable
[gazebo-1] Exception sending a multicast message:Network is unreachable
[gazebo-1] Exception sending a multicast message:Network is unreachable
[gazebo-1] Exception sending a multicast message:Network is unreachable
[gazebo-1] Exception sending a multicast message:Network is unreachable
[gazebo-1] Exception sending a multicast message:Network is unreachable
[gazebo-1] Exception sending a multicast message:Network is unreachable
[gazebo-1] Exception sending a multicast message:Network is unreachable
[gazebo-1] Exception sending a multicast message:Network is unreachable
[gazebo-1] Exception sending a multicast message:Network is unreachable
[gazebo-1] Exception sending a multicast message:Network is unreachable
[gazebo-1] Exception sending a multicast message:Network is unreachable
[gazebo-1] Exception sending a multicast message:Network is unreachable
[gazebo-1] Exception sending a multicast message:Network is unreachable
[gazebo-1] Exception sending a multicast message:Network is unreachable
[gazebo-1] Exception sending a multicast message:Network is unreachable
[gazebo-1] Exception sending a multicast message:Network is unreachable
[gazebo-1] Exception sending a multicast message:Network is unreachable
[gazebo-1] Exception sending a multicast message:Network is unreachable
[gazebo-1] Exception sending a multicast message:Network is unreachable
[gazebo-1] Exception sending a multicast message:Network is unreachable
[gazebo-1] Exception sending a multicast message:Network is unreachable
[gazebo-1] Exception sending a multicast message:Network is unreachable
[gazebo-1] Exception sending a multicast message:Network is unreachable
[gazebo-1] Exception sending a multicast message:Network is unreachable
[gazebo-1] Exception sending a multicast message:Network is unreachable
[gazebo-1] Exception sending a multicast message:Network is unreachable
[gazebo-1] Exception sending a multicast message:Network is unreachable
[gazebo-1] Exception sending a multicast message:Network is unreachable
[gazebo-1] Exception sending a multicast message:Network is unreachable
[gazebo-1] Exception sending a multicast message:Network is unreachable
[gazebo-1] Exception sending a multicast message:Network is unreachable
[gazebo-1] Exception sending a multicast message:Network is unreachable
[gazebo-1] Exception sending a multicast message:Network is unreachable
[parameter_bridge-14] Exception sending a multicast message:Network is unreachable
[parameter_bridge-14] Exception sending a multicast message:Network is unreachable
[parameter_bridge-14] Exception sending a multicast message:Network is unreachable
[rh_node-34] [INFO] [1789372645.935406197] [amr_4.rh_node]: [amr_4] Pruned expired reservations for peers: ['amr_0']
[gazebo-1] Exception sending a multicast message:Network is unreachable
[gazebo-1] Exception sending a multicast message:Network is unreachable
[gazebo-1] Exception sending a multicast message:Network is unreachable
[gazebo-1] Exception sending a multicast message:Network is unreachable
[gazebo-1] Exception sending a multicast message:Network is unreachable
[gazebo-1] Exception sending a multicast message:Network is unreachable
[gazebo-1] Exception sending a multicast message:Network is unreachable
[gazebo-1] Exception sending a multicast message:Network is unreachable
[gazebo-1] Exception sending a multicast message:Network is unreachable
[gazebo-1] Exception sending a multicast message:Network is unreachable
[gazebo-1] Exception sending a multicast message:Network is unreachable
[gazebo-1] Exception sending a multicast message:Network is unreachable
[gazebo-1] Exception sending a multicast message:Network is unreachable
[gazebo-1] Exception sending a multicast message:Network is unreachable
[gazebo-1] Exception sending a multicast message:Network is unreachable
[gazebo-1] Exception sending a multicast message:Network is unreachable
[gazebo-1] Exception sending a multicast message:Network is unreachable
[gazebo-1] Exception sending a multicast message:Network is unreachable
[gazebo-1] Exception sending a multicast message:Network is unreachable
[gazebo-1] Exception sending a multicast message:Network is unreachable
[gazebo-1] Exception sending a multicast message:Network is unreachable
[gazebo-1] Exception sending a multicast message:Network is unreachable
[gazebo-1] Exception sending a multicast message:Network is unreachable
[gazebo-1] Exception sending a multicast message:Network is unreachable
[gazebo-1] Exception sending a multicast message:Network is unreachable
[gazebo-1] Exception sending a multicast message:Network is unreachable
[gazebo-1] Exception sending a multicast message:Network is unreachable
[gazebo-1] Exception sending a multicast message:Network is unreachable
[gazebo-1] Exception sending a multicast message:Network is unreachable
[gazebo-1] Exception sending a multicast message:Network is unreachable
[gazebo-1] Exception sending a multicast message:Network is unreachable
[gazebo-1] Exception sending a multicast message:Network is unreachable
[gazebo-1] Exception sending a multicast message:Network is unreachable
[gazebo-1] Exception sending a multicast message:Network is unreachable
[gazebo-1] Exception sending a multicast message:Network is unreachable
[gazebo-1] Exception sending a multicast message:Network is unreachable
[gazebo-1] Exception sending a multicast message:Network is unreachable
[gazebo-1] Exception sending a multicast message:Network is unreachable
[gazebo-1] Exception sending a multicast message:Network is unreachable
[gazebo-1] Exception sending a multicast message:Network is unreachable
[gazebo-1] Exception sending a multicast message:Network is unreachable
[gazebo-1] Exception sending a multicast message:Network is unreachable
[gazebo-1] Exception sending a multicast message:Network is unreachable
[gazebo-1] Exception sending a multicast message:Network is unreachable
[gazebo-1] Exception sending a multicast message:Network is unreachable
[gazebo-1] Exception sending a multicast message:Network is unreachable
[gazebo-1] Exception sending a multicast message:Network is unreachable
[gazebo-1] Exception sending a multicast message:Network is unreachable
[gazebo-1] Exception sending a multicast message:Network is unreachable
[gazebo-1] Exception sending a multicast message:Network is unreachable
[gazebo-1] Exception sending a multicast message:Network is unreachable
[gazebo-1] Exception sending a multicast message:Network is unreachable
[gazebo-1] Exception sending a multicast message:Network is unreachable
[gazebo-1] Exception sending a multicast message:Network is unreachable
[parameter_bridge-22] Exception sending a multicast message:Network is unreachable
[parameter_bridge-22] Exception sending a multicast message:Network is unreachable
[parameter_bridge-22] Exception sending a multicast message:Network is unreachable
[rh_node-33] [INFO] [1789372645.984538977] [amr_3.rh_node]: [amr_3] Pruned expired reservations for peers: ['amr_0']
[rh_node-32] [INFO] [1789372645.990442375] [amr_2.rh_node]: [amr_2] Pruned expired reservations for peers: ['amr_0']
[parameter_bridge-6] Exception sending a multicast message:Network is unreachable
[parameter_bridge-6] Exception sending a multicast message:Network is unreachable
[parameter_bridge-6] Exception sending a multicast message:Network is unreachable
[rh_node-31] [INFO] [1789372646.295556961] [amr_1.rh_node]: [amr_1] Pruned expired reservations for peers: ['amr_0']
[rh_node-34] [INFO] [1789372646.435050553] [amr_4.rh_node]: [amr_4] Pruned expired reservations for peers: ['amr_0']
[rh_node-33] [INFO] [1789372646.485173635] [amr_3.rh_node]: [amr_3] Pruned expired reservations for peers: ['amr_0']
[rh_node-32] [INFO] [1789372646.489677085] [amr_2.rh_node]: [amr_2] Pruned expired reservations for peers: ['amr_0']
[parameter_bridge-10] Exception sending a multicast message:Network is unreachable
[parameter_bridge-10] Exception sending a multicast message:Network is unreachable
[parameter_bridge-10] Exception sending a multicast message:Network is unreachable
[parameter_bridge-18] Exception sending a multicast message:Network is unreachable
[parameter_bridge-18] Exception sending a multicast message:Network is unreachable
[parameter_bridge-18] Exception sending a multicast message:Network is unreachable
[rh_node-31] [INFO] [1789372646.796978705] [amr_1.rh_node]: [amr_1] Pruned expired reservations for peers: ['amr_0']
[parameter_bridge-2] Exception sending a multicast message:Network is unreachable
[parameter_bridge-2] Exception sending a multicast message:Network is unreachable
[gazebo-1] Exception sending a multicast message:Network is unreachable
[gazebo-1] Exception sending a multicast message:Network is unreachable
[gazebo-1] Exception sending a multicast message:Network is unreachable
[gazebo-1] Exception sending a multicast message:Network is unreachable
[gazebo-1] Exception sending a multicast message:Network is unreachable
[gazebo-1] Exception sending a multicast message:Network is unreachable
[gazebo-1] Exception sending a multicast message:Network is unreachable
[gazebo-1] Exception sending a multicast message:Network is unreachable
[gazebo-1] Exception sending a multicast message:Network is unreachable
[gazebo-1] Exception sending a multicast message:Network is unreachable
[gazebo-1] Exception sending a multicast message:Network is unreachable
[gazebo-1] Exception sending a multicast message:Network is unreachable
[gazebo-1] Exception sending a multicast message:Network is unreachable
[gazebo-1] Exception sending a multicast message:Network is unreachable
[gazebo-1] Exception sending a multicast message:Network is unreachable
[gazebo-1] Exception sending a multicast message:Network is unreachable
[gazebo-1] Exception sending a multicast message:Network is unreachable
[gazebo-1] Exception sending a multicast message:Network is unreachable
[gazebo-1] Exception sending a multicast message:Network is unreachable
[gazebo-1] Exception sending a multicast message:Network is unreachable
[gazebo-1] Exception sending a multicast message:Network is unreachable
[gazebo-1] Exception sending a multicast message:Network is unreachable
[gazebo-1] Exception sending a multicast message:Network is unreachable
[gazebo-1] Exception sending a multicast message:Network is unreachable
[gazebo-1] Exception sending a multicast message:Network is unreachable
[gazebo-1] Exception sending a multicast message:Network is unreachable
[gazebo-1] Exception sending a multicast message:Network is unreachable
[gazebo-1] Exception sending a multicast message:Network is unreachable
[gazebo-1] Exception sending a multicast message:Network is unreachable
[gazebo-1] Exception sending a multicast message:Network is unreachable
[gazebo-1] Exception sending a multicast message:Network is unreachable
[gazebo-1] Exception sending a multicast message:Network is unreachable
[gazebo-1] Exception sending a multicast message:Network is unreachable
[gazebo-1] Exception sending a multicast message:Network is unreachable
[gazebo-1] Exception sending a multicast message:Network is unreachable
[gazebo-1] Exception sending a multicast message:Network is unreachable
[gazebo-1] Exception sending a multicast message:Network is unreachable
[parameter_bridge-14] Exception sending a multicast message:Network is unreachable
[parameter_bridge-14] Exception sending a multicast message:Network is unreachable
[parameter_bridge-14] Exception sending a multicast message:Network is unreachable
[rh_node-34] [INFO] [1789372646.934754416] [amr_4.rh_node]: [amr_4] Pruned expired reservations for peers: ['amr_0']
[gazebo-1] Exception sending a multicast message:Network is unreachable
[gazebo-1] Exception sending a multicast message:Network is unreachable
[gazebo-1] Exception sending a multicast message:Network is unreachable
[gazebo-1] Exception sending a multicast message:Network is unreachable
[gazebo-1] Exception sending a multicast message:Network is unreachable
[gazebo-1] Exception sending a multicast message:Network is unreachable
[gazebo-1] Exception sending a multicast message:Network is unreachable
[gazebo-1] Exception sending a multicast message:Network is unreachable
[gazebo-1] Exception sending a multicast message:Network is unreachable
[gazebo-1] Exception sending a multicast message:Network is unreachable
[gazebo-1] Exception sending a multicast message:Network is unreachable
[gazebo-1] Exception sending a multicast message:Network is unreachable
[gazebo-1] Exception sending a multicast message:Network is unreachable
[gazebo-1] Exception sending a multicast message:Network is unreachable
[gazebo-1] Exception sending a multicast message:Network is unreachable
[gazebo-1] Exception sending a multicast message:Network is unreachable
[gazebo-1] Exception sending a multicast message:Network is unreachable
[gazebo-1] Exception sending a multicast message:Network is unreachable
[gazebo-1] Exception sending a multicast message:Network is unreachable
[gazebo-1] Exception sending a multicast message:Network is unreachable
[gazebo-1] Exception sending a multicast message:Network is unreachable
[gazebo-1] Exception sending a multicast message:Network is unreachable
[gazebo-1] Exception sending a multicast message:Network is unreachable
[gazebo-1] Exception sending a multicast message:Network is unreachable
[gazebo-1] Exception sending a multicast message:Network is unreachable
[gazebo-1] Exception sending a multicast message:Network is unreachable
[gazebo-1] Exception sending a multicast message:Network is unreachable
[gazebo-1] Exception sending a multicast message:Network is unreachable
[gazebo-1] Exception sending a multicast message:Network is unreachable
[gazebo-1] Exception sending a multicast message:Network is unreachable
[gazebo-1] Exception sending a multicast message:Network is unreachable
[gazebo-1] Exception sending a multicast message:Network is unreachable
[gazebo-1] Exception sending a multicast message:Network is unreachable
[gazebo-1] Exception sending a multicast message:Network is unreachable
[gazebo-1] Exception sending a multicast message:Network is unreachable
[gazebo-1] Exception sending a multicast message:Network is unreachable
[gazebo-1] Exception sending a multicast message:Network is unreachable
[gazebo-1] Exception sending a multicast message:Network is unreachable
[gazebo-1] Exception sending a multicast message:Network is unreachable
[gazebo-1] Exception sending a multicast message:Network is unreachable
[gazebo-1] Exception sending a multicast message:Network is unreachable
[gazebo-1] Exception sending a multicast message:Network is unreachable
[gazebo-1] Exception sending a multicast message:Network is unreachable
[gazebo-1] Exception sending a multicast message:Network is unreachable
[gazebo-1] Exception sending a multicast message:Network is unreachable
[gazebo-1] Exception sending a multicast message:Network is unreachable
[gazebo-1] Exception sending a multicast message:Network is unreachable
[gazebo-1] Exception sending a multicast message:Network is unreachable
[gazebo-1] Exception sending a multicast message:Network is unreachable
[gazebo-1] Exception sending a multicast message:Network is unreachable
[gazebo-1] Exception sending a multicast message:Network is unreachable
[gazebo-1] Exception sending a multicast message:Network is unreachable
[gazebo-1] Exception sending a multicast message:Network is unreachable
[gazebo-1] Exception sending a multicast message:Network is unreachable
[parameter_bridge-22] Exception sending a multicast message:Network is unreachable
[parameter_bridge-22] Exception sending a multicast message:Network is unreachable
[parameter_bridge-22] Exception sending a multicast message:Network is unreachable
[rh_node-33] [INFO] [1789372646.985177422] [amr_3.rh_node]: [amr_3] Pruned expired reservations for peers: ['amr_0']
[rh_node-32] [INFO] [1789372646.988611743] [amr_2.rh_node]: [amr_2] Pruned expired reservations for peers: ['amr_0']
[parameter_bridge-6] Exception sending a multicast message:Network is unreachable
[parameter_bridge-6] Exception sending a multicast message:Network is unreachable
[parameter_bridge-6] Exception sending a multicast message:Network is unreachable
[rh_node-31] [INFO] [1789372647.296276650] [amr_1.rh_node]: [amr_1] Pruned expired reservations for peers: ['amr_0']
[rh_node-34] [INFO] [1789372647.435004576] [amr_4.rh_node]: [amr_4] Pruned expired reservations for peers: ['amr_0']
[rh_node-33] [INFO] [1789372647.483646074] [amr_3.rh_node]: [amr_3] Pruned expired reservations for peers: ['amr_0']
[rh_node-32] [INFO] [1789372647.488633858] [amr_2.rh_node]: [amr_2] Pruned expired reservations for peers: ['amr_0']
[parameter_bridge-10] Exception sending a multicast message:Network is unreachable
[parameter_bridge-10] Exception sending a multicast message:Network is unreachable
[parameter_bridge-10] Exception sending a multicast message:Network is unreachable
[parameter_bridge-18] Exception sending a multicast message:Network is unreachable
[parameter_bridge-18] Exception sending a multicast message:Network is unreachable
[parameter_bridge-18] Exception sending a multicast message:Network is unreachable
[rh_node-31] [INFO] [1789372647.795523781] [amr_1.rh_node]: [amr_1] Pruned expired reservations for peers: ['amr_0']
[parameter_bridge-2] Exception sending a multicast message:Network is unreachable
[parameter_bridge-2] Exception sending a multicast message:Network is unreachable
[gazebo-1] Exception sending a multicast message:Network is unreachable
[gazebo-1] Exception sending a multicast message:Network is unreachable
[gazebo-1] Exception sending a multicast message:Network is unreachable
[gazebo-1] Exception sending a multicast message:Network is unreachable
[gazebo-1] Exception sending a multicast message:Network is unreachable
[gazebo-1] Exception sending a multicast message:Network is unreachable
[gazebo-1] Exception sending a multicast message:Network is unreachable
[gazebo-1] Exception sending a multicast message:Network is unreachable
[gazebo-1] Exception sending a multicast message:Network is unreachable
[gazebo-1] Exception sending a multicast message:Network is unreachable
[gazebo-1] Exception sending a multicast message:Network is unreachable
[gazebo-1] Exception sending a multicast message:Network is unreachable
[gazebo-1] Exception sending a multicast message:Network is unreachable
[gazebo-1] Exception sending a multicast message:Network is unreachable
[gazebo-1] Exception sending a multicast message:Network is unreachable
[gazebo-1] Exception sending a multicast message:Network is unreachable
[gazebo-1] Exception sending a multicast message:Network is unreachable
[gazebo-1] Exception sending a multicast message:Network is unreachable
[gazebo-1] Exception sending a multicast message:Network is unreachable
[gazebo-1] Exception sending a multicast message:Network is unreachable
[gazebo-1] Exception sending a multicast message:Network is unreachable
[gazebo-1] Exception sending a multicast message:Network is unreachable
[gazebo-1] Exception sending a multicast message:Network is unreachable
[gazebo-1] Exception sending a multicast message:Network is unreachable
[gazebo-1] Exception sending a multicast message:Network is unreachable
[gazebo-1] Exception sending a multicast message:Network is unreachable
[gazebo-1] Exception sending a multicast message:Network is unreachable
[gazebo-1] Exception sending a multicast message:Network is unreachable
[gazebo-1] Exception sending a multicast message:Network is unreachable
[gazebo-1] Exception sending a multicast message:Network is unreachable
[gazebo-1] Exception sending a multicast message:Network is unreachable
[gazebo-1] Exception sending a multicast message:Network is unreachable
[gazebo-1] Exception sending a multicast message:Network is unreachable
[gazebo-1] Exception sending a multicast message:Network is unreachable
[gazebo-1] Exception sending a multicast message:Network is unreachable
[gazebo-1] Exception sending a multicast message:Network is unreachable
[gazebo-1] Exception sending a multicast message:Network is unreachable
[parameter_bridge-14] Exception sending a multicast message:Network is unreachable
[parameter_bridge-14] Exception sending a multicast message:Network is unreachable
[parameter_bridge-14] Exception sending a multicast message:Network is unreachable
[rh_node-34] [INFO] [1789372647.935938943] [amr_4.rh_node]: [amr_4] Pruned expired reservations for peers: ['amr_0']
[gazebo-1] Exception sending a multicast message:Network is unreachable
[gazebo-1] Exception sending a multicast message:Network is unreachable
[gazebo-1] Exception sending a multicast message:Network is unreachable
[gazebo-1] Exception sending a multicast message:Network is unreachable
[gazebo-1] Exception sending a multicast message:Network is unreachable
[gazebo-1] Exception sending a multicast message:Network is unreachable
[gazebo-1] Exception sending a multicast message:Network is unreachable
[gazebo-1] Exception sending a multicast message:Network is unreachable
[gazebo-1] Exception sending a multicast message:Network is unreachable
[gazebo-1] Exception sending a multicast message:Network is unreachable
[gazebo-1] Exception sending a multicast message:Network is unreachable
[gazebo-1] Exception sending a multicast message:Network is unreachable
[gazebo-1] Exception sending a multicast message:Network is unreachable
[gazebo-1] Exception sending a multicast message:Network is unreachable
[gazebo-1] Exception sending a multicast message:Network is unreachable
[gazebo-1] Exception sending a multicast message:Network is unreachable
[gazebo-1] Exception sending a multicast message:Network is unreachable
[gazebo-1] Exception sending a multicast message:Network is unreachable
[gazebo-1] Exception sending a multicast message:Network is unreachable
[gazebo-1] Exception sending a multicast message:Network is unreachable
[gazebo-1] Exception sending a multicast message:Network is unreachable
[gazebo-1] Exception sending a multicast message:Network is unreachable
[gazebo-1] Exception sending a multicast message:Network is unreachable
[gazebo-1] Exception sending a multicast message:Network is unreachable
[gazebo-1] Exception sending a multicast message:Network is unreachable
[gazebo-1] Exception sending a multicast message:Network is unreachable
[gazebo-1] Exception sending a multicast message:Network is unreachable
[gazebo-1] Exception sending a multicast message:Network is unreachable
[gazebo-1] Exception sending a multicast message:Network is unreachable
[gazebo-1] Exception sending a multicast message:Network is unreachable
[gazebo-1] Exception sending a multicast message:Network is unreachable
[gazebo-1] Exception sending a multicast message:Network is unreachable
[gazebo-1] Exception sending a multicast message:Network is unreachable
[gazebo-1] Exception sending a multicast message:Network is unreachable
[gazebo-1] Exception sending a multicast message:Network is unreachable
[gazebo-1] Exception sending a multicast message:Network is unreachable
[gazebo-1] Exception sending a multicast message:Network is unreachable
[gazebo-1] Exception sending a multicast message:Network is unreachable
[gazebo-1] Exception sending a multicast message:Network is unreachable
[gazebo-1] Exception sending a multicast message:Network is unreachable
[gazebo-1] Exception sending a multicast message:Network is unreachable
[gazebo-1] Exception sending a multicast message:Network is unreachable
[gazebo-1] Exception sending a multicast message:Network is unreachable
[gazebo-1] Exception sending a multicast message:Network is unreachable
[gazebo-1] Exception sending a multicast message:Network is unreachable
[gazebo-1] Exception sending a multicast message:Network is unreachable
[gazebo-1] Exception sending a multicast message:Network is unreachable
[gazebo-1] Exception sending a multicast message:Network is unreachable
[gazebo-1] Exception sending a multicast message:Network is unreachable
[gazebo-1] Exception sending a multicast message:Network is unreachable
[gazebo-1] Exception sending a multicast message:Network is unreachable
[gazebo-1] Exception sending a multicast message:Network is unreachable
[gazebo-1] Exception sending a multicast message:Network is unreachable
[gazebo-1] Exception sending a multicast message:Network is unreachable
[parameter_bridge-22] Exception sending a multicast message:Network is unreachable
[parameter_bridge-22] Exception sending a multicast message:Network is unreachable
[parameter_bridge-22] Exception sending a multicast message:Network is unreachable
[rh_node-33] [INFO] [1789372647.984554299] [amr_3.rh_node]: [amr_3] Pruned expired reservations for peers: ['amr_0']
[rh_node-32] [INFO] [1789372647.989526543] [amr_2.rh_node]: [amr_2] Pruned expired reservations for peers: ['amr_0']
[parameter_bridge-6] Exception sending a multicast message:Network is unreachable
[parameter_bridge-6] Exception sending a multicast message:Network is unreachable
[parameter_bridge-6] Exception sending a multicast message:Network is unreachable
[rh_node-31] [INFO] [1789372648.295946091] [amr_1.rh_node]: [amr_1] Pruned expired reservations for peers: ['amr_0']
[rh_node-34] [INFO] [1789372648.435933350] [amr_4.rh_node]: [amr_4] Pruned expired reservations for peers: ['amr_0']
[rh_node-33] [INFO] [1789372648.484477185] [amr_3.rh_node]: [amr_3] Pruned expired reservations for peers: ['amr_0']
[rh_node-32] [INFO] [1789372648.490455127] [amr_2.rh_node]: [amr_2] Pruned expired reservations for peers: ['amr_0']
[parameter_bridge-10] Exception sending a multicast message:Network is unreachable
[parameter_bridge-10] Exception sending a multicast message:Network is unreachable
[parameter_bridge-10] Exception sending a multicast message:Network is unreachable
[parameter_bridge-18] Exception sending a multicast message:Network is unreachable
[parameter_bridge-18] Exception sending a multicast message:Network is unreachable
[parameter_bridge-18] Exception sending a multicast message:Network is unreachable
[rh_node-31] [INFO] [1789372648.797057530] [amr_1.rh_node]: [amr_1] Pruned expired reservations for peers: ['amr_0']
[parameter_bridge-2] Exception sending a multicast message:Network is unreachable
[parameter_bridge-2] Exception sending a multicast message:Network is unreachable
[gazebo-1] Exception sending a multicast message:Network is unreachable
[gazebo-1] Exception sending a multicast message:Network is unreachable
[gazebo-1] Exception sending a multicast message:Network is unreachable
[gazebo-1] Exception sending a multicast message:Network is unreachable
[gazebo-1] Exception sending a multicast message:Network is unreachable
[gazebo-1] Exception sending a multicast message:Network is unreachable
[gazebo-1] Exception sending a multicast message:Network is unreachable
[gazebo-1] Exception sending a multicast message:Network is unreachable
[gazebo-1] Exception sending a multicast message:Network is unreachable
[gazebo-1] Exception sending a multicast message:Network is unreachable
[gazebo-1] Exception sending a multicast message:Network is unreachable
[gazebo-1] Exception sending a multicast message:Network is unreachable
[gazebo-1] Exception sending a multicast message:Network is unreachable
[gazebo-1] Exception sending a multicast message:Network is unreachable
[gazebo-1] Exception sending a multicast message:Network is unreachable
[gazebo-1] Exception sending a multicast message:Network is unreachable
[gazebo-1] Exception sending a multicast message:Network is unreachable
[gazebo-1] Exception sending a multicast message:Network is unreachable
[gazebo-1] Exception sending a multicast message:Network is unreachable
[gazebo-1] Exception sending a multicast message:Network is unreachable
[gazebo-1] Exception sending a multicast message:Network is unreachable
[gazebo-1] Exception sending a multicast message:Network is unreachable
[gazebo-1] Exception sending a multicast message:Network is unreachable
[gazebo-1] Exception sending a multicast message:Network is unreachable
[gazebo-1] Exception sending a multicast message:Network is unreachable
[gazebo-1] Exception sending a multicast message:Network is unreachable
[gazebo-1] Exception sending a multicast message:Network is unreachable
[gazebo-1] Exception sending a multicast message:Network is unreachable
[gazebo-1] Exception sending a multicast message:Network is unreachable
[gazebo-1] Exception sending a multicast message:Network is unreachable
[gazebo-1] Exception sending a multicast message:Network is unreachable
[gazebo-1] Exception sending a multicast message:Network is unreachable
[gazebo-1] Exception sending a multicast message:Network is unreachable
[gazebo-1] Exception sending a multicast message:Network is unreachable
[gazebo-1] Exception sending a multicast message:Network is unreachable
[gazebo-1] Exception sending a multicast message:Network is unreachable
[gazebo-1] Exception sending a multicast message:Network is unreachable
[parameter_bridge-14] Exception sending a multicast message:Network is unreachable
[parameter_bridge-14] Exception sending a multicast message:Network is unreachable
[parameter_bridge-14] Exception sending a multicast message:Network is unreachable
[rh_node-34] [INFO] [1789372648.935012988] [amr_4.rh_node]: [amr_4] Pruned expired reservations for peers: ['amr_0']
[gazebo-1] Exception sending a multicast message:Network is unreachable
[gazebo-1] Exception sending a multicast message:Network is unreachable
[gazebo-1] Exception sending a multicast message:Network is unreachable
[gazebo-1] Exception sending a multicast message:Network is unreachable
[gazebo-1] Exception sending a multicast message:Network is unreachable
[gazebo-1] Exception sending a multicast message:Network is unreachable
[gazebo-1] Exception sending a multicast message:Network is unreachable
[gazebo-1] Exception sending a multicast message:Network is unreachable
[gazebo-1] Exception sending a multicast message:Network is unreachable
[gazebo-1] Exception sending a multicast message:Network is unreachable
[gazebo-1] Exception sending a multicast message:Network is unreachable
[gazebo-1] Exception sending a multicast message:Network is unreachable
[gazebo-1] Exception sending a multicast message:Network is unreachable
[gazebo-1] Exception sending a multicast message:Network is unreachable
[gazebo-1] Exception sending a multicast message:Network is unreachable
[gazebo-1] Exception sending a multicast message:Network is unreachable
[gazebo-1] Exception sending a multicast message:Network is unreachable
[gazebo-1] Exception sending a multicast message:Network is unreachable
[gazebo-1] Exception sending a multicast message:Network is unreachable
[gazebo-1] Exception sending a multicast message:Network is unreachable
[gazebo-1] Exception sending a multicast message:Network is unreachable
[gazebo-1] Exception sending a multicast message:Network is unreachable
[gazebo-1] Exception sending a multicast message:Network is unreachable
[gazebo-1] Exception sending a multicast message:Network is unreachable
[gazebo-1] Exception sending a multicast message:Network is unreachable
[gazebo-1] Exception sending a multicast message:Network is unreachable
[gazebo-1] Exception sending a multicast message:Network is unreachable
[gazebo-1] Exception sending a multicast message:Network is unreachable
[gazebo-1] Exception sending a multicast message:Network is unreachable
[gazebo-1] Exception sending a multicast message:Network is unreachable
[gazebo-1] Exception sending a multicast message:Network is unreachable
[gazebo-1] Exception sending a multicast message:Network is unreachable
[gazebo-1] Exception sending a multicast message:Network is unreachable
[gazebo-1] Exception sending a multicast message:Network is unreachable
[gazebo-1] Exception sending a multicast message:Network is unreachable
[gazebo-1] Exception sending a multicast message:Network is unreachable
[gazebo-1] Exception sending a multicast message:Network is unreachable
[gazebo-1] Exception sending a multicast message:Network is unreachable
[gazebo-1] Exception sending a multicast message:Network is unreachable
[gazebo-1] Exception sending a multicast message:Network is unreachable
[gazebo-1] Exception sending a multicast message:Network is unreachable
[gazebo-1] Exception sending a multicast message:Network is unreachable
[gazebo-1] Exception sending a multicast message:Network is unreachable
[gazebo-1] Exception sending a multicast message:Network is unreachable
[gazebo-1] Exception sending a multicast message:Network is unreachable
[gazebo-1] Exception sending a multicast message:Network is unreachable
[gazebo-1] Exception sending a multicast message:Network is unreachable
[gazebo-1] Exception sending a multicast message:Network is unreachable
[gazebo-1] Exception sending a multicast message:Network is unreachable
[gazebo-1] Exception sending a multicast message:Network is unreachable
[gazebo-1] Exception sending a multicast message:Network is unreachable
[gazebo-1] Exception sending a multicast message:Network is unreachable
[gazebo-1] Exception sending a multicast message:Network is unreachable
[gazebo-1] Exception sending a multicast message:Network is unreachable
[parameter_bridge-22] Exception sending a multicast message:Network is unreachable
[parameter_bridge-22] Exception sending a multicast message:Network is unreachable
[parameter_bridge-22] Exception sending a multicast message:Network is unreachable
[rh_node-33] [INFO] [1789372648.984525496] [amr_3.rh_node]: [amr_3] Pruned expired reservations for peers: ['amr_0']
[rh_node-32] [INFO] [1789372648.989387285] [amr_2.rh_node]: [amr_2] Pruned expired reservations for peers: ['amr_0']
[parameter_bridge-6] Exception sending a multicast message:Network is unreachable
[parameter_bridge-6] Exception sending a multicast message:Network is unreachable
[parameter_bridge-6] Exception sending a multicast message:Network is unreachable
[rh_node-31] [INFO] [1789372649.296224175] [amr_1.rh_node]: [amr_1] Pruned expired reservations for peers: ['amr_0']
[rh_node-34] [INFO] [1789372649.434778043] [amr_4.rh_node]: [amr_4] Pruned expired reservations for peers: ['amr_0']
[rh_node-33] [INFO] [1789372649.484534961] [amr_3.rh_node]: [amr_3] Pruned expired reservations for peers: ['amr_0']
[rh_node-32] [INFO] [1789372649.489037072] [amr_2.rh_node]: [amr_2] Pruned expired reservations for peers: ['amr_0']
[parameter_bridge-10] Exception sending a multicast message:Network is unreachable
[parameter_bridge-10] Exception sending a multicast message:Network is unreachable
[parameter_bridge-10] Exception sending a multicast message:Network is unreachable
[parameter_bridge-18] Exception sending a multicast message:Network is unreachable
[parameter_bridge-18] Exception sending a multicast message:Network is unreachable
[parameter_bridge-18] Exception sending a multicast message:Network is unreachable
[rh_node-31] [INFO] [1789372649.796272025] [amr_1.rh_node]: [amr_1] Pruned expired reservations for peers: ['amr_0']
[parameter_bridge-2] Exception sending a multicast message:Network is unreachable
[parameter_bridge-2] Exception sending a multicast message:Network is unreachable
[gazebo-1] Exception sending a multicast message:Network is unreachable
[gazebo-1] Exception sending a multicast message:Network is unreachable
[gazebo-1] Exception sending a multicast message:Network is unreachable
[gazebo-1] Exception sending a multicast message:Network is unreachable
[gazebo-1] Exception sending a multicast message:Network is unreachable
[gazebo-1] Exception sending a multicast message:Network is unreachable
[gazebo-1] Exception sending a multicast message:Network is unreachable
[gazebo-1] Exception sending a multicast message:Network is unreachable
[gazebo-1] Exception sending a multicast message:Network is unreachable
[gazebo-1] Exception sending a multicast message:Network is unreachable
[gazebo-1] Exception sending a multicast message:Network is unreachable
[gazebo-1] Exception sending a multicast message:Network is unreachable
[gazebo-1] Exception sending a multicast message:Network is unreachable
[gazebo-1] Exception sending a multicast message:Network is unreachable
[gazebo-1] Exception sending a multicast message:Network is unreachable
[gazebo-1] Exception sending a multicast message:Network is unreachable
[gazebo-1] Exception sending a multicast message:Network is unreachable
[gazebo-1] Exception sending a multicast message:Network is unreachable
[gazebo-1] Exception sending a multicast message:Network is unreachable
[gazebo-1] Exception sending a multicast message:Network is unreachable
[gazebo-1] Exception sending a multicast message:Network is unreachable
[gazebo-1] Exception sending a multicast message:Network is unreachable
[gazebo-1] Exception sending a multicast message:Network is unreachable
[gazebo-1] Exception sending a multicast message:Network is unreachable
[gazebo-1] Exception sending a multicast message:Network is unreachable
[gazebo-1] Exception sending a multicast message:Network is unreachable
[gazebo-1] Exception sending a multicast message:Network is unreachable
[gazebo-1] Exception sending a multicast message:Network is unreachable
[gazebo-1] Exception sending a multicast message:Network is unreachable
[gazebo-1] Exception sending a multicast message:Network is unreachable
[gazebo-1] Exception sending a multicast message:Network is unreachable
[gazebo-1] Exception sending a multicast message:Network is unreachable
[gazebo-1] Exception sending a multicast message:Network is unreachable
[gazebo-1] Exception sending a multicast message:Network is unreachable
[gazebo-1] Exception sending a multicast message:Network is unreachable
[gazebo-1] Exception sending a multicast message:Network is unreachable
[gazebo-1] Exception sending a multicast message:Network is unreachable
[parameter_bridge-14] Exception sending a multicast message:Network is unreachable
[parameter_bridge-14] Exception sending a multicast message:Network is unreachable
[parameter_bridge-14] Exception sending a multicast message:Network is unreachable
[rh_node-34] [INFO] [1789372649.934771264] [amr_4.rh_node]: [amr_4] Pruned expired reservations for peers: ['amr_0']
[gazebo-1] Exception sending a multicast message:Network is unreachable
[gazebo-1] Exception sending a multicast message:Network is unreachable
[gazebo-1] Exception sending a multicast message:Network is unreachable
[gazebo-1] Exception sending a multicast message:Network is unreachable
[gazebo-1] Exception sending a multicast message:Network is unreachable
[gazebo-1] Exception sending a multicast message:Network is unreachable
[gazebo-1] Exception sending a multicast message:Network is unreachable
[gazebo-1] Exception sending a multicast message:Network is unreachable
[gazebo-1] Exception sending a multicast message:Network is unreachable
[gazebo-1] Exception sending a multicast message:Network is unreachable
[gazebo-1] Exception sending a multicast message:Network is unreachable
[gazebo-1] Exception sending a multicast message:Network is unreachable
[gazebo-1] Exception sending a multicast message:Network is unreachable
[gazebo-1] Exception sending a multicast message:Network is unreachable
[gazebo-1] Exception sending a multicast message:Network is unreachable
[gazebo-1] Exception sending a multicast message:Network is unreachable
[gazebo-1] Exception sending a multicast message:Network is unreachable
[gazebo-1] Exception sending a multicast message:Network is unreachable
[gazebo-1] Exception sending a multicast message:Network is unreachable
[gazebo-1] Exception sending a multicast message:Network is unreachable
[gazebo-1] Exception sending a multicast message:Network is unreachable
[gazebo-1] Exception sending a multicast message:Network is unreachable
[gazebo-1] Exception sending a multicast message:Network is unreachable
[gazebo-1] Exception sending a multicast message:Network is unreachable
[gazebo-1] Exception sending a multicast message:Network is unreachable
[gazebo-1] Exception sending a multicast message:Network is unreachable
[gazebo-1] Exception sending a multicast message:Network is unreachable
[gazebo-1] Exception sending a multicast message:Network is unreachable
[gazebo-1] Exception sending a multicast message:Network is unreachable
[gazebo-1] Exception sending a multicast message:Network is unreachable
[gazebo-1] Exception sending a multicast message:Network is unreachable
[gazebo-1] Exception sending a multicast message:Network is unreachable
[gazebo-1] Exception sending a multicast message:Network is unreachable
[gazebo-1] Exception sending a multicast message:Network is unreachable
[gazebo-1] Exception sending a multicast message:Network is unreachable
[gazebo-1] Exception sending a multicast message:Network is unreachable
[gazebo-1] Exception sending a multicast message:Network is unreachable
[gazebo-1] Exception sending a multicast message:Network is unreachable
[gazebo-1] Exception sending a multicast message:Network is unreachable
[gazebo-1] Exception sending a multicast message:Network is unreachable
[gazebo-1] Exception sending a multicast message:Network is unreachable
[gazebo-1] Exception sending a multicast message:Network is unreachable
[gazebo-1] Exception sending a multicast message:Network is unreachable
[gazebo-1] Exception sending a multicast message:Network is unreachable
[gazebo-1] Exception sending a multicast message:Network is unreachable
[gazebo-1] Exception sending a multicast message:Network is unreachable
[gazebo-1] Exception sending a multicast message:Network is unreachable
[gazebo-1] Exception sending a multicast message:Network is unreachable
[gazebo-1] Exception sending a multicast message:Network is unreachable
[gazebo-1] Exception sending a multicast message:Network is unreachable
[gazebo-1] Exception sending a multicast message:Network is unreachable
[gazebo-1] Exception sending a multicast message:Network is unreachable
[gazebo-1] Exception sending a multicast message:Network is unreachable
[gazebo-1] Exception sending a multicast message:Network is unreachable
[parameter_bridge-22] Exception sending a multicast message:Network is unreachable
[parameter_bridge-22] Exception sending a multicast message:Network is unreachable
[parameter_bridge-22] Exception sending a multicast message:Network is unreachable
[rh_node-33] [INFO] [1789372649.983737358] [amr_3.rh_node]: [amr_3] Pruned expired reservations for peers: ['amr_0']
[rh_node-32] [INFO] [1789372649.989621031] [amr_2.rh_node]: [amr_2] Pruned expired reservations for peers: ['amr_0']
[parameter_bridge-6] Exception sending a multicast message:Network is unreachable
[parameter_bridge-6] Exception sending a multicast message:Network is unreachable
[parameter_bridge-6] Exception sending a multicast message:Network is unreachable
[rh_node-31] [INFO] [1789372650.296241816] [amr_1.rh_node]: [amr_1] Pruned expired reservations for peers: ['amr_0']
[rh_node-34] [INFO] [1789372650.435013450] [amr_4.rh_node]: [amr_4] Pruned expired reservations for peers: ['amr_0']
[rh_node-33] [INFO] [1789372650.483641153] [amr_3.rh_node]: [amr_3] Pruned expired reservations for peers: ['amr_0']
[rh_node-32] [INFO] [1789372650.488364130] [amr_2.rh_node]: [amr_2] Pruned expired reservations for peers: ['amr_0']
[parameter_bridge-10] Exception sending a multicast message:Network is unreachable
[parameter_bridge-10] Exception sending a multicast message:Network is unreachable
[parameter_bridge-10] Exception sending a multicast message:Network is unreachable
[parameter_bridge-18] Exception sending a multicast message:Network is unreachable
[parameter_bridge-18] Exception sending a multicast message:Network is unreachable
[parameter_bridge-18] Exception sending a multicast message:Network is unreachable
[rh_node-31] [INFO] [1789372650.796929903] [amr_1.rh_node]: [amr_1] Pruned expired reservations for peers: ['amr_0']
[parameter_bridge-2] Exception sending a multicast message:Network is unreachable
[parameter_bridge-2] Exception sending a multicast message:Network is unreachable
[parameter_bridge-14] Exception sending a multicast message:Network is unreachable
[gazebo-1] Exception sending a multicast message:Network is unreachable
[gazebo-1] Exception sending a multicast message:Network is unreachable
[gazebo-1] Exception sending a multicast message:Network is unreachable
[gazebo-1] Exception sending a multicast message:Network is unreachable
[gazebo-1] Exception sending a multicast message:Network is unreachable
[gazebo-1] Exception sending a multicast message:Network is unreachable
[gazebo-1] Exception sending a multicast message:Network is unreachable
[gazebo-1] Exception sending a multicast message:Network is unreachable
[gazebo-1] Exception sending a multicast message:Network is unreachable
[gazebo-1] Exception sending a multicast message:Network is unreachable
[gazebo-1] Exception sending a multicast message:Network is unreachable
[gazebo-1] Exception sending a multicast message:Network is unreachable
[gazebo-1] Exception sending a multicast message:Network is unreachable
[gazebo-1] Exception sending a multicast message:Network is unreachable
[gazebo-1] Exception sending a multicast message:Network is unreachable
[gazebo-1] Exception sending a multicast message:Network is unreachable
[gazebo-1] Exception sending a multicast message:Network is unreachable
[gazebo-1] Exception sending a multicast message:Network is unreachable
[gazebo-1] Exception sending a multicast message:Network is unreachable
[gazebo-1] Exception sending a multicast message:Network is unreachable
[gazebo-1] Exception sending a multicast message:Network is unreachable
[gazebo-1] Exception sending a multicast message:Network is unreachable
[gazebo-1] Exception sending a multicast message:Network is unreachable
[gazebo-1] Exception sending a multicast message:Network is unreachable
[gazebo-1] Exception sending a multicast message:Network is unreachable
[gazebo-1] Exception sending a multicast message:Network is unreachable
[gazebo-1] Exception sending a multicast message:Network is unreachable
[gazebo-1] Exception sending a multicast message:Network is unreachable
[gazebo-1] Exception sending a multicast message:Network is unreachable
[gazebo-1] Exception sending a multicast message:Network is unreachable
[gazebo-1] Exception sending a multicast message:Network is unreachable
[gazebo-1] Exception sending a multicast message:Network is unreachable
[gazebo-1] Exception sending a multicast message:Network is unreachable
[gazebo-1] Exception sending a multicast message:Network is unreachable
[gazebo-1] Exception sending a multicast message:Network is unreachable
[gazebo-1] Exception sending a multicast message:Network is unreachable
[gazebo-1] Exception sending a multicast message:Network is unreachable
[parameter_bridge-14] Exception sending a multicast message:Network is unreachable
[parameter_bridge-14] Exception sending a multicast message:Network is unreachable
[rh_node-34] [INFO] [1789372650.935472437] [amr_4.rh_node]: [amr_4] Pruned expired reservations for peers: ['amr_0']
[gazebo-1] Exception sending a multicast message:Network is unreachable
[gazebo-1] Exception sending a multicast message:Network is unreachable
[gazebo-1] Exception sending a multicast message:Network is unreachable
[gazebo-1] Exception sending a multicast message:Network is unreachable
[gazebo-1] Exception sending a multicast message:Network is unreachable
[gazebo-1] Exception sending a multicast message:Network is unreachable
[gazebo-1] Exception sending a multicast message:Network is unreachable
[gazebo-1] Exception sending a multicast message:Network is unreachable
[gazebo-1] Exception sending a multicast message:Network is unreachable
[gazebo-1] Exception sending a multicast message:Network is unreachable
[gazebo-1] Exception sending a multicast message:Network is unreachable
[gazebo-1] Exception sending a multicast message:Network is unreachable
[gazebo-1] Exception sending a multicast message:Network is unreachable
[gazebo-1] Exception sending a multicast message:Network is unreachable
[gazebo-1] Exception sending a multicast message:Network is unreachable
[gazebo-1] Exception sending a multicast message:Network is unreachable
[gazebo-1] Exception sending a multicast message:Network is unreachable
[gazebo-1] Exception sending a multicast message:Network is unreachable
[gazebo-1] Exception sending a multicast message:Network is unreachable
[gazebo-1] Exception sending a multicast message:Network is unreachable
[gazebo-1] Exception sending a multicast message:Network is unreachable
[gazebo-1] Exception sending a multicast message:Network is unreachable
[gazebo-1] Exception sending a multicast message:Network is unreachable
[gazebo-1] Exception sending a multicast message:Network is unreachable
[gazebo-1] Exception sending a multicast message:Network is unreachable
[gazebo-1] Exception sending a multicast message:Network is unreachable
[gazebo-1] Exception sending a multicast message:Network is unreachable
[gazebo-1] Exception sending a multicast message:Network is unreachable
[gazebo-1] Exception sending a multicast message:Network is unreachable
[gazebo-1] Exception sending a multicast message:Network is unreachable
[gazebo-1] Exception sending a multicast message:Network is unreachable
[gazebo-1] Exception sending a multicast message:Network is unreachable
[gazebo-1] Exception sending a multicast message:Network is unreachable
[gazebo-1] Exception sending a multicast message:Network is unreachable
[gazebo-1] Exception sending a multicast message:Network is unreachable
[gazebo-1] Exception sending a multicast message:Network is unreachable
[gazebo-1] Exception sending a multicast message:Network is unreachable
[gazebo-1] Exception sending a multicast message:Network is unreachable
[gazebo-1] Exception sending a multicast message:Network is unreachable
[gazebo-1] Exception sending a multicast message:Network is unreachable
[gazebo-1] Exception sending a multicast message:Network is unreachable
[gazebo-1] Exception sending a multicast message:Network is unreachable
[gazebo-1] Exception sending a multicast message:Network is unreachable
[gazebo-1] Exception sending a multicast message:Network is unreachable
[gazebo-1] Exception sending a multicast message:Network is unreachable
[gazebo-1] Exception sending a multicast message:Network is unreachable
[gazebo-1] Exception sending a multicast message:Network is unreachable
[gazebo-1] Exception sending a multicast message:Network is unreachable
[gazebo-1] Exception sending a multicast message:Network is unreachable
[gazebo-1] Exception sending a multicast message:Network is unreachable
[gazebo-1] Exception sending a multicast message:Network is unreachable
[gazebo-1] Exception sending a multicast message:Network is unreachable
[gazebo-1] Exception sending a multicast message:Network is unreachable
[gazebo-1] Exception sending a multicast message:Network is unreachable
[parameter_bridge-22] Exception sending a multicast message:Network is unreachable
[parameter_bridge-22] Exception sending a multicast message:Network is unreachable
[parameter_bridge-22] Exception sending a multicast message:Network is unreachable
[rh_node-33] [INFO] [1789372650.984472773] [amr_3.rh_node]: [amr_3] Pruned expired reservations for peers: ['amr_0']
[rh_node-32] [INFO] [1789372650.988379550] [amr_2.rh_node]: [amr_2] Pruned expired reservations for peers: ['amr_0']
[parameter_bridge-6] Exception sending a multicast message:Network is unreachable
[parameter_bridge-6] Exception sending a multicast message:Network is unreachable
[parameter_bridge-6] Exception sending a multicast message:Network is unreachable
[rh_node-31] [INFO] [1789372651.296733067] [amr_1.rh_node]: [amr_1] Pruned expired reservations for peers: ['amr_0']
[rh_node-34] [INFO] [1789372651.435292674] [amr_4.rh_node]: [amr_4] Pruned expired reservations for peers: ['amr_0']
[rh_node-33] [INFO] [1789372651.485184445] [amr_3.rh_node]: [amr_3] Pruned expired reservations for peers: ['amr_0']
[rh_node-32] [INFO] [1789372651.490479921] [amr_2.rh_node]: [amr_2] Pruned expired reservations for peers: ['amr_0']
[parameter_bridge-10] Exception sending a multicast message:Network is unreachable
[parameter_bridge-10] Exception sending a multicast message:Network is unreachable
[parameter_bridge-10] Exception sending a multicast message:Network is unreachable
[parameter_bridge-18] Exception sending a multicast message:Network is unreachable
[parameter_bridge-18] Exception sending a multicast message:Network is unreachable
[parameter_bridge-18] Exception sending a multicast message:Network is unreachable
[rh_node-31] [INFO] [1789372651.795522761] [amr_1.rh_node]: [amr_1] Pruned expired reservations for peers: ['amr_0']
[parameter_bridge-2] Exception sending a multicast message:Network is unreachable
[parameter_bridge-2] Exception sending a multicast message:Network is unreachable
[parameter_bridge-14] Exception sending a multicast message:Network is unreachable
[gazebo-1] Exception sending a multicast message:Network is unreachable
[gazebo-1] Exception sending a multicast message:Network is unreachable
[gazebo-1] Exception sending a multicast message:Network is unreachable
[gazebo-1] Exception sending a multicast message:Network is unreachable
[gazebo-1] Exception sending a multicast message:Network is unreachable
[gazebo-1] Exception sending a multicast message:Network is unreachable
[gazebo-1] Exception sending a multicast message:Network is unreachable
[gazebo-1] Exception sending a multicast message:Network is unreachable
[gazebo-1] Exception sending a multicast message:Network is unreachable
[gazebo-1] Exception sending a multicast message:Network is unreachable
[gazebo-1] Exception sending a multicast message:Network is unreachable
[gazebo-1] Exception sending a multicast message:Network is unreachable
[gazebo-1] Exception sending a multicast message:Network is unreachable
[gazebo-1] Exception sending a multicast message:Network is unreachable
[gazebo-1] Exception sending a multicast message:Network is unreachable
[gazebo-1] Exception sending a multicast message:Network is unreachable
[gazebo-1] Exception sending a multicast message:Network is unreachable
[gazebo-1] Exception sending a multicast message:Network is unreachable
[gazebo-1] Exception sending a multicast message:Network is unreachable
[gazebo-1] Exception sending a multicast message:Network is unreachable
[gazebo-1] Exception sending a multicast message:Network is unreachable
[gazebo-1] Exception sending a multicast message:Network is unreachable
[gazebo-1] Exception sending a multicast message:Network is unreachable
[gazebo-1] Exception sending a multicast message:Network is unreachable
[gazebo-1] Exception sending a multicast message:Network is unreachable
[gazebo-1] Exception sending a multicast message:Network is unreachable
[gazebo-1] Exception sending a multicast message:Network is unreachable
[gazebo-1] Exception sending a multicast message:Network is unreachable
[gazebo-1] Exception sending a multicast message:Network is unreachable
[gazebo-1] Exception sending a multicast message:Network is unreachable
[gazebo-1] Exception sending a multicast message:Network is unreachable
[gazebo-1] Exception sending a multicast message:Network is unreachable
[gazebo-1] Exception sending a multicast message:Network is unreachable
[gazebo-1] Exception sending a multicast message:Network is unreachable
[gazebo-1] Exception sending a multicast message:Network is unreachable
[gazebo-1] Exception sending a multicast message:Network is unreachable
[gazebo-1] Exception sending a multicast message:Network is unreachable
[parameter_bridge-14] Exception sending a multicast message:Network is unreachable
[parameter_bridge-14] Exception sending a multicast message:Network is unreachable
[rh_node-34] [INFO] [1789372651.934884563] [amr_4.rh_node]: [amr_4] Pruned expired reservations for peers: ['amr_0']
[gazebo-1] Exception sending a multicast message:Network is unreachable
[gazebo-1] Exception sending a multicast message:Network is unreachable
[gazebo-1] Exception sending a multicast message:Network is unreachable
[gazebo-1] Exception sending a multicast message:Network is unreachable
[gazebo-1] Exception sending a multicast message:Network is unreachable
[gazebo-1] Exception sending a multicast message:Network is unreachable
[gazebo-1] Exception sending a multicast message:Network is unreachable
[gazebo-1] Exception sending a multicast message:Network is unreachable
[gazebo-1] Exception sending a multicast message:Network is unreachable
[gazebo-1] Exception sending a multicast message:Network is unreachable
[gazebo-1] Exception sending a multicast message:Network is unreachable
[gazebo-1] Exception sending a multicast message:Network is unreachable
[gazebo-1] Exception sending a multicast message:Network is unreachable
[gazebo-1] Exception sending a multicast message:Network is unreachable
[gazebo-1] Exception sending a multicast message:Network is unreachable
[gazebo-1] Exception sending a multicast message:Network is unreachable
[gazebo-1] Exception sending a multicast message:Network is unreachable
[gazebo-1] Exception sending a multicast message:Network is unreachable
[gazebo-1] Exception sending a multicast message:Network is unreachable
[gazebo-1] Exception sending a multicast message:Network is unreachable
[gazebo-1] Exception sending a multicast message:Network is unreachable
[gazebo-1] Exception sending a multicast message:Network is unreachable
[gazebo-1] Exception sending a multicast message:Network is unreachable
[gazebo-1] Exception sending a multicast message:Network is unreachable
[gazebo-1] Exception sending a multicast message:Network is unreachable
[gazebo-1] Exception sending a multicast message:Network is unreachable
[gazebo-1] Exception sending a multicast message:Network is unreachable
[gazebo-1] Exception sending a multicast message:Network is unreachable
[gazebo-1] Exception sending a multicast message:Network is unreachable
[gazebo-1] Exception sending a multicast message:Network is unreachable
[gazebo-1] Exception sending a multicast message:Network is unreachable
[gazebo-1] Exception sending a multicast message:Network is unreachable
[gazebo-1] Exception sending a multicast message:Network is unreachable
[gazebo-1] Exception sending a multicast message:Network is unreachable
[gazebo-1] Exception sending a multicast message:Network is unreachable
[gazebo-1] Exception sending a multicast message:Network is unreachable
[gazebo-1] Exception sending a multicast message:Network is unreachable
[gazebo-1] Exception sending a multicast message:Network is unreachable
[gazebo-1] Exception sending a multicast message:Network is unreachable
[gazebo-1] Exception sending a multicast message:Network is unreachable
[gazebo-1] Exception sending a multicast message:Network is unreachable
[gazebo-1] Exception sending a multicast message:Network is unreachable
[gazebo-1] Exception sending a multicast message:Network is unreachable
[gazebo-1] Exception sending a multicast message:Network is unreachable
[gazebo-1] Exception sending a multicast message:Network is unreachable
[gazebo-1] Exception sending a multicast message:Network is unreachable
[gazebo-1] Exception sending a multicast message:Network is unreachable
[gazebo-1] Exception sending a multicast message:Network is unreachable
[gazebo-1] Exception sending a multicast message:Network is unreachable
[gazebo-1] Exception sending a multicast message:Network is unreachable
[gazebo-1] Exception sending a multicast message:Network is unreachable
[gazebo-1] Exception sending a multicast message:Network is unreachable
[gazebo-1] Exception sending a multicast message:Network is unreachable
[gazebo-1] Exception sending a multicast message:Network is unreachable
[parameter_bridge-22] Exception sending a multicast message:Network is unreachable
[parameter_bridge-22] Exception sending a multicast message:Network is unreachable
[parameter_bridge-22] Exception sending a multicast message:Network is unreachable
[rh_node-33] [INFO] [1789372651.984471412] [amr_3.rh_node]: [amr_3] Pruned expired reservations for peers: ['amr_0']
[rh_node-32] [INFO] [1789372651.989780444] [amr_2.rh_node]: [amr_2] Pruned expired reservations for peers: ['amr_0']
[parameter_bridge-6] Exception sending a multicast message:Network is unreachable
[parameter_bridge-6] Exception sending a multicast message:Network is unreachable
[parameter_bridge-6] Exception sending a multicast message:Network is unreachable
[rh_node-31] [INFO] [1789372652.295516648] [amr_1.rh_node]: [amr_1] Pruned expired reservations for peers: ['amr_0']
[rh_node-34] [INFO] [1789372652.434964266] [amr_4.rh_node]: [amr_4] Pruned expired reservations for peers: ['amr_0']
[rh_node-33] [INFO] [1789372652.483773057] [amr_3.rh_node]: [amr_3] Pruned expired reservations for peers: ['amr_0']
[rh_node-32] [INFO] [1789372652.488719040] [amr_2.rh_node]: [amr_2] Pruned expired reservations for peers: ['amr_0']
[parameter_bridge-10] Exception sending a multicast message:Network is unreachable
[parameter_bridge-10] Exception sending a multicast message:Network is unreachable
[parameter_bridge-10] Exception sending a multicast message:Network is unreachable
[parameter_bridge-18] Exception sending a multicast message:Network is unreachable
[parameter_bridge-18] Exception sending a multicast message:Network is unreachable
[parameter_bridge-18] Exception sending a multicast message:Network is unreachable
[rh_node-31] [INFO] [1789372652.795522969] [amr_1.rh_node]: [amr_1] Pruned expired reservations for peers: ['amr_0']
[parameter_bridge-2] Exception sending a multicast message:Network is unreachable
[parameter_bridge-2] Exception sending a multicast message:Network is unreachable
[parameter_bridge-14] Exception sending a multicast message:Network is unreachable
[gazebo-1] Exception sending a multicast message:Network is unreachable
[gazebo-1] Exception sending a multicast message:Network is unreachable
[gazebo-1] Exception sending a multicast message:Network is unreachable
[gazebo-1] Exception sending a multicast message:Network is unreachable
[gazebo-1] Exception sending a multicast message:Network is unreachable
[gazebo-1] Exception sending a multicast message:Network is unreachable
[gazebo-1] Exception sending a multicast message:Network is unreachable
[gazebo-1] Exception sending a multicast message:Network is unreachable
[gazebo-1] Exception sending a multicast message:Network is unreachable
[gazebo-1] Exception sending a multicast message:Network is unreachable
[gazebo-1] Exception sending a multicast message:Network is unreachable
[gazebo-1] Exception sending a multicast message:Network is unreachable
[gazebo-1] Exception sending a multicast message:Network is unreachable
[gazebo-1] Exception sending a multicast message:Network is unreachable
[gazebo-1] Exception sending a multicast message:Network is unreachable
[gazebo-1] Exception sending a multicast message:Network is unreachable
[gazebo-1] Exception sending a multicast message:Network is unreachable
[gazebo-1] Exception sending a multicast message:Network is unreachable
[gazebo-1] Exception sending a multicast message:Network is unreachable
[gazebo-1] Exception sending a multicast message:Network is unreachable
[gazebo-1] Exception sending a multicast message:Network is unreachable
[gazebo-1] Exception sending a multicast message:Network is unreachable
[gazebo-1] Exception sending a multicast message:Network is unreachable
[gazebo-1] Exception sending a multicast message:Network is unreachable
[gazebo-1] Exception sending a multicast message:Network is unreachable
[gazebo-1] Exception sending a multicast message:Network is unreachable
[gazebo-1] Exception sending a multicast message:Network is unreachable
[gazebo-1] Exception sending a multicast message:Network is unreachable
[gazebo-1] Exception sending a multicast message:Network is unreachable
[gazebo-1] Exception sending a multicast message:Network is unreachable
[gazebo-1] Exception sending a multicast message:Network is unreachable
[gazebo-1] Exception sending a multicast message:Network is unreachable
[gazebo-1] Exception sending a multicast message:Network is unreachable
[gazebo-1] Exception sending a multicast message:Network is unreachable
[gazebo-1] Exception sending a multicast message:Network is unreachable
[gazebo-1] Exception sending a multicast message:Network is unreachable
[gazebo-1] Exception sending a multicast message:Network is unreachable
[parameter_bridge-14] Exception sending a multicast message:Network is unreachable
[parameter_bridge-14] Exception sending a multicast message:Network is unreachable
[rh_node-34] [INFO] [1789372652.935861986] [amr_4.rh_node]: [amr_4] Pruned expired reservations for peers: ['amr_0']
[gazebo-1] Exception sending a multicast message:Network is unreachable
[gazebo-1] Exception sending a multicast message:Network is unreachable
[gazebo-1] Exception sending a multicast message:Network is unreachable
[gazebo-1] Exception sending a multicast message:Network is unreachable
[gazebo-1] Exception sending a multicast message:Network is unreachable
[gazebo-1] Exception sending a multicast message:Network is unreachable
[gazebo-1] Exception sending a multicast message:Network is unreachable
[gazebo-1] Exception sending a multicast message:Network is unreachable
[gazebo-1] Exception sending a multicast message:Network is unreachable
[gazebo-1] Exception sending a multicast message:Network is unreachable
[gazebo-1] Exception sending a multicast message:Network is unreachable
[gazebo-1] Exception sending a multicast message:Network is unreachable
[gazebo-1] Exception sending a multicast message:Network is unreachable
[gazebo-1] Exception sending a multicast message:Network is unreachable
[gazebo-1] Exception sending a multicast message:Network is unreachable
[gazebo-1] Exception sending a multicast message:Network is unreachable
[gazebo-1] Exception sending a multicast message:Network is unreachable
[gazebo-1] Exception sending a multicast message:Network is unreachable
[gazebo-1] Exception sending a multicast message:Network is unreachable
[gazebo-1] Exception sending a multicast message:Network is unreachable
[gazebo-1] Exception sending a multicast message:Network is unreachable
[gazebo-1] Exception sending a multicast message:Network is unreachable
[gazebo-1] Exception sending a multicast message:Network is unreachable
[gazebo-1] Exception sending a multicast message:Network is unreachable
[gazebo-1] Exception sending a multicast message:Network is unreachable
[gazebo-1] Exception sending a multicast message:Network is unreachable
[gazebo-1] Exception sending a multicast message:Network is unreachable
[gazebo-1] Exception sending a multicast message:Network is unreachable
[gazebo-1] Exception sending a multicast message:Network is unreachable
[gazebo-1] Exception sending a multicast message:Network is unreachable
[gazebo-1] Exception sending a multicast message:Network is unreachable
[gazebo-1] Exception sending a multicast message:Network is unreachable
[gazebo-1] Exception sending a multicast message:Network is unreachable
[gazebo-1] Exception sending a multicast message:Network is unreachable
[gazebo-1] Exception sending a multicast message:Network is unreachable
[gazebo-1] Exception sending a multicast message:Network is unreachable
[gazebo-1] Exception sending a multicast message:Network is unreachable
[gazebo-1] Exception sending a multicast message:Network is unreachable
[gazebo-1] Exception sending a multicast message:Network is unreachable
[gazebo-1] Exception sending a multicast message:Network is unreachable
[gazebo-1] Exception sending a multicast message:Network is unreachable
[gazebo-1] Exception sending a multicast message:Network is unreachable
[gazebo-1] Exception sending a multicast message:Network is unreachable
[gazebo-1] Exception sending a multicast message:Network is unreachable
[gazebo-1] Exception sending a multicast message:Network is unreachable
[gazebo-1] Exception sending a multicast message:Network is unreachable
[gazebo-1] Exception sending a multicast message:Network is unreachable
[gazebo-1] Exception sending a multicast message:Network is unreachable
[gazebo-1] Exception sending a multicast message:Network is unreachable
[gazebo-1] Exception sending a multicast message:Network is unreachable
[gazebo-1] Exception sending a multicast message:Network is unreachable
[gazebo-1] Exception sending a multicast message:Network is unreachable
[gazebo-1] Exception sending a multicast message:Network is unreachable
[gazebo-1] Exception sending a multicast message:Network is unreachable
[parameter_bridge-22] Exception sending a multicast message:Network is unreachable
[parameter_bridge-22] Exception sending a multicast message:Network is unreachable
[parameter_bridge-22] Exception sending a multicast message:Network is unreachable
[rh_node-33] [INFO] [1789372652.984494870] [amr_3.rh_node]: [amr_3] Pruned expired reservations for peers: ['amr_0']
[rh_node-32] [INFO] [1789372652.988402884] [amr_2.rh_node]: [amr_2] Pruned expired reservations for peers: ['amr_0']
[parameter_bridge-6] Exception sending a multicast message:Network is unreachable
[parameter_bridge-6] Exception sending a multicast message:Network is unreachable
[parameter_bridge-6] Exception sending a multicast message:Network is unreachable
[rh_node-31] [INFO] [1789372653.297012301] [amr_1.rh_node]: [amr_1] Pruned expired reservations for peers: ['amr_0']
[rh_node-34] [INFO] [1789372653.434752652] [amr_4.rh_node]: [amr_4] Pruned expired reservations for peers: ['amr_0']
[rh_node-33] [INFO] [1789372653.483700686] [amr_3.rh_node]: [amr_3] Pruned expired reservations for peers: ['amr_0']
[rh_node-32] [INFO] [1789372653.488565618] [amr_2.rh_node]: [amr_2] Pruned expired reservations for peers: ['amr_0']
[parameter_bridge-10] Exception sending a multicast message:Network is unreachable
[parameter_bridge-10] Exception sending a multicast message:Network is unreachable
[parameter_bridge-10] Exception sending a multicast message:Network is unreachable
[parameter_bridge-18] Exception sending a multicast message:Network is unreachable
[parameter_bridge-18] Exception sending a multicast message:Network is unreachable
[parameter_bridge-18] Exception sending a multicast message:Network is unreachable
[rh_node-31] [INFO] [1789372653.797066726] [amr_1.rh_node]: [amr_1] Pruned expired reservations for peers: ['amr_0']
[parameter_bridge-2] Exception sending a multicast message:Network is unreachable
[parameter_bridge-2] Exception sending a multicast message:Network is unreachable
[parameter_bridge-14] Exception sending a multicast message:Network is unreachable
[gazebo-1] Exception sending a multicast message:Network is unreachable
[gazebo-1] Exception sending a multicast message:Network is unreachable
[gazebo-1] Exception sending a multicast message:Network is unreachable
[gazebo-1] Exception sending a multicast message:Network is unreachable
[gazebo-1] Exception sending a multicast message:Network is unreachable
[gazebo-1] Exception sending a multicast message:Network is unreachable
[gazebo-1] Exception sending a multicast message:Network is unreachable
[gazebo-1] Exception sending a multicast message:Network is unreachable
[gazebo-1] Exception sending a multicast message:Network is unreachable
[gazebo-1] Exception sending a multicast message:Network is unreachable
[gazebo-1] Exception sending a multicast message:Network is unreachable
[gazebo-1] Exception sending a multicast message:Network is unreachable
[gazebo-1] Exception sending a multicast message:Network is unreachable
[gazebo-1] Exception sending a multicast message:Network is unreachable
[gazebo-1] Exception sending a multicast message:Network is unreachable
[gazebo-1] Exception sending a multicast message:Network is unreachable
[gazebo-1] Exception sending a multicast message:Network is unreachable
[gazebo-1] Exception sending a multicast message:Network is unreachable
[gazebo-1] Exception sending a multicast message:Network is unreachable
[gazebo-1] Exception sending a multicast message:Network is unreachable
[gazebo-1] Exception sending a multicast message:Network is unreachable
[gazebo-1] Exception sending a multicast message:Network is unreachable
[gazebo-1] Exception sending a multicast message:Network is unreachable
[gazebo-1] Exception sending a multicast message:Network is unreachable
[gazebo-1] Exception sending a multicast message:Network is unreachable
[gazebo-1] Exception sending a multicast message:Network is unreachable
[gazebo-1] Exception sending a multicast message:Network is unreachable
[gazebo-1] Exception sending a multicast message:Network is unreachable
[gazebo-1] Exception sending a multicast message:Network is unreachable
[gazebo-1] Exception sending a multicast message:Network is unreachable
[gazebo-1] Exception sending a multicast message:Network is unreachable
[gazebo-1] Exception sending a multicast message:Network is unreachable
[gazebo-1] Exception sending a multicast message:Network is unreachable
[gazebo-1] Exception sending a multicast message:Network is unreachable
[gazebo-1] Exception sending a multicast message:Network is unreachable
[gazebo-1] Exception sending a multicast message:Network is unreachable
[gazebo-1] Exception sending a multicast message:Network is unreachable
[parameter_bridge-14] Exception sending a multicast message:Network is unreachable
[parameter_bridge-14] Exception sending a multicast message:Network is unreachable
[rh_node-34] [INFO] [1789372653.934948135] [amr_4.rh_node]: [amr_4] Pruned expired reservations for peers: ['amr_0']
[gazebo-1] Exception sending a multicast message:Network is unreachable
[gazebo-1] Exception sending a multicast message:Network is unreachable
[gazebo-1] Exception sending a multicast message:Network is unreachable
[gazebo-1] Exception sending a multicast message:Network is unreachable
[gazebo-1] Exception sending a multicast message:Network is unreachable
[gazebo-1] Exception sending a multicast message:Network is unreachable
[gazebo-1] Exception sending a multicast message:Network is unreachable
[gazebo-1] Exception sending a multicast message:Network is unreachable
[gazebo-1] Exception sending a multicast message:Network is unreachable
[gazebo-1] Exception sending a multicast message:Network is unreachable
[gazebo-1] Exception sending a multicast message:Network is unreachable
[gazebo-1] Exception sending a multicast message:Network is unreachable
[gazebo-1] Exception sending a multicast message:Network is unreachable
[gazebo-1] Exception sending a multicast message:Network is unreachable
[gazebo-1] Exception sending a multicast message:Network is unreachable
[gazebo-1] Exception sending a multicast message:Network is unreachable
[gazebo-1] Exception sending a multicast message:Network is unreachable
[gazebo-1] Exception sending a multicast message:Network is unreachable
[gazebo-1] Exception sending a multicast message:Network is unreachable
[gazebo-1] Exception sending a multicast message:Network is unreachable
[gazebo-1] Exception sending a multicast message:Network is unreachable
[gazebo-1] Exception sending a multicast message:Network is unreachable
[gazebo-1] Exception sending a multicast message:Network is unreachable
[gazebo-1] Exception sending a multicast message:Network is unreachable
[gazebo-1] Exception sending a multicast message:Network is unreachable
[gazebo-1] Exception sending a multicast message:Network is unreachable
[gazebo-1] Exception sending a multicast message:Network is unreachable
[gazebo-1] Exception sending a multicast message:Network is unreachable
[gazebo-1] Exception sending a multicast message:Network is unreachable
[gazebo-1] Exception sending a multicast message:Network is unreachable
[gazebo-1] Exception sending a multicast message:Network is unreachable
[gazebo-1] Exception sending a multicast message:Network is unreachable
[gazebo-1] Exception sending a multicast message:Network is unreachable
[gazebo-1] Exception sending a multicast message:Network is unreachable
[gazebo-1] Exception sending a multicast message:Network is unreachable
[gazebo-1] Exception sending a multicast message:Network is unreachable
[gazebo-1] Exception sending a multicast message:Network is unreachable
[gazebo-1] Exception sending a multicast message:Network is unreachable
[gazebo-1] Exception sending a multicast message:Network is unreachable
[gazebo-1] Exception sending a multicast message:Network is unreachable
[gazebo-1] Exception sending a multicast message:Network is unreachable
[gazebo-1] Exception sending a multicast message:Network is unreachable
[gazebo-1] Exception sending a multicast message:Network is unreachable
[gazebo-1] Exception sending a multicast message:Network is unreachable
[gazebo-1] Exception sending a multicast message:Network is unreachable
[gazebo-1] Exception sending a multicast message:Network is unreachable
[gazebo-1] Exception sending a multicast message:Network is unreachable
[gazebo-1] Exception sending a multicast message:Network is unreachable
[gazebo-1] Exception sending a multicast message:Network is unreachable
[gazebo-1] Exception sending a multicast message:Network is unreachable
[gazebo-1] Exception sending a multicast message:Network is unreachable
[gazebo-1] Exception sending a multicast message:Network is unreachable
[gazebo-1] Exception sending a multicast message:Network is unreachable
[gazebo-1] Exception sending a multicast message:Network is unreachable
[parameter_bridge-22] Exception sending a multicast message:Network is unreachable
[parameter_bridge-22] Exception sending a multicast message:Network is unreachable
[parameter_bridge-22] Exception sending a multicast message:Network is unreachable
[rh_node-33] [INFO] [1789372653.983715990] [amr_3.rh_node]: [amr_3] Pruned expired reservations for peers: ['amr_0']
[rh_node-32] [INFO] [1789372653.988245472] [amr_2.rh_node]: [amr_2] Pruned expired reservations for peers: ['amr_0']
[parameter_bridge-6] Exception sending a multicast message:Network is unreachable
[parameter_bridge-6] Exception sending a multicast message:Network is unreachable
[parameter_bridge-6] Exception sending a multicast message:Network is unreachable
[rh_node-31] [INFO] [1789372654.295602641] [amr_1.rh_node]: [amr_1] Pruned expired reservations for peers: ['amr_0']
[rh_node-34] [INFO] [1789372654.434740229] [amr_4.rh_node]: [amr_4] Pruned expired reservations for peers: ['amr_0']
[rh_node-33] [INFO] [1789372654.484259418] [amr_3.rh_node]: [amr_3] Pruned expired reservations for peers: ['amr_0']
[rh_node-32] [INFO] [1789372654.488934952] [amr_2.rh_node]: [amr_2] Pruned expired reservations for peers: ['amr_0']
[parameter_bridge-10] Exception sending a multicast message:Network is unreachable
[parameter_bridge-10] Exception sending a multicast message:Network is unreachable
[parameter_bridge-10] Exception sending a multicast message:Network is unreachable
[parameter_bridge-18] Exception sending a multicast message:Network is unreachable
[parameter_bridge-18] Exception sending a multicast message:Network is unreachable
[parameter_bridge-18] Exception sending a multicast message:Network is unreachable
[rh_node-31] [INFO] [1789372654.797093470] [amr_1.rh_node]: [amr_1] Pruned expired reservations for peers: ['amr_0']
[parameter_bridge-2] Exception sending a multicast message:Network is unreachable
[parameter_bridge-2] Exception sending a multicast message:Network is unreachable
[parameter_bridge-14] Exception sending a multicast message:Network is unreachable
[parameter_bridge-14] Exception sending a multicast message:Network is unreachable
[parameter_bridge-14] Exception sending a multicast message:Network is unreachable
[gazebo-1] Exception sending a multicast message:Network is unreachable
[gazebo-1] Exception sending a multicast message:Network is unreachable
[gazebo-1] Exception sending a multicast message:Network is unreachable
[gazebo-1] Exception sending a multicast message:Network is unreachable
[gazebo-1] Exception sending a multicast message:Network is unreachable
[gazebo-1] Exception sending a multicast message:Network is unreachable
[gazebo-1] Exception sending a multicast message:Network is unreachable
[gazebo-1] Exception sending a multicast message:Network is unreachable
[gazebo-1] Exception sending a multicast message:Network is unreachable
[gazebo-1] Exception sending a multicast message:Network is unreachable
[gazebo-1] Exception sending a multicast message:Network is unreachable
[gazebo-1] Exception sending a multicast message:Network is unreachable
[gazebo-1] Exception sending a multicast message:Network is unreachable
[gazebo-1] Exception sending a multicast message:Network is unreachable
[gazebo-1] Exception sending a multicast message:Network is unreachable
[gazebo-1] Exception sending a multicast message:Network is unreachable
[gazebo-1] Exception sending a multicast message:Network is unreachable
[gazebo-1] Exception sending a multicast message:Network is unreachable
[gazebo-1] Exception sending a multicast message:Network is unreachable
[gazebo-1] Exception sending a multicast message:Network is unreachable
[gazebo-1] Exception sending a multicast message:Network is unreachable
[gazebo-1] Exception sending a multicast message:Network is unreachable
[gazebo-1] Exception sending a multicast message:Network is unreachable
[gazebo-1] Exception sending a multicast message:Network is unreachable
[gazebo-1] Exception sending a multicast message:Network is unreachable
[gazebo-1] Exception sending a multicast message:Network is unreachable
[gazebo-1] Exception sending a multicast message:Network is unreachable
[gazebo-1] Exception sending a multicast message:Network is unreachable
[gazebo-1] Exception sending a multicast message:Network is unreachable
[gazebo-1] Exception sending a multicast message:Network is unreachable
[gazebo-1] Exception sending a multicast message:Network is unreachable
[gazebo-1] Exception sending a multicast message:Network is unreachable
[gazebo-1] Exception sending a multicast message:Network is unreachable
[gazebo-1] Exception sending a multicast message:Network is unreachable
[gazebo-1] Exception sending a multicast message:Network is unreachable
[gazebo-1] Exception sending a multicast message:Network is unreachable
[gazebo-1] Exception sending a multicast message:Network is unreachable
[rh_node-34] [INFO] [1789372654.934794821] [amr_4.rh_node]: [amr_4] Pruned expired reservations for peers: ['amr_0']
[gazebo-1] Exception sending a multicast message:Network is unreachable
[gazebo-1] Exception sending a multicast message:Network is unreachable
[gazebo-1] Exception sending a multicast message:Network is unreachable
[gazebo-1] Exception sending a multicast message:Network is unreachable
[gazebo-1] Exception sending a multicast message:Network is unreachable
[gazebo-1] Exception sending a multicast message:Network is unreachable
[gazebo-1] Exception sending a multicast message:Network is unreachable
[gazebo-1] Exception sending a multicast message:Network is unreachable
[gazebo-1] Exception sending a multicast message:Network is unreachable
[gazebo-1] Exception sending a multicast message:Network is unreachable
[gazebo-1] Exception sending a multicast message:Network is unreachable
[gazebo-1] Exception sending a multicast message:Network is unreachable
[gazebo-1] Exception sending a multicast message:Network is unreachable
[gazebo-1] Exception sending a multicast message:Network is unreachable
[gazebo-1] Exception sending a multicast message:Network is unreachable
[gazebo-1] Exception sending a multicast message:Network is unreachable
[gazebo-1] Exception sending a multicast message:Network is unreachable
[gazebo-1] Exception sending a multicast message:Network is unreachable
[gazebo-1] Exception sending a multicast message:Network is unreachable
[gazebo-1] Exception sending a multicast message:Network is unreachable
[gazebo-1] Exception sending a multicast message:Network is unreachable
[gazebo-1] Exception sending a multicast message:Network is unreachable
[gazebo-1] Exception sending a multicast message:Network is unreachable
[gazebo-1] Exception sending a multicast message:Network is unreachable
[gazebo-1] Exception sending a multicast message:Network is unreachable
[gazebo-1] Exception sending a multicast message:Network is unreachable
[gazebo-1] Exception sending a multicast message:Network is unreachable
[gazebo-1] Exception sending a multicast message:Network is unreachable
[gazebo-1] Exception sending a multicast message:Network is unreachable
[gazebo-1] Exception sending a multicast message:Network is unreachable
[gazebo-1] Exception sending a multicast message:Network is unreachable
[gazebo-1] Exception sending a multicast message:Network is unreachable
[gazebo-1] Exception sending a multicast message:Network is unreachable
[gazebo-1] Exception sending a multicast message:Network is unreachable
[gazebo-1] Exception sending a multicast message:Network is unreachable
[gazebo-1] Exception sending a multicast message:Network is unreachable
[gazebo-1] Exception sending a multicast message:Network is unreachable
[gazebo-1] Exception sending a multicast message:Network is unreachable
[gazebo-1] Exception sending a multicast message:Network is unreachable
[gazebo-1] Exception sending a multicast message:Network is unreachable
[gazebo-1] Exception sending a multicast message:Network is unreachable
[gazebo-1] Exception sending a multicast message:Network is unreachable
[gazebo-1] Exception sending a multicast message:Network is unreachable
[gazebo-1] Exception sending a multicast message:Network is unreachable
[gazebo-1] Exception sending a multicast message:Network is unreachable
[gazebo-1] Exception sending a multicast message:Network is unreachable
[gazebo-1] Exception sending a multicast message:Network is unreachable
[gazebo-1] Exception sending a multicast message:Network is unreachable
[gazebo-1] Exception sending a multicast message:Network is unreachable
[gazebo-1] Exception sending a multicast message:Network is unreachable
[gazebo-1] Exception sending a multicast message:Network is unreachable
[gazebo-1] Exception sending a multicast message:Network is unreachable
[gazebo-1] Exception sending a multicast message:Network is unreachable
[gazebo-1] Exception sending a multicast message:Network is unreachable
[parameter_bridge-22] Exception sending a multicast message:Network is unreachable
[parameter_bridge-22] Exception sending a multicast message:Network is unreachable
[parameter_bridge-22] Exception sending a multicast message:Network is unreachable
[rh_node-33] [INFO] [1789372654.984262541] [amr_3.rh_node]: [amr_3] Pruned expired reservations for peers: ['amr_0']
[rh_node-32] [INFO] [1789372654.988431731] [amr_2.rh_node]: [amr_2] Pruned expired reservations for peers: ['amr_0']
[parameter_bridge-6] Exception sending a multicast message:Network is unreachable
[parameter_bridge-6] Exception sending a multicast message:Network is unreachable
[parameter_bridge-6] Exception sending a multicast message:Network is unreachable
[rh_node-31] [INFO] [1789372655.295595724] [amr_1.rh_node]: [amr_1] Pruned expired reservations for peers: ['amr_0']
[rh_node-34] [INFO] [1789372655.434772484] [amr_4.rh_node]: [amr_4] Pruned expired reservations for peers: ['amr_0']
[rh_node-33] [INFO] [1789372655.484464411] [amr_3.rh_node]: [amr_3] Pruned expired reservations for peers: ['amr_0']
[rh_node-32] [INFO] [1789372655.489237972] [amr_2.rh_node]: [amr_2] Pruned expired reservations for peers: ['amr_0']
[parameter_bridge-10] Exception sending a multicast message:Network is unreachable
[parameter_bridge-10] Exception sending a multicast message:Network is unreachable
[parameter_bridge-10] Exception sending a multicast message:Network is unreachable
[parameter_bridge-18] Exception sending a multicast message:Network is unreachable
[parameter_bridge-18] Exception sending a multicast message:Network is unreachable
[parameter_bridge-18] Exception sending a multicast message:Network is unreachable
[rh_node-31] [INFO] [1789372655.797202559] [amr_1.rh_node]: [amr_1] Pruned expired reservations for peers: ['amr_0']
[parameter_bridge-2] Exception sending a multicast message:Network is unreachable
[parameter_bridge-2] Exception sending a multicast message:Network is unreachable
[parameter_bridge-14] Exception sending a multicast message:Network is unreachable
[parameter_bridge-14] Exception sending a multicast message:Network is unreachable
[parameter_bridge-14] Exception sending a multicast message:Network is unreachable
[gazebo-1] Exception sending a multicast message:Network is unreachable
[gazebo-1] Exception sending a multicast message:Network is unreachable
[gazebo-1] Exception sending a multicast message:Network is unreachable
[gazebo-1] Exception sending a multicast message:Network is unreachable
[gazebo-1] Exception sending a multicast message:Network is unreachable
[gazebo-1] Exception sending a multicast message:Network is unreachable
[gazebo-1] Exception sending a multicast message:Network is unreachable
[gazebo-1] Exception sending a multicast message:Network is unreachable
[gazebo-1] Exception sending a multicast message:Network is unreachable
[gazebo-1] Exception sending a multicast message:Network is unreachable
[gazebo-1] Exception sending a multicast message:Network is unreachable
[gazebo-1] Exception sending a multicast message:Network is unreachable
[gazebo-1] Exception sending a multicast message:Network is unreachable
[gazebo-1] Exception sending a multicast message:Network is unreachable
[gazebo-1] Exception sending a multicast message:Network is unreachable
[gazebo-1] Exception sending a multicast message:Network is unreachable
[gazebo-1] Exception sending a multicast message:Network is unreachable
[gazebo-1] Exception sending a multicast message:Network is unreachable
[gazebo-1] Exception sending a multicast message:Network is unreachable
[gazebo-1] Exception sending a multicast message:Network is unreachable
[gazebo-1] Exception sending a multicast message:Network is unreachable
[gazebo-1] Exception sending a multicast message:Network is unreachable
[gazebo-1] Exception sending a multicast message:Network is unreachable
[gazebo-1] Exception sending a multicast message:Network is unreachable
[gazebo-1] Exception sending a multicast message:Network is unreachable
[gazebo-1] Exception sending a multicast message:Network is unreachable
[gazebo-1] Exception sending a multicast message:Network is unreachable
[gazebo-1] Exception sending a multicast message:Network is unreachable
[gazebo-1] Exception sending a multicast message:Network is unreachable
[gazebo-1] Exception sending a multicast message:Network is unreachable
[gazebo-1] Exception sending a multicast message:Network is unreachable
[gazebo-1] Exception sending a multicast message:Network is unreachable
[gazebo-1] Exception sending a multicast message:Network is unreachable
[gazebo-1] Exception sending a multicast message:Network is unreachable
[gazebo-1] Exception sending a multicast message:Network is unreachable
[gazebo-1] Exception sending a multicast message:Network is unreachable
[gazebo-1] Exception sending a multicast message:Network is unreachable
[rh_node-34] [INFO] [1789372655.934829352] [amr_4.rh_node]: [amr_4] Pruned expired reservations for peers: ['amr_0']
[gazebo-1] Exception sending a multicast message:Network is unreachable
[gazebo-1] Exception sending a multicast message:Network is unreachable
[gazebo-1] Exception sending a multicast message:Network is unreachable
[gazebo-1] Exception sending a multicast message:Network is unreachable
[gazebo-1] Exception sending a multicast message:Network is unreachable
[gazebo-1] Exception sending a multicast message:Network is unreachable
[gazebo-1] Exception sending a multicast message:Network is unreachable
[gazebo-1] Exception sending a multicast message:Network is unreachable
[gazebo-1] Exception sending a multicast message:Network is unreachable
[gazebo-1] Exception sending a multicast message:Network is unreachable
[gazebo-1] Exception sending a multicast message:Network is unreachable
[gazebo-1] Exception sending a multicast message:Network is unreachable
[gazebo-1] Exception sending a multicast message:Network is unreachable
[gazebo-1] Exception sending a multicast message:Network is unreachable
[gazebo-1] Exception sending a multicast message:Network is unreachable
[gazebo-1] Exception sending a multicast message:Network is unreachable
[gazebo-1] Exception sending a multicast message:Network is unreachable
[gazebo-1] Exception sending a multicast message:Network is unreachable
[gazebo-1] Exception sending a multicast message:Network is unreachable
[gazebo-1] Exception sending a multicast message:Network is unreachable
[gazebo-1] Exception sending a multicast message:Network is unreachable
[gazebo-1] Exception sending a multicast message:Network is unreachable
[gazebo-1] Exception sending a multicast message:Network is unreachable
[gazebo-1] Exception sending a multicast message:Network is unreachable
[gazebo-1] Exception sending a multicast message:Network is unreachable
[gazebo-1] Exception sending a multicast message:Network is unreachable
[gazebo-1] Exception sending a multicast message:Network is unreachable
[gazebo-1] Exception sending a multicast message:Network is unreachable
[gazebo-1] Exception sending a multicast message:Network is unreachable
[gazebo-1] Exception sending a multicast message:Network is unreachable
[gazebo-1] Exception sending a multicast message:Network is unreachable
[gazebo-1] Exception sending a multicast message:Network is unreachable
[gazebo-1] Exception sending a multicast message:Network is unreachable
[gazebo-1] Exception sending a multicast message:Network is unreachable
[gazebo-1] Exception sending a multicast message:Network is unreachable
[gazebo-1] Exception sending a multicast message:Network is unreachable
[gazebo-1] Exception sending a multicast message:Network is unreachable
[gazebo-1] Exception sending a multicast message:Network is unreachable
[gazebo-1] Exception sending a multicast message:Network is unreachable
[gazebo-1] Exception sending a multicast message:Network is unreachable
[gazebo-1] Exception sending a multicast message:Network is unreachable
[gazebo-1] Exception sending a multicast message:Network is unreachable
[gazebo-1] Exception sending a multicast message:Network is unreachable
[gazebo-1] Exception sending a multicast message:Network is unreachable
[gazebo-1] Exception sending a multicast message:Network is unreachable
[gazebo-1] Exception sending a multicast message:Network is unreachable
[gazebo-1] Exception sending a multicast message:Network is unreachable
[gazebo-1] Exception sending a multicast message:Network is unreachable
[gazebo-1] Exception sending a multicast message:Network is unreachable
[gazebo-1] Exception sending a multicast message:Network is unreachable
[gazebo-1] Exception sending a multicast message:Network is unreachable
[gazebo-1] Exception sending a multicast message:Network is unreachable
[gazebo-1] Exception sending a multicast message:Network is unreachable
[gazebo-1] Exception sending a multicast message:Network is unreachable
[parameter_bridge-22] Exception sending a multicast message:Network is unreachable
[parameter_bridge-22] Exception sending a multicast message:Network is unreachable
[parameter_bridge-22] Exception sending a multicast message:Network is unreachable
[rh_node-33] [INFO] [1789372655.984404853] [amr_3.rh_node]: [amr_3] Pruned expired reservations for peers: ['amr_0']
[rh_node-32] [INFO] [1789372655.989593854] [amr_2.rh_node]: [amr_2] Pruned expired reservations for peers: ['amr_0']
[parameter_bridge-6] Exception sending a multicast message:Network is unreachable
[parameter_bridge-6] Exception sending a multicast message:Network is unreachable
[parameter_bridge-6] Exception sending a multicast message:Network is unreachable
[rh_node-31] [INFO] [1789372656.295542329] [amr_1.rh_node]: [amr_1] Pruned expired reservations for peers: ['amr_0']
[rh_node-34] [INFO] [1789372656.435300811] [amr_4.rh_node]: [amr_4] Pruned expired reservations for peers: ['amr_0']
[rh_node-33] [INFO] [1789372656.484716910] [amr_3.rh_node]: [amr_3] Pruned expired reservations for peers: ['amr_0']
[rh_node-32] [INFO] [1789372656.488478779] [amr_2.rh_node]: [amr_2] Pruned expired reservations for peers: ['amr_0']
[parameter_bridge-10] Exception sending a multicast message:Network is unreachable
[parameter_bridge-10] Exception sending a multicast message:Network is unreachable
[parameter_bridge-10] Exception sending a multicast message:Network is unreachable
[parameter_bridge-18] Exception sending a multicast message:Network is unreachable
[parameter_bridge-18] Exception sending a multicast message:Network is unreachable
[parameter_bridge-18] Exception sending a multicast message:Network is unreachable
[rh_node-31] [INFO] [1789372656.795546749] [amr_1.rh_node]: [amr_1] Pruned expired reservations for peers: ['amr_0']
[parameter_bridge-2] Exception sending a multicast message:Network is unreachable
[parameter_bridge-2] Exception sending a multicast message:Network is unreachable
[parameter_bridge-14] Exception sending a multicast message:Network is unreachable
[parameter_bridge-14] Exception sending a multicast message:Network is unreachable
[parameter_bridge-14] Exception sending a multicast message:Network is unreachable
[gazebo-1] Exception sending a multicast message:Network is unreachable
[gazebo-1] Exception sending a multicast message:Network is unreachable
[gazebo-1] Exception sending a multicast message:Network is unreachable
[gazebo-1] Exception sending a multicast message:Network is unreachable
[gazebo-1] Exception sending a multicast message:Network is unreachable
[gazebo-1] Exception sending a multicast message:Network is unreachable
[gazebo-1] Exception sending a multicast message:Network is unreachable
[gazebo-1] Exception sending a multicast message:Network is unreachable
[gazebo-1] Exception sending a multicast message:Network is unreachable
[gazebo-1] Exception sending a multicast message:Network is unreachable
[gazebo-1] Exception sending a multicast message:Network is unreachable
[gazebo-1] Exception sending a multicast message:Network is unreachable
[gazebo-1] Exception sending a multicast message:Network is unreachable
[gazebo-1] Exception sending a multicast message:Network is unreachable
[gazebo-1] Exception sending a multicast message:Network is unreachable
[gazebo-1] Exception sending a multicast message:Network is unreachable
[gazebo-1] Exception sending a multicast message:Network is unreachable
[gazebo-1] Exception sending a multicast message:Network is unreachable
[gazebo-1] Exception sending a multicast message:Network is unreachable
[gazebo-1] Exception sending a multicast message:Network is unreachable
[gazebo-1] Exception sending a multicast message:Network is unreachable
[gazebo-1] Exception sending a multicast message:Network is unreachable
[gazebo-1] Exception sending a multicast message:Network is unreachable
[gazebo-1] Exception sending a multicast message:Network is unreachable
[gazebo-1] Exception sending a multicast message:Network is unreachable
[gazebo-1] Exception sending a multicast message:Network is unreachable
[gazebo-1] Exception sending a multicast message:Network is unreachable
[gazebo-1] Exception sending a multicast message:Network is unreachable
[gazebo-1] Exception sending a multicast message:Network is unreachable
[gazebo-1] Exception sending a multicast message:Network is unreachable
[gazebo-1] Exception sending a multicast message:Network is unreachable
[gazebo-1] Exception sending a multicast message:Network is unreachable
[gazebo-1] Exception sending a multicast message:Network is unreachable
[gazebo-1] Exception sending a multicast message:Network is unreachable
[gazebo-1] Exception sending a multicast message:Network is unreachable
[gazebo-1] Exception sending a multicast message:Network is unreachable
[gazebo-1] Exception sending a multicast message:Network is unreachable
[rh_node-34] [INFO] [1789372656.936178704] [amr_4.rh_node]: [amr_4] Pruned expired reservations for peers: ['amr_0']
[gazebo-1] Exception sending a multicast message:Network is unreachable
[gazebo-1] Exception sending a multicast message:Network is unreachable
[gazebo-1] Exception sending a multicast message:Network is unreachable
[gazebo-1] Exception sending a multicast message:Network is unreachable
[gazebo-1] Exception sending a multicast message:Network is unreachable
[gazebo-1] Exception sending a multicast message:Network is unreachable
[gazebo-1] Exception sending a multicast message:Network is unreachable
[gazebo-1] Exception sending a multicast message:Network is unreachable
[gazebo-1] Exception sending a multicast message:Network is unreachable
[gazebo-1] Exception sending a multicast message:Network is unreachable
[gazebo-1] Exception sending a multicast message:Network is unreachable
[gazebo-1] Exception sending a multicast message:Network is unreachable
[gazebo-1] Exception sending a multicast message:Network is unreachable
[gazebo-1] Exception sending a multicast message:Network is unreachable
[gazebo-1] Exception sending a multicast message:Network is unreachable
[gazebo-1] Exception sending a multicast message:Network is unreachable
[gazebo-1] Exception sending a multicast message:Network is unreachable
[gazebo-1] Exception sending a multicast message:Network is unreachable
[gazebo-1] Exception sending a multicast message:Network is unreachable
[gazebo-1] Exception sending a multicast message:Network is unreachable
[gazebo-1] Exception sending a multicast message:Network is unreachable
[gazebo-1] Exception sending a multicast message:Network is unreachable
[gazebo-1] Exception sending a multicast message:Network is unreachable
[gazebo-1] Exception sending a multicast message:Network is unreachable
[gazebo-1] Exception sending a multicast message:Network is unreachable
[gazebo-1] Exception sending a multicast message:Network is unreachable
[gazebo-1] Exception sending a multicast message:Network is unreachable
[gazebo-1] Exception sending a multicast message:Network is unreachable
[gazebo-1] Exception sending a multicast message:Network is unreachable
[gazebo-1] Exception sending a multicast message:Network is unreachable
[gazebo-1] Exception sending a multicast message:Network is unreachable
[gazebo-1] Exception sending a multicast message:Network is unreachable
[gazebo-1] Exception sending a multicast message:Network is unreachable
[gazebo-1] Exception sending a multicast message:Network is unreachable
[gazebo-1] Exception sending a multicast message:Network is unreachable
[gazebo-1] Exception sending a multicast message:Network is unreachable
[gazebo-1] Exception sending a multicast message:Network is unreachable
[gazebo-1] Exception sending a multicast message:Network is unreachable
[gazebo-1] Exception sending a multicast message:Network is unreachable
[gazebo-1] Exception sending a multicast message:Network is unreachable
[gazebo-1] Exception sending a multicast message:Network is unreachable
[gazebo-1] Exception sending a multicast message:Network is unreachable
[gazebo-1] Exception sending a multicast message:Network is unreachable
[gazebo-1] Exception sending a multicast message:Network is unreachable
[gazebo-1] Exception sending a multicast message:Network is unreachable
[gazebo-1] Exception sending a multicast message:Network is unreachable
[gazebo-1] Exception sending a multicast message:Network is unreachable
[gazebo-1] Exception sending a multicast message:Network is unreachable
[gazebo-1] Exception sending a multicast message:Network is unreachable
[gazebo-1] Exception sending a multicast message:Network is unreachable
[gazebo-1] Exception sending a multicast message:Network is unreachable
[gazebo-1] Exception sending a multicast message:Network is unreachable
[gazebo-1] Exception sending a multicast message:Network is unreachable
[gazebo-1] Exception sending a multicast message:Network is unreachable
[parameter_bridge-22] Exception sending a multicast message:Network is unreachable
[parameter_bridge-22] Exception sending a multicast message:Network is unreachable
[parameter_bridge-22] Exception sending a multicast message:Network is unreachable
[rh_node-33] [INFO] [1789372656.984307668] [amr_3.rh_node]: [amr_3] Pruned expired reservations for peers: ['amr_0']
[rh_node-32] [INFO] [1789372656.990385726] [amr_2.rh_node]: [amr_2] Pruned expired reservations for peers: ['amr_0']
[parameter_bridge-6] Exception sending a multicast message:Network is unreachable
[parameter_bridge-6] Exception sending a multicast message:Network is unreachable
[parameter_bridge-6] Exception sending a multicast message:Network is unreachable
[rh_node-31] [INFO] [1789372657.297082496] [amr_1.rh_node]: [amr_1] Pruned expired reservations for peers: ['amr_0']
[rh_node-34] [INFO] [1789372657.435212223] [amr_4.rh_node]: [amr_4] Pruned expired reservations for peers: ['amr_0']
[rh_node-33] [INFO] [1789372657.483671174] [amr_3.rh_node]: [amr_3] Pruned expired reservations for peers: ['amr_0']
[rh_node-32] [INFO] [1789372657.488446687] [amr_2.rh_node]: [amr_2] Pruned expired reservations for peers: ['amr_0']
[parameter_bridge-10] Exception sending a multicast message:Network is unreachable
[parameter_bridge-10] Exception sending a multicast message:Network is unreachable
[parameter_bridge-10] Exception sending a multicast message:Network is unreachable
[parameter_bridge-18] Exception sending a multicast message:Network is unreachable
[parameter_bridge-18] Exception sending a multicast message:Network is unreachable
[parameter_bridge-18] Exception sending a multicast message:Network is unreachable
[rh_node-31] [INFO] [1789372657.795526208] [amr_1.rh_node]: [amr_1] Pruned expired reservations for peers: ['amr_0']
[parameter_bridge-2] Exception sending a multicast message:Network is unreachable
[parameter_bridge-2] Exception sending a multicast message:Network is unreachable
[parameter_bridge-14] Exception sending a multicast message:Network is unreachable
[parameter_bridge-14] Exception sending a multicast message:Network is unreachable
[parameter_bridge-14] Exception sending a multicast message:Network is unreachable
[gazebo-1] Exception sending a multicast message:Network is unreachable
[gazebo-1] Exception sending a multicast message:Network is unreachable
[gazebo-1] Exception sending a multicast message:Network is unreachable
[gazebo-1] Exception sending a multicast message:Network is unreachable
[gazebo-1] Exception sending a multicast message:Network is unreachable
[gazebo-1] Exception sending a multicast message:Network is unreachable
[gazebo-1] Exception sending a multicast message:Network is unreachable
[gazebo-1] Exception sending a multicast message:Network is unreachable
[gazebo-1] Exception sending a multicast message:Network is unreachable
[gazebo-1] Exception sending a multicast message:Network is unreachable
[gazebo-1] Exception sending a multicast message:Network is unreachable
[gazebo-1] Exception sending a multicast message:Network is unreachable
[gazebo-1] Exception sending a multicast message:Network is unreachable
[gazebo-1] Exception sending a multicast message:Network is unreachable
[gazebo-1] Exception sending a multicast message:Network is unreachable
[gazebo-1] Exception sending a multicast message:Network is unreachable
[gazebo-1] Exception sending a multicast message:Network is unreachable
[gazebo-1] Exception sending a multicast message:Network is unreachable
[gazebo-1] Exception sending a multicast message:Network is unreachable
[gazebo-1] Exception sending a multicast message:Network is unreachable
[gazebo-1] Exception sending a multicast message:Network is unreachable
[gazebo-1] Exception sending a multicast message:Network is unreachable
[gazebo-1] Exception sending a multicast message:Network is unreachable
[gazebo-1] Exception sending a multicast message:Network is unreachable
[gazebo-1] Exception sending a multicast message:Network is unreachable
[gazebo-1] Exception sending a multicast message:Network is unreachable
[gazebo-1] Exception sending a multicast message:Network is unreachable
[gazebo-1] Exception sending a multicast message:Network is unreachable
[gazebo-1] Exception sending a multicast message:Network is unreachable
[gazebo-1] Exception sending a multicast message:Network is unreachable
[gazebo-1] Exception sending a multicast message:Network is unreachable
[gazebo-1] Exception sending a multicast message:Network is unreachable
[gazebo-1] Exception sending a multicast message:Network is unreachable
[gazebo-1] Exception sending a multicast message:Network is unreachable
[gazebo-1] Exception sending a multicast message:Network is unreachable
[gazebo-1] Exception sending a multicast message:Network is unreachable
[gazebo-1] Exception sending a multicast message:Network is unreachable
[rh_node-34] [INFO] [1789372657.935358612] [amr_4.rh_node]: [amr_4] Pruned expired reservations for peers: ['amr_0']
[gazebo-1] Exception sending a multicast message:Network is unreachable
[gazebo-1] Exception sending a multicast message:Network is unreachable
[gazebo-1] Exception sending a multicast message:Network is unreachable
[gazebo-1] Exception sending a multicast message:Network is unreachable
[gazebo-1] Exception sending a multicast message:Network is unreachable
[gazebo-1] Exception sending a multicast message:Network is unreachable
[gazebo-1] Exception sending a multicast message:Network is unreachable
[gazebo-1] Exception sending a multicast message:Network is unreachable
[gazebo-1] Exception sending a multicast message:Network is unreachable
[gazebo-1] Exception sending a multicast message:Network is unreachable
[gazebo-1] Exception sending a multicast message:Network is unreachable
[gazebo-1] Exception sending a multicast message:Network is unreachable
[gazebo-1] Exception sending a multicast message:Network is unreachable
[gazebo-1] Exception sending a multicast message:Network is unreachable
[gazebo-1] Exception sending a multicast message:Network is unreachable
[gazebo-1] Exception sending a multicast message:Network is unreachable
[gazebo-1] Exception sending a multicast message:Network is unreachable
[gazebo-1] Exception sending a multicast message:Network is unreachable
[gazebo-1] Exception sending a multicast message:Network is unreachable
[gazebo-1] Exception sending a multicast message:Network is unreachable
[gazebo-1] Exception sending a multicast message:Network is unreachable
[gazebo-1] Exception sending a multicast message:Network is unreachable
[gazebo-1] Exception sending a multicast message:Network is unreachable
[gazebo-1] Exception sending a multicast message:Network is unreachable
[gazebo-1] Exception sending a multicast message:Network is unreachable
[gazebo-1] Exception sending a multicast message:Network is unreachable
[gazebo-1] Exception sending a multicast message:Network is unreachable
[gazebo-1] Exception sending a multicast message:Network is unreachable
[gazebo-1] Exception sending a multicast message:Network is unreachable
[gazebo-1] Exception sending a multicast message:Network is unreachable
[gazebo-1] Exception sending a multicast message:Network is unreachable
[gazebo-1] Exception sending a multicast message:Network is unreachable
[gazebo-1] Exception sending a multicast message:Network is unreachable
[gazebo-1] Exception sending a multicast message:Network is unreachable
[gazebo-1] Exception sending a multicast message:Network is unreachable
[gazebo-1] Exception sending a multicast message:Network is unreachable
[gazebo-1] Exception sending a multicast message:Network is unreachable
[gazebo-1] Exception sending a multicast message:Network is unreachable
[gazebo-1] Exception sending a multicast message:Network is unreachable
[gazebo-1] Exception sending a multicast message:Network is unreachable
[gazebo-1] Exception sending a multicast message:Network is unreachable
[gazebo-1] Exception sending a multicast message:Network is unreachable
[gazebo-1] Exception sending a multicast message:Network is unreachable
[gazebo-1] Exception sending a multicast message:Network is unreachable
[gazebo-1] Exception sending a multicast message:Network is unreachable
[gazebo-1] Exception sending a multicast message:Network is unreachable
[gazebo-1] Exception sending a multicast message:Network is unreachable
[gazebo-1] Exception sending a multicast message:Network is unreachable
[gazebo-1] Exception sending a multicast message:Network is unreachable
[gazebo-1] Exception sending a multicast message:Network is unreachable
[gazebo-1] Exception sending a multicast message:Network is unreachable
[gazebo-1] Exception sending a multicast message:Network is unreachable
[gazebo-1] Exception sending a multicast message:Network is unreachable
[gazebo-1] Exception sending a multicast message:Network is unreachable
[parameter_bridge-22] Exception sending a multicast message:Network is unreachable
[parameter_bridge-22] Exception sending a multicast message:Network is unreachable
[parameter_bridge-22] Exception sending a multicast message:Network is unreachable
[rh_node-33] [INFO] [1789372657.984561866] [amr_3.rh_node]: [amr_3] Pruned expired reservations for peers: ['amr_0']
[rh_node-32] [INFO] [1789372657.988405931] [amr_2.rh_node]: [amr_2] Pruned expired reservations for peers: ['amr_0']
[parameter_bridge-6] Exception sending a multicast message:Network is unreachable
[parameter_bridge-6] Exception sending a multicast message:Network is unreachable
[parameter_bridge-6] Exception sending a multicast message:Network is unreachable
[rh_node-31] [INFO] [1789372658.296947220] [amr_1.rh_node]: [amr_1] Pruned expired reservations for peers: ['amr_0']
[rh_node-34] [INFO] [1789372658.435086077] [amr_4.rh_node]: [amr_4] Pruned expired reservations for peers: ['amr_0']
[rh_node-33] [INFO] [1789372658.483628638] [amr_3.rh_node]: [amr_3] Pruned expired reservations for peers: ['amr_0']
[rh_node-32] [INFO] [1789372658.489458631] [amr_2.rh_node]: [amr_2] Pruned expired reservations for peers: ['amr_0']
[parameter_bridge-10] Exception sending a multicast message:Network is unreachable
[parameter_bridge-10] Exception sending a multicast message:Network is unreachable
[parameter_bridge-10] Exception sending a multicast message:Network is unreachable
[parameter_bridge-18] Exception sending a multicast message:Network is unreachable
[parameter_bridge-18] Exception sending a multicast message:Network is unreachable
[parameter_bridge-18] Exception sending a multicast message:Network is unreachable
[rh_node-31] [INFO] [1789372658.795907411] [amr_1.rh_node]: [amr_1] Pruned expired reservations for peers: ['amr_0']
[parameter_bridge-2] Exception sending a multicast message:Network is unreachable
[parameter_bridge-2] Exception sending a multicast message:Network is unreachable
[parameter_bridge-14] Exception sending a multicast message:Network is unreachable
[parameter_bridge-14] Exception sending a multicast message:Network is unreachable
[parameter_bridge-14] Exception sending a multicast message:Network is unreachable
[gazebo-1] Exception sending a multicast message:Network is unreachable
[gazebo-1] Exception sending a multicast message:Network is unreachable
[gazebo-1] Exception sending a multicast message:Network is unreachable
[gazebo-1] Exception sending a multicast message:Network is unreachable
[gazebo-1] Exception sending a multicast message:Network is unreachable
[gazebo-1] Exception sending a multicast message:Network is unreachable
[gazebo-1] Exception sending a multicast message:Network is unreachable
[gazebo-1] Exception sending a multicast message:Network is unreachable
[gazebo-1] Exception sending a multicast message:Network is unreachable
[gazebo-1] Exception sending a multicast message:Network is unreachable
[gazebo-1] Exception sending a multicast message:Network is unreachable
[gazebo-1] Exception sending a multicast message:Network is unreachable
[gazebo-1] Exception sending a multicast message:Network is unreachable
[gazebo-1] Exception sending a multicast message:Network is unreachable
[gazebo-1] Exception sending a multicast message:Network is unreachable
[gazebo-1] Exception sending a multicast message:Network is unreachable
[gazebo-1] Exception sending a multicast message:Network is unreachable
[gazebo-1] Exception sending a multicast message:Network is unreachable
[gazebo-1] Exception sending a multicast message:Network is unreachable
[gazebo-1] Exception sending a multicast message:Network is unreachable
[gazebo-1] Exception sending a multicast message:Network is unreachable
[gazebo-1] Exception sending a multicast message:Network is unreachable
[gazebo-1] Exception sending a multicast message:Network is unreachable
[gazebo-1] Exception sending a multicast message:Network is unreachable
[gazebo-1] Exception sending a multicast message:Network is unreachable
[gazebo-1] Exception sending a multicast message:Network is unreachable
[gazebo-1] Exception sending a multicast message:Network is unreachable
[gazebo-1] Exception sending a multicast message:Network is unreachable
[gazebo-1] Exception sending a multicast message:Network is unreachable
[gazebo-1] Exception sending a multicast message:Network is unreachable
[gazebo-1] Exception sending a multicast message:Network is unreachable
[gazebo-1] Exception sending a multicast message:Network is unreachable
[gazebo-1] Exception sending a multicast message:Network is unreachable
[gazebo-1] Exception sending a multicast message:Network is unreachable
[gazebo-1] Exception sending a multicast message:Network is unreachable
[gazebo-1] Exception sending a multicast message:Network is unreachable
[gazebo-1] Exception sending a multicast message:Network is unreachable
[rh_node-34] [INFO] [1789372658.935861552] [amr_4.rh_node]: [amr_4] Pruned expired reservations for peers: ['amr_0']
[gazebo-1] Exception sending a multicast message:Network is unreachable
[gazebo-1] Exception sending a multicast message:Network is unreachable
[gazebo-1] Exception sending a multicast message:Network is unreachable
[gazebo-1] Exception sending a multicast message:Network is unreachable
[gazebo-1] Exception sending a multicast message:Network is unreachable
[gazebo-1] Exception sending a multicast message:Network is unreachable
[gazebo-1] Exception sending a multicast message:Network is unreachable
[gazebo-1] Exception sending a multicast message:Network is unreachable
[gazebo-1] Exception sending a multicast message:Network is unreachable
[gazebo-1] Exception sending a multicast message:Network is unreachable
[gazebo-1] Exception sending a multicast message:Network is unreachable
[gazebo-1] Exception sending a multicast message:Network is unreachable
[gazebo-1] Exception sending a multicast message:Network is unreachable
[gazebo-1] Exception sending a multicast message:Network is unreachable
[gazebo-1] Exception sending a multicast message:Network is unreachable
[gazebo-1] Exception sending a multicast message:Network is unreachable
[gazebo-1] Exception sending a multicast message:Network is unreachable
[gazebo-1] Exception sending a multicast message:Network is unreachable
[gazebo-1] Exception sending a multicast message:Network is unreachable
[gazebo-1] Exception sending a multicast message:Network is unreachable
[gazebo-1] Exception sending a multicast message:Network is unreachable
[gazebo-1] Exception sending a multicast message:Network is unreachable
[gazebo-1] Exception sending a multicast message:Network is unreachable
[gazebo-1] Exception sending a multicast message:Network is unreachable
[gazebo-1] Exception sending a multicast message:Network is unreachable
[gazebo-1] Exception sending a multicast message:Network is unreachable
[gazebo-1] Exception sending a multicast message:Network is unreachable
[gazebo-1] Exception sending a multicast message:Network is unreachable
[gazebo-1] Exception sending a multicast message:Network is unreachable
[gazebo-1] Exception sending a multicast message:Network is unreachable
[gazebo-1] Exception sending a multicast message:Network is unreachable
[gazebo-1] Exception sending a multicast message:Network is unreachable
[gazebo-1] Exception sending a multicast message:Network is unreachable
[gazebo-1] Exception sending a multicast message:Network is unreachable
[gazebo-1] Exception sending a multicast message:Network is unreachable
[gazebo-1] Exception sending a multicast message:Network is unreachable
[gazebo-1] Exception sending a multicast message:Network is unreachable
[gazebo-1] Exception sending a multicast message:Network is unreachable
[gazebo-1] Exception sending a multicast message:Network is unreachable
[gazebo-1] Exception sending a multicast message:Network is unreachable
[gazebo-1] Exception sending a multicast message:Network is unreachable
[gazebo-1] Exception sending a multicast message:Network is unreachable
[gazebo-1] Exception sending a multicast message:Network is unreachable
[gazebo-1] Exception sending a multicast message:Network is unreachable
[gazebo-1] Exception sending a multicast message:Network is unreachable
[gazebo-1] Exception sending a multicast message:Network is unreachable
[gazebo-1] Exception sending a multicast message:Network is unreachable
[gazebo-1] Exception sending a multicast message:Network is unreachable
[gazebo-1] Exception sending a multicast message:Network is unreachable
[gazebo-1] Exception sending a multicast message:Network is unreachable
[gazebo-1] Exception sending a multicast message:Network is unreachable
[gazebo-1] Exception sending a multicast message:Network is unreachable
[gazebo-1] Exception sending a multicast message:Network is unreachable
[gazebo-1] Exception sending a multicast message:Network is unreachable
[parameter_bridge-22] Exception sending a multicast message:Network is unreachable
[parameter_bridge-22] Exception sending a multicast message:Network is unreachable
[parameter_bridge-22] Exception sending a multicast message:Network is unreachable
[rh_node-33] [INFO] [1789372658.983713566] [amr_3.rh_node]: [amr_3] Pruned expired reservations for peers: ['amr_0']
[rh_node-32] [INFO] [1789372658.989412145] [amr_2.rh_node]: [amr_2] Pruned expired reservations for peers: ['amr_0']
[parameter_bridge-6] Exception sending a multicast message:Network is unreachable
[parameter_bridge-6] Exception sending a multicast message:Network is unreachable
[parameter_bridge-6] Exception sending a multicast message:Network is unreachable
[rh_node-31] [INFO] [1789372659.296022063] [amr_1.rh_node]: [amr_1] Pruned expired reservations for peers: ['amr_0']
[rh_node-34] [INFO] [1789372659.434791862] [amr_4.rh_node]: [amr_4] Pruned expired reservations for peers: ['amr_0']
[rh_node-33] [INFO] [1789372659.483647993] [amr_3.rh_node]: [amr_3] Pruned expired reservations for peers: ['amr_0']
[rh_node-32] [INFO] [1789372659.489619528] [amr_2.rh_node]: [amr_2] Pruned expired reservations for peers: ['amr_0']
[parameter_bridge-10] Exception sending a multicast message:Network is unreachable
[parameter_bridge-10] Exception sending a multicast message:Network is unreachable
[parameter_bridge-10] Exception sending a multicast message:Network is unreachable
[parameter_bridge-18] Exception sending a multicast message:Network is unreachable
[parameter_bridge-18] Exception sending a multicast message:Network is unreachable
[parameter_bridge-18] Exception sending a multicast message:Network is unreachable
[rh_node-31] [INFO] [1789372659.796434270] [amr_1.rh_node]: [amr_1] Pruned expired reservations for peers: ['amr_0']
[parameter_bridge-2] Exception sending a multicast message:Network is unreachable
[parameter_bridge-2] Exception sending a multicast message:Network is unreachable
[parameter_bridge-14] Exception sending a multicast message:Network is unreachable
[parameter_bridge-14] Exception sending a multicast message:Network is unreachable
[parameter_bridge-14] Exception sending a multicast message:Network is unreachable
[gazebo-1] Exception sending a multicast message:Network is unreachable
[gazebo-1] Exception sending a multicast message:Network is unreachable
[gazebo-1] Exception sending a multicast message:Network is unreachable
[gazebo-1] Exception sending a multicast message:Network is unreachable
[gazebo-1] Exception sending a multicast message:Network is unreachable
[gazebo-1] Exception sending a multicast message:Network is unreachable
[gazebo-1] Exception sending a multicast message:Network is unreachable
[gazebo-1] Exception sending a multicast message:Network is unreachable
[gazebo-1] Exception sending a multicast message:Network is unreachable
[gazebo-1] Exception sending a multicast message:Network is unreachable
[gazebo-1] Exception sending a multicast message:Network is unreachable
[gazebo-1] Exception sending a multicast message:Network is unreachable
[gazebo-1] Exception sending a multicast message:Network is unreachable
[gazebo-1] Exception sending a multicast message:Network is unreachable
[gazebo-1] Exception sending a multicast message:Network is unreachable
[gazebo-1] Exception sending a multicast message:Network is unreachable
[gazebo-1] Exception sending a multicast message:Network is unreachable
[gazebo-1] Exception sending a multicast message:Network is unreachable
[gazebo-1] Exception sending a multicast message:Network is unreachable
[gazebo-1] Exception sending a multicast message:Network is unreachable
[gazebo-1] Exception sending a multicast message:Network is unreachable
[gazebo-1] Exception sending a multicast message:Network is unreachable
[gazebo-1] Exception sending a multicast message:Network is unreachable
[gazebo-1] Exception sending a multicast message:Network is unreachable
[gazebo-1] Exception sending a multicast message:Network is unreachable
[gazebo-1] Exception sending a multicast message:Network is unreachable
[gazebo-1] Exception sending a multicast message:Network is unreachable
[gazebo-1] Exception sending a multicast message:Network is unreachable
[gazebo-1] Exception sending a multicast message:Network is unreachable
[gazebo-1] Exception sending a multicast message:Network is unreachable
[gazebo-1] Exception sending a multicast message:Network is unreachable
[gazebo-1] Exception sending a multicast message:Network is unreachable
[gazebo-1] Exception sending a multicast message:Network is unreachable
[gazebo-1] Exception sending a multicast message:Network is unreachable
[gazebo-1] Exception sending a multicast message:Network is unreachable
[gazebo-1] Exception sending a multicast message:Network is unreachable
[gazebo-1] Exception sending a multicast message:Network is unreachable
[rh_node-34] [INFO] [1789372659.934939394] [amr_4.rh_node]: [amr_4] Pruned expired reservations for peers: ['amr_0']
[gazebo-1] Exception sending a multicast message:Network is unreachable
[gazebo-1] Exception sending a multicast message:Network is unreachable
[gazebo-1] Exception sending a multicast message:Network is unreachable
[gazebo-1] Exception sending a multicast message:Network is unreachable
[gazebo-1] Exception sending a multicast message:Network is unreachable
[gazebo-1] Exception sending a multicast message:Network is unreachable
[gazebo-1] Exception sending a multicast message:Network is unreachable
[gazebo-1] Exception sending a multicast message:Network is unreachable
[gazebo-1] Exception sending a multicast message:Network is unreachable
[gazebo-1] Exception sending a multicast message:Network is unreachable
[gazebo-1] Exception sending a multicast message:Network is unreachable
[gazebo-1] Exception sending a multicast message:Network is unreachable
[gazebo-1] Exception sending a multicast message:Network is unreachable
[gazebo-1] Exception sending a multicast message:Network is unreachable
[gazebo-1] Exception sending a multicast message:Network is unreachable
[gazebo-1] Exception sending a multicast message:Network is unreachable
[gazebo-1] Exception sending a multicast message:Network is unreachable
[gazebo-1] Exception sending a multicast message:Network is unreachable
[gazebo-1] Exception sending a multicast message:Network is unreachable
[gazebo-1] Exception sending a multicast message:Network is unreachable
[gazebo-1] Exception sending a multicast message:Network is unreachable
[gazebo-1] Exception sending a multicast message:Network is unreachable
[gazebo-1] Exception sending a multicast message:Network is unreachable
[gazebo-1] Exception sending a multicast message:Network is unreachable
[gazebo-1] Exception sending a multicast message:Network is unreachable
[gazebo-1] Exception sending a multicast message:Network is unreachable
[gazebo-1] Exception sending a multicast message:Network is unreachable
[gazebo-1] Exception sending a multicast message:Network is unreachable
[gazebo-1] Exception sending a multicast message:Network is unreachable
[gazebo-1] Exception sending a multicast message:Network is unreachable
[gazebo-1] Exception sending a multicast message:Network is unreachable
[gazebo-1] Exception sending a multicast message:Network is unreachable
[gazebo-1] Exception sending a multicast message:Network is unreachable
[gazebo-1] Exception sending a multicast message:Network is unreachable
[gazebo-1] Exception sending a multicast message:Network is unreachable
[gazebo-1] Exception sending a multicast message:Network is unreachable
[gazebo-1] Exception sending a multicast message:Network is unreachable
[gazebo-1] Exception sending a multicast message:Network is unreachable
[gazebo-1] Exception sending a multicast message:Network is unreachable
[gazebo-1] Exception sending a multicast message:Network is unreachable
[gazebo-1] Exception sending a multicast message:Network is unreachable
[gazebo-1] Exception sending a multicast message:Network is unreachable
[gazebo-1] Exception sending a multicast message:Network is unreachable
[gazebo-1] Exception sending a multicast message:Network is unreachable
[gazebo-1] Exception sending a multicast message:Network is unreachable
[gazebo-1] Exception sending a multicast message:Network is unreachable
[gazebo-1] Exception sending a multicast message:Network is unreachable
[gazebo-1] Exception sending a multicast message:Network is unreachable
[gazebo-1] Exception sending a multicast message:Network is unreachable
[gazebo-1] Exception sending a multicast message:Network is unreachable
[gazebo-1] Exception sending a multicast message:Network is unreachable
[gazebo-1] Exception sending a multicast message:Network is unreachable
[gazebo-1] Exception sending a multicast message:Network is unreachable
[gazebo-1] Exception sending a multicast message:Network is unreachable
[parameter_bridge-22] Exception sending a multicast message:Network is unreachable
[parameter_bridge-22] Exception sending a multicast message:Network is unreachable
[parameter_bridge-22] Exception sending a multicast message:Network is unreachable
[rh_node-33] [INFO] [1789372659.983666736] [amr_3.rh_node]: [amr_3] Pruned expired reservations for peers: ['amr_0']
[rh_node-32] [INFO] [1789372659.988515423] [amr_2.rh_node]: [amr_2] Pruned expired reservations for peers: ['amr_0']
[parameter_bridge-6] Exception sending a multicast message:Network is unreachable
[parameter_bridge-6] Exception sending a multicast message:Network is unreachable
[parameter_bridge-6] Exception sending a multicast message:Network is unreachable
[rh_node-31] [INFO] [1789372660.295663060] [amr_1.rh_node]: [amr_1] Pruned expired reservations for peers: ['amr_0']
[rh_node-34] [INFO] [1789372660.434732112] [amr_4.rh_node]: [amr_4] Pruned expired reservations for peers: ['amr_0']
[rh_node-33] [INFO] [1789372660.483684961] [amr_3.rh_node]: [amr_3] Pruned expired reservations for peers: ['amr_0']
[rh_node-32] [INFO] [1789372660.488416672] [amr_2.rh_node]: [amr_2] Pruned expired reservations for peers: ['amr_0']
[parameter_bridge-10] Exception sending a multicast message:Network is unreachable
[parameter_bridge-10] Exception sending a multicast message:Network is unreachable
[parameter_bridge-10] Exception sending a multicast message:Network is unreachable
[parameter_bridge-18] Exception sending a multicast message:Network is unreachable
[parameter_bridge-18] Exception sending a multicast message:Network is unreachable
[parameter_bridge-18] Exception sending a multicast message:Network is unreachable
[rh_node-31] [INFO] [1789372660.795519822] [amr_1.rh_node]: [amr_1] Pruned expired reservations for peers: ['amr_0']
[parameter_bridge-2] Exception sending a multicast message:Network is unreachable
[parameter_bridge-2] Exception sending a multicast message:Network is unreachable
[parameter_bridge-14] Exception sending a multicast message:Network is unreachable
[parameter_bridge-14] Exception sending a multicast message:Network is unreachable
[parameter_bridge-14] Exception sending a multicast message:Network is unreachable
[gazebo-1] Exception sending a multicast message:Network is unreachable
[gazebo-1] Exception sending a multicast message:Network is unreachable
[gazebo-1] Exception sending a multicast message:Network is unreachable
[gazebo-1] Exception sending a multicast message:Network is unreachable
[gazebo-1] Exception sending a multicast message:Network is unreachable
[gazebo-1] Exception sending a multicast message:Network is unreachable
[gazebo-1] Exception sending a multicast message:Network is unreachable
[gazebo-1] Exception sending a multicast message:Network is unreachable
[gazebo-1] Exception sending a multicast message:Network is unreachable
[gazebo-1] Exception sending a multicast message:Network is unreachable
[gazebo-1] Exception sending a multicast message:Network is unreachable
[gazebo-1] Exception sending a multicast message:Network is unreachable
[gazebo-1] Exception sending a multicast message:Network is unreachable
[gazebo-1] Exception sending a multicast message:Network is unreachable
[gazebo-1] Exception sending a multicast message:Network is unreachable
[gazebo-1] Exception sending a multicast message:Network is unreachable
[gazebo-1] Exception sending a multicast message:Network is unreachable
[gazebo-1] Exception sending a multicast message:Network is unreachable
[gazebo-1] Exception sending a multicast message:Network is unreachable
[gazebo-1] Exception sending a multicast message:Network is unreachable
[gazebo-1] Exception sending a multicast message:Network is unreachable
[gazebo-1] Exception sending a multicast message:Network is unreachable
[gazebo-1] Exception sending a multicast message:Network is unreachable
[gazebo-1] Exception sending a multicast message:Network is unreachable
[gazebo-1] Exception sending a multicast message:Network is unreachable
[gazebo-1] Exception sending a multicast message:Network is unreachable
[gazebo-1] Exception sending a multicast message:Network is unreachable
[gazebo-1] Exception sending a multicast message:Network is unreachable
[gazebo-1] Exception sending a multicast message:Network is unreachable
[gazebo-1] Exception sending a multicast message:Network is unreachable
[gazebo-1] Exception sending a multicast message:Network is unreachable
[gazebo-1] Exception sending a multicast message:Network is unreachable
[gazebo-1] Exception sending a multicast message:Network is unreachable
[gazebo-1] Exception sending a multicast message:Network is unreachable
[gazebo-1] Exception sending a multicast message:Network is unreachable
[gazebo-1] Exception sending a multicast message:Network is unreachable
[gazebo-1] Exception sending a multicast message:Network is unreachable
[rh_node-34] [INFO] [1789372660.935257524] [amr_4.rh_node]: [amr_4] Pruned expired reservations for peers: ['amr_0']
[gazebo-1] Exception sending a multicast message:Network is unreachable
[gazebo-1] Exception sending a multicast message:Network is unreachable
[gazebo-1] Exception sending a multicast message:Network is unreachable
[gazebo-1] Exception sending a multicast message:Network is unreachable
[gazebo-1] Exception sending a multicast message:Network is unreachable
[gazebo-1] Exception sending a multicast message:Network is unreachable
[gazebo-1] Exception sending a multicast message:Network is unreachable
[gazebo-1] Exception sending a multicast message:Network is unreachable
[gazebo-1] Exception sending a multicast message:Network is unreachable
[gazebo-1] Exception sending a multicast message:Network is unreachable
[gazebo-1] Exception sending a multicast message:Network is unreachable
[gazebo-1] Exception sending a multicast message:Network is unreachable
[gazebo-1] Exception sending a multicast message:Network is unreachable
[gazebo-1] Exception sending a multicast message:Network is unreachable
[gazebo-1] Exception sending a multicast message:Network is unreachable
[gazebo-1] Exception sending a multicast message:Network is unreachable
[gazebo-1] Exception sending a multicast message:Network is unreachable
[gazebo-1] Exception sending a multicast message:Network is unreachable
[gazebo-1] Exception sending a multicast message:Network is unreachable
[gazebo-1] Exception sending a multicast message:Network is unreachable
[gazebo-1] Exception sending a multicast message:Network is unreachable
[gazebo-1] Exception sending a multicast message:Network is unreachable
[gazebo-1] Exception sending a multicast message:Network is unreachable
[gazebo-1] Exception sending a multicast message:Network is unreachable
[gazebo-1] Exception sending a multicast message:Network is unreachable
[gazebo-1] Exception sending a multicast message:Network is unreachable
[gazebo-1] Exception sending a multicast message:Network is unreachable
[gazebo-1] Exception sending a multicast message:Network is unreachable
[gazebo-1] Exception sending a multicast message:Network is unreachable
[gazebo-1] Exception sending a multicast message:Network is unreachable
[gazebo-1] Exception sending a multicast message:Network is unreachable
[gazebo-1] Exception sending a multicast message:Network is unreachable
[gazebo-1] Exception sending a multicast message:Network is unreachable
[gazebo-1] Exception sending a multicast message:Network is unreachable
[gazebo-1] Exception sending a multicast message:Network is unreachable
[gazebo-1] Exception sending a multicast message:Network is unreachable
[gazebo-1] Exception sending a multicast message:Network is unreachable
[gazebo-1] Exception sending a multicast message:Network is unreachable
[gazebo-1] Exception sending a multicast message:Network is unreachable
[gazebo-1] Exception sending a multicast message:Network is unreachable
[gazebo-1] Exception sending a multicast message:Network is unreachable
[gazebo-1] Exception sending a multicast message:Network is unreachable
[gazebo-1] Exception sending a multicast message:Network is unreachable
[gazebo-1] Exception sending a multicast message:Network is unreachable
[gazebo-1] Exception sending a multicast message:Network is unreachable
[gazebo-1] Exception sending a multicast message:Network is unreachable
[gazebo-1] Exception sending a multicast message:Network is unreachable
[gazebo-1] Exception sending a multicast message:Network is unreachable
[gazebo-1] Exception sending a multicast message:Network is unreachable
[gazebo-1] Exception sending a multicast message:Network is unreachable
[gazebo-1] Exception sending a multicast message:Network is unreachable
[gazebo-1] Exception sending a multicast message:Network is unreachable
[gazebo-1] Exception sending a multicast message:Network is unreachable
[gazebo-1] Exception sending a multicast message:Network is unreachable
[parameter_bridge-22] Exception sending a multicast message:Network is unreachable
[parameter_bridge-22] Exception sending a multicast message:Network is unreachable
[parameter_bridge-22] Exception sending a multicast message:Network is unreachable
[rh_node-33] [INFO] [1789372660.985105407] [amr_3.rh_node]: [amr_3] Pruned expired reservations for peers: ['amr_0']
[rh_node-32] [INFO] [1789372660.988984837] [amr_2.rh_node]: [amr_2] Pruned expired reservations for peers: ['amr_0']
[parameter_bridge-6] Exception sending a multicast message:Network is unreachable
[parameter_bridge-6] Exception sending a multicast message:Network is unreachable
[parameter_bridge-6] Exception sending a multicast message:Network is unreachable
[rh_node-31] [INFO] [1789372661.297565276] [amr_1.rh_node]: [amr_1] Pruned expired reservations for peers: ['amr_0']
[rh_node-34] [INFO] [1789372661.434895003] [amr_4.rh_node]: [amr_4] Pruned expired reservations for peers: ['amr_0']
[rh_node-33] [INFO] [1789372661.485065225] [amr_3.rh_node]: [amr_3] Pruned expired reservations for peers: ['amr_0']
[rh_node-32] [INFO] [1789372661.488365940] [amr_2.rh_node]: [amr_2] Pruned expired reservations for peers: ['amr_0']
[parameter_bridge-10] Exception sending a multicast message:Network is unreachable
[parameter_bridge-10] Exception sending a multicast message:Network is unreachable
[parameter_bridge-10] Exception sending a multicast message:Network is unreachable
[parameter_bridge-18] Exception sending a multicast message:Network is unreachable
[parameter_bridge-18] Exception sending a multicast message:Network is unreachable
[parameter_bridge-18] Exception sending a multicast message:Network is unreachable
[rh_node-31] [INFO] [1789372661.796787987] [amr_1.rh_node]: [amr_1] Pruned expired reservations for peers: ['amr_0']
[parameter_bridge-2] Exception sending a multicast message:Network is unreachable
[parameter_bridge-2] Exception sending a multicast message:Network is unreachable
[parameter_bridge-14] Exception sending a multicast message:Network is unreachable
[parameter_bridge-14] Exception sending a multicast message:Network is unreachable
[parameter_bridge-14] Exception sending a multicast message:Network is unreachable
[gazebo-1] Exception sending a multicast message:Network is unreachable
[gazebo-1] Exception sending a multicast message:Network is unreachable
[gazebo-1] Exception sending a multicast message:Network is unreachable
[gazebo-1] Exception sending a multicast message:Network is unreachable
[gazebo-1] Exception sending a multicast message:Network is unreachable
[gazebo-1] Exception sending a multicast message:Network is unreachable
[gazebo-1] Exception sending a multicast message:Network is unreachable
[gazebo-1] Exception sending a multicast message:Network is unreachable
[gazebo-1] Exception sending a multicast message:Network is unreachable
[gazebo-1] Exception sending a multicast message:Network is unreachable
[gazebo-1] Exception sending a multicast message:Network is unreachable
[gazebo-1] Exception sending a multicast message:Network is unreachable
[gazebo-1] Exception sending a multicast message:Network is unreachable
[gazebo-1] Exception sending a multicast message:Network is unreachable
[gazebo-1] Exception sending a multicast message:Network is unreachable
[gazebo-1] Exception sending a multicast message:Network is unreachable
[gazebo-1] Exception sending a multicast message:Network is unreachable
[gazebo-1] Exception sending a multicast message:Network is unreachable
[gazebo-1] Exception sending a multicast message:Network is unreachable
[gazebo-1] Exception sending a multicast message:Network is unreachable
[gazebo-1] Exception sending a multicast message:Network is unreachable
[gazebo-1] Exception sending a multicast message:Network is unreachable
[gazebo-1] Exception sending a multicast message:Network is unreachable
[gazebo-1] Exception sending a multicast message:Network is unreachable
[gazebo-1] Exception sending a multicast message:Network is unreachable
[gazebo-1] Exception sending a multicast message:Network is unreachable
[gazebo-1] Exception sending a multicast message:Network is unreachable
[gazebo-1] Exception sending a multicast message:Network is unreachable
[gazebo-1] Exception sending a multicast message:Network is unreachable
[gazebo-1] Exception sending a multicast message:Network is unreachable
[gazebo-1] Exception sending a multicast message:Network is unreachable
[gazebo-1] Exception sending a multicast message:Network is unreachable
[gazebo-1] Exception sending a multicast message:Network is unreachable
[gazebo-1] Exception sending a multicast message:Network is unreachable
[gazebo-1] Exception sending a multicast message:Network is unreachable
[gazebo-1] Exception sending a multicast message:Network is unreachable
[gazebo-1] Exception sending a multicast message:Network is unreachable
[rh_node-34] [INFO] [1789372661.934736133] [amr_4.rh_node]: [amr_4] Pruned expired reservations for peers: ['amr_0']
[gazebo-1] Exception sending a multicast message:Network is unreachable
[gazebo-1] Exception sending a multicast message:Network is unreachable
[gazebo-1] Exception sending a multicast message:Network is unreachable
[gazebo-1] Exception sending a multicast message:Network is unreachable
[gazebo-1] Exception sending a multicast message:Network is unreachable
[gazebo-1] Exception sending a multicast message:Network is unreachable
[gazebo-1] Exception sending a multicast message:Network is unreachable
[gazebo-1] Exception sending a multicast message:Network is unreachable
[gazebo-1] Exception sending a multicast message:Network is unreachable
[gazebo-1] Exception sending a multicast message:Network is unreachable
[gazebo-1] Exception sending a multicast message:Network is unreachable
[gazebo-1] Exception sending a multicast message:Network is unreachable
[gazebo-1] Exception sending a multicast message:Network is unreachable
[gazebo-1] Exception sending a multicast message:Network is unreachable
[gazebo-1] Exception sending a multicast message:Network is unreachable
[gazebo-1] Exception sending a multicast message:Network is unreachable
[gazebo-1] Exception sending a multicast message:Network is unreachable
[gazebo-1] Exception sending a multicast message:Network is unreachable
[gazebo-1] Exception sending a multicast message:Network is unreachable
[gazebo-1] Exception sending a multicast message:Network is unreachable
[gazebo-1] Exception sending a multicast message:Network is unreachable
[gazebo-1] Exception sending a multicast message:Network is unreachable
[gazebo-1] Exception sending a multicast message:Network is unreachable
[gazebo-1] Exception sending a multicast message:Network is unreachable
[gazebo-1] Exception sending a multicast message:Network is unreachable
[gazebo-1] Exception sending a multicast message:Network is unreachable
[gazebo-1] Exception sending a multicast message:Network is unreachable
[gazebo-1] Exception sending a multicast message:Network is unreachable
[gazebo-1] Exception sending a multicast message:Network is unreachable
[gazebo-1] Exception sending a multicast message:Network is unreachable
[gazebo-1] Exception sending a multicast message:Network is unreachable
[gazebo-1] Exception sending a multicast message:Network is unreachable
[gazebo-1] Exception sending a multicast message:Network is unreachable
[gazebo-1] Exception sending a multicast message:Network is unreachable
[gazebo-1] Exception sending a multicast message:Network is unreachable
[gazebo-1] Exception sending a multicast message:Network is unreachable
[gazebo-1] Exception sending a multicast message:Network is unreachable
[gazebo-1] Exception sending a multicast message:Network is unreachable
[gazebo-1] Exception sending a multicast message:Network is unreachable
[gazebo-1] Exception sending a multicast message:Network is unreachable
[gazebo-1] Exception sending a multicast message:Network is unreachable
[gazebo-1] Exception sending a multicast message:Network is unreachable
[gazebo-1] Exception sending a multicast message:Network is unreachable
[gazebo-1] Exception sending a multicast message:Network is unreachable
[gazebo-1] Exception sending a multicast message:Network is unreachable
[gazebo-1] Exception sending a multicast message:Network is unreachable
[gazebo-1] Exception sending a multicast message:Network is unreachable
[gazebo-1] Exception sending a multicast message:Network is unreachable
[gazebo-1] Exception sending a multicast message:Network is unreachable
[gazebo-1] Exception sending a multicast message:Network is unreachable
[gazebo-1] Exception sending a multicast message:Network is unreachable
[gazebo-1] Exception sending a multicast message:Network is unreachable
[gazebo-1] Exception sending a multicast message:Network is unreachable
[gazebo-1] Exception sending a multicast message:Network is unreachable
[parameter_bridge-22] Exception sending a multicast message:Network is unreachable
[parameter_bridge-22] Exception sending a multicast message:Network is unreachable
[parameter_bridge-22] Exception sending a multicast message:Network is unreachable
[rh_node-33] [INFO] [1789372661.984220022] [amr_3.rh_node]: [amr_3] Pruned expired reservations for peers: ['amr_0']
[rh_node-32] [INFO] [1789372661.990193429] [amr_2.rh_node]: [amr_2] Pruned expired reservations for peers: ['amr_0']
[parameter_bridge-6] Exception sending a multicast message:Network is unreachable
[parameter_bridge-6] Exception sending a multicast message:Network is unreachable
[parameter_bridge-6] Exception sending a multicast message:Network is unreachable
[rh_node-31] [INFO] [1789372662.296266413] [amr_1.rh_node]: [amr_1] Pruned expired reservations for peers: ['amr_0']
[rh_node-34] [INFO] [1789372662.435276170] [amr_4.rh_node]: [amr_4] Pruned expired reservations for peers: ['amr_0']
[rh_node-33] [INFO] [1789372662.483727745] [amr_3.rh_node]: [amr_3] Pruned expired reservations for peers: ['amr_0']
[rh_node-32] [INFO] [1789372662.491010433] [amr_2.rh_node]: [amr_2] Pruned expired reservations for peers: ['amr_0']
[parameter_bridge-10] Exception sending a multicast message:Network is unreachable
[parameter_bridge-10] Exception sending a multicast message:Network is unreachable
[parameter_bridge-10] Exception sending a multicast message:Network is unreachable
[parameter_bridge-18] Exception sending a multicast message:Network is unreachable
[parameter_bridge-18] Exception sending a multicast message:Network is unreachable
[parameter_bridge-18] Exception sending a multicast message:Network is unreachable
[rh_node-31] [INFO] [1789372662.795519515] [amr_1.rh_node]: [amr_1] Pruned expired reservations for peers: ['amr_0']
[parameter_bridge-2] Exception sending a multicast message:Network is unreachable
[parameter_bridge-2] Exception sending a multicast message:Network is unreachable
[parameter_bridge-14] Exception sending a multicast message:Network is unreachable
[parameter_bridge-14] Exception sending a multicast message:Network is unreachable
[parameter_bridge-14] Exception sending a multicast message:Network is unreachable
[gazebo-1] Exception sending a multicast message:Network is unreachable
[gazebo-1] Exception sending a multicast message:Network is unreachable
[gazebo-1] Exception sending a multicast message:Network is unreachable
[gazebo-1] Exception sending a multicast message:Network is unreachable
[gazebo-1] Exception sending a multicast message:Network is unreachable
[gazebo-1] Exception sending a multicast message:Network is unreachable
[gazebo-1] Exception sending a multicast message:Network is unreachable
[gazebo-1] Exception sending a multicast message:Network is unreachable
[gazebo-1] Exception sending a multicast message:Network is unreachable
[gazebo-1] Exception sending a multicast message:Network is unreachable
[gazebo-1] Exception sending a multicast message:Network is unreachable
[gazebo-1] Exception sending a multicast message:Network is unreachable
[gazebo-1] Exception sending a multicast message:Network is unreachable
[gazebo-1] Exception sending a multicast message:Network is unreachable
[gazebo-1] Exception sending a multicast message:Network is unreachable
[gazebo-1] Exception sending a multicast message:Network is unreachable
[gazebo-1] Exception sending a multicast message:Network is unreachable
[gazebo-1] Exception sending a multicast message:Network is unreachable
[gazebo-1] Exception sending a multicast message:Network is unreachable
[gazebo-1] Exception sending a multicast message:Network is unreachable
[gazebo-1] Exception sending a multicast message:Network is unreachable
[gazebo-1] Exception sending a multicast message:Network is unreachable
[gazebo-1] Exception sending a multicast message:Network is unreachable
[gazebo-1] Exception sending a multicast message:Network is unreachable
[gazebo-1] Exception sending a multicast message:Network is unreachable
[gazebo-1] Exception sending a multicast message:Network is unreachable
[gazebo-1] Exception sending a multicast message:Network is unreachable
[gazebo-1] Exception sending a multicast message:Network is unreachable
[gazebo-1] Exception sending a multicast message:Network is unreachable
[gazebo-1] Exception sending a multicast message:Network is unreachable
[gazebo-1] Exception sending a multicast message:Network is unreachable
[gazebo-1] Exception sending a multicast message:Network is unreachable
[gazebo-1] Exception sending a multicast message:Network is unreachable
[gazebo-1] Exception sending a multicast message:Network is unreachable
[gazebo-1] Exception sending a multicast message:Network is unreachable
[gazebo-1] Exception sending a multicast message:Network is unreachable
[gazebo-1] Exception sending a multicast message:Network is unreachable
[rh_node-34] [INFO] [1789372662.936229819] [amr_4.rh_node]: [amr_4] Pruned expired reservations for peers: ['amr_0']
[gazebo-1] Exception sending a multicast message:Network is unreachable
[gazebo-1] Exception sending a multicast message:Network is unreachable
[gazebo-1] Exception sending a multicast message:Network is unreachable
[gazebo-1] Exception sending a multicast message:Network is unreachable
[gazebo-1] Exception sending a multicast message:Network is unreachable
[gazebo-1] Exception sending a multicast message:Network is unreachable
[gazebo-1] Exception sending a multicast message:Network is unreachable
[gazebo-1] Exception sending a multicast message:Network is unreachable
[gazebo-1] Exception sending a multicast message:Network is unreachable
[gazebo-1] Exception sending a multicast message:Network is unreachable
[gazebo-1] Exception sending a multicast message:Network is unreachable
[gazebo-1] Exception sending a multicast message:Network is unreachable
[gazebo-1] Exception sending a multicast message:Network is unreachable
[gazebo-1] Exception sending a multicast message:Network is unreachable
[gazebo-1] Exception sending a multicast message:Network is unreachable
[gazebo-1] Exception sending a multicast message:Network is unreachable
[gazebo-1] Exception sending a multicast message:Network is unreachable
[gazebo-1] Exception sending a multicast message:Network is unreachable
[gazebo-1] Exception sending a multicast message:Network is unreachable
[gazebo-1] Exception sending a multicast message:Network is unreachable
[gazebo-1] Exception sending a multicast message:Network is unreachable
[gazebo-1] Exception sending a multicast message:Network is unreachable
[gazebo-1] Exception sending a multicast message:Network is unreachable
[gazebo-1] Exception sending a multicast message:Network is unreachable
[gazebo-1] Exception sending a multicast message:Network is unreachable
[gazebo-1] Exception sending a multicast message:Network is unreachable
[gazebo-1] Exception sending a multicast message:Network is unreachable
[gazebo-1] Exception sending a multicast message:Network is unreachable
[gazebo-1] Exception sending a multicast message:Network is unreachable
[gazebo-1] Exception sending a multicast message:Network is unreachable
[gazebo-1] Exception sending a multicast message:Network is unreachable
[gazebo-1] Exception sending a multicast message:Network is unreachable
[gazebo-1] Exception sending a multicast message:Network is unreachable
[gazebo-1] Exception sending a multicast message:Network is unreachable
[gazebo-1] Exception sending a multicast message:Network is unreachable
[gazebo-1] Exception sending a multicast message:Network is unreachable
[gazebo-1] Exception sending a multicast message:Network is unreachable
[gazebo-1] Exception sending a multicast message:Network is unreachable
[gazebo-1] Exception sending a multicast message:Network is unreachable
[gazebo-1] Exception sending a multicast message:Network is unreachable
[gazebo-1] Exception sending a multicast message:Network is unreachable
[gazebo-1] Exception sending a multicast message:Network is unreachable
[gazebo-1] Exception sending a multicast message:Network is unreachable
[gazebo-1] Exception sending a multicast message:Network is unreachable
[gazebo-1] Exception sending a multicast message:Network is unreachable
[gazebo-1] Exception sending a multicast message:Network is unreachable
[gazebo-1] Exception sending a multicast message:Network is unreachable
[gazebo-1] Exception sending a multicast message:Network is unreachable
[gazebo-1] Exception sending a multicast message:Network is unreachable
[gazebo-1] Exception sending a multicast message:Network is unreachable
[gazebo-1] Exception sending a multicast message:Network is unreachable
[gazebo-1] Exception sending a multicast message:Network is unreachable
[gazebo-1] Exception sending a multicast message:Network is unreachable
[gazebo-1] Exception sending a multicast message:Network is unreachable
[parameter_bridge-22] Exception sending a multicast message:Network is unreachable
[parameter_bridge-22] Exception sending a multicast message:Network is unreachable
[parameter_bridge-22] Exception sending a multicast message:Network is unreachable
[rh_node-33] [INFO] [1789372662.983772557] [amr_3.rh_node]: [amr_3] Pruned expired reservations for peers: ['amr_0']
[rh_node-32] [INFO] [1789372662.990263701] [amr_2.rh_node]: [amr_2] Pruned expired reservations for peers: ['amr_0']
[parameter_bridge-6] Exception sending a multicast message:Network is unreachable
[parameter_bridge-6] Exception sending a multicast message:Network is unreachable
[parameter_bridge-6] Exception sending a multicast message:Network is unreachable
[rh_node-31] [INFO] [1789372663.295554678] [amr_1.rh_node]: [amr_1] Pruned expired reservations for peers: ['amr_0']
[rh_node-34] [INFO] [1789372663.435364260] [amr_4.rh_node]: [amr_4] Pruned expired reservations for peers: ['amr_0']
[rh_node-33] [INFO] [1789372663.484444941] [amr_3.rh_node]: [amr_3] Pruned expired reservations for peers: ['amr_0']
[rh_node-32] [INFO] [1789372663.489217827] [amr_2.rh_node]: [amr_2] Pruned expired reservations for peers: ['amr_0']
[parameter_bridge-10] Exception sending a multicast message:Network is unreachable
[parameter_bridge-10] Exception sending a multicast message:Network is unreachable
[parameter_bridge-10] Exception sending a multicast message:Network is unreachable
[parameter_bridge-18] Exception sending a multicast message:Network is unreachable
[parameter_bridge-18] Exception sending a multicast message:Network is unreachable
[parameter_bridge-18] Exception sending a multicast message:Network is unreachable
[rh_node-31] [INFO] [1789372663.796121854] [amr_1.rh_node]: [amr_1] Pruned expired reservations for peers: ['amr_0']
[parameter_bridge-2] Exception sending a multicast message:Network is unreachable
[parameter_bridge-2] Exception sending a multicast message:Network is unreachable
[parameter_bridge-14] Exception sending a multicast message:Network is unreachable
[parameter_bridge-14] Exception sending a multicast message:Network is unreachable
[parameter_bridge-14] Exception sending a multicast message:Network is unreachable
[gazebo-1] Exception sending a multicast message:Network is unreachable
[gazebo-1] Exception sending a multicast message:Network is unreachable
[gazebo-1] Exception sending a multicast message:Network is unreachable
[gazebo-1] Exception sending a multicast message:Network is unreachable
[gazebo-1] Exception sending a multicast message:Network is unreachable
[gazebo-1] Exception sending a multicast message:Network is unreachable
[gazebo-1] Exception sending a multicast message:Network is unreachable
[gazebo-1] Exception sending a multicast message:Network is unreachable
[gazebo-1] Exception sending a multicast message:Network is unreachable
[gazebo-1] Exception sending a multicast message:Network is unreachable
[gazebo-1] Exception sending a multicast message:Network is unreachable
[gazebo-1] Exception sending a multicast message:Network is unreachable
[gazebo-1] Exception sending a multicast message:Network is unreachable
[gazebo-1] Exception sending a multicast message:Network is unreachable
[gazebo-1] Exception sending a multicast message:Network is unreachable
[gazebo-1] Exception sending a multicast message:Network is unreachable
[gazebo-1] Exception sending a multicast message:Network is unreachable
[gazebo-1] Exception sending a multicast message:Network is unreachable
[gazebo-1] Exception sending a multicast message:Network is unreachable
[gazebo-1] Exception sending a multicast message:Network is unreachable
[gazebo-1] Exception sending a multicast message:Network is unreachable
[gazebo-1] Exception sending a multicast message:Network is unreachable
[gazebo-1] Exception sending a multicast message:Network is unreachable
[gazebo-1] Exception sending a multicast message:Network is unreachable
[gazebo-1] Exception sending a multicast message:Network is unreachable
[gazebo-1] Exception sending a multicast message:Network is unreachable
[gazebo-1] Exception sending a multicast message:Network is unreachable
[gazebo-1] Exception sending a multicast message:Network is unreachable
[gazebo-1] Exception sending a multicast message:Network is unreachable
[gazebo-1] Exception sending a multicast message:Network is unreachable
[gazebo-1] Exception sending a multicast message:Network is unreachable
[gazebo-1] Exception sending a multicast message:Network is unreachable
[gazebo-1] Exception sending a multicast message:Network is unreachable
[gazebo-1] Exception sending a multicast message:Network is unreachable
[gazebo-1] Exception sending a multicast message:Network is unreachable
[gazebo-1] Exception sending a multicast message:Network is unreachable
[gazebo-1] Exception sending a multicast message:Network is unreachable
[rh_node-34] [INFO] [1789372663.935938399] [amr_4.rh_node]: [amr_4] Pruned expired reservations for peers: ['amr_0']
[gazebo-1] Exception sending a multicast message:Network is unreachable
[parameter_bridge-22] Exception sending a multicast message:Network is unreachable
[gazebo-1] Exception sending a multicast message:Network is unreachable
[gazebo-1] Exception sending a multicast message:Network is unreachable
[gazebo-1] Exception sending a multicast message:Network is unreachable
[gazebo-1] Exception sending a multicast message:Network is unreachable
[gazebo-1] Exception sending a multicast message:Network is unreachable
[gazebo-1] Exception sending a multicast message:Network is unreachable
[gazebo-1] Exception sending a multicast message:Network is unreachable
[gazebo-1] Exception sending a multicast message:Network is unreachable
[gazebo-1] Exception sending a multicast message:Network is unreachable
[gazebo-1] Exception sending a multicast message:Network is unreachable
[gazebo-1] Exception sending a multicast message:Network is unreachable
[gazebo-1] Exception sending a multicast message:Network is unreachable
[gazebo-1] Exception sending a multicast message:Network is unreachable
[gazebo-1] Exception sending a multicast message:Network is unreachable
[gazebo-1] Exception sending a multicast message:Network is unreachable
[gazebo-1] Exception sending a multicast message:Network is unreachable
[gazebo-1] Exception sending a multicast message:Network is unreachable
[gazebo-1] Exception sending a multicast message:Network is unreachable
[gazebo-1] Exception sending a multicast message:Network is unreachable
[gazebo-1] Exception sending a multicast message:Network is unreachable
[gazebo-1] Exception sending a multicast message:Network is unreachable
[gazebo-1] Exception sending a multicast message:Network is unreachable
[gazebo-1] Exception sending a multicast message:Network is unreachable
[gazebo-1] Exception sending a multicast message:Network is unreachable
[gazebo-1] Exception sending a multicast message:Network is unreachable
[gazebo-1] Exception sending a multicast message:Network is unreachable
[gazebo-1] Exception sending a multicast message:Network is unreachable
[gazebo-1] Exception sending a multicast message:Network is unreachable
[gazebo-1] Exception sending a multicast message:Network is unreachable
[gazebo-1] Exception sending a multicast message:Network is unreachable
[gazebo-1] Exception sending a multicast message:Network is unreachable
[gazebo-1] Exception sending a multicast message:Network is unreachable
[gazebo-1] Exception sending a multicast message:Network is unreachable
[gazebo-1] Exception sending a multicast message:Network is unreachable
[gazebo-1] Exception sending a multicast message:Network is unreachable
[gazebo-1] Exception sending a multicast message:Network is unreachable
[gazebo-1] Exception sending a multicast message:Network is unreachable
[gazebo-1] Exception sending a multicast message:Network is unreachable
[gazebo-1] Exception sending a multicast message:Network is unreachable
[gazebo-1] Exception sending a multicast message:Network is unreachable
[gazebo-1] Exception sending a multicast message:Network is unreachable
[gazebo-1] Exception sending a multicast message:Network is unreachable
[gazebo-1] Exception sending a multicast message:Network is unreachable
[gazebo-1] Exception sending a multicast message:Network is unreachable
[gazebo-1] Exception sending a multicast message:Network is unreachable
[gazebo-1] Exception sending a multicast message:Network is unreachable
[gazebo-1] Exception sending a multicast message:Network is unreachable
[gazebo-1] Exception sending a multicast message:Network is unreachable
[gazebo-1] Exception sending a multicast message:Network is unreachable
[gazebo-1] Exception sending a multicast message:Network is unreachable
[gazebo-1] Exception sending a multicast message:Network is unreachable
[gazebo-1] Exception sending a multicast message:Network is unreachable
[gazebo-1] Exception sending a multicast message:Network is unreachable
[parameter_bridge-22] Exception sending a multicast message:Network is unreachable
[parameter_bridge-22] Exception sending a multicast message:Network is unreachable
[rh_node-33] [INFO] [1789372663.984716082] [amr_3.rh_node]: [amr_3] Pruned expired reservations for peers: ['amr_0']
[rh_node-32] [INFO] [1789372663.989462684] [amr_2.rh_node]: [amr_2] Pruned expired reservations for peers: ['amr_0']
[parameter_bridge-6] Exception sending a multicast message:Network is unreachable
[parameter_bridge-6] Exception sending a multicast message:Network is unreachable
[parameter_bridge-6] Exception sending a multicast message:Network is unreachable
[rh_node-31] [INFO] [1789372664.295526177] [amr_1.rh_node]: [amr_1] Pruned expired reservations for peers: ['amr_0']
[rh_node-34] [INFO] [1789372664.435649277] [amr_4.rh_node]: [amr_4] Pruned expired reservations for peers: ['amr_0']
[rh_node-33] [INFO] [1789372664.484589622] [amr_3.rh_node]: [amr_3] Pruned expired reservations for peers: ['amr_0']
[rh_node-32] [INFO] [1789372664.490179177] [amr_2.rh_node]: [amr_2] Pruned expired reservations for peers: ['amr_0']
[parameter_bridge-10] Exception sending a multicast message:Network is unreachable
[parameter_bridge-10] Exception sending a multicast message:Network is unreachable
[parameter_bridge-10] Exception sending a multicast message:Network is unreachable
[parameter_bridge-18] Exception sending a multicast message:Network is unreachable
[parameter_bridge-18] Exception sending a multicast message:Network is unreachable
[parameter_bridge-18] Exception sending a multicast message:Network is unreachable
[rh_node-31] [INFO] [1789372664.795551306] [amr_1.rh_node]: [amr_1] Pruned expired reservations for peers: ['amr_0']
[parameter_bridge-2] Exception sending a multicast message:Network is unreachable
[parameter_bridge-2] Exception sending a multicast message:Network is unreachable
[parameter_bridge-14] Exception sending a multicast message:Network is unreachable
[parameter_bridge-14] Exception sending a multicast message:Network is unreachable
[parameter_bridge-14] Exception sending a multicast message:Network is unreachable
[gazebo-1] Exception sending a multicast message:Network is unreachable
[gazebo-1] Exception sending a multicast message:Network is unreachable
[gazebo-1] Exception sending a multicast message:Network is unreachable
[gazebo-1] Exception sending a multicast message:Network is unreachable
[gazebo-1] Exception sending a multicast message:Network is unreachable
[gazebo-1] Exception sending a multicast message:Network is unreachable
[gazebo-1] Exception sending a multicast message:Network is unreachable
[gazebo-1] Exception sending a multicast message:Network is unreachable
[gazebo-1] Exception sending a multicast message:Network is unreachable
[gazebo-1] Exception sending a multicast message:Network is unreachable
[gazebo-1] Exception sending a multicast message:Network is unreachable
[gazebo-1] Exception sending a multicast message:Network is unreachable
[gazebo-1] Exception sending a multicast message:Network is unreachable
[gazebo-1] Exception sending a multicast message:Network is unreachable
[gazebo-1] Exception sending a multicast message:Network is unreachable
[gazebo-1] Exception sending a multicast message:Network is unreachable
[gazebo-1] Exception sending a multicast message:Network is unreachable
[gazebo-1] Exception sending a multicast message:Network is unreachable
[gazebo-1] Exception sending a multicast message:Network is unreachable
[gazebo-1] Exception sending a multicast message:Network is unreachable
[gazebo-1] Exception sending a multicast message:Network is unreachable
[gazebo-1] Exception sending a multicast message:Network is unreachable
[gazebo-1] Exception sending a multicast message:Network is unreachable
[gazebo-1] Exception sending a multicast message:Network is unreachable
[gazebo-1] Exception sending a multicast message:Network is unreachable
[gazebo-1] Exception sending a multicast message:Network is unreachable
[gazebo-1] Exception sending a multicast message:Network is unreachable
[gazebo-1] Exception sending a multicast message:Network is unreachable
[gazebo-1] Exception sending a multicast message:Network is unreachable
[gazebo-1] Exception sending a multicast message:Network is unreachable
[gazebo-1] Exception sending a multicast message:Network is unreachable
[gazebo-1] Exception sending a multicast message:Network is unreachable
[gazebo-1] Exception sending a multicast message:Network is unreachable
[gazebo-1] Exception sending a multicast message:Network is unreachable
[gazebo-1] Exception sending a multicast message:Network is unreachable
[gazebo-1] Exception sending a multicast message:Network is unreachable
[gazebo-1] Exception sending a multicast message:Network is unreachable
[rh_node-34] [INFO] [1789372664.935889810] [amr_4.rh_node]: [amr_4] Pruned expired reservations for peers: ['amr_0']
[parameter_bridge-22] Exception sending a multicast message:Network is unreachable
[gazebo-1] Exception sending a multicast message:Network is unreachable
[gazebo-1] Exception sending a multicast message:Network is unreachable
[gazebo-1] Exception sending a multicast message:Network is unreachable
[gazebo-1] Exception sending a multicast message:Network is unreachable
[gazebo-1] Exception sending a multicast message:Network is unreachable
[gazebo-1] Exception sending a multicast message:Network is unreachable
[gazebo-1] Exception sending a multicast message:Network is unreachable
[gazebo-1] Exception sending a multicast message:Network is unreachable
[gazebo-1] Exception sending a multicast message:Network is unreachable
[gazebo-1] Exception sending a multicast message:Network is unreachable
[gazebo-1] Exception sending a multicast message:Network is unreachable
[gazebo-1] Exception sending a multicast message:Network is unreachable
[gazebo-1] Exception sending a multicast message:Network is unreachable
[gazebo-1] Exception sending a multicast message:Network is unreachable
[gazebo-1] Exception sending a multicast message:Network is unreachable
[gazebo-1] Exception sending a multicast message:Network is unreachable
[gazebo-1] Exception sending a multicast message:Network is unreachable
[gazebo-1] Exception sending a multicast message:Network is unreachable
[gazebo-1] Exception sending a multicast message:Network is unreachable
[gazebo-1] Exception sending a multicast message:Network is unreachable
[gazebo-1] Exception sending a multicast message:Network is unreachable
[gazebo-1] Exception sending a multicast message:Network is unreachable
[gazebo-1] Exception sending a multicast message:Network is unreachable
[gazebo-1] Exception sending a multicast message:Network is unreachable
[gazebo-1] Exception sending a multicast message:Network is unreachable
[gazebo-1] Exception sending a multicast message:Network is unreachable
[gazebo-1] Exception sending a multicast message:Network is unreachable
[gazebo-1] Exception sending a multicast message:Network is unreachable
[gazebo-1] Exception sending a multicast message:Network is unreachable
[gazebo-1] Exception sending a multicast message:Network is unreachable
[gazebo-1] Exception sending a multicast message:Network is unreachable
[gazebo-1] Exception sending a multicast message:Network is unreachable
[gazebo-1] Exception sending a multicast message:Network is unreachable
[gazebo-1] Exception sending a multicast message:Network is unreachable
[gazebo-1] Exception sending a multicast message:Network is unreachable
[gazebo-1] Exception sending a multicast message:Network is unreachable
[gazebo-1] Exception sending a multicast message:Network is unreachable
[gazebo-1] Exception sending a multicast message:Network is unreachable
[gazebo-1] Exception sending a multicast message:Network is unreachable
[gazebo-1] Exception sending a multicast message:Network is unreachable
[gazebo-1] Exception sending a multicast message:Network is unreachable
[gazebo-1] Exception sending a multicast message:Network is unreachable
[gazebo-1] Exception sending a multicast message:Network is unreachable
[gazebo-1] Exception sending a multicast message:Network is unreachable
[gazebo-1] Exception sending a multicast message:Network is unreachable
[gazebo-1] Exception sending a multicast message:Network is unreachable
[gazebo-1] Exception sending a multicast message:Network is unreachable
[gazebo-1] Exception sending a multicast message:Network is unreachable
[gazebo-1] Exception sending a multicast message:Network is unreachable
[gazebo-1] Exception sending a multicast message:Network is unreachable
[gazebo-1] Exception sending a multicast message:Network is unreachable
[gazebo-1] Exception sending a multicast message:Network is unreachable
[gazebo-1] Exception sending a multicast message:Network is unreachable
[gazebo-1] Exception sending a multicast message:Network is unreachable
[parameter_bridge-22] Exception sending a multicast message:Network is unreachable
[parameter_bridge-22] Exception sending a multicast message:Network is unreachable
[rh_node-33] [INFO] [1789372664.983753572] [amr_3.rh_node]: [amr_3] Pruned expired reservations for peers: ['amr_0']
[rh_node-32] [INFO] [1789372664.988428459] [amr_2.rh_node]: [amr_2] Pruned expired reservations for peers: ['amr_0']
[parameter_bridge-6] Exception sending a multicast message:Network is unreachable
[parameter_bridge-6] Exception sending a multicast message:Network is unreachable
[parameter_bridge-6] Exception sending a multicast message:Network is unreachable
[rh_node-31] [INFO] [1789372665.295565435] [amr_1.rh_node]: [amr_1] Pruned expired reservations for peers: ['amr_0']
[rh_node-34] [INFO] [1789372665.435380962] [amr_4.rh_node]: [amr_4] Pruned expired reservations for peers: ['amr_0']
[rh_node-33] [INFO] [1789372665.483721753] [amr_3.rh_node]: [amr_3] Pruned expired reservations for peers: ['amr_0']
[rh_node-32] [INFO] [1789372665.490302353] [amr_2.rh_node]: [amr_2] Pruned expired reservations for peers: ['amr_0']
[parameter_bridge-10] Exception sending a multicast message:Network is unreachable
[parameter_bridge-10] Exception sending a multicast message:Network is unreachable
[parameter_bridge-10] Exception sending a multicast message:Network is unreachable
[parameter_bridge-18] Exception sending a multicast message:Network is unreachable
[parameter_bridge-18] Exception sending a multicast message:Network is unreachable
[parameter_bridge-18] Exception sending a multicast message:Network is unreachable
[rh_node-31] [INFO] [1789372665.796182231] [amr_1.rh_node]: [amr_1] Pruned expired reservations for peers: ['amr_0']
[parameter_bridge-2] Exception sending a multicast message:Network is unreachable
[parameter_bridge-2] Exception sending a multicast message:Network is unreachable
[parameter_bridge-14] Exception sending a multicast message:Network is unreachable
[parameter_bridge-14] Exception sending a multicast message:Network is unreachable
[parameter_bridge-14] Exception sending a multicast message:Network is unreachable
[rh_node-34] [INFO] [1789372665.934747197] [amr_4.rh_node]: [amr_4] Pruned expired reservations for peers: ['amr_0']
[gazebo-1] Exception sending a multicast message:Network is unreachable
[gazebo-1] Exception sending a multicast message:Network is unreachable
[gazebo-1] Exception sending a multicast message:Network is unreachable
[gazebo-1] Exception sending a multicast message:Network is unreachable
[gazebo-1] Exception sending a multicast message:Network is unreachable
[gazebo-1] Exception sending a multicast message:Network is unreachable
[gazebo-1] Exception sending a multicast message:Network is unreachable
[gazebo-1] Exception sending a multicast message:Network is unreachable
[gazebo-1] Exception sending a multicast message:Network is unreachable
[gazebo-1] Exception sending a multicast message:Network is unreachable
[gazebo-1] Exception sending a multicast message:Network is unreachable
[gazebo-1] Exception sending a multicast message:Network is unreachable
[gazebo-1] Exception sending a multicast message:Network is unreachable
[gazebo-1] Exception sending a multicast message:Network is unreachable
[gazebo-1] Exception sending a multicast message:Network is unreachable
[gazebo-1] Exception sending a multicast message:Network is unreachable
[gazebo-1] Exception sending a multicast message:Network is unreachable
[gazebo-1] Exception sending a multicast message:Network is unreachable
[gazebo-1] Exception sending a multicast message:Network is unreachable
[gazebo-1] Exception sending a multicast message:Network is unreachable
[gazebo-1] Exception sending a multicast message:Network is unreachable
[gazebo-1] Exception sending a multicast message:Network is unreachable
[gazebo-1] Exception sending a multicast message:Network is unreachable
[gazebo-1] Exception sending a multicast message:Network is unreachable
[gazebo-1] Exception sending a multicast message:Network is unreachable
[gazebo-1] Exception sending a multicast message:Network is unreachable
[gazebo-1] Exception sending a multicast message:Network is unreachable
[gazebo-1] Exception sending a multicast message:Network is unreachable
[gazebo-1] Exception sending a multicast message:Network is unreachable
[gazebo-1] Exception sending a multicast message:Network is unreachable
[gazebo-1] Exception sending a multicast message:Network is unreachable
[gazebo-1] Exception sending a multicast message:Network is unreachable
[gazebo-1] Exception sending a multicast message:Network is unreachable
[gazebo-1] Exception sending a multicast message:Network is unreachable
[gazebo-1] Exception sending a multicast message:Network is unreachable
[gazebo-1] Exception sending a multicast message:Network is unreachable
[gazebo-1] Exception sending a multicast message:Network is unreachable
[parameter_bridge-22] Exception sending a multicast message:Network is unreachable
[gazebo-1] Exception sending a multicast message:Network is unreachable
[gazebo-1] Exception sending a multicast message:Network is unreachable
[gazebo-1] Exception sending a multicast message:Network is unreachable
[gazebo-1] Exception sending a multicast message:Network is unreachable
[gazebo-1] Exception sending a multicast message:Network is unreachable
[gazebo-1] Exception sending a multicast message:Network is unreachable
[gazebo-1] Exception sending a multicast message:Network is unreachable
[gazebo-1] Exception sending a multicast message:Network is unreachable
[gazebo-1] Exception sending a multicast message:Network is unreachable
[gazebo-1] Exception sending a multicast message:Network is unreachable
[gazebo-1] Exception sending a multicast message:Network is unreachable
[gazebo-1] Exception sending a multicast message:Network is unreachable
[gazebo-1] Exception sending a multicast message:Network is unreachable
[gazebo-1] Exception sending a multicast message:Network is unreachable
[gazebo-1] Exception sending a multicast message:Network is unreachable
[gazebo-1] Exception sending a multicast message:Network is unreachable
[gazebo-1] Exception sending a multicast message:Network is unreachable
[gazebo-1] Exception sending a multicast message:Network is unreachable
[gazebo-1] Exception sending a multicast message:Network is unreachable
[gazebo-1] Exception sending a multicast message:Network is unreachable
[gazebo-1] Exception sending a multicast message:Network is unreachable
[gazebo-1] Exception sending a multicast message:Network is unreachable
[gazebo-1] Exception sending a multicast message:Network is unreachable
[gazebo-1] Exception sending a multicast message:Network is unreachable
[gazebo-1] Exception sending a multicast message:Network is unreachable
[gazebo-1] Exception sending a multicast message:Network is unreachable
[gazebo-1] Exception sending a multicast message:Network is unreachable
[gazebo-1] Exception sending a multicast message:Network is unreachable
[gazebo-1] Exception sending a multicast message:Network is unreachable
[gazebo-1] Exception sending a multicast message:Network is unreachable
[gazebo-1] Exception sending a multicast message:Network is unreachable
[gazebo-1] Exception sending a multicast message:Network is unreachable
[gazebo-1] Exception sending a multicast message:Network is unreachable
[gazebo-1] Exception sending a multicast message:Network is unreachable
[gazebo-1] Exception sending a multicast message:Network is unreachable
[gazebo-1] Exception sending a multicast message:Network is unreachable
[gazebo-1] Exception sending a multicast message:Network is unreachable
[gazebo-1] Exception sending a multicast message:Network is unreachable
[gazebo-1] Exception sending a multicast message:Network is unreachable
[gazebo-1] Exception sending a multicast message:Network is unreachable
[gazebo-1] Exception sending a multicast message:Network is unreachable
[gazebo-1] Exception sending a multicast message:Network is unreachable
[gazebo-1] Exception sending a multicast message:Network is unreachable
[gazebo-1] Exception sending a multicast message:Network is unreachable
[gazebo-1] Exception sending a multicast message:Network is unreachable
[gazebo-1] Exception sending a multicast message:Network is unreachable
[gazebo-1] Exception sending a multicast message:Network is unreachable
[gazebo-1] Exception sending a multicast message:Network is unreachable
[gazebo-1] Exception sending a multicast message:Network is unreachable
[gazebo-1] Exception sending a multicast message:Network is unreachable
[gazebo-1] Exception sending a multicast message:Network is unreachable
[gazebo-1] Exception sending a multicast message:Network is unreachable
[gazebo-1] Exception sending a multicast message:Network is unreachable
[gazebo-1] Exception sending a multicast message:Network is unreachable
[parameter_bridge-22] Exception sending a multicast message:Network is unreachable
[parameter_bridge-22] Exception sending a multicast message:Network is unreachable
[rh_node-33] [INFO] [1789372665.984449785] [amr_3.rh_node]: [amr_3] Pruned expired reservations for peers: ['amr_0']
[rh_node-32] [INFO] [1789372665.988492789] [amr_2.rh_node]: [amr_2] Pruned expired reservations for peers: ['amr_0']
[parameter_bridge-6] Exception sending a multicast message:Network is unreachable
[parameter_bridge-6] Exception sending a multicast message:Network is unreachable
[parameter_bridge-6] Exception sending a multicast message:Network is unreachable
[rh_node-31] [INFO] [1789372666.295569059] [amr_1.rh_node]: [amr_1] Pruned expired reservations for peers: ['amr_0']
[rh_node-34] [INFO] [1789372666.435615400] [amr_4.rh_node]: [amr_4] Pruned expired reservations for peers: ['amr_0']
[rh_node-33] [INFO] [1789372666.484840155] [amr_3.rh_node]: [amr_3] Pruned expired reservations for peers: ['amr_0']
[rh_node-32] [INFO] [1789372666.490031805] [amr_2.rh_node]: [amr_2] Pruned expired reservations for peers: ['amr_0']
[parameter_bridge-10] Exception sending a multicast message:Network is unreachable
[parameter_bridge-10] Exception sending a multicast message:Network is unreachable
[parameter_bridge-10] Exception sending a multicast message:Network is unreachable
[parameter_bridge-18] Exception sending a multicast message:Network is unreachable
[parameter_bridge-18] Exception sending a multicast message:Network is unreachable
[parameter_bridge-18] Exception sending a multicast message:Network is unreachable
[rh_node-31] [INFO] [1789372666.795507020] [amr_1.rh_node]: [amr_1] Pruned expired reservations for peers: ['amr_0']
[parameter_bridge-2] Exception sending a multicast message:Network is unreachable
[parameter_bridge-2] Exception sending a multicast message:Network is unreachable
[parameter_bridge-14] Exception sending a multicast message:Network is unreachable
[parameter_bridge-14] Exception sending a multicast message:Network is unreachable
[parameter_bridge-14] Exception sending a multicast message:Network is unreachable
[rh_node-34] [INFO] [1789372666.935441948] [amr_4.rh_node]: [amr_4] Pruned expired reservations for peers: ['amr_0']
[gazebo-1] Exception sending a multicast message:Network is unreachable
[gazebo-1] Exception sending a multicast message:Network is unreachable
[gazebo-1] Exception sending a multicast message:Network is unreachable
[gazebo-1] Exception sending a multicast message:Network is unreachable
[gazebo-1] Exception sending a multicast message:Network is unreachable
[gazebo-1] Exception sending a multicast message:Network is unreachable
[gazebo-1] Exception sending a multicast message:Network is unreachable
[gazebo-1] Exception sending a multicast message:Network is unreachable
[gazebo-1] Exception sending a multicast message:Network is unreachable
[gazebo-1] Exception sending a multicast message:Network is unreachable
[gazebo-1] Exception sending a multicast message:Network is unreachable
[gazebo-1] Exception sending a multicast message:Network is unreachable
[gazebo-1] Exception sending a multicast message:Network is unreachable
[gazebo-1] Exception sending a multicast message:Network is unreachable
[gazebo-1] Exception sending a multicast message:Network is unreachable
[gazebo-1] Exception sending a multicast message:Network is unreachable
[gazebo-1] Exception sending a multicast message:Network is unreachable
[gazebo-1] Exception sending a multicast message:Network is unreachable
[gazebo-1] Exception sending a multicast message:Network is unreachable
[gazebo-1] Exception sending a multicast message:Network is unreachable
[gazebo-1] Exception sending a multicast message:Network is unreachable
[gazebo-1] Exception sending a multicast message:Network is unreachable
[gazebo-1] Exception sending a multicast message:Network is unreachable
[gazebo-1] Exception sending a multicast message:Network is unreachable
[gazebo-1] Exception sending a multicast message:Network is unreachable
[gazebo-1] Exception sending a multicast message:Network is unreachable
[gazebo-1] Exception sending a multicast message:Network is unreachable
[gazebo-1] Exception sending a multicast message:Network is unreachable
[gazebo-1] Exception sending a multicast message:Network is unreachable
[gazebo-1] Exception sending a multicast message:Network is unreachable
[gazebo-1] Exception sending a multicast message:Network is unreachable
[gazebo-1] Exception sending a multicast message:Network is unreachable
[gazebo-1] Exception sending a multicast message:Network is unreachable
[gazebo-1] Exception sending a multicast message:Network is unreachable
[gazebo-1] Exception sending a multicast message:Network is unreachable
[gazebo-1] Exception sending a multicast message:Network is unreachable
[gazebo-1] Exception sending a multicast message:Network is unreachable
[parameter_bridge-22] Exception sending a multicast message:Network is unreachable
[gazebo-1] Exception sending a multicast message:Network is unreachable
[gazebo-1] Exception sending a multicast message:Network is unreachable
[gazebo-1] Exception sending a multicast message:Network is unreachable
[gazebo-1] Exception sending a multicast message:Network is unreachable
[gazebo-1] Exception sending a multicast message:Network is unreachable
[gazebo-1] Exception sending a multicast message:Network is unreachable
[gazebo-1] Exception sending a multicast message:Network is unreachable
[gazebo-1] Exception sending a multicast message:Network is unreachable
[gazebo-1] Exception sending a multicast message:Network is unreachable
[gazebo-1] Exception sending a multicast message:Network is unreachable
[gazebo-1] Exception sending a multicast message:Network is unreachable
[gazebo-1] Exception sending a multicast message:Network is unreachable
[gazebo-1] Exception sending a multicast message:Network is unreachable
[gazebo-1] Exception sending a multicast message:Network is unreachable
[gazebo-1] Exception sending a multicast message:Network is unreachable
[gazebo-1] Exception sending a multicast message:Network is unreachable
[gazebo-1] Exception sending a multicast message:Network is unreachable
[gazebo-1] Exception sending a multicast message:Network is unreachable
[gazebo-1] Exception sending a multicast message:Network is unreachable
[gazebo-1] Exception sending a multicast message:Network is unreachable
[gazebo-1] Exception sending a multicast message:Network is unreachable
[gazebo-1] Exception sending a multicast message:Network is unreachable
[gazebo-1] Exception sending a multicast message:Network is unreachable
[gazebo-1] Exception sending a multicast message:Network is unreachable
[gazebo-1] Exception sending a multicast message:Network is unreachable
[gazebo-1] Exception sending a multicast message:Network is unreachable
[gazebo-1] Exception sending a multicast message:Network is unreachable
[gazebo-1] Exception sending a multicast message:Network is unreachable
[gazebo-1] Exception sending a multicast message:Network is unreachable
[gazebo-1] Exception sending a multicast message:Network is unreachable
[gazebo-1] Exception sending a multicast message:Network is unreachable
[gazebo-1] Exception sending a multicast message:Network is unreachable
[gazebo-1] Exception sending a multicast message:Network is unreachable
[gazebo-1] Exception sending a multicast message:Network is unreachable
[gazebo-1] Exception sending a multicast message:Network is unreachable
[gazebo-1] Exception sending a multicast message:Network is unreachable
[gazebo-1] Exception sending a multicast message:Network is unreachable
[gazebo-1] Exception sending a multicast message:Network is unreachable
[gazebo-1] Exception sending a multicast message:Network is unreachable
[gazebo-1] Exception sending a multicast message:Network is unreachable
[gazebo-1] Exception sending a multicast message:Network is unreachable
[gazebo-1] Exception sending a multicast message:Network is unreachable
[gazebo-1] Exception sending a multicast message:Network is unreachable
[gazebo-1] Exception sending a multicast message:Network is unreachable
[gazebo-1] Exception sending a multicast message:Network is unreachable
[gazebo-1] Exception sending a multicast message:Network is unreachable
[gazebo-1] Exception sending a multicast message:Network is unreachable
[gazebo-1] Exception sending a multicast message:Network is unreachable
[gazebo-1] Exception sending a multicast message:Network is unreachable
[gazebo-1] Exception sending a multicast message:Network is unreachable
[gazebo-1] Exception sending a multicast message:Network is unreachable
[gazebo-1] Exception sending a multicast message:Network is unreachable
[gazebo-1] Exception sending a multicast message:Network is unreachable
[gazebo-1] Exception sending a multicast message:Network is unreachable
[parameter_bridge-22] Exception sending a multicast message:Network is unreachable
[parameter_bridge-22] Exception sending a multicast message:Network is unreachable
[rh_node-33] [INFO] [1789372666.983727623] [amr_3.rh_node]: [amr_3] Pruned expired reservations for peers: ['amr_0']
[rh_node-32] [INFO] [1789372666.990297446] [amr_2.rh_node]: [amr_2] Pruned expired reservations for peers: ['amr_0']
[parameter_bridge-6] Exception sending a multicast message:Network is unreachable
[parameter_bridge-6] Exception sending a multicast message:Network is unreachable
[parameter_bridge-6] Exception sending a multicast message:Network is unreachable
[rh_node-31] [INFO] [1789372667.296688590] [amr_1.rh_node]: [amr_1] Pruned expired reservations for peers: ['amr_0']
[rh_node-34] [INFO] [1789372667.435853787] [amr_4.rh_node]: [amr_4] Pruned expired reservations for peers: ['amr_0']
[rh_node-33] [INFO] [1789372667.484725848] [amr_3.rh_node]: [amr_3] Pruned expired reservations for peers: ['amr_0']
[rh_node-32] [INFO] [1789372667.488997284] [amr_2.rh_node]: [amr_2] Pruned expired reservations for peers: ['amr_0']
[parameter_bridge-10] Exception sending a multicast message:Network is unreachable
[parameter_bridge-10] Exception sending a multicast message:Network is unreachable
[parameter_bridge-10] Exception sending a multicast message:Network is unreachable
[parameter_bridge-18] Exception sending a multicast message:Network is unreachable
[parameter_bridge-18] Exception sending a multicast message:Network is unreachable
[parameter_bridge-18] Exception sending a multicast message:Network is unreachable
[rh_node-31] [INFO] [1789372667.796325467] [amr_1.rh_node]: [amr_1] Pruned expired reservations for peers: ['amr_0']
[parameter_bridge-2] Exception sending a multicast message:Network is unreachable
[parameter_bridge-2] Exception sending a multicast message:Network is unreachable
[parameter_bridge-14] Exception sending a multicast message:Network is unreachable
[parameter_bridge-14] Exception sending a multicast message:Network is unreachable
[parameter_bridge-14] Exception sending a multicast message:Network is unreachable
[rh_node-34] [INFO] [1789372667.935948345] [amr_4.rh_node]: [amr_4] Pruned expired reservations for peers: ['amr_0']
[gazebo-1] Exception sending a multicast message:Network is unreachable
[gazebo-1] Exception sending a multicast message:Network is unreachable
[gazebo-1] Exception sending a multicast message:Network is unreachable
[gazebo-1] Exception sending a multicast message:Network is unreachable
[gazebo-1] Exception sending a multicast message:Network is unreachable
[gazebo-1] Exception sending a multicast message:Network is unreachable
[gazebo-1] Exception sending a multicast message:Network is unreachable
[gazebo-1] Exception sending a multicast message:Network is unreachable
[gazebo-1] Exception sending a multicast message:Network is unreachable
[gazebo-1] Exception sending a multicast message:Network is unreachable
[gazebo-1] Exception sending a multicast message:Network is unreachable
[gazebo-1] Exception sending a multicast message:Network is unreachable
[gazebo-1] Exception sending a multicast message:Network is unreachable
[gazebo-1] Exception sending a multicast message:Network is unreachable
[gazebo-1] Exception sending a multicast message:Network is unreachable
[gazebo-1] Exception sending a multicast message:Network is unreachable
[gazebo-1] Exception sending a multicast message:Network is unreachable
[gazebo-1] Exception sending a multicast message:Network is unreachable
[gazebo-1] Exception sending a multicast message:Network is unreachable
[gazebo-1] Exception sending a multicast message:Network is unreachable
[gazebo-1] Exception sending a multicast message:Network is unreachable
[gazebo-1] Exception sending a multicast message:Network is unreachable
[gazebo-1] Exception sending a multicast message:Network is unreachable
[gazebo-1] Exception sending a multicast message:Network is unreachable
[gazebo-1] Exception sending a multicast message:Network is unreachable
[gazebo-1] Exception sending a multicast message:Network is unreachable
[gazebo-1] Exception sending a multicast message:Network is unreachable
[gazebo-1] Exception sending a multicast message:Network is unreachable
[gazebo-1] Exception sending a multicast message:Network is unreachable
[gazebo-1] Exception sending a multicast message:Network is unreachable
[gazebo-1] Exception sending a multicast message:Network is unreachable
[gazebo-1] Exception sending a multicast message:Network is unreachable
[gazebo-1] Exception sending a multicast message:Network is unreachable
[gazebo-1] Exception sending a multicast message:Network is unreachable
[gazebo-1] Exception sending a multicast message:Network is unreachable
[gazebo-1] Exception sending a multicast message:Network is unreachable
[gazebo-1] Exception sending a multicast message:Network is unreachable
[parameter_bridge-22] Exception sending a multicast message:Network is unreachable
[gazebo-1] Exception sending a multicast message:Network is unreachable
[gazebo-1] Exception sending a multicast message:Network is unreachable
[gazebo-1] Exception sending a multicast message:Network is unreachable
[gazebo-1] Exception sending a multicast message:Network is unreachable
[gazebo-1] Exception sending a multicast message:Network is unreachable
[gazebo-1] Exception sending a multicast message:Network is unreachable
[gazebo-1] Exception sending a multicast message:Network is unreachable
[gazebo-1] Exception sending a multicast message:Network is unreachable
[gazebo-1] Exception sending a multicast message:Network is unreachable
[gazebo-1] Exception sending a multicast message:Network is unreachable
[gazebo-1] Exception sending a multicast message:Network is unreachable
[gazebo-1] Exception sending a multicast message:Network is unreachable
[gazebo-1] Exception sending a multicast message:Network is unreachable
[gazebo-1] Exception sending a multicast message:Network is unreachable
[gazebo-1] Exception sending a multicast message:Network is unreachable
[gazebo-1] Exception sending a multicast message:Network is unreachable
[gazebo-1] Exception sending a multicast message:Network is unreachable
[gazebo-1] Exception sending a multicast message:Network is unreachable
[gazebo-1] Exception sending a multicast message:Network is unreachable
[gazebo-1] Exception sending a multicast message:Network is unreachable
[gazebo-1] Exception sending a multicast message:Network is unreachable
[gazebo-1] Exception sending a multicast message:Network is unreachable
[gazebo-1] Exception sending a multicast message:Network is unreachable
[gazebo-1] Exception sending a multicast message:Network is unreachable
[gazebo-1] Exception sending a multicast message:Network is unreachable
[gazebo-1] Exception sending a multicast message:Network is unreachable
[gazebo-1] Exception sending a multicast message:Network is unreachable
[gazebo-1] Exception sending a multicast message:Network is unreachable
[gazebo-1] Exception sending a multicast message:Network is unreachable
[gazebo-1] Exception sending a multicast message:Network is unreachable
[gazebo-1] Exception sending a multicast message:Network is unreachable
[gazebo-1] Exception sending a multicast message:Network is unreachable
[gazebo-1] Exception sending a multicast message:Network is unreachable
[gazebo-1] Exception sending a multicast message:Network is unreachable
[gazebo-1] Exception sending a multicast message:Network is unreachable
[gazebo-1] Exception sending a multicast message:Network is unreachable
[gazebo-1] Exception sending a multicast message:Network is unreachable
[gazebo-1] Exception sending a multicast message:Network is unreachable
[gazebo-1] Exception sending a multicast message:Network is unreachable
[gazebo-1] Exception sending a multicast message:Network is unreachable
[gazebo-1] Exception sending a multicast message:Network is unreachable
[gazebo-1] Exception sending a multicast message:Network is unreachable
[gazebo-1] Exception sending a multicast message:Network is unreachable
[gazebo-1] Exception sending a multicast message:Network is unreachable
[gazebo-1] Exception sending a multicast message:Network is unreachable
[gazebo-1] Exception sending a multicast message:Network is unreachable
[gazebo-1] Exception sending a multicast message:Network is unreachable
[gazebo-1] Exception sending a multicast message:Network is unreachable
[gazebo-1] Exception sending a multicast message:Network is unreachable
[gazebo-1] Exception sending a multicast message:Network is unreachable
[gazebo-1] Exception sending a multicast message:Network is unreachable
[gazebo-1] Exception sending a multicast message:Network is unreachable
[gazebo-1] Exception sending a multicast message:Network is unreachable
[gazebo-1] Exception sending a multicast message:Network is unreachable
[parameter_bridge-22] Exception sending a multicast message:Network is unreachable
[parameter_bridge-22] Exception sending a multicast message:Network is unreachable
[rh_node-33] [INFO] [1789372667.984286142] [amr_3.rh_node]: [amr_3] Pruned expired reservations for peers: ['amr_0']
[rh_node-32] [INFO] [1789372667.988448082] [amr_2.rh_node]: [amr_2] Pruned expired reservations for peers: ['amr_0']
[parameter_bridge-6] Exception sending a multicast message:Network is unreachable
[parameter_bridge-6] Exception sending a multicast message:Network is unreachable
[parameter_bridge-6] Exception sending a multicast message:Network is unreachable
[rh_node-31] [INFO] [1789372668.295542494] [amr_1.rh_node]: [amr_1] Pruned expired reservations for peers: ['amr_0']
[rh_node-34] [INFO] [1789372668.434872372] [amr_4.rh_node]: [amr_4] Pruned expired reservations for peers: ['amr_0']
[rh_node-33] [INFO] [1789372668.485109624] [amr_3.rh_node]: [amr_3] Pruned expired reservations for peers: ['amr_0']
[rh_node-32] [INFO] [1789372668.488388171] [amr_2.rh_node]: [amr_2] Pruned expired reservations for peers: ['amr_0']
[parameter_bridge-10] Exception sending a multicast message:Network is unreachable
